tree
version=v4
num_class=1
num_tree_per_iteration=1
label_index=0
max_feature_idx=85
objective=regression
feature_names=CLF_close CLF_high CLF_low CLF_log_return CLF_return_lag_1 CLF_return_lag_2 CLF_return_lag_3 CLF_return_lag_5 CLF_rsi CLF_macd CLF_atr CLF_bollinger_pband CLF_sma_20 CLF_ema_12 NGF_close NGF_high NGF_low NGF_log_return NGF_return_lag_1 NGF_return_lag_2 NGF_return_lag_3 NGF_return_lag_5 NGF_rsi NGF_macd NGF_atr NGF_bollinger_pband NGF_sma_20 NGF_ema_12 GCF_close GCF_high GCF_low GCF_log_return GCF_return_lag_1 GCF_return_lag_2 GCF_return_lag_3 GCF_return_lag_5 GCF_rsi GCF_macd GCF_atr GCF_bollinger_pband GCF_sma_20 GCF_ema_12 ESF_close ESF_high ESF_low ESF_log_return ESF_return_lag_1 ESF_return_lag_2 ESF_return_lag_3 ESF_return_lag_5 ESF_rsi ESF_macd ESF_atr ESF_bollinger_pband ESF_sma_20 ESF_ema_12 OVX_close OVX_high OVX_low OVX_log_return OVX_return_lag_1 OVX_return_lag_2 OVX_return_lag_3 OVX_return_lag_5 OVX_rsi OVX_macd OVX_atr OVX_bollinger_pband OVX_sma_20 OVX_ema_12 VIX_close VIX_high VIX_low VIX_log_return VIX_return_lag_1 VIX_return_lag_2 VIX_return_lag_3 VIX_return_lag_5 VIX_rsi VIX_macd VIX_atr VIX_bollinger_pband VIX_sma_20 VIX_ema_12 dayofweek month
feature_infos=[10.010000228881836:145.28999328613281] [13.689999580383301:147.27000427246094] [-16.739999771118164:143.22000122070312] [-0.28220613410748507:0.31963363001506739] [-3.0596606527245438:0.37662331847024161] [-3.0596606527245438:0.37662331847024161] [-3.0596606527245438:0.37662331847024161] [-3.0596606527245438:0.37662331847024161] [13.38643652311714:83.210323620614091] [-9.8281223802334967:7.97885172563943] [0:10.452948508274901] [-0.41281397817354781:1.4043454832463376] [15.709000062942504:138.99549942016603] [12.291231566310916:140.80144695919438] [1.4819999933242798:15.378000259399414] [1.5670000314712524:15.779999732971191] [1.4320000410079956:14.85099983215332] [-0.30047975442423092:0.38172674938692641] [-0.25953710489588089:0.46481176972812022] [-0.25953710489588089:0.46481176972812022] [-0.25953710489588089:0.46481176972812022] [-0.25953710489588089:0.46481176972812022] [18.044605362972419:90.712653795761199] [-1.1013067389130224:1.0014697105002559] [0:0.90881418667804525] [-0.39331285298471508:1.5222821752089954] [1.660400003194809:13.632850074768069] [1.6222197076543536:13.996008695092531] [255.1000061035156:4529.10009765625] [256.10000610351562:4556.2998046875] [255:4502] [-0.098205791666101896:0.086431656660303502] [-0.093537657837483301:0.090276852010222106] [-0.093537657837483301:0.090276852010222106] [-0.093537657837483301:0.090276852010222106] [-0.093537657837483301:0.090276852010222106] [16.555741582929272:87.904153828387336] [-54.381705690513854:161.0150279738391] [0:97.227721193022717] [-0.45381279025607418:1.4579485613048675] [259.26999816894534:4320.8700195312504] [258.77246879729984:4383.5456758642604] [676:6982.5] [694.75:6994] [665.75:6969] [-0.109552441509657:0.1320221173165245] [-0.1037648367952522:0.14113355780022441] [-0.1037648367952522:0.14113355780022441] [-0.1037648367952522:0.14113355780022441] [-0.1037648367952522:0.14113355780022441] [14.108148414180109:88.011432871879066] [-229.5234008326338:118.85145603935509] [0:225.50356219258967] [-0.49529788249361201:1.2895570765549609] [736.25:6875.5395019531252] [720.46685627641943:6903.9879961157712] [14.5:325.14999389648438] [14.869999885559082:517.19000244140625] [13.930000305175779:213.58999633789065] [-0.62225072502498813:0.63607329626369979] [-0.4632649658851884:1.3577311672249306] [-0.4632649658851884:1.3577311672249306] [-0.4632649658851884:1.3577311672249306] [-0.4632649658851884:1.3577311672249306] [22.645342283431063:92.248920880423697] [-20.638006536848678:35.412549322046047] [0:82.552051007336871] [-0.30576588235305752:1.565497204701664] [15.597999954223631:166.58600044250488] [15.225394406259817:187.36498022544225] [9.1400003433227539:82.69000244140625] [9.3100004196166992:89.529998779296875] [8.5600004196166992:72.760002136230469] [-0.44244875916441467:0.76824502946630258] [-0.35753873962348431:1.1559792516603906] [-0.35753873962348431:1.1559792516603906] [-0.35753873962348431:1.1559792516603906] [-0.35753873962348431:1.1559792516603906] [24.368040061278009:91.037512365341044] [-5.4502543009591307:14.577704716716717] [0.5483063062588599:13.271699221808236] [-0.23851463087285141:1.5609696354247931] [9.7824999809265112:65.028999710083013] [9.7214706984371517:68.422373952761433] [0:4] [1:12]
tree_sizes=2553 2617 2686 2620 2630 2677 2640 2646 2645 2602 2580 2609 2674 2633 2653 2637 2693 2663 2640 2665 2630 2616 2624 2631 2688 2687 2676 2665 2679 2635 2551 2642 2638 2649 2659 2684 2615 2635 2656 2654 2687 2625 2684 2683 2637 2635 2647 2652 2710 2671 2685 2683 2673 2610 2644 2628 2632 2655 2667

Tree=0
num_leaves=27
num_cat=0
split_feature=57 57 57 50 69 9 57 57 1 5 5 85 4 12 25 45 12 21 30 76 39 59 3 57 85 48
split_gain=0.284555 0.093105 0.0332544 0.0108443 0.00968073 0.00789624 0.00670484 0.00561833 0.00674907 0.00367155 0.00383655 0.00310675 0.00283049 0.00262508 0.0046908 0.00257968 0.00236461 0.00225233 0.00207984 0.00326271 0.00206153 0.00195782 0.00193944 0.00214321 0.00184909 0.00180997
threshold=88.595001220703139 53.715000152587898 38.140001296997077 60.240733543037742 68.008890426385491 -0.96324725898751484 24.675000190734867 42.885000228881843 26.494999885559086 0.011943111868662303 -0.031206386369145547 6.5000000000000009 -0.0085124830234023976 44.328999900817884 0.43940008489340093 -0.0032407181888379497 75.49475040435793 0.005463862625868351 1715.049987792969 -0.028290010267738596 0.39262155549767047 0.0073120466126775007 -0.011914445777655299 34.514999389648445 2.5000000000000004 -0.0015886791983676497
decision_type=10 10 8 10 10 8 10 10 2 10 10 2 8 10 10 10 8 10 10 10 10 10 10 8 2 8
left_child=1 2 6 4 9 13 -1 8 17 10 -3 20 16 14 -4 -12 24 -7 19 -13 -9 -22 23 -8 -10 -26
right_child=-2 3 5 -5 -6 7 22 11 12 -11 15 18 -14 -15 -16 -17 -18 -19 -20 -21 21 -23 -24 -25 25 -27
leaf_value=0.016210230219903587 0.017434275942016415 0.016602303245357799 0.016604765347421859 0.016353424980159736 0.016770491459182271 0.016370050914265966 0.016294233003751889 0.016353424980159736 0.016416230938581841 0.016647306079248411 0.016353424980159736 0.016501195775642557 0.016308055095654028 0.016395278335248537 0.016373509524221494 0.016511594545186751 0.016459850207581127 0.016519803581662201 0.016312737803781993 0.016352600855778408 0.016407255744706428 0.016535253288333412 0.016280045348805481 0.016370595649328495 0.016366580408335683 0.016296365572247323
leaf_weight=364 64 71 51 55 85 70 243 67 71 96 51 54 1110 452 56 53 51 59 144 111 94 73 1465 144 152 219
leaf_count=364 64 71 51 55 85 70 243 67 71 96 51 54 1110 452 56 53 51 59 144 111 94 73 1465 144 152 219
internal_value=0.0163548 0.0163423 0.016323 0.0165778 0.0166107 0.0163597 0.0162757 0.0163465 0.0163319 0.016558 0.0165051 0.0163918 0.0163225 0.0164147 0.0164902 0.016432 0.0163536 0.0164439 0.0163556 0.0163971 0.0164367 0.0164673 0.0162889 0.0163244 0.0163429 0.016327
internal_weight=5525 5461 5050 411 356 2834 2216 2275 1732 271 175 543 1603 559 107 104 493 129 309 165 234 167 1852 387 442 371
internal_count=5525 5461 5050 411 356 2834 2216 2275 1732 271 175 543 1603 559 107 104 493 129 309 165 234 167 1852 387 442 371
is_linear=0
shrinkage=1


Tree=1
num_leaves=27
num_cat=0
split_feature=68 2 68 68 67 79 9 1 85 11 0 37 67 68 12 31 21 31 21 11 11 42 76 21 36 34
split_gain=0.244509 0.11617 0.0499681 0.0218631 0.0196921 0.0171072 0.00892379 0.00736417 0.00676788 0.00549776 0.00441609 0.00437977 0.00417636 0.00419207 0.00349727 0.00283893 0.00244853 0.00273462 0.00217209 0.00213035 0.00193794 0.0035451 0.00222921 0.00173192 0.00163146 0.00160924
threshold=70.791500282287615 34.465000152587898 42.594749927520759 30.953000068664554 0.77686698911136365 1.0377604529571791 -0.98314727379675293 26.494999885559086 5.5000000000000009 0.86790158178649091 92.939998626708999 -0.88124577477336163 0.6124085328475245 38.623250102996828 44.328999900817884 0.0039510071020942509 0.012547346094698401 -0.0020460680606597496 0.005463862625868351 0.60526366276912025 0.35109444854670352 2641.6250000000005 -0.022641186829172249 -0.018046031606542345 46.653593410303465 0.004989573659971951
decision_type=10 2 10 8 10 10 8 2 2 10 2 10 10 10 10 10 10 10 10 10 10 10 10 10 10 10
left_child=2 -2 3 10 8 -6 14 18 9 11 -1 -4 19 -14 -5 -13 25 -18 -8 23 21 -10 -22 -9 -24 -16
right_child=1 -3 4 6 5 -7 7 12 20 -11 -12 15 13 -15 16 -17 17 -19 -20 -21 22 -23 24 -25 -26 -27
leaf_value=-7.6198133249263895e-05 0.0013018595003991657 0.00030390547206834669 3.9196352772435675e-05 0.00014124722914473544 7.1172351931833558e-05 0.00043282666092648431 1.6355291778624453e-05 -5.7757477728146135e-05 0 0 -0.00014847471532711731 0.00026976005897350139 -8.405020718566538e-06 0.0001389987328329199 2.2062646564549157e-05 9.4174942010209065e-05 0.00017515256822221836 1.8042124441090588e-05 0.00016367046776699309 -5.8550421989876223e-05 5.0545458778795977e-05 0.00015784941940746327 3.5851710209192901e-05 -9.0091824870886113e-06 -5.9320664340766495e-05 -5.5333631268214792e-05
leaf_weight=780 51 85 66 82 72 78 70 300 82 66 369 97 308 60 235 52 52 95 59 1256 147 68 58 672 163 102
leaf_count=780 51 85 66 82 72 78 70 300 82 66 369 97 308 60 235 52 52 95 59 1256 147 68 58 672 163 102
internal_value=1.39632e-06 0.000683407 -1.56916e-05 -3.8727e-05 9.13553e-05 0.000263866 -1.71209e-05 -2.94904e-05 5.80995e-05 0.000122993 -0.000100011 0.000162946 -3.56484e-05 1.37699e-05 4.12158e-05 0.000213128 2.28398e-05 7.83202e-05 8.90838e-05 -4.41195e-05 2.15639e-05 7.09323e-05 0 -2.47636e-05 -3.12312e-05 0
internal_weight=5525 136 5389 4440 949 150 3291 2725 799 281 1149 215 2596 368 566 149 484 147 129 2228 518 150 368 972 221 337
internal_count=5525 136 5389 4440 949 150 3291 2725 799 281 1149 215 2596 368 566 149 484 147 129 2228 518 150 368 972 221 337
is_linear=0
shrinkage=0.0162856


Tree=2
num_leaves=27
num_cat=0
split_feature=58 0 56 56 56 0 75 4 20 0 11 85 9 8 45 76 60 17 9 21 40 9 60 10 45 11
split_gain=0.269943 0.09658 0.0672195 0.0221366 0.0193549 0.00704701 0.00608307 0.0057037 0.00605119 0.00384961 0.00367773 0.00325396 0.00374479 0.00315314 0.0029706 0.00270171 0.0024428 0.00227383 0.00226844 0.00289403 0.00220937 0.00202535 0.00187645 0.00213941 0.0018734 0.00185011
threshold=72.079998016357436 38.305000305175788 39.840000152587898 52.469999313354499 32.514999389648445 25.909999847412113 0.067338357280988012 -0.024679183837065199 0.015542080983221702 95.975002288818374 0.6080546535972956 6.5000000000000009 3.1348348140785842 42.983096820898119 0.0018406120819258003 -0.023119763652770797 -0.022990359978982296 0.0027008512007460003 -0.98314727379675293 0.012547346094698401 592.81750030517594 -0.43090220631620463 0.0066178054297336012 2.3686257222342353 0.0040624933257657004 0.96552856958473798
decision_type=10 2 10 10 8 2 10 10 10 2 10 2 10 10 10 10 10 10 10 10 10 10 10 2 10 10
left_child=2 -2 4 11 9 14 7 -5 15 -1 18 12 16 17 -6 -9 -4 -13 19 20 -7 -12 23 -15 -22 -23
right_child=1 -3 3 6 5 10 -8 8 -10 -11 21 13 -14 22 -16 -17 -18 -19 -20 -21 24 25 -24 -25 -26 -27
leaf_value=-7.70392823513915e-05 0.0013284865947458021 0.00032774974663677249 0.00018328287433079477 0.00031617510248579793 1.2708677764844102e-05 6.3648659610635004e-05 0.00036488102549863576 7.5355134549537147e-05 -2.1339347523005087e-05 -0.00014340150165036437 -0.00013480872277468105 2.2586717644625935e-05 -2.372155186433292e-05 4.3031789284591524e-05 0.00016985256901547722 0.0002557761905939403 7.5436711386982417e-05 0.00013995038725506367 -2.0188753018562267e-05 9.5770089932297164e-05 -7.8923134087424313e-05 -2.916280696895956e-05 4.5049932824525166e-05 -6.1620388041991127e-05 2.4873299742695634e-05 -8.8577156163778932e-05
leaf_weight=1234 51 56 100 58 80 88 64 54 51 330 72 119 56 66 68 65 220 90 943 113 110 870 139 174 66 188
leaf_count=1234 51 56 100 58 80 88 64 54 51 330 72 119 56 66 68 65 220 90 943 113 110 870 139 174 66 188
internal_value=1.38839e-06 0.00081141 -1.44864e-05 8.97477e-05 -4.61076e-05 -1.85258e-05 0.000214713 0.000169502 0.000115367 -9.14837e-05 -2.53376e-05 5.1176e-05 8.93631e-05 2.55844e-05 8.95751e-05 0.000179722 0.000111302 7.64287e-05 -6.27036e-06 2.67194e-05 -2.40391e-07 -4.70017e-05 -6.4381e-07 -2.99749e-05 -3.60963e-05 -4.03725e-05
internal_weight=5525 107 5418 1256 4162 2598 292 228 170 1564 2450 964 376 588 148 119 320 209 1320 377 264 1130 379 240 176 1058
internal_count=5525 107 5418 1256 4162 2598 292 228 170 1564 2450 964 376 588 148 119 320 209 1320 377 264 1130 379 240 176 1058
is_linear=0
shrinkage=0.0162856


Tree=3
num_leaves=27
num_cat=0
split_feature=58 1 56 56 56 1 47 70 67 13 11 85 8 8 52 31 53 36 8 11 31 11 33 8 51 13
split_gain=0.261286 0.0996798 0.0651042 0.0214256 0.0187319 0.00851637 0.00535953 0.00656834 0.00499006 0.00421521 0.0033968 0.00314035 0.0032378 0.00305329 0.00483039 0.00247123 0.0021354 0.00202311 0.00353842 0.00183619 0.00177805 0.0016087 0.00137068 0.0018177 0.00136506 0.00134689
threshold=72.079998016357436 40.534999847412116 39.840000152587898 52.469999313354499 32.514999389648445 26.494999885559086 -0.015027419133951598 33.489999771118171 0.75912987289776679 94.284131328737843 0.6080546535972956 6.5000000000000009 65.353834301572903 42.983096820898119 32.160989186681157 -0.0014864809748361496 0.27896508352854099 50.762351575680675 50.599539875639273 0.40652009314466481 -0.016212231143357344 0.96552856958473798 -0.0053144589770962999 51.169035742295058 -0.90900615028317577 59.038655003142992
decision_type=10 2 10 10 8 2 10 10 10 10 10 2 10 10 10 10 8 10 10 10 8 10 10 10 10 8
left_child=2 -2 4 11 9 15 -5 8 19 -1 16 12 17 14 24 -6 -7 -4 -19 -8 -18 -12 -15 -24 -13 -22
right_child=1 -3 3 6 5 10 7 -9 -10 -11 21 13 -14 22 -16 -17 20 18 -20 -21 25 -23 23 -25 -26 -27
leaf_value=-7.3375196324788357e-05 0.0013133455047399396 0.00029839880566763743 4.9619423817928269e-05 0.00037529818637194585 0.0001911245317060607 -4.7384122488715818e-05 0.00022421834443291344 0 0.00033372016424154649 -0.00013861112153126405 -3.6699750708123556e-05 -5.8762817125178018e-05 0 5.1760887463107179e-05 0.00016103543756380411 4.1270723379988867e-05 8.8314106872678183e-05 7.0666029603472686e-05 0.00022932788321303332 7.151463073048407e-05 1.6419716526503739e-05 -9.2409069120038742e-05 2.3733409160802256e-05 -5.6722708522483979e-05 5.4296929948844205e-05 -2.1734864063386663e-05
leaf_weight=1176 52 55 115 51 54 281 51 51 71 388 939 51 79 93 95 100 61 97 85 68 488 190 122 164 63 485
leaf_count=1176 52 55 115 51 54 281 51 51 71 388 939 51 79 93 95 100 61 97 85 68 488 190 122 164 63 485
internal_value=1.37821e-06 0.000798309 -1.4238e-05 8.83402e-05 -4.53595e-05 -1.82197e-05 0.000211295 0.000173692 0.000217791 -9.00011e-05 -2.58448e-05 5.03777e-05 8.79081e-05 2.5206e-05 7.52379e-05 9.83087e-05 -7.42775e-06 0.00011258 0.00014857 0.000142777 2.76702e-06 -4.66864e-05 -5.74209e-07 -1.99998e-05 0 -1.89226e-06
internal_weight=5525 107 5418 1256 4162 2598 292 241 190 1564 2444 964 376 588 209 154 1315 297 182 119 1034 1129 379 286 114 973
internal_count=5525 107 5418 1256 4162 2598 292 241 190 1564 2444 964 376 588 209 154 1315 297 182 119 1034 1129 379 286 114 973
is_linear=0
shrinkage=0.0162856


Tree=4
num_leaves=27
num_cat=0
split_feature=56 56 56 56 56 1 60 13 73 6 4 83 1 6 3 48 76 43 12 23 49 5 43 64 73 81
split_gain=0.251418 0.0881786 0.0312995 0.0114143 0.0100624 0.00809174 0.00569124 0.00408697 0.00364775 0.00365936 0.00243652 0.00248605 0.00244319 0.0023697 0.00224579 0.00233003 0.00269335 0.00247906 0.00204782 0.00177108 0.00173602 0.00160391 0.00144078 0.00135289 0.00134564 0.00134343
threshold=85.145000457763686 51.239999771118171 33.174999237060554 68.24499893188478 39.840000152587898 26.494999885559086 0.040490995106589107 94.284131328737843 -0.042594147452803439 0.0091709169858719009 -0.020404349446944397 14.345824440204156 60.415000915527351 0.0044909212386094509 0.0039649530114147504 0.00065040987455440016 -0.03732548152390034 3896.1250000000005 35.458249998092661 -0.06938986826784814 -0.00070352671196804984 0.0010782853641764002 2177.5000000000005 41.96300070693929 -0.083363494157391888 0.23795220334539768
decision_type=10 10 8 10 10 2 10 10 10 10 8 10 2 10 10 10 10 10 8 10 10 10 10 10 10 10
left_child=1 2 7 6 5 13 8 -1 -3 -10 18 12 21 -4 15 17 22 19 -7 -6 -21 25 -17 -16 -13 -12
right_child=-2 3 4 -5 14 10 -8 -9 9 -11 11 24 -14 -15 23 16 -18 -19 -20 20 -22 -23 -24 -25 -26 -27
leaf_value=-6.9985387462389513e-05 0.0010586099681059791 0.00022858305091998357 0.00014318160937682692 0.00038239928728401885 -8.0034403867553087e-07 8.4503549874156652e-05 0.00029511152816072916 -0.00013248458217481662 0.00013407227857352799 -2.7074451448906417e-05 0 9.1153387583725479e-06 -3.5960444870101797e-05 0 7.2525238909444068e-05 0.00012694619227793919 -2.9066672409202041e-05 0.00019372465981391156 -6.1412380819188361e-06 0.0001663284795014367 3.6255099672154459e-05 -8.0320995195368973e-07 4.6082076053190924e-07 0 -4.7199339400708357e-05 0.00011624274195973049
leaf_weight=1278 59 62 101 101 51 85 78 405 87 55 53 101 280 53 92 74 102 70 250 63 79 144 52 338 1333 79
leaf_count=1278 59 62 101 101 51 85 78 405 87 55 53 101 280 53 92 74 102 70 250 63 79 144 52 338 1333 79
internal_value=1.37254e-06 -9.91953e-06 -2.79957e-05 0.000228167 2.3549e-07 -1.66376e-05 0.000170454 -8.5436e-05 0.000119383 6.68235e-05 -2.4447e-05 -3.14015e-05 -8.86279e-07 9.67812e-05 4.63974e-05 7.06809e-05 2.83131e-05 0.000104789 1.48118e-05 6.89441e-05 9.88284e-05 3.22055e-05 8.02142e-05 1.70671e-05 -4.27534e-05 7.34139e-05
internal_weight=5525 5466 5083 383 3400 2479 282 1683 204 142 2325 1990 556 154 921 491 228 263 335 193 142 276 126 430 1434 132
internal_count=5525 5466 5083 383 3400 2479 282 1683 204 142 2325 1990 556 154 921 491 228 263 335 193 142 276 126 430 1434 132
is_linear=0
shrinkage=0.0162856


Tree=5
num_leaves=27
num_cat=0
split_feature=58 2 58 58 58 2 21 20 17 13 67 44 9 21 0 4 45 13 69 29 36 26 11 31 13 40
split_gain=0.245104 0.0959578 0.0586101 0.0219728 0.0161441 0.00711918 0.00564453 0.00966008 0.00680333 0.00464506 0.00367858 0.00392329 0.00364625 0.00345333 0.00256265 0.00232326 0.00227293 0.002071 0.00198866 0.00194218 0.0024683 0.0019279 0.00149286 0.00183706 0.00171916 0.00240966
threshold=72.079998016357436 35.640001296997077 37.364999771118171 51.844999313354499 32.43499946594239 25.860000610351566 0.022748146096348402 0.0084228516734585011 -0.0013301723867918498 94.284131328737843 0.6124085328475245 3346.0000000000005 -0.96324725898751484 0.012547346094698401 45.68499946594239 0.0076288430846010507 0.0018406120819258003 49.022839461624528 46.075329109935517 1655.3499755859377 51.369138303230685 3.4672499775886538 0.96552856958473798 0.0054601622090377508 59.361974100371647 379.07500076293951
decision_type=10 2 10 10 8 2 10 10 10 10 10 10 10 10 2 10 10 8 8 10 10 10 10 10 10 8
left_child=2 -2 4 10 9 16 7 8 -5 -1 18 14 13 17 -12 -16 -6 -7 -4 20 -20 -13 24 -24 25 -14
right_child=1 -3 3 6 5 12 -8 -9 -10 -11 11 21 22 -15 15 -17 -18 -19 19 -21 -22 -23 23 -25 -26 -27
leaf_value=-6.7081351314386291e-05 0.0012881613847388086 0.00029153771146450691 -2.5396108619268856e-07 0.00048405836193479045 2.3534103528325891e-05 7.5548068565682079e-05 6.3082994930411973e-05 9.1328553406724123e-05 0.00020385388781938134 -0.00013263789293802908 0.00013240133403613383 8.9825015653949357e-05 -4.3366612113810666e-05 0.00010394805581147125 5.3720781973676133e-05 -5.7166446241494224e-05 0.00015340677866000272 -3.8260214672617515e-05 2.0796676101181028e-05 1.1207383134320219e-05 0.00016488445671644975 0.00023452995241924306 -2.7275451738600081e-05 -0.0001511579257160085 -4.9198827224515909e-05 8.8628598658949876e-06
leaf_weight=1346 51 56 395 61 99 54 58 65 56 408 74 80 408 100 158 69 74 176 77 177 74 61 92 68 675 513
leaf_count=1346 51 56 395 61 99 54 58 65 56 408 74 80 408 100 158 69 74 176 77 177 74 61 92 68 675 513
internal_value=1.36532e-06 0.000773227 -1.37557e-05 7.65857e-05 -4.55569e-05 -1.6393e-05 0.000219253 0.000265225 0.000355909 -8.27246e-05 4.65997e-05 8.42083e-05 -2.49732e-05 2.34676e-05 4.76533e-05 1.69834e-05 8.30778e-05 -8.5445e-06 2.26545e-05 5.23357e-05 9.59811e-05 0.000157341 -3.44684e-05 -8.42411e-05 -2.90463e-05 -1.35288e-05
internal_weight=5525 107 5418 1405 4013 2259 240 182 117 1754 1165 442 2086 330 301 227 173 230 723 328 151 141 1756 160 1596 921
internal_count=5525 107 5418 1405 4013 2259 240 182 117 1754 1165 442 2086 330 301 227 173 230 723 328 151 141 1756 160 1596 921
is_linear=0
shrinkage=0.0162856


Tree=6
num_leaves=27
num_cat=0
split_feature=57 56 56 56 60 57 26 1 67 69 7 31 9 31 1 45 85 34 79 76 53 36 53 50 76 64
split_gain=0.242447 0.0825441 0.0274682 0.0123646 0.01126 0.00894978 0.00612649 0.00515033 0.00382343 0.00331426 0.00290685 0.0041826 0.00289086 0.00294814 0.00328756 0.00269793 0.00205041 0.00251801 0.00196397 0.00285333 0.00192496 0.00175601 0.00166418 0.00134705 0.00128348 0.00127943
threshold=88.595001220703139 51.994998931884773 33.174999237060554 39.704999923706062 -0.028704316234402696 67.375000000000014 2.868574976921082 26.494999885559086 0.81617043850326743 24.594014915995604 -0.0043167682042552493 -0.0073546749894210992 -0.96324725898751484 -0.0017471546924411497 61.344999313354499 0.0018406120819258003 6.5000000000000009 0.004989573659971951 0.31523669877543276 0.023226197390291053 -0.0079988299117511978 54.758117384353561 0.06599471556246396 43.648028076779369 -0.029069770988684195 48.172753304854311
decision_type=10 10 8 10 10 10 10 2 10 8 10 10 8 10 2 10 2 10 10 10 8 10 10 10 10 10
left_child=1 2 9 7 -3 6 -6 15 -8 -1 11 -5 13 14 -9 -4 -13 21 19 24 -14 -18 -22 -20 -12 -24
right_child=-2 4 3 10 5 -7 8 12 -10 -11 18 16 20 -15 -16 -17 17 -19 23 -21 22 -23 25 -25 -26 -27
leaf_value=-0.00012840408971199528 0.00095212935852316202 6.6772211177369567e-05 0 0.00018896898901240894 4.1558829182421893e-05 0.00041713428132504756 0.00015175092705704325 0.0001725531067120183 0.00038074643674344534 -6.986868454108502e-05 5.3859134844086113e-05 0.00010475283645626271 -0.00010846685639930813 -1.8533419867374687e-05 0 0.00014700968554815394 7.449463623591441e-06 -5.6647829140782591e-05 1.7252876037795725e-05 0.00012171478136961988 2.7359546414499503e-05 0.00013699258154149712 -4.2660926998629464e-05 -6.6791500132792065e-05 -1.6320856296984681e-05 -3.7668359377705678e-06
leaf_weight=375 70 93 85 80 52 97 52 55 54 1280 119 127 101 227 64 66 89 72 94 93 105 51 1411 91 144 314
leaf_count=375 70 93 85 80 52 97 52 55 54 1280 119 127 101 227 64 66 89 72 94 93 105 51 1411 91 144 314
internal_value=0 -1.22949e-05 -2.91565e-05 -2.3827e-06 0.000230059 0.000286899 0.000202526 -2.21383e-05 0.000274972 -8.35496e-05 4.68655e-05 7.96579e-05 -2.84609e-05 1.34593e-05 8.02521e-05 6.8637e-05 5.18187e-05 1.68548e-05 2.01942e-05 4.32083e-05 -3.63284e-05 5.95701e-05 -3.19695e-05 -2.03765e-05 1.28224e-05 -3.59798e-05
internal_weight=5461 5391 5043 3388 348 255 158 2428 106 1655 960 419 2277 346 119 151 339 212 541 356 1931 140 1830 185 263 1725
internal_count=5461 5391 5043 3388 348 255 158 2428 106 1655 960 419 2277 346 119 151 339 212 541 356 1931 140 1830 185 263 1725
is_linear=0
shrinkage=0.0162856


Tree=7
num_leaves=27
num_cat=0
split_feature=58 2 56 56 23 56 2 8 51 8 68 45 7 31 21 73 36 78 75 16 82 75 66 2 45 56
split_gain=0.237282 0.0761628 0.0485413 0.0133072 0.01148 0.0104691 0.00482582 0.00403725 0.00519854 0.00335128 0.00325452 0.00293788 0.00281453 0.0040386 0.00312329 0.00311342 0.00271798 0.00269451 0.0024838 0.00263108 0.00260455 0.00243163 0.00225157 0.00233667 0.002203 0.00240493
threshold=63.430000305175788 30.210000038146976 39.704999923706062 33.174999237060554 -0.12618166794758681 51.994998931884773 25.860000610351566 48.293922541015753 -23.580003305290685 53.764837050101612 25.656499862670902 0.0063406372095633516 -0.0043167682042552493 -0.0073546749894210992 0.0037254088424034004 -0.038025085889392497 56.50291969863995 51.642473669956779 0.0084547475850157011 4.8145000934600839 14.789999961853029 0.10579763282596842 4.23701674856538 67.24499893188478 -0.00070377430339044992 38.094999313354499
decision_type=10 2 10 8 10 10 2 10 10 10 8 10 10 10 10 10 10 10 8 10 10 10 10 2 8 8
left_child=2 -2 3 10 -3 12 11 8 -7 17 -1 -5 13 -4 15 -15 -16 18 24 -20 -21 22 23 -14 25 -8
right_child=1 4 5 6 -6 7 9 -9 -10 -11 -12 -13 21 14 16 -17 -18 -19 19 20 -22 -23 -24 -25 -26 -27
leaf_value=-0.00012302689104214083 0.0011094434723334734 0.00050741078419919345 0.00018589272407105816 9.2444760872953057e-06 0.00016865280239902468 9.1904820366157824e-05 0.00012349836917826599 8.0374530777662206e-05 0.00031671067713831417 -5.0389220618302742e-05 -6.7480560569079014e-05 0.00016378501857320537 0.00010865649864642359 9.4316789235234874e-05 3.0439918481643956e-05 -3.6009233600112886e-05 0.00019327092122422657 -4.4496950555104818e-05 0 1.520649201132866e-05 0.00017861356758065052 -8.1285191177513062e-05 -1.3590711218753972e-05 1.4997449512938288e-05 -3.4544815126451864e-05 -1.8409236688003804e-06
leaf_weight=426 53 67 80 117 57 57 55 103 81 1015 1229 52 140 75 69 132 63 403 152 62 62 53 164 184 393 117
leaf_count=426 53 67 80 117 57 57 55 103 81 1015 1229 52 140 75 69 132 63 403 152 62 62 53 164 184 393 117
internal_value=0 0.000586571 -1.95608e-05 -4.64335e-05 0.000357317 7.12239e-05 -2.1773e-05 0.000168282 0.000228879 -2.82618e-05 -8.21958e-05 6.08845e-05 4.61376e-05 7.84145e-05 5.10081e-05 7.89662e-06 0.00011339 -9.65424e-06 6.22564e-06 4.68057e-05 0.000102478 1.98654e-05 3.22644e-05 5.75958e-05 -1.23822e-05 3.42572e-05
internal_weight=5461 177 5284 4083 124 1201 2428 241 138 2259 1655 169 960 419 339 207 132 1244 841 276 124 541 488 324 565 172
internal_count=5461 177 5284 4083 124 1201 2428 241 138 2259 1655 169 960 419 339 207 132 1244 841 276 124 541 488 324 565 172
is_linear=0
shrinkage=0.0162856


Tree=8
num_leaves=27
num_cat=0
split_feature=58 2 56 56 23 58 58 1 68 2 9 31 1 7 21 45 34 4 53 21 25 56 20 6 52 5
split_gain=0.229707 0.0736361 0.0470121 0.0128812 0.0110796 0.010168 0.00641142 0.00484842 0.00314257 0.00290931 0.00276031 0.00284379 0.00317208 0.00274543 0.00433013 0.00253442 0.00202393 0.00185587 0.00265975 0.00191388 0.00201665 0.00181237 0.00176697 0.00192877 0.00176309 0.00187981
threshold=63.430000305175788 30.210000038146976 39.704999923706062 33.174999237060554 -0.12618166794758681 51.844999313354499 54.750000000000007 26.494999885559086 25.656499862670902 96.255001068115249 -0.96324725898751484 -0.0017471546924411497 61.344999313354499 -0.0043167682042552493 -0.021836263769911695 0.0018406120819258003 0.0060598337552413015 0.0065649471953070004 -0.0079988299117511978 -0.0049745168740397989 0.83996243217704347 45.674999237060554 -0.031397618023750996 -0.013331171563769999 11.059741059285809 0.018206269128771855
decision_type=10 2 10 8 10 10 10 2 8 2 8 10 2 10 10 10 10 8 10 8 8 10 10 10 10 10
left_child=2 -2 3 8 -3 9 -7 15 -1 13 11 12 -9 14 -4 -5 21 18 -12 20 -19 -16 -15 -24 -20 -26
right_child=1 4 5 7 -6 6 -8 10 -10 -11 17 -13 -14 22 16 -17 -18 19 24 -21 -22 -23 23 -25 25 -27
leaf_value=-0.00012102347198675382 0.0010913862248500877 0.00049915116696116742 8.7043162587923969e-06 0 0.00016590770418417825 0.00029051201923785278 8.2473814326011416e-05 0.00016966720007392948 -6.6381626718948277e-05 -1.0762652394687145e-05 -0.00010932656293311424 -1.7980557880864223e-05 0 9.6438478872975074e-05 0.00010069753017504346 0.00014259857081848229 4.6840495911871435e-05 -4.5587577426684764e-05 5.4448498184507717e-05 -7.7855276243126023e-05 4.7330066472621037e-05 0.00022487551336319831 7.5316327762202357e-05 -4.7526766029371647e-06 -7.3154466166107006e-06 -6.3996133721112961e-05
leaf_weight=426 53 67 121 85 57 85 96 55 1229 161 86 227 64 98 95 66 73 259 88 448 75 88 105 279 767 208
leaf_count=426 53 67 121 85 57 85 96 55 1229 161 86 227 64 98 95 66 73 259 88 448 75 88 105 279 767 208
internal_value=0 0.00057715 -1.92288e-05 -4.56765e-05 0.000351591 7.0111e-05 0.000184003 -2.14077e-05 -8.0864e-05 4.92218e-05 -2.75487e-05 1.33915e-05 7.90007e-05 6.12648e-05 9.5224e-05 6.66307e-05 0.000133427 -3.52406e-05 -2.10823e-05 -5.51627e-05 -2.26621e-05 0.000164196 3.32726e-05 1.53553e-05 -1.32933e-05 -2.01141e-05
internal_weight=5461 177 5284 4083 124 1201 181 2428 1655 1020 2277 346 119 859 377 151 256 1931 1149 782 334 183 482 384 1063 975
internal_count=5461 177 5284 4083 124 1201 181 2428 1655 1020 2277 346 119 859 377 151 256 1931 1149 782 334 183 482 384 1063 975
is_linear=0
shrinkage=0.0162856


Tree=9
num_leaves=27
num_cat=0
split_feature=58 2 56 56 23 56 20 11 77 13 25 0 12 1 9 10 3 10 41 44 20 18 21 18 23 63
split_gain=0.22238 0.0711921 0.0455366 0.0124643 0.0106926 0.00984256 0.00522871 0.00491801 0.00430781 0.00320004 0.00323086 0.0030575 0.00252687 0.00249333 0.0021611 0.00194943 0.00186358 0.00184048 0.00178559 0.0016072 0.00157605 0.00181737 0.00158021 0.00150763 0.00149373 0.00147959
threshold=63.430000305175788 30.210000038146976 39.704999923706062 33.174999237060554 -0.12618166794758681 51.994998931884773 -0.0089488377902400482 0.63335365307725999 -0.0025755290954217994 59.190882500024813 0.63560026683207738 92.939998626708999 54.499000072479255 26.125000000000004 3.1348348140785842 1.088691496010076 0.0039649530114147504 2.2487412753759153 281.89505980379141 1084.8750000000002 -0.0084870922944682483 -0.015921002164258846 -0.0020635125961153996 0.0152744453007138 0.15688491941839142 -0.024801251160621898
decision_type=10 2 10 8 10 10 10 10 10 8 8 2 8 2 10 2 10 2 8 10 10 10 10 10 8 10
left_child=2 -2 3 11 -3 14 -7 9 -8 10 13 -1 24 -5 16 19 25 -11 -9 -15 21 -18 -23 -17 -12 -4
right_child=1 4 5 7 -6 6 8 18 -10 17 12 -13 -14 15 -16 23 20 -19 -20 -21 -22 22 -24 -25 -26 -27
leaf_value=-6.4990788562516269e-05 0.0010736228669192638 0.00049102600479404568 1.9932466801063459e-05 9.2400174155540395e-05 0.00016320728640672325 0.0002564942752975266 0.00016946450254000907 -0.00012564763273760458 -2.5103209815372181e-06 -5.4569302207616034e-05 7.9574869423370694e-05 -0.00011844088075174007 0.00018187067625722268 -0.00010213547213805768 -3.3316059099389103e-05 -1.7652198913255869e-06 0 0 -4.0335064997055656e-05 0 -9.1741513729154467e-07 1.8672333737130606e-05 0.00016098831087786326 9.3481086840060921e-05 -2.1611999409121023e-05 9.2480310480707803e-05
leaf_weight=1217 53 67 128 70 57 101 80 80 60 324 92 438 51 92 76 236 61 314 978 88 233 51 59 51 52 352
leaf_count=1217 53 67 128 70 57 101 80 80 60 324 92 438 51 92 76 236 61 314 978 88 233 51 59 51 52 352
internal_value=0 0.000567882 -1.8907e-05 -4.4938e-05 0.000345958 6.90162e-05 0.000163156 -2.10588e-05 9.08672e-05 -1.83751e-07 2.25426e-05 -7.95539e-05 7.93719e-05 6.22554e-07 4.46625e-05 -1.16674e-05 5.21452e-05 -2.73359e-05 -4.74393e-05 -5.4451e-05 2.37975e-05 6.14873e-05 0.000101278 1.27732e-05 3.8265e-05 7.4569e-05
internal_weight=5461 177 5284 4083 124 1201 241 2428 140 1370 732 1655 195 537 960 467 884 638 1058 180 404 171 110 287 144 480
internal_count=5461 177 5284 4083 124 1201 241 2428 140 1370 732 1655 195 537 960 467 884 638 1058 180 404 171 110 287 144 480
is_linear=0
shrinkage=0.0162856


Tree=10
num_leaves=27
num_cat=0
split_feature=56 56 56 56 0 26 8 0 67 0 68 1 81 85 78 49 62 5 42 61 32 56 25 49 7 53
split_gain=0.209965 0.0672801 0.0180411 0.0156473 0.0056633 0.00831875 0.00489593 0.00377011 0.00354831 0.00441331 0.00297216 0.00290212 0.00264303 0.00253759 0.00246672 0.00244995 0.00240702 0.00225418 0.00209009 0.00197293 0.00252025 0.00162904 0.00201666 0.00262363 0.00244338 0.00146161
threshold=81.555000305175795 43.570001602172859 52.469999313354499 33.174999237060554 37.364999771118171 2.868574976921082 53.764837050101612 69.865001678466811 0.81617043850326743 51.155000686645515 25.656499862670902 26.494999885559086 0.69853572096879957 8.5000000000000018 49.24455687614951 0.0013911031286943001 0.031950070345124156 0.0031476684350283004 1108.3750000000002 0.021445404438929203 0.00051633551438085002 38.475000381469734 0.5388913563038179 -0.00038756016363659994 0.023963261719575604 0.53985398130391971
decision_type=10 10 10 8 2 10 10 2 10 2 8 2 10 2 10 10 10 10 10 10 10 10 10 10 10 10
left_child=1 3 7 10 -4 -6 11 13 9 -7 -1 18 16 15 -15 -3 -13 -18 -5 20 -9 22 24 -24 -8 -22
right_child=-2 2 4 6 5 8 21 19 -10 -11 -12 12 -14 14 -16 -17 17 -19 -20 -21 25 -23 23 -25 -26 -27
leaf_value=-0.00011736299203222378 0.00081782649973113344 0.00021684097874383605 0.00037059773534534529 3.8130974351235212e-06 0 0.00026641504071233638 -9.6059230628696895e-05 -1.1259386509166829e-06 0.00032131597285152386 6.4937093829975533e-05 -6.4150838054119144e-05 0 -4.1145012311239132e-05 0.00012025787489769887 -2.1662087167479595e-05 6.2668634915520228e-05 0.00013368567299854359 0 0.00015587686374627272 -4.4700286679285998e-05 0.0001640598647572033 0 -6.57927588809995e-05 2.7524520232374366e-07 7.0303182039695253e-06 2.8141004149999941e-05
leaf_weight=426 82 81 58 60 53 63 328 122 76 75 1229 986 356 57 61 65 75 67 55 84 55 220 271 338 60 58
leaf_count=426 82 81 58 60 53 63 328 122 76 75 1229 986 356 57 61 65 75 67 55 84 55 220 271 338 60 58
internal_value=0 -1.23552e-05 0.000115261 -3.84267e-05 0.000213317 0.000176536 -1.47684e-05 5.94105e-05 0.00022179 0.000161937 -7.82651e-05 3.57309e-06 -2.08456e-06 0.000105557 4.10813e-05 0.000152939 9.63435e-06 7.2332e-05 8.25388e-05 1.90588e-05 4.47775e-05 -3.94314e-05 -4.82831e-05 -2.79975e-05 -7.83464e-05 0.000100406
internal_weight=5461 5379 908 4471 325 267 2816 583 214 138 1655 1599 1484 264 118 146 1128 142 115 319 235 1217 997 609 388 113
internal_count=5461 5379 908 4471 325 267 2816 583 214 138 1655 1599 1484 264 118 146 1128 142 115 319 235 1217 997 609 388 113
is_linear=0
shrinkage=0.0162856


Tree=11
num_leaves=27
num_cat=0
split_feature=57 58 58 58 31 20 73 1 69 8 8 85 46 61 31 37 45 81 35 10 81 39 13 81 6 76
split_gain=0.209991 0.0685904 0.0257385 0.0104941 0.00684057 0.00824138 0.00526864 0.0041592 0.00346356 0.00338349 0.00309456 0.00410994 0.00394359 0.00335727 0.00263596 0.00258445 0.00245878 0.00224511 0.00202752 0.00189568 0.0021046 0.00186703 0.00171481 0.00168568 0.00154088 0.00152126
threshold=88.595001220703139 51.844999313354499 33.43499946594239 38.604999542236335 0.010783861291516901 0.015542080983221702 -0.031260069232292291 26.494999885559086 24.594014915995604 48.030341425522359 46.125714234320434 6.5000000000000009 -0.0048792248882714492 -0.021820471015867995 -0.0044332975615031496 1.0058548865278854 0.0018406120819258003 0.11127787176625971 0.0073617198226424005 1.9289221609962472 0.39232284011798552 0.69208024590475625 59.190882500024813 0.36517127642182134 0.0043151710082704508 0.0025268704457157005
decision_type=10 10 8 10 10 10 10 2 8 10 10 2 10 10 8 10 10 8 10 2 10 10 8 10 10 10
left_child=1 2 8 7 5 6 -3 16 -1 14 13 12 -12 -5 22 -15 -4 24 -13 20 -16 -14 -9 -17 -11 -22
right_child=-2 4 3 10 -6 -7 -8 9 -10 17 11 18 21 15 19 23 -18 -19 -20 -21 25 -23 -24 -25 -26 -27
leaf_value=-0.00011868501465924512 0.0008861727981300105 0.00036085658132155828 0 0.0001651843284311541 0.00038236903686628457 0 0.00015076014504379089 0.00010607710206185573 -6.0628642273649998e-05 -0.00017465209052419027 -2.2493156573370737e-05 7.2774726006560642e-06 5.97515411671502e-05 0 0 9.8801725108603503e-06 0.00013904621033854951 -3.1965149093806938e-05 -8.116313005940008e-05 2.5150367375142024e-05 -0.00014520633857978879 0.00017402059796180666 2.6389150322680272e-06 0.00013937742465646824 -3.0458597064914977e-05 -2.6435077631460793e-05
leaf_weight=375 70 66 85 105 70 56 96 94 1551 57 80 239 131 132 197 54 66 1180 91 190 66 78 104 95 51 82
leaf_count=375 70 66 85 105 70 56 96 94 1551 57 80 239 131 132 197 54 66 1180 91 190 66 78 104 95 51 82
internal_value=3.83671e-09 -1.13803e-05 -2.53026e-05 2.96745e-06 0.000232894 0.000181696 0.000240652 -1.69344e-05 -7.22912e-05 -2.33453e-05 4.66624e-05 2.25504e-05 6.78412e-05 8.35432e-05 3.73913e-06 5.05752e-05 6.43044e-05 -3.92925e-05 -1.50329e-05 -1.40332e-05 -3.76056e-05 0.000105706 5.52268e-05 9.70708e-05 -0.000112954 -8.40647e-05
internal_weight=5461 5391 5103 3177 288 218 162 2172 1926 2021 1005 619 289 386 733 281 151 1288 330 535 345 209 198 149 108 148
internal_count=5461 5391 5103 3177 288 218 162 2172 1926 2021 1005 619 289 386 733 281 151 1288 330 535 345 209 198 149 108 148
is_linear=0
shrinkage=0.0162856


Tree=12
num_leaves=27
num_cat=0
split_feature=56 56 13 56 56 20 11 19 10 13 37 36 13 83 82 7 41 42 38 11 9 31 78 72 31 18
split_gain=0.21339 0.0511549 0.050491 0.0157799 0.0137476 0.0101802 0.00658092 0.00398993 0.00314534 0.00300666 0.00293872 0.00267911 0.00264447 0.00235994 0.00294473 0.00186923 0.00185233 0.00180329 0.00174011 0.00168804 0.00161351 0.00182833 0.00223382 0.0015115 0.00148962 0.00191515
threshold=73.235000610351577 43.570001602172859 40.463467144968909 32.514999389648445 52.469999313354499 0.015542080983221702 0.6080546535972956 0.019187036528805105 2.4808366151366696 26.707963764581702 1.1273831917116015 57.940543099202308 94.284131328737843 31.348281461054579 26.292250108718875 0.024431530860687903 289.00555899144388 1108.3750000000002 3.6231701688636675 0.83689557236659118 1.4723934722521508 -0.0006516371611922999 49.168793153620022 22.384999275207523 0.0012716938247789502 -0.0056452747130716491
decision_type=10 10 10 8 10 10 10 10 2 8 10 10 10 10 10 10 8 10 10 10 10 10 10 10 10 10
left_child=1 3 -2 12 8 7 9 11 10 17 -3 -6 23 14 -11 16 -8 -5 -17 20 21 -10 -23 -1 25 -18
right_child=2 4 -4 6 5 -7 15 -9 19 13 -12 -13 -14 -15 -16 18 24 -19 -20 -21 -22 22 -24 -25 -26 -27
leaf_value=-7.0676524528227302e-05 0.0010601637392844358 3.8131368504528437e-05 0.00035523789781514319 1.1326320813245601e-05 0.00012721316622522192 2.7457394543585623e-05 -0.00013309569128784057 0.00037789465846107379 6.5121592365648614e-05 -1.9847462670370061e-06 0.00017956670322602909 0.00029298208705899224 -0.00011866510122492726 -0.00010502661887300774 9.2415774857325332e-05 8.3258787591535224e-05 -6.098830469981681e-05 0.0001523499280414805 -2.5534462096125046e-05 -4.6156267036230113e-05 0.00012576595988282425 4.177457873096644e-05 -8.3689129927532293e-05 2.9746582928523061e-06 -6.404833596989014e-05 6.512004625371184e-07
leaf_weight=1137 54 101 62 62 92 83 76 59 132 1353 85 58 395 55 93 53 208 57 144 70 51 72 72 60 535 315
leaf_count=1137 54 101 62 62 92 83 76 59 132 1353 85 58 395 55 93 53 208 57 144 70 51 72 72 60 535 315
internal_value=-1.38529e-06 -1.63084e-05 0.000689517 -3.83786e-05 9.74917e-05 0.000189568 -1.57939e-05 0.000250644 5.01875e-05 5.87872e-06 0.000106481 0.000195941 -7.98095e-05 0 3.61308e-06 -4.26884e-05 -5.07545e-05 8.46739e-05 2.53985e-07 2.20752e-05 3.87867e-05 2.02112e-05 -1.61884e-05 -6.64104e-05 -4.4186e-05 -2.25509e-05
internal_weight=5534 5418 116 4543 875 292 2951 209 583 1620 186 150 1592 1501 1446 1331 1134 119 197 397 327 276 144 1197 1058 523
internal_count=5534 5418 116 4543 875 292 2951 209 583 1620 186 150 1592 1501 1446 1331 1134 119 197 397 327 276 144 1197 1058 523
is_linear=0
shrinkage=0.0162856


Tree=13
num_leaves=27
num_cat=0
split_feature=57 1 57 57 32 57 1 6 64 63 77 13 1 3 48 9 41 13 14 39 63 75 57 57 40 2
split_gain=0.2048 0.0716347 0.0481629 0.0188544 0.00702935 0.00570366 0.00617285 0.00335279 0.00311214 0.00298013 0.00297196 0.00258284 0.0024271 0.0023243 0.00273011 0.00221155 0.00254408 0.0018482 0.00258953 0.00193225 0.00173679 0.00168126 0.00164687 0.00145449 0.00143743 0.00192859
threshold=77.840000152587905 40.534999847412116 52.584999084472663 34.199998855590827 0.010177028767665302 40.745000839233406 26.494999885559086 0.0044909212386094509 60.196824774986567 0.017502329781157105 0.023280399697904602 94.284131328737843 50.93499946594239 -0.017677363193281944 0.0012547151736114002 0.14493208341630034 281.89505980379141 59.361974100371647 4.4915001392364511 0.76991905286928219 0.0073388450365077509 -0.0092855583663808468 36.444999694824226 46.609998703002937 802.6024978637696 63.885000228881843
decision_type=10 2 10 8 10 10 2 10 10 10 10 10 2 10 10 8 8 10 10 8 10 8 10 10 8 2
left_child=2 -2 3 11 8 6 7 -5 10 -10 12 -1 -4 14 23 17 -17 18 -8 -20 -19 -18 24 -7 25 -23
right_child=1 -3 4 5 -6 13 15 -9 9 -11 -12 -13 -14 -15 -16 16 21 20 19 -21 -22 22 -24 -25 -26 -27
leaf_value=-6.2088982981978752e-05 0.0010946718612679701 0.00027507700648648825 0.00019245725994841053 0.00013381693776851313 0.0002912457204048917 6.1244085448515124e-05 -3.6895432367255922e-05 -1.7096025843135134e-05 8.796979555956786e-05 0.00028321621538132083 -3.2740005931370811e-06 -0.0001119022757485688 4.9909151184383066e-05 1.0271746655138383e-05 0 -0.00014658956695157629 -5.9662219048248824e-05 -5.725149378364481e-05 6.4271332065819308e-05 -1.0860919144390227e-05 4.4850722560493318e-06 0 -6.2754633450108423e-05 0.0001929013772141762 5.3938166054943624e-05 -9.3594393832928982e-05
leaf_weight=1226 56 63 68 100 82 78 196 52 56 54 71 429 93 730 92 65 515 308 233 126 167 295 160 53 96 70
leaf_count=1226 56 63 68 100 82 78 196 52 56 54 71 429 93 730 92 65 515 308 233 126 167 295 160 53 96 70
internal_value=-1.34633e-06 0.000666732 -1.61588e-05 -3.043e-05 0.000150199 -7.9044e-06 -2.15278e-05 7.76737e-05 0.000114347 0.00019012 7.54368e-05 -7.54186e-05 0.000114411 2.54393e-05 7.19999e-05 -2.85956e-05 -4.37955e-05 -1.02039e-05 9.00977e-06 3.59882e-05 -3.41e-05 -3.73047e-05 -1.76543e-05 0.000119791 -5.06823e-07 -1.67135e-05
internal_weight=5534 119 5415 4991 424 3336 2383 152 342 110 232 1655 161 953 223 2231 1201 1030 555 359 475 1136 621 131 461 365
internal_count=5534 119 5415 4991 424 3336 2383 152 342 110 232 1655 161 953 223 2231 1201 1030 555 359 475 1136 621 131 461 365
is_linear=0
shrinkage=0.0162856


Tree=14
num_leaves=27
num_cat=0
split_feature=57 1 57 57 20 11 48 57 11 57 69 1 20 55 12 7 84 65 74 37 71 72 31 25 10 37
split_gain=0.198238 0.0692665 0.0466513 0.0182488 0.00752653 0.00651976 0.00450523 0.00545537 0.00434934 0.00306998 0.0029697 0.00350769 0.00260882 0.00236258 0.002245 0.00202395 0.00194967 0.00157829 0.00155591 0.00179884 0.00342194 0.00160702 0.00153043 0.00227098 0.00152013 0.00151335
threshold=77.840000152587905 40.534999847412116 52.584999084472663 34.199998855590827 0.021442244414089102 0.63335365307725999 -0.014873750688405548 62.30999946594239 0.54227696719540464 40.835000991821296 39.900561489610986 26.494999885559086 -0.020258815183512597 1092.9668537353898 93.614000129699733 0.024431530860687903 2.5000000000000004 -1.9022188096753607 0.011681709257170802 -4.3956192225807618 18.045000076293949 11.305000305175783 0.0010431639102324501 0.69319035007746554 2.4808366151366696 2.7813708485303157
decision_type=10 2 10 8 10 10 10 10 10 10 10 2 10 10 10 10 2 10 8 10 10 10 10 10 2 10
left_child=2 -2 3 14 6 10 -4 8 -8 15 11 13 -11 -5 -1 22 24 -14 19 20 -13 -21 23 -7 -12 -17
right_child=1 -3 4 5 -6 9 7 -9 -10 12 16 18 17 -15 -16 25 -18 -19 -20 21 -22 -23 -24 -25 -26 -27
leaf_value=-6.0948957632947014e-05 0.0010768544799248257 0.0002705994500357656 4.5180354236892767e-05 0 1.6595186684341088e-05 -6.821019688584347e-05 0.00021894345669951469 0.00033903884709011312 3.7201168181809738e-05 7.951705815017473e-05 0.00012692885925424333 -2.2209523489608775e-06 5.1809829806674842e-05 0.00016774508616483093 -0.00010661639974299029 5.0894183281011439e-05 5.4175226225192834e-07 -4.1362019839121219e-05 -2.8719714330762887e-05 7.0800016622375568e-05 0.0001533488232452126 -1.2675879287517086e-05 -7.9769512779343863e-05 2.4010541574930475e-06 3.9739727325303121e-05 -5.3901932667919422e-05
leaf_weight=1190 56 63 61 53 100 237 122 78 63 95 104 78 57 53 465 87 174 213 536 67 60 610 459 210 182 61
leaf_count=1190 56 63 61 53 100 237 122 78 63 95 104 78 57 53 465 87 174 213 536 67 60 610 459 210 182 61
internal_value=-1.31371e-06 0.000655974 -1.5889e-05 -2.99363e-05 0.000147834 -7.77169e-06 0.000186212 0.0002163 0.000160785 -3.43567e-05 1.15486e-05 0 4.65713e-06 9.03536e-05 -7.41972e-05 -4.85191e-05 4.76224e-05 -1.91426e-05 -6.91996e-06 6.57406e-06 6.04567e-05 -3.39619e-06 -5.77026e-05 -3.35013e-05 7.3859e-05 3.05445e-06
internal_weight=5534 119 5415 4991 424 3336 324 263 185 1419 1917 1457 365 106 1655 1054 460 270 1351 815 138 677 906 447 286 148
internal_count=5534 119 5415 4991 424 3336 324 263 185 1419 1917 1457 365 106 1655 1054 460 270 1351 815 138 677 906 447 286 148
is_linear=0
shrinkage=0.0162856


Tree=15
num_leaves=27
num_cat=0
split_feature=56 2 56 56 56 20 60 11 0 0 46 18 49 12 35 61 0 6 7 25 40 83 82 72 31 25
split_gain=0.194023 0.0567152 0.0466214 0.0144116 0.012543 0.00955326 0.00655453 0.00610129 0.00399601 0.0028181 0.00363131 0.00348067 0.00331957 0.00252536 0.00233082 0.00272793 0.00220994 0.00200542 0.00174793 0.00189709 0.0017583 0.0017004 0.00262015 0.0015616 0.00138967 0.00184711
threshold=73.235000610351577 34.465000152587898 43.570001602172859 32.514999389648445 52.469999313354499 0.021442244414089102 0.012004739285580603 0.6080546535972956 49.914999008178718 70.365001678466811 -0.0099777882891269477 0.025367414884546805 -0.00085550533233999992 26.765249991416933 0.0045082312901478004 -0.019675247364332547 95.975002288818374 0.00064712381520000016 0.024431530860687903 0.4490542237249926 282.77999877929693 31.348281461054579 26.292250108718875 22.384999275207523 0.0012716938247789502 0.77668982922040908
decision_type=10 2 10 8 10 10 10 10 2 2 10 10 10 10 10 10 2 8 10 10 10 10 10 10 10 10
left_child=2 -2 3 16 9 6 8 13 -6 10 -4 12 -12 17 15 -11 23 -5 20 -20 -9 22 -15 -1 25 -22
right_child=1 -3 4 7 5 -7 -8 18 -10 14 11 -13 -14 21 -16 -17 -18 -19 19 -21 24 -23 -24 -25 -26 -27
leaf_value=-6.9201677163763367e-05 0.0010699769123051314 0.00032297650110024099 -2.8137368924335988e-05 0.00014124442001513243 0.00023890870901876235 4.9527440591319752e-06 0.00034175491499969618 -0.00012895201750980922 3.9766100617613184e-05 0.0001379217179060029 0.00023555115201845189 0 7.7334855100372822e-05 -1.754511266452357e-06 -4.6735380637642945e-05 6.6431828418269376e-07 -0.00011624689469383947 0 8.2006468860255729e-05 -2.8501923584045431e-05 -4.5608013294000694e-05 -8.6966416532705673e-05 8.4696916083107189e-05 5.5503214258300187e-06 -6.1430621700165239e-05 1.5672754252640154e-05
leaf_weight=1198 51 65 51 63 65 70 95 76 62 60 75 51 102 1349 108 136 333 52 58 139 326 57 99 61 536 196
leaf_count=1198 51 65 51 63 65 70 95 76 62 60 75 51 102 1349 108 136 333 52 58 139 326 57 99 61 536 196
internal_value=-1.27188e-06 0.000657525 -1.55074e-05 -3.6582e-05 9.31233e-05 0.000181111 0.000233552 -1.49862e-05 0.000147136 4.78672e-05 8.56515e-05 0.00011412 0.000148289 5.8699e-06 1.09236e-05 4.62045e-05 -7.618e-05 7.94218e-05 -4.08869e-05 5.52018e-07 -4.86917e-05 0 3.6831e-06 -6.50337e-05 -4.22729e-05 -2.12818e-05
internal_weight=5534 116 5418 4543 875 292 222 2951 127 583 279 228 177 1620 304 196 1592 115 1331 197 1134 1505 1448 1259 1058 522
internal_count=5534 116 5418 4543 875 292 222 2951 127 583 279 228 177 1620 304 196 1592 115 1331 197 1134 1505 1448 1259 1058 522
is_linear=0
shrinkage=0.0162856


Tree=16
num_leaves=27
num_cat=0
split_feature=57 2 57 57 20 32 11 59 57 57 13 83 34 72 51 45 20 82 13 36 34 34 18 23 20 7
split_gain=0.186079 0.0595281 0.0437772 0.0171025 0.00703784 0.00694922 0.00612047 0.00331646 0.00297009 0.00289721 0.00270466 0.00366422 0.00387507 0.00305876 0.00275031 0.00272456 0.00250867 0.00239006 0.00235036 0.00210819 0.00220065 0.00247967 0.00211775 0.00201398 0.00195511 0.00191058
threshold=77.840000152587905 39.170000076293952 52.584999084472663 34.199998855590827 0.021442244414089102 0.010177028767665302 0.63335365307725999 -0.042136846333078092 55.880001068115241 40.835000991821296 45.826004005383879 31.348281461054579 0.010356377940157702 18.554999351501468 -1.8904458200345855 0.01198273801887585 -0.020258815183512597 27.991250085830693 94.284131328737843 61.912332116796684 0.00322442478823665 0.00051633551438085002 0.00035412496635970004 -0.042962066340659889 0.019187036528805105 0.024431530860687903
decision_type=10 2 10 8 10 10 10 10 10 10 8 10 10 10 10 8 10 10 10 10 10 10 10 8 10 10
left_child=2 -2 3 18 5 7 10 -4 -9 25 11 12 15 -12 -15 19 -11 -10 -1 20 21 22 23 -5 -16 -8
right_child=1 -3 4 6 -6 -7 9 8 17 16 13 -13 -14 14 24 -17 -18 -19 -20 -21 -22 -23 -24 -25 -26 -27
leaf_value=-5.9052838550601782e-05 0.0010069667315919567 0.00025857016388997024 9.0168479524421132e-06 4.3371627819663399e-05 1.6060229777261334e-05 0.0003325910558533793 -5.5958830475207512e-05 7.4511258121338206e-05 0.00028933541197450626 7.8017097776176704e-05 -2.09645767040604e-05 -6.452845279805166e-05 -4.7546288154632312e-05 -3.9730341801443571e-06 3.4518618436750639e-05 0.00018300248681792628 -1.8716204039749481e-05 0.00011293166438294747 -0.00010671585786538296 -3.0463443727127957e-05 0.00015198290154881593 -4.6842935978731298e-05 8.3802131354440584e-06 0.00019604313573279419 0.00014771034033381008 2.9574722001682792e-06
leaf_weight=1226 59 60 54 66 100 69 906 78 71 95 828 73 76 250 158 58 270 52 429 54 77 53 101 54 69 148
leaf_count=1226 59 60 54 66 100 69 906 78 71 95 828 73 76 250 158 58 270 52 429 54 77 53 101 54 69 148
internal_value=-1.23881e-06 0.000635568 -1.53639e-05 -2.89752e-05 0.000143227 0.000180349 -7.51068e-06 0.000136422 0.000167224 -3.32727e-05 1.12005e-05 3.94958e-05 5.48628e-05 -1.54287e-06 3.07282e-05 7.31599e-05 4.58204e-06 0.000220394 -7.1825e-05 5.57189e-05 7.09379e-05 4.56387e-05 7.09316e-05 0.000117835 7.19689e-05 -4.70338e-05
internal_weight=5534 119 5415 4991 424 324 3336 255 201 1419 1917 612 539 1305 477 463 365 123 1655 405 351 274 221 120 227 1054
internal_count=5534 119 5415 4991 424 324 3336 255 201 1419 1917 612 539 1305 477 463 365 123 1655 405 351 274 221 120 227 1054
is_linear=0
shrinkage=0.0162856


Tree=17
num_leaves=27
num_cat=0
split_feature=56 2 56 56 56 48 1 51 32 0 37 77 56 31 19 13 73 22 47 61 50 80 4 73 19 55
split_gain=0.18204 0.0534069 0.0438376 0.0135378 0.011785 0.00662654 0.00492323 0.00456341 0.00290483 0.00270391 0.00353548 0.00380071 0.00257552 0.00262331 0.00252918 0.0022302 0.00216853 0.00211752 0.00188784 0.00183527 0.00175866 0.00168333 0.00157158 0.0021071 0.00154821 0.00146745
threshold=73.235000610351577 34.465000152587898 43.570001602172859 32.514999389648445 52.469999313354499 -0.015557785768994697 26.494999885559086 -2.5860067569193457 -0.00043237125446964997 70.365001678466811 -1.6198737076627763 -0.024775187737730648 38.475000381469734 0.0099403208024698517 0.0069943168122811013 94.284131328737843 -0.024525093999397344 42.659856907453864 0.0054598754283028015 -0.018173699494137444 52.200942024444593 0.72682489532688455 -0.0087284937192042486 -0.0124868031987366 -1.0000000180025095e-35 3702.4202313482488
decision_type=10 2 10 8 10 10 2 10 10 2 10 10 10 10 10 10 10 10 10 10 10 10 10 10 10 10
left_child=2 -2 3 15 9 -6 16 17 -9 10 24 -12 13 21 -13 -1 -5 -7 20 -11 -14 -8 -21 -24 -4 -20
right_child=1 -3 4 6 5 7 12 8 -10 19 11 14 18 -15 -16 -17 -18 -19 25 22 -22 -23 23 -25 -26 -27
leaf_value=-6.1398514208784179e-05 0.0010373147351607315 0.00031184713428123557 -5.620593653640698e-05 0.0001575238355592377 0 0.0003735512648497893 5.8006929992080653e-05 1.9853182762959624e-05 0.00020081466968165931 6.6642671981649311e-05 8.1372256543516109e-06 0.00025242495575612811 -3.0941474582943051e-06 -6.9094894066110615e-05 7.4504653915150317e-05 -0.00010969735338033143 1.9400130948573264e-05 0.00019721529909637325 -7.7382940356252012e-05 4.270530762798681e-05 6.1792430298293017e-05 -2.2549670649294762e-05 9.9598464393476921e-06 -0.00011173733568458589 6.9909019692499311e-05 2.2631769402266098e-05
leaf_weight=1197 51 65 51 56 52 58 67 51 66 105 59 67 187 351 51 395 96 65 94 67 218 1830 60 72 51 52
leaf_count=1197 51 65 51 56 52 58 67 51 66 105 59 67 187 351 51 395 96 65 94 67 218 1830 60 72 51 52
internal_value=-1.20222e-06 0.000636923 -1.49951e-05 -3.54341e-05 9.03361e-05 0.000175651 -1.44944e-05 0.0002118 0.000127835 4.6419e-05 8.34214e-05 0.000127536 -1.95917e-05 -2.74163e-05 0.000181392 -7.3816e-05 7.48321e-05 0.000286028 1.10839e-05 1.0193e-05 3.01371e-05 -1.93412e-05 -1.61434e-05 -5.1224e-05 1.15281e-07 -3.7056e-05
internal_weight=5534 116 5418 4543 875 292 2951 240 117 583 279 177 2799 2248 118 1592 152 123 551 304 405 1897 199 132 102 146
internal_count=5534 116 5418 4543 875 292 2951 240 117 583 279 177 2799 2248 118 1592 152 123 551 304 405 1897 199 132 102 146
is_linear=0
shrinkage=0.0162856


Tree=18
num_leaves=27
num_cat=0
split_feature=58 1 56 58 56 20 60 1 82 61 9 6 0 58 54 6 59 2 36 62 85 52 20 16 23 19
split_gain=0.149611 0.0448568 0.0402845 0.0142642 0.0117983 0.00829561 0.00564524 0.0047669 0.00332892 0.00350246 0.00330412 0.00313885 0.00301388 0.00339746 0.00288977 0.00253021 0.00245553 0.00241737 0.00194806 0.00231705 0.00176039 0.00198138 0.00177297 0.00222915 0.00167139 0.00143372
threshold=72.079998016357436 40.534999847412116 43.570001602172859 32.43499946594239 53.159999847412116 0.021442244414089102 -0.028704316234402696 26.760000228881839 26.292250108718875 -0.021050820670806745 -0.96324725898751484 0.0097041000692993009 70.365001678466811 46.510000228881843 1089.0812500000004 -0.017884273836484898 -0.035081857942257093 93.225002288818374 47.917388220985401 0.0026129721895033508 3.5000000000000004 42.175679430564628 -0.0062032123285604987 5.2909998893737802 0.084027126584516068 0.013771759587704801
decision_type=10 2 10 8 10 10 10 2 10 10 10 10 2 10 10 10 10 2 10 10 2 8 10 10 10 10
left_child=2 -2 3 17 8 6 -6 11 9 -4 20 14 13 -11 -5 -8 -12 -1 19 -18 -9 22 -22 -24 -21 -14
right_child=1 -3 4 7 5 -7 15 10 -10 12 16 -13 25 -15 -16 -17 18 -19 -20 24 21 -23 23 -25 -26 -27
leaf_value=-5.6745829671111259e-05 0.00091261196060538855 0.0002420209732910057 0.00015199185152140946 7.2143325588033238e-06 7.7475606231397858e-05 1.0289691746146249e-05 0.00016692309172490775 0.00010954061181802995 -3.7024074201307998e-06 0.00016055377633428193 -3.6671811415323856e-05 -2.4007888961006568e-05 -4.638727261240381e-05 0 0.00018112808469084428 0.00034516527802711699 -3.6805968693735991e-06 -0.00010549137157527657 -1.8193586953485331e-05 2.3571372394710306e-05 -5.9812475592056462e-05 6.6744060562181677e-05 -1.6424906504542198e-05 0.00010727766157582571 0.00016294222145877955 5.822208966806777e-05
leaf_weight=1352 57 56 116 51 58 67 52 58 203 85 1338 52 99 62 76 94 143 401 545 67 121 120 109 55 51 51
leaf_count=1352 57 56 116 51 58 67 52 58 203 85 1338 52 99 62 76 94 143 401 545 67 121 120 109 55 51 51
internal_value=0 0.000586526 -1.21097e-05 -3.18373e-05 8.80639e-05 0.00017854 0.000230419 -8.65319e-06 4.71372e-05 7.37891e-05 -1.44555e-05 7.20009e-05 4.09177e-05 9.36975e-05 0.00011672 0.000286439 -2.31411e-05 -6.82903e-05 0 3.58913e-05 2.42787e-05 1.03634e-05 -1.09685e-05 2.08819e-05 8.96602e-05 -6.23279e-06
internal_weight=5539 113 5426 4539 887 271 204 2786 616 413 2607 179 297 147 127 146 2144 1753 806 261 463 405 285 164 118 150
internal_count=5539 113 5426 4539 887 271 204 2786 616 413 2607 179 297 147 127 146 2144 1753 806 261 463 405 285 164 118 150
is_linear=0
shrinkage=0.0162856


Tree=19
num_leaves=27
num_cat=0
split_feature=58 1 56 58 56 20 60 1 82 6 0 46 13 53 8 21 45 6 39 52 53 45 42 65 58 66
split_gain=0.144824 0.0433598 0.0390192 0.0138076 0.0114319 0.0080215 0.00544843 0.00461318 0.00322794 0.00304719 0.00270518 0.00301372 0.00264321 0.00256095 0.00283676 0.00305534 0.00337583 0.00242467 0.00220097 0.00210372 0.0019811 0.00188507 0.00184294 0.0016907 0.00156997 0.0015156
threshold=72.079998016357436 40.534999847412116 43.570001602172859 32.43499946594239 53.159999847412116 0.021442244414089102 -0.028704316234402696 26.760000228881839 26.292250108718875 0.0097041000692993009 70.365001678466811 -0.0048792248882714492 94.284131328737843 -0.019729451160195297 48.293922541015753 0.017875118703644603 0.00012690036421905002 -0.017884273836484898 0.46761680577372583 74.256133590927689 0.06599471556246396 -0.0040896051403121495 2175.1250000000005 -2.8358974200653218 37.364999771118171 2.0103874705687677
decision_type=10 2 10 8 10 10 10 2 10 10 2 10 10 8 10 10 10 10 10 10 10 10 10 8 10 10
left_child=2 -2 3 12 8 6 -6 9 10 -5 11 -4 -1 -9 15 22 21 -8 -13 -12 -16 -17 25 -22 -25 -15
right_child=1 -3 4 7 5 -7 17 13 -10 -11 19 18 -14 14 20 16 -18 -19 -20 -21 23 -23 -24 24 -26 -27
leaf_value=-5.4943753558344758e-05 0.00089775772173667553 0.00023808173309115279 1.1297393262812999e-05 0.00011490808095637247 7.6214554299705174e-05 1.0122199209077635e-05 0.00016420629269146898 -9.1932890375032709e-05 -3.642120387975199e-06 -2.3617139673572866e-05 -8.9093764106929902e-06 5.8580669840703383e-05 -0.00010498645569884444 -3.8112799353295513e-06 5.7190673265502234e-05 4.5348709272797674e-05 0 0.00033954593805652348 0.00021379595280485592 9.3550986826811737e-05 5.7175516001659858e-05 0.00019937244220838605 3.3635869515916814e-05 -4.0625404020312213e-05 3.0038878683012955e-07 -7.0662720707853133e-05
leaf_weight=1338 57 56 64 127 58 67 52 110 203 52 129 54 415 363 70 58 126 94 86 80 53 55 215 1150 275 132
leaf_count=1338 57 56 64 127 58 67 52 110 203 52 129 54 415 363 70 58 126 94 86 80 53 55 215 1150 275 132
internal_value=0 0.000577079 -1.19017e-05 -3.13188e-05 8.66831e-05 0.000175758 0.000226778 -8.50414e-06 4.63731e-05 7.08288e-05 7.26198e-05 0.000115947 -6.71846e-05 -1.42157e-05 -1.05156e-05 1.11615e-05 6.17522e-05 0.000281853 0.000158864 2.7029e-05 -2.42489e-05 0.000126433 -4.90196e-06 -2.85723e-05 -3.22451e-05 -2.30305e-05
internal_weight=5539 113 5426 4539 887 271 204 2786 616 179 413 204 1753 2607 2497 949 239 146 140 209 1548 113 710 1478 1425 495
internal_count=5539 113 5426 4539 887 271 204 2786 616 179 413 204 1753 2607 2497 949 239 146 140 209 1548 113 710 1478 1425 495
is_linear=0
shrinkage=0.0162856


Tree=20
num_leaves=27
num_cat=0
split_feature=58 1 56 58 56 45 51 1 45 9 49 67 7 58 13 53 67 53 73 21 21 40 42 39 52 61
split_gain=0.140188 0.0419118 0.0377982 0.0133783 0.0110744 0.00734794 0.00751234 0.00423632 0.00372381 0.00345826 0.00306399 0.00275492 0.00505741 0.00308421 0.00252873 0.00251108 0.00246901 0.0027197 0.00232121 0.00223501 0.00211463 0.0023403 0.00195194 0.00189593 0.00180134 0.0017748
threshold=72.079998016357436 40.534999847412116 43.570001602172859 33.43499946594239 53.159999847412116 -0.010067264162952248 8.538949209291447 26.760000228881839 0.0045794767781731005 -0.96324725898751484 0.016496565787335906 0.64053645576893736 -0.0038537203872051496 46.32500076293946 94.284131328737843 -0.0079988299117511978 0.6124085328475245 0.06599471556246396 -0.016092936316452245 0.012547346094698401 0.0015712112961513002 592.81750030517594 2175.1250000000005 0.49076588136285831 24.249369669258115 0.015932364012340255
decision_type=10 2 10 8 10 10 10 2 10 10 8 10 10 10 10 8 10 10 10 10 8 10 10 10 10 10
left_child=2 -2 3 14 11 -6 8 18 -7 19 15 24 25 -14 -1 -11 17 -17 -5 20 21 -9 -23 -18 -4 -13
right_child=1 -3 4 7 5 6 -8 9 -10 10 -12 12 13 -15 -16 16 23 -19 -20 -21 -22 22 -24 -25 -26 -27
leaf_value=-5.1842655109884081e-05 0.00088314525463571724 0.00023420660135032927 8.3603053107649523e-05 0.00014070329520520295 2.6637998491019781e-05 0.00042240088066876108 8.4038513176745467e-05 0.00011916372856669841 0.00020530060629240111 -9.8024243036508204e-05 -0.00011961550937286873 0.00024927819972248309 0.00010566224041304095 -6.1263415368740636e-05 -9.8437956435180613e-05 7.5158250825468198e-05 0.00010031305580997134 -2.4043031764748058e-05 1.2938253546856174e-05 8.1836956848132839e-05 -7.7841936839284523e-05 -6.4674528276430004e-05 4.8677858084571776e-05 0 0 8.6028566841448532e-05
leaf_weight=1494 57 56 86 74 76 54 74 55 67 98 83 53 54 61 455 74 83 1528 105 143 66 75 86 120 309 53
leaf_count=1494 57 56 86 74 76 54 74 55 67 98 83 53 54 61 455 74 83 1528 105 143 66 75 86 120 309 53
internal_value=8.91939e-09 0.000567785 -1.16919e-05 -3.08046e-05 8.5335e-05 0.00017302 0.000226533 -6.25514e-06 0.000307953 -1.21738e-05 -2.1398e-05 4.56363e-05 9.24729e-05 1.11497e-05 -6.30746e-05 -1.67511e-05 -1.19559e-05 -1.90302e-05 6.9613e-05 2.93112e-05 2.31939e-07 2.72782e-05 0 4.04793e-05 1.76858e-05 0.000174187
internal_weight=5539 113 5426 4539 887 271 195 2590 121 2411 1986 616 221 115 1949 1903 1805 1602 179 425 282 216 161 203 395 106
internal_count=5539 113 5426 4539 887 271 195 2590 121 2411 1986 616 221 115 1949 1903 1805 1602 179 425 282 216 161 203 395 106
is_linear=0
shrinkage=0.0162856


Tree=21
num_leaves=27
num_cat=0
split_feature=56 2 56 26 2 54 56 2 82 10 83 11 73 39 2 25 53 43 53 5 9 85 53 59 4 4
split_gain=0.129591 0.0605052 0.0199688 0.0134943 0.0098192 0.00834458 0.00632113 0.00370046 0.00313491 0.00297354 0.00326644 0.00283705 0.00266006 0.00264623 0.00249845 0.0024919 0.00214971 0.00200033 0.0023454 0.00200972 0.0019995 0.0017856 0.00156636 0.00156296 0.00154445 0.00149463
threshold=54.335000991821296 30.210000038146976 34.555000305175788 2.7912750065326697 48.320001602172859 2032.3750000000002 43.570001602172859 25.860000610351566 26.292250108718875 2.4808366151366696 25.324581109530484 0.95954788016763881 -0.016092936316452245 0.33342897625578299 90.645000457763686 1.1579408038747159 -0.0079988299117511978 1320.2500000000002 0.057460588509035355 -0.019874595806951448 -1.0995801428949432 6.5000000000000009 0.95973594206111035 -0.020659105923864697 0.014744448784389503 0.012445116960559102
decision_type=10 2 8 10 2 10 10 2 10 2 10 10 10 10 2 8 8 10 8 10 10 2 8 8 10 10
left_child=2 -2 14 -3 -5 -6 7 12 9 13 -11 15 -4 -8 -1 16 -9 18 -18 23 -20 25 -22 -19 -10 -21
right_child=1 3 6 4 5 -7 8 11 24 10 -12 -13 -14 -15 -16 -17 17 19 20 21 22 -23 -24 -25 -26 -27
leaf_value=-4.8362918724254885e-05 0.00079607225162453782 0 0.00014441763746096057 0.00039794460269845637 2.0449570913930152e-05 0.0002952367508450851 2.3109603522927565e-05 -8.0582708259865478e-05 3.0223934391088156e-05 1.1806957523138944e-05 0.00015863138427789242 -7.0967134061612411e-05 6.7621497310264258e-06 0.00018465996453654582 -9.1466125045749141e-05 9.7751281124280789e-05 8.129815637561552e-05 0 4.0211066478452272e-05 4.4107191978379763e-05 -2.9055337769409707e-05 -2.3416973113929566e-05 -0.00011885599139523788 9.401006089094878e-05 -6.1385437403075181e-05 -2.3618218686105032e-05
leaf_weight=1386 57 61 69 94 64 65 51 109 143 238 52 202 106 101 566 58 52 67 93 293 812 437 62 119 74 108
leaf_count=1386 57 61 69 94 64 65 51 109 143 238 52 202 106 101 566 58 52 67 93 293 812 437 62 119 74 108
internal_value=2.42334e-08 0.000307683 -2.00283e-05 0.000207163 0.000265897 0.000164275 4.52781e-06 -6.70892e-06 4.96807e-05 7.45707e-05 4.0519e-05 -1.21962e-05 6.4982e-05 0.000134994 -6.12146e-05 -6.51234e-06 -9.64328e-06 -5.52075e-06 -2.18915e-05 1.00989e-05 -2.8154e-05 0 -3.62163e-05 5.85373e-05 0 2.41521e-05
internal_weight=5539 341 5198 284 223 129 3246 2587 659 442 290 2412 175 152 1952 2210 2152 2043 1019 1024 967 838 874 186 217 401
internal_count=5539 341 5198 284 223 129 3246 2587 659 442 290 2412 175 152 1952 2210 2152 2043 1019 1024 967 838 874 186 217 401
is_linear=0
shrinkage=0.0162856


Tree=22
num_leaves=27
num_cat=0
split_feature=58 1 57 58 48 64 69 11 0 3 1 58 49 85 1 12 13 85 11 45 45 33 36 35 45 5
split_gain=0.13208 0.0395865 0.033945 0.0167748 0.00496633 0.00575992 0.00580475 0.00431223 0.00408084 0.00336499 0.0029056 0.003453 0.00281964 0.00260674 0.00253714 0.00272432 0.00233976 0.00222453 0.00275609 0.00200563 0.00216538 0.0020033 0.00190753 0.00224766 0.00188974 0.00296828
threshold=72.079998016357436 40.534999847412116 52.170000076293952 33.43499946594239 -0.022005947537098895 60.196824774986567 49.03296126999772 0.86396992093806635 49.625000000000007 -0.0017602630549992998 26.494999885559086 37.194999694824226 0.017074767487917954 4.5000000000000009 60.659999847412116 31.864750051498415 94.284131328737843 6.5000000000000009 0.63335365307725999 0.0031407845741947007 -0.010067264162952248 0.00028194172671120002 61.166105267891972 -0.0073441993952414993 -0.00018092145625194997 0.0020513415804793004
decision_type=10 2 10 8 10 10 10 10 2 10 2 10 10 2 2 8 10 2 10 10 8 10 10 10 10 10
left_child=2 -2 3 16 -4 8 -7 10 13 -10 21 12 14 -6 15 -12 -1 -13 -19 20 -17 -5 23 -22 25 -25
right_child=1 -3 4 7 5 6 -8 -9 9 -11 11 17 -14 -15 -16 19 -18 18 -20 -21 22 -23 -24 24 -26 -27
leaf_value=-5.022537600539212e-05 0.00085774579432163595 0.00022650066765362531 -1.6519207035383014e-05 0.0001485233642397577 0.00023622305622434021 0.00011165714996653517 0.00035389021907652931 -4.0944535798022743e-05 0.00012363234725284929 -2.6534957942483279e-05 -2.3517465064496732e-05 6.7747871255312389e-05 -0.00012916856023343569 6.2282739763419356e-05 -3.2713583058993553e-05 -2.8535890783156944e-05 -9.5220841659690442e-05 3.1723237051388604e-05 -5.409673229124053e-05 -5.1636259283900163e-06 0 1.1592387232135499e-05 0 0.00024931236610187783 4.083657164869908e-05 6.0253723373087939e-05
leaf_weight=1489 57 56 51 66 71 64 63 552 66 86 343 297 51 53 553 55 454 414 127 192 59 71 69 61 66 53
leaf_count=1489 57 56 51 66 71 64 63 552 66 86 343 297 51 53 553 55 454 414 127 192 59 71 69 61 66 53
internal_value=3.38979e-08 0.000551149 -1.13199e-05 -2.37449e-05 0.000123231 0.000142623 0.00023729 0 9.65489e-05 3.41591e-05 9.38638e-06 4.80535e-06 -9.62262e-06 0.000167455 -4.94427e-06 1.13914e-05 -6.10942e-05 3.14853e-05 1.03042e-05 3.42045e-05 5.69198e-05 8.25954e-05 7.44131e-05 9.61887e-05 0.000124883 0.000167487
internal_weight=5539 113 5426 4972 454 403 127 3029 276 152 2477 2340 1502 124 1451 898 1943 838 541 555 363 137 308 239 180 114
internal_count=5539 113 5426 4972 454 403 127 3029 276 152 2477 2340 1502 124 1451 898 1943 838 541 555 363 137 308 239 180 114
is_linear=0
shrinkage=0.0162856


Tree=23
num_leaves=27
num_cat=0
split_feature=58 1 57 58 20 21 58 60 58 1 23 6 54 20 70 0 4 12 1 10 83 61 45 73 17 18
split_gain=0.127858 0.0382625 0.0328725 0.0162373 0.00505375 0.00584197 0.00632702 0.00490266 0.00331373 0.00464903 0.00330829 0.00292092 0.00278933 0.00240822 0.00288169 0.00289882 0.00272958 0.00219942 0.00216566 0.00208685 0.00207827 0.00202599 0.00177937 0.00228863 0.00166364 0.00187355
threshold=72.079998016357436 40.534999847412116 52.170000076293952 33.43499946594239 0.021442244414089102 0.029089144061077654 51.844999313354499 0.012403726939059201 37.364999771118171 26.760000228881839 -0.011861370764168348 0.0097041000692993009 1089.0812500000004 0.012182678097282551 15.934999942779543 58.530000686645515 -0.020404349446944397 91.485749244689956 87.864997863769545 1.770825727205064 22.922332553339906 0.0095624163856654013 -0.00039006391109684999 0.017639842894136854 0.046998230175032657 -0.036432520619204344
decision_type=10 2 10 8 10 10 10 10 10 2 10 10 10 8 8 2 10 10 2 2 10 10 10 10 10 10
left_child=2 -2 3 17 5 6 21 -8 9 11 -6 12 -5 14 15 19 -16 -1 -10 -11 -20 -4 23 -15 25 -18
right_child=1 -3 4 8 10 -7 7 -9 18 13 -12 -13 -14 22 16 -17 24 -19 20 -21 -22 -23 -24 -25 -26 -27
leaf_value=-4.8029594768236381e-05 0.00084378459052093498 0.00022281403647827241 0.00016394514436732113 2.6128525145547591e-06 -5.3447767777287173e-05 0 0.00017864721794740479 0.00039986073283449262 3.9979009498969724e-05 1.8695153101296222e-06 0.00011644352795516745 -2.5683433501086337e-05 0.00017312120970347543 9.9527093457311549e-05 2.0544431032581885e-05 -4.1848994676519735e-05 2.8266677734426025e-06 -8.8987597865544148e-05 3.6675181090191911e-05 0.00010918827889266571 -5.254707275465773e-05 1.8861926995202328e-05 -1.7605503394381956e-05 0 5.3308914052333975e-06 -8.7485862992925284e-05
leaf_weight=1387 57 56 59 51 61 62 97 52 711 187 56 52 76 99 95 267 53 556 116 72 158 67 366 185 56 485
leaf_count=1387 57 56 59 51 61 62 97 52 711 187 56 52 76 99 95 267 53 556 116 72 158 67 366 185 56 485
internal_value=3.88711e-08 0.000542277 -1.113e-05 -2.3359e-05 0.000121275 0.000153695 0.000185959 0.000260531 0 -1.1611e-05 2.20025e-05 6.68019e-05 0.000110079 -1.95066e-05 -3.31207e-05 -3.01369e-06 -5.51061e-05 -6.0105e-05 2.47482e-05 3.43672e-05 -1.22653e-05 9.22769e-05 4.88391e-06 3.62861e-05 -6.8363e-05 -7.73114e-05
internal_weight=5539 113 5426 4972 454 337 275 149 3029 2044 117 179 127 1865 1215 526 689 1943 985 259 274 126 650 284 594 538
internal_count=5539 113 5426 4972 454 337 275 149 3029 2044 117 179 127 1865 1215 526 689 1943 985 259 274 126 650 284 594 538
is_linear=0
shrinkage=0.0162856


Tree=24
num_leaves=27
num_cat=0
split_feature=56 56 56 21 20 49 17 56 8 49 2 7 31 44 19 62 48 12 20 73 19 66 49 49 9 11
split_gain=0.140651 0.0503049 0.0179751 0.0100564 0.0138902 0.00917514 0.00806474 0.00549205 0.00421015 0.00381297 0.00266171 0.00222272 0.00276043 0.00332769 0.00238629 0.00278072 0.00293329 0.00207513 0.00205479 0.00174376 0.00163932 0.00159996 0.00157954 0.00165186 0.00173169 0.00167883
threshold=89.794998168945327 52.469999313354499 32.745000839233406 0.020618505335116555 -0.0074905046846977493 0.0073419917795296006 -0.0077783294224876487 39.704999923706062 55.994111694628579 -0.0051385092846891493 25.860000610351566 0.035969533675693506 -0.0072020713993311497 1304.8750000000002 0.0093112328488550011 -0.021454619301466447 0.0036268028126810506 91.485749244689956 0.011672359783943351 -0.015468101078898948 -0.0010442684598321998 4.3164150395668157 0.018402208632791153 0.0011301031444613501 -0.39050621742346431 0.43872613740634564
decision_type=10 10 8 10 10 10 10 10 10 10 2 10 10 10 10 10 10 10 10 10 10 10 8 10 10 10
left_child=1 2 17 4 6 9 -3 8 10 -6 19 12 13 -9 15 21 20 -1 -10 -4 -17 -14 23 24 -12 -26
right_child=-2 3 7 -5 5 -7 -8 11 18 -11 22 -13 14 -15 -16 16 -18 -19 -20 -21 -22 -23 -24 -25 25 -27
leaf_value=-5.2340423145605601e-05 0.00082663898993449959 0.00053529637070057158 0.00014924733287530545 1.9620958539410526e-05 0.00012966469541771832 0.00030925950885657384 0.00021846653722309354 0 -6.0473863348945864e-05 -5.8189629064493606e-05 7.4005836357231442e-06 -4.053129288484353e-05 0.00015131783470497068 0.00015725744078313596 -1.2599528912791342e-05 2.3148345456280839e-05 -5.6991321393059922e-05 -9.5209014108434313e-05 -7.6799034454269144e-06 1.4947011071916422e-05 0.00013526057407081796 2.0055328612238881e-05 -8.2200052626154891e-05 1.8429017144883033e-05 -7.2648050220657521e-05 -1.7364846457369546e-06
leaf_weight=1123 54 51 51 88 58 51 55 61 570 51 368 92 91 105 256 184 90 506 347 79 51 52 65 675 207 191
leaf_count=1123 54 51 51 88 58 51 55 61 570 51 368 92 91 105 256 184 90 506 347 79 51 52 65 675 207 191
internal_value=-1.03896e-07 -8.32379e-06 -2.13176e-05 0.000179268 0.00022949 0.000127082 0.000377501 -4.95368e-07 -1.32758e-05 3.54724e-05 1.98264e-06 3.20304e-05 4.03048e-05 0.000101629 2.52909e-05 4.74857e-05 1.85568e-05 -6.60799e-05 -4.12469e-05 7.29448e-05 5.04192e-05 0.000108408 -3.68779e-06 0 -1.65117e-05 -4.03478e-05
internal_weight=5572 5518 5164 354 266 160 106 3535 2553 109 1636 982 890 166 724 468 325 1629 917 130 235 143 1506 1441 766 398
internal_count=5572 5518 5164 354 266 160 106 3535 2553 109 1636 982 890 166 724 468 325 1629 917 130 235 143 1506 1441 766 398
is_linear=0
shrinkage=0.0162856


Tree=25
num_leaves=27
num_cat=0
split_feature=58 56 58 51 45 38 58 3 11 13 25 35 13 67 81 11 9 53 20 53 37 32 53 3 76 35
split_gain=0.141445 0.0462231 0.0183944 0.00697157 0.0107274 0.0077712 0.00499867 0.00315954 0.00279815 0.00293509 0.00312451 0.00262218 0.00231133 0.00230854 0.00249384 0.00268024 0.0031988 0.0020347 0.00182846 0.00229322 0.001804 0.00188161 0.00172343 0.00163719 0.00162504 0.00147591
threshold=86.36999893188478 52.469999313354499 32.43499946594239 -2.5860067569193457 -0.0098168784198229986 21.296387731550414 37.364999771118171 0.0055287752719350514 0.60526366276912025 59.190882500024813 0.57102099010720109 0.0092954019081956506 94.284131328737843 0.97504900355760449 0.97444091636472507 0.68003904347458433 1.6008648943612374 -0.0079988299117511978 -0.027629934679172598 0.7492023287790549 2.0733144519596753 -0.00036211040470144994 0.081385088907005756 -0.0027644409018297996 -0.054015158919365196 0.0029682261966439004
decision_type=10 10 8 10 10 10 10 10 10 8 8 8 10 10 10 10 10 10 10 8 8 10 10 10 10 8
left_child=1 2 12 4 -3 -6 8 -5 9 10 11 18 -1 14 15 16 -8 -10 -4 23 21 -12 -19 -20 -17 -24
right_child=-2 3 6 7 5 -7 13 -9 17 -11 20 -13 -14 -15 -16 24 -18 22 19 -21 -22 -23 25 -25 -26 -27
leaf_value=-5.1908103934746922e-05 0.00080665794701768369 5.9312205080449852e-05 8.3335160509247523e-05 0.00014349755413938135 0.00014695956789551769 0.00042332791057370046 3.6244043035575009e-05 -8.1426459217653307e-07 -0.00013589208291691913 -2.467586233058725e-05 -2.5463118263796525e-05 -8.6622710551104783e-05 -9.8413731805603659e-05 0.00011046763528681748 -7.893985931105757e-05 5.8940573149418647e-05 0.00017600144254373504 5.9709446060760493e-05 -6.9981238158254327e-05 5.976318525376982e-05 0.00013136487699729404 9.4361943796327779e-05 -4.780198997958963e-05 2.0720018415726611e-05 -2.6083853009347504e-05 -3.4203240696694026e-06
leaf_weight=1348 57 71 90 82 54 83 570 61 51 530 64 74 426 90 58 74 51 53 126 110 97 63 586 75 274 354
leaf_count=1348 57 71 90 82 54 83 570 61 51 530 64 74 426 90 58 74 51 53 126 110 97 63 586 75 274 354
internal_value=-9.09147e-08 -8.55824e-06 -2.09693e-05 0.000172063 0.000233994 0.00031947 1.06634e-06 7.71445e-05 -1.25855e-05 3.56826e-06 2.59674e-05 8.43368e-07 -6.34648e-05 2.94617e-05 2.16902e-05 2.84253e-05 4.88371e-05 -3.22597e-05 1.87042e-05 0 7.61672e-05 2.85741e-05 -2.62408e-05 -3.27195e-05 -6.02478e-06 -3.18201e-05
internal_weight=5572 5515 5164 351 208 137 3390 143 2273 1229 699 475 1774 1117 1027 969 621 1044 401 311 224 127 993 201 348 940
internal_count=5572 5515 5164 351 208 137 3390 143 2273 1229 699 475 1774 1117 1027 969 621 1044 401 311 224 127 993 201 348 940
is_linear=0
shrinkage=0.0162856


Tree=26
num_leaves=27
num_cat=0
split_feature=58 56 58 39 9 8 40 12 31 6 4 60 31 5 13 5 79 51 34 54 61 56 77 2 10 4
split_gain=0.136876 0.044761 0.0178055 0.00798499 0.00485782 0.00476026 0.00397642 0.00341609 0.00485773 0.00337192 0.00325034 0.0029773 0.00298345 0.0023841 0.0022314 0.0019776 0.00206012 0.00198558 0.00168801 0.0016113 0.00159341 0.001578 0.00249557 0.00157399 0.00281056 0.00158512
threshold=86.36999893188478 52.469999313354499 32.43499946594239 0.76624133563098384 -0.98314727379675293 55.248660958229799 1201.0700042724611 50.811000251770032 -0.0014409134014646996 -0.0033063491416413494 -0.0085124830234023976 0.018666931489860605 -0.0044332975615031496 0.027187470922528753 94.284131328737843 0.030530198209013804 -1.5150613588884843 11.0250323699986 -0.010693349609778798 3869.0750000000003 -0.0041549111175427497 41.805000305175788 -0.011982529849958347 43.389999389648445 1.088691496010076 -0.021320573408961398
decision_type=10 10 8 10 8 10 10 10 10 10 8 8 10 10 10 10 8 10 8 10 8 10 10 2 2 10
left_child=1 2 14 5 7 9 -5 8 -4 -3 11 12 -6 18 -1 16 -12 -17 -13 -9 21 -18 -23 24 25 -20
right_child=-2 3 4 6 10 -7 -8 19 -10 -11 15 13 -14 -15 -16 17 20 -19 23 -21 -22 22 -24 -25 -26 -27
leaf_value=-5.106276907833832e-05 0.00079352830528117268 7.5349101620931342e-05 0.00020579912444391521 0.00040789182802630026 0.00016506818199489554 -1.0217095709835381e-05 0.00016880881233017771 -2.6789889135016743e-06 2.1027618800291966e-05 0.00022532658834845977 3.9986968600472343e-05 -7.1954546811890387e-05 2.4917508684599152e-05 -8.3446843579723057e-05 -9.681112366626266e-05 7.7628041456805907e-05 -2.3731408179484441e-05 -3.6835959252400394e-05 7.3558280035344471e-05 5.5619339907005466e-05 -4.0448398992642741e-05 -1.5620843246240473e-05 0.00012622836239659847 -1.822798962080505e-06 0.00013220834193910559 -3.3642753102408412e-05
leaf_weight=1348 57 100 73 51 64 53 51 323 98 96 108 54 152 80 426 102 279 57 61 187 1195 61 57 274 80 85
leaf_count=1348 57 100 73 51 64 53 51 323 98 96 108 54 152 80 426 102 279 57 61 187 1195 61 57 274 80 85
internal_value=-8.12341e-08 -8.41269e-06 -2.06278e-05 0.000169326 1.04902e-06 0.000114981 0.000295178 4.01096e-05 0.00010395 0.000152339 -8.51675e-06 1.74277e-05 6.96442e-05 0 -6.24376e-05 -2.07494e-05 -2.61133e-05 3.22714e-05 1.16368e-05 1.73512e-05 -3.10301e-05 -9.47494e-07 4.709e-05 2.20436e-05 5.40168e-05 6.44485e-06
internal_weight=5572 5515 5164 351 3390 249 102 681 171 196 2709 850 216 634 1774 1859 1700 159 554 510 1592 397 118 500 226 146
internal_count=5572 5515 5164 351 3390 249 102 681 171 196 2709 850 216 634 1774 1859 1700 159 554 510 1592 397 118 500 226 146
is_linear=0
shrinkage=0.0162856


Tree=27
num_leaves=27
num_cat=0
split_feature=56 56 56 2 15 82 9 45 56 12 31 85 1 9 67 46 12 35 52 51 35 20 8 43 13 51
split_gain=0.127617 0.045656 0.0163342 0.00962636 0.00669521 0.00701457 0.00513039 0.00434041 0.00335708 0.00335214 0.0047036 0.00327288 0.00287306 0.00278468 0.00321463 0.0027408 0.00187891 0.00163363 0.00162777 0.00169209 0.00166802 0.00157307 0.00218643 0.00174389 0.00204052 0.00219965
threshold=89.794998168945327 52.469999313354499 32.745000839233406 34.465000152587898 3.3504999876022343 27.788250064849855 -0.98314727379675293 -0.0095279631159224994 38.475000381469734 50.811000251770032 -0.0014409134014646996 6.5000000000000009 26.760000228881839 3.283921079075768 0.6124085328475245 -0.00078144926528234983 91.485749244689956 0.0084008490565728507 42.175679430564628 20.191236150590047 -0.0024204495012111996 0.012182678097282551 56.121664234340109 1064.3750000000002 58.65410470278659 2.0227346331381573
decision_type=10 10 8 2 10 10 8 10 10 10 10 2 2 10 10 10 10 10 10 10 10 8 8 10 10 8
left_child=1 2 16 -3 -5 -6 9 -7 12 10 -4 13 -8 14 15 -10 -1 -13 20 -20 -11 22 23 -14 25 -25
right_child=-2 3 6 4 5 7 8 -9 11 18 -12 17 21 -15 -16 -17 -18 -19 19 -21 -22 -23 -24 24 -26 -27
leaf_value=-4.9821297970293238e-05 0.00078742646657376707 0.00038505868784839063 0.00020244900337008131 4.1625218689438683e-07 0.00031541979725301355 0 4.5700537426642312e-05 0.00017747238960928103 -2.6234799423186072e-05 4.4803197292784673e-05 2.0910052656971568e-05 4.078371270084057e-06 -8.2533958354052208e-05 -4.2511791352785838e-05 0.00016446875666964239 9.004897874023937e-05 -9.0762777797971018e-05 -7.1903935051197026e-05 9.8812989098209866e-06 0.00010912713369634231 -3.3867205288061892e-05 -5.8042502331101607e-06 -6.4250635268580365e-05 -2.0967948611400607e-05 -3.641199813862276e-05 6.504327953208107e-05
leaf_weight=1123 54 51 73 84 73 56 149 90 86 106 99 338 99 55 84 118 506 92 137 85 207 672 516 141 320 158
leaf_count=1123 54 51 73 84 73 56 149 90 86 106 99 338 99 55 84 118 506 92 137 85 207 672 516 141 320 158
internal_value=-7.16783e-08 -7.9073e-06 -2.02918e-05 0.000170796 0.000132427 0.000179916 -4.33605e-07 0.000107402 -1.04352e-05 3.8599e-05 0.000101978 1.80152e-05 -2.14717e-05 5.58699e-05 7.70476e-05 3.76612e-05 -6.29621e-05 -1.05836e-05 1.69332e-05 5.09874e-05 -5.02666e-06 -2.70842e-05 -3.8115e-05 -1.83728e-05 -6.9968e-06 2.21857e-05
internal_weight=5572 5518 5164 354 303 219 3535 146 2828 707 172 773 2055 343 288 204 1629 430 535 222 313 1906 1234 718 619 299
internal_count=5572 5518 5164 354 303 219 3535 146 2828 707 172 773 2055 343 288 204 1629 430 535 222 313 1906 1234 718 619 299
is_linear=0
shrinkage=0.0162856


Tree=28
num_leaves=27
num_cat=0
split_feature=56 56 56 21 20 4 17 56 11 1 83 73 51 13 45 25 37 8 53 53 12 8 11 18 54 73
split_gain=0.123494 0.0442204 0.0158118 0.00979878 0.013388 0.00861332 0.00773667 0.00500756 0.00425655 0.00374691 0.00315838 0.00201055 0.00283567 0.00282039 0.00237751 0.00254311 0.00201013 0.00188142 0.00184745 0.00196278 0.00181298 0.00172427 0.00197089 0.00163597 0.00167051 0.00160419
threshold=89.794998168945327 52.469999313354499 32.745000839233406 0.020618505335116555 -0.0074905046846977493 -0.019078915903499097 -0.0077783294224876487 43.570001602172859 0.57638108582086633 71.295001983642592 25.715049010005139 -0.045152960771961043 -1.8904458200345855 36.789120632073072 0.00012690036421905002 0.22797148936816042 1.0058548865278854 43.600206725054001 -0.039590662503780495 0.06599471556246396 91.485749244689956 53.764837050101612 0.8433581625984109 -0.025604649820362296 2425.6437500000006 0.081357054709768103
decision_type=10 10 8 10 10 10 10 10 10 2 10 8 8 8 8 10 10 10 10 10 10 10 10 10 8 8
left_child=1 2 20 4 6 -6 -3 8 11 10 16 13 -13 -4 15 -14 -9 -11 -10 -20 -1 -19 -23 -17 -25 -21
right_child=-2 3 7 -5 5 -7 -8 9 18 17 -12 12 14 -15 -16 23 -18 21 19 25 -22 22 -24 24 -26 -27
leaf_value=-4.9009950898479624e-05 0.00077461020298782773 0.0005171662158586337 0.00012862758624664227 1.0736326620715246e-05 0.00027219621994878005 1.7023931761332752e-05 0.00020681945338113682 5.4440454748585183e-05 -0.00012948299236586485 6.0248133445355836e-05 0 -3.981587515444825e-05 -1.3901051951017733e-05 1.4316116221500976e-05 -1.2652714100870895e-05 0.00015678950601598156 0.00017858447313450062 -7.6099426675074657e-05 6.1011190559413243e-05 -3.4705965283613906e-05 -8.9284742574807587e-05 7.9743789191803364e-05 -5.3286640642234003e-05 1.5436712270627396e-05 0.00010856511014676367 4.4100834304102984e-05
leaf_weight=1123 54 51 82 88 60 100 55 84 51 106 86 349 138 251 399 51 100 95 61 1229 506 63 51 190 84 65
leaf_count=1123 54 51 82 88 60 100 55 84 51 106 86 349 138 251 399 51 100 95 61 1229 506 63 51 190 84 65
internal_value=-6.11486e-08 -7.77117e-06 -1.99613e-05 0.000168098 0.000217565 0.000117044 0.000362731 -4.20155e-07 -9.24399e-06 4.2899e-05 8.75226e-05 9.08386e-06 -9.87075e-08 4.45388e-05 1.5185e-05 4.06588e-05 0.000125665 2.46294e-06 -2.98595e-05 -2.55995e-05 -6.19436e-05 -2.35599e-05 1.42026e-05 6.59401e-05 4.65051e-05 -3.02151e-05
internal_weight=5572 5518 5164 354 266 160 106 3535 2950 585 270 1544 1211 333 862 463 184 315 1406 1355 1629 209 114 325 274 1294
internal_count=5572 5518 5164 354 266 160 106 3535 2950 585 270 1544 1211 333 862 463 184 315 1406 1355 1629 209 114 325 274 1294
is_linear=0
shrinkage=0.0162856


Tree=29
num_leaves=27
num_cat=0
split_feature=58 56 58 39 58 20 50 39 1 6 7 52 67 64 9 2 53 0 22 44 75 53 70 56 63 63
split_gain=0.124463 0.0405867 0.016228 0.00764171 0.00451394 0.00431033 0.00411707 0.00523088 0.00311089 0.00262264 0.00237524 0.00227356 0.00288381 0.00205314 0.00194841 0.00209306 0.00207466 0.00192693 0.00159693 0.00171539 0.00212901 0.00162777 0.00153184 0.00248793 0.00150271 0.0018186
threshold=86.36999893188478 52.469999313354499 32.43499946594239 0.76624133563098384 37.364999771118171 -0.0098093908877096483 58.576727272340811 0.41235210118202453 26.494999885559086 -0.0094941802019309473 -0.0043167682042552493 32.160989186681157 0.68154343103055903 46.916591069160297 -0.98314727379675293 46.609998703002937 -0.0079988299117511978 95.975002288818374 66.867255208113747 1040.3750000000002 -0.015300662968562948 0.06599471556246396 19.404999732971195 43.570001602172859 0.0030369199808210003 -0.025216033767289248
decision_type=10 10 8 10 10 10 10 10 2 10 10 10 10 8 8 2 8 2 8 10 10 10 10 10 10 10
left_child=1 2 17 6 8 -5 7 9 -4 -3 11 -6 13 -13 15 -10 -16 -1 19 20 -18 -21 23 -12 25 -24
right_child=-2 3 4 5 10 -7 -8 -9 14 -11 22 12 -14 -15 16 -17 18 -19 -20 21 -22 -23 24 -25 -26 -27
leaf_value=-5.0060117834955781e-05 0.00075672429466051188 0.00012425539751015154 5.8236565338923451e-05 0.00039997683238045511 1.7466768390625926e-05 0.00015495219420130863 -4.6670305685525148e-06 3.66389173619291e-05 0.00010280322403319201 0.00031479781372030269 0 0.0001173165142310259 0.00018096429499948476 0 -9.9575540644370155e-05 0 -0.00013542772684144009 -9.5893969884282463e-05 1.9128465900512421e-05 6.1274238786264589e-05 -2.5002932777755202e-05 -2.1855664860424429e-05 -2.0460589914143014e-05 0.00012463715449815099 -5.05635821506441e-05 6.1872813505429097e-05
leaf_weight=1422 57 59 152 51 239 51 55 84 64 51 141 65 74 90 95 232 83 352 230 62 152 1203 166 68 157 117
leaf_count=1422 57 59 152 51 239 51 55 84 64 51 141 65 74 90 95 232 83 352 230 62 152 1203 166 68 157 117
internal_value=-4.03812e-08 -7.99082e-06 -1.96281e-05 0.000161248 1.05741e-06 0.000284288 0.000108055 0.000143551 -1.19047e-05 0.000218911 2.80493e-05 5.62328e-05 9.36818e-05 4.75484e-05 -1.72563e-05 2.02669e-05 -2.37192e-05 -5.95436e-05 -1.91545e-05 -2.54832e-05 -6.69422e-05 -1.72364e-05 6.66491e-06 4.3579e-05 -9.30867e-06 1.11523e-05
internal_weight=5572 5515 5164 351 3390 102 249 194 2273 110 1117 468 229 155 2121 296 1825 1774 1730 1500 235 1265 649 209 440 283
internal_count=5572 5515 5164 351 3390 102 249 194 2273 110 1117 468 229 155 2121 296 1825 1774 1730 1500 235 1265 649 209 440 283
is_linear=0
shrinkage=0.0162856


Tree=30
num_leaves=27
num_cat=0
split_feature=58 56 58 58 60 11 2 2 46 18 62 4 73 79 39 6 73 58 83 4 62 35 12 83 31 18
split_gain=0.106164 0.0293904 0.009145 0.00691232 0.0077288 0.00344118 0.00333603 0.00281142 0.00231782 0.00234562 0.00222293 0.00218281 0.00188152 0.00235887 0.00187009 0.00213811 0.00186851 0.00181719 0.00176063 0.00178496 0.00167432 0.00165374 0.00163349 0.00175383 0.00175391 0.00219649
threshold=75.299999237060561 43.570001602172859 32.43499946594239 51.844999313354499 0.014910529125272201 0.57638108582086633 48.594999313354499 68.954998016357436 -0.0099777882891269477 0.026286936263588554 -0.0016456899191125498 -0.0089352412691617485 -0.045152960771961043 -0.036971729088127896 0.23552885157065573 0.0024213015979323506 -0.039642390917272889 38.664999008178718 17.564665298874868 -0.015258654886820149 0.035507762308277756 0.010863253031384202 25.268750000000004 14.294931555526588 0.0062655744700948505 -0.0029249581833219493
decision_type=10 10 8 10 10 10 2 2 10 10 10 10 8 8 10 8 10 10 10 10 10 8 10 10 10 10
left_child=1 2 -1 7 6 12 -5 8 -3 10 -10 -9 18 14 15 -14 -13 21 -4 -20 -12 -15 -7 -24 25 -25
right_child=-2 3 5 4 -6 22 -8 11 9 -11 20 16 13 17 -16 -17 -18 -19 19 -21 -22 -23 23 24 -26 -27
leaf_value=-5.6963143713097029e-05 0.0005470285338025966 -1.7982554875979782e-06 0 0.00014461105357164343 0.00027061005658083335 5.41860789901806e-05 0 7.4626285420692167e-05 0.00019362324248515424 0 0 5.0408375863577088e-05 0.00012013044627755086 -2.7732939471315749e-05 2.2514758226484094e-06 0 -4.8731525644943132e-05 4.9636646559843144e-05 0.00015800955551850167 3.504294359961915e-05 0.00013235145283111381 -0.00013132213416790735 0 -5.9993923598004601e-05 -7.844416142543439e-05 0
leaf_weight=1743 92 57 129 89 91 55 81 97 88 51 51 68 88 361 541 57 162 59 55 124 51 53 309 303 284 378
leaf_count=1743 92 57 129 89 91 55 81 97 88 51 51 68 88 361 541 57 162 59 55 124 51 53 309 303 284 378
internal_value=-1.32259e-06 -1.07517e-05 -2.76097e-05 7.48346e-05 0.000146384 -9.06477e-06 7.58052e-05 4.38498e-05 8.03457e-05 0.000102624 0.000128965 8.48363e-06 7.7662e-06 -1.16783e-06 1.74999e-05 6.96388e-05 -1.64289e-05 -2.96947e-05 4.36136e-05 7.66874e-05 6.63998e-05 -4.26639e-05 -2.81605e-05 -3.22564e-05 -4.30771e-05 -2.73154e-05
internal_weight=5517 5425 4539 886 261 2796 170 625 298 241 190 327 1467 1159 686 145 230 473 308 179 102 414 1329 1274 965 681
internal_count=5517 5425 4539 886 261 2796 170 625 298 241 190 327 1467 1159 686 145 230 473 308 179 102 414 1329 1274 965 681
is_linear=0
shrinkage=0.0162856


Tree=31
num_leaves=27
num_cat=0
split_feature=58 56 58 58 64 25 8 1 46 18 2 4 37 73 3 3 26 31 48 9 54 4 21 26 43 38
split_gain=0.102732 0.0284647 0.0088503 0.00668542 0.00715383 0.00892833 0.00327663 0.00319277 0.0026537 0.00258055 0.00245117 0.00221104 0.00219845 0.00201307 0.00171746 0.00155183 0.00149276 0.00139872 0.00190379 0.00272885 0.00155861 0.00153717 0.00151658 0.00189519 0.00159983 0.00135985
threshold=75.299999237060561 43.570001602172859 32.43499946594239 51.844999313354499 62.707032800458236 0.15398634594498942 52.466362154538452 70.70999908447267 -0.0099777882891269477 0.0008447632528143001 21.22500038146973 -0.0089352412691617485 1.1273831917116015 -0.039642390917272889 -0.011914445777655299 0.011872355694456252 6.3231749773025525 0.0092524655280618508 0.0013340685426517502 -1.0995801428949432 883.51250000000016 -0.033810954375362391 0.012934082875647752 2.5425749957561496 1156.8750000000002 17.672740019749885
decision_type=10 10 8 10 10 10 10 2 10 10 2 10 10 10 10 10 10 8 10 10 10 10 10 10 8 10
left_child=1 2 16 7 5 -5 10 8 -3 12 -4 -9 -10 -13 -8 -7 -1 20 19 -19 -12 -22 -23 -24 -25 -15
right_child=-2 3 6 4 -6 15 14 11 9 -11 17 13 -14 25 -16 -17 -18 18 -20 -21 21 22 23 24 -26 -27
leaf_value=-5.9472031015701674e-05 0.00053812289282836748 -5.7834572526762636e-06 0.00011759712196075009 0.00026516906407183795 0.00029850626204996114 6.9244525545897033e-05 1.4325100469636888e-05 7.272843005837407e-05 8.2262062447095407e-05 3.95011224288964e-05 -6.917227776322195e-05 5.1720116455705274e-05 0.00024440362934611426 0 -3.5551303715521549e-05 -3.5732199175330589e-05 3.6514511831785636e-06 3.1692715495122863e-06 1.7487095561183811e-05 -0.00013565303998417822 7.9133273076300223e-05 -3.650668163415248e-06 0.00012641292906343093 9.6464337506706587e-05 0 -8.8748220682182622e-05
leaf_weight=1659 92 55 52 56 64 76 197 102 67 102 59 71 56 74 1127 65 84 54 92 79 94 718 56 54 214 98
leaf_count=1659 92 55 52 56 64 76 197 102 67 102 59 71 56 74 1127 65 84 54 92 79 94 718 56 54 214 98
internal_value=-1.28805e-06 -1.05655e-05 -2.71577e-05 7.36591e-05 0.000144045 9.03351e-05 -8.90929e-06 4.31604e-05 8.4305e-05 0.00010938 7.44497e-06 7.77034e-06 0.000161714 -1.66729e-05 -2.76107e-05 1.59788e-05 -5.60355e-05 2.92455e-06 -3.36184e-05 -7.41335e-05 1.03811e-05 1.51198e-05 8.68305e-06 3.81347e-05 1.71107e-05 -4.89058e-05
internal_weight=5517 5425 4539 886 261 197 2796 625 280 225 1472 345 123 243 1324 141 1743 1420 225 133 1195 1136 1042 324 268 172
internal_count=5517 5425 4539 886 261 197 2796 625 280 225 1472 345 123 243 1324 141 1743 1420 225 133 1195 1136 1042 324 268 172
is_linear=0
shrinkage=0.0162856


Tree=32
num_leaves=27
num_cat=0
split_feature=56 56 56 56 36 1 2 67 77 9 4 29 28 10 83 62 36 45 76 81 25 18 3 52 77 66
split_gain=0.0956057 0.0307357 0.00827034 0.00816615 0.00628339 0.00318368 0.00307662 0.00431224 0.00272302 0.00261851 0.00217014 0.00209293 0.0035432 0.00195025 0.00184675 0.00147104 0.00402265 0.00174467 0.00141401 0.00140865 0.00168465 0.00189517 0.00150402 0.00140858 0.00138873 0.00139466
threshold=81.555000305175795 43.570001602172859 61.000000000000007 32.745000839233406 57.940543099202308 26.494999885559086 97.680000305175795 0.85071286599652152 0.019460486067581703 -0.98314727379675293 -0.0085124830234023976 1655.3499755859377 1228.100036621094 3.6764708968435493 14.092339324418576 0.0012079313618551001 47.368571518611581 0.005738896910104401 -0.026562872388446398 0.62404630668980787 0.58596492282303958 -0.0029249581833219493 -0.0054857830040531989 42.175679430564628 0.023840960947810803 3.7067818668839592
decision_type=10 10 10 8 10 2 2 10 10 10 10 10 10 2 8 10 10 8 10 10 10 10 10 8 10 10
left_child=1 3 6 -1 -4 -5 7 11 -9 23 15 12 24 18 -12 17 -17 19 -13 20 22 -22 -11 -7 25 -3
right_child=-2 2 4 5 -6 9 -8 8 -10 10 14 13 -14 -15 -16 16 -18 -19 -20 -21 21 -23 -24 -25 -26 -27
leaf_value=-5.6482869851278042e-05 0.00057597238758751678 1.5230692793901668e-05 9.4767714190208813e-05 6.0160661044310768e-05 0.00033268185577607054 0 -1.7667724795380376e-05 7.5782478139677672e-05 0.0002414994739372705 0 3.687362873123383e-07 2.2460123663695171e-05 0.00016939574842981988 6.756102570655475e-05 -4.139483682628717e-05 0.00016352062949685902 -8.2227177398050253e-06 -6.2701468924524639e-05 -7.701466434573369e-05 -3.25132027037844e-05 -9.0945918573750935e-05 4.3929091025919569e-05 0.0001044067483076347 6.1876829664982456e-05 -2.0886664808553961e-05 0.0001334620557600443
leaf_weight=1595 75 87 87 157 56 348 117 79 59 71 319 57 79 86 1270 52 97 131 80 158 53 51 94 143 64 52
leaf_count=1595 75 87 87 157 56 348 117 79 59 71 319 57 79 86 1270 52 97 131 80 158 53 51 94 143 64 52
internal_value=-1.24762e-06 -9.33232e-06 7.72435e-05 -2.67078e-05 0.000192796 -1.03423e-05 5.45896e-05 6.8807e-05 0.000151652 -1.45613e-05 -2.20009e-05 4.47986e-05 7.44863e-05 4.16852e-06 -3.25781e-05 7.99397e-07 4.71231e-05 -1.03401e-05 -3.06144e-05 4.11734e-06 2.81895e-05 -1.82032e-05 6.15949e-05 1.88268e-05 3.41443e-05 6.44264e-05
internal_weight=5517 5442 903 4539 143 2944 760 643 138 2787 2296 505 282 223 1589 707 149 558 137 427 269 104 165 491 203 139
internal_count=5517 5442 903 4539 143 2944 760 643 138 2787 2296 505 282 223 1589 707 149 558 137 427 269 104 165 491 203 139
is_linear=0
shrinkage=0.0162856


Tree=33
num_leaves=27
num_cat=0
split_feature=57 56 57 56 39 23 67 45 1 9 1 43 59 37 4 83 73 60 47 85 47 31 47 21 34 75
split_gain=0.0971508 0.0304393 0.00874214 0.00790432 0.00673661 0.00334659 0.00324833 0.00518804 0.00308097 0.00253641 0.00214721 0.0021738 0.00308188 0.00264764 0.00209816 0.00178979 0.00177354 0.00164766 0.00181298 0.00247557 0.00183536 0.00152366 0.00164456 0.00146477 0.00144832 0.00179248
threshold=88.595001220703139 43.570001602172859 63.819999694824226 32.745000839233406 0.78145178236895563 -0.13085594904533956 0.85071286599652152 -0.0085493675036680487 26.494999885559086 -0.98314727379675293 70.70999908447267 2591.0000000000005 -0.031266881332013989 -1.6198737076627763 -0.0085124830234023976 14.092339324418576 -0.015468101078898948 -0.019675247364332547 0.0015485681218880003 6.5000000000000009 -0.0039424260033584487 0.0088592033860743508 0.0075527825983561512 0.012934082875647752 0.007355551315752001 0.0057145097233786508
decision_type=10 10 10 8 10 10 10 10 2 10 2 10 10 10 10 8 10 8 10 2 10 10 8 10 10 10
left_child=1 3 6 -1 5 -4 10 -8 16 23 11 12 -3 -14 17 24 -5 -11 19 20 -19 22 -17 -10 25 -16
right_child=-2 2 4 8 -6 -7 7 -9 9 14 -12 -13 13 -15 15 21 -18 18 -20 -21 -22 -23 -24 -25 -26 -27
leaf_value=-5.5563030458883255e-05 0.0006148622289563286 -6.2359543636338879e-06 0.00019350905134782665 0.00012330039518900943 0.00033021669136340065 0 0 0.00018918697159532344 0 7.904198631831438e-05 1.3344080681447754e-06 -1.1344686220583373e-05 3.4886309701610383e-05 0.00018188782397905818 -1.1882399667032622e-05 -1.929987608924915e-05 3.7849406294235727e-06 6.5633926834807714e-05 2.5109079008805903e-05 -7.2280820939382207e-05 -3.4606103044942825e-05 -8.0742804303021056e-05 -7.1312582073357285e-05 6.1557454518886253e-05 -6.6550313268670341e-05 7.3361934459009688e-05
leaf_weight=1595 67 53 52 67 59 56 51 100 344 66 314 60 69 97 152 815 90 88 264 188 101 229 226 147 64 103
leaf_count=1595 67 53 52 67 59 56 51 100 344 66 314 60 69 97 152 815 90 88 264 188 101 229 226 147 64 103
internal_value=-1.20872e-06 -8.91209e-06 7.68045e-05 -2.62677e-05 0.000184909 9.90914e-05 5.16081e-05 0.00012081 -1.01621e-05 -1.43158e-05 3.28219e-05 6.57912e-05 9.00619e-05 0.000124944 -2.16402e-05 -3.20405e-05 5.91811e-05 7.62797e-07 -6.2281e-06 -2.99962e-05 8.43256e-06 -4.07207e-05 -3.1254e-05 1.85334e-05 3.62732e-07 1.98586e-05
internal_weight=5517 5450 911 4539 167 108 744 151 2944 2787 593 279 219 166 2296 1589 157 707 641 377 189 1270 1041 491 319 255
internal_count=5517 5450 911 4539 167 108 744 151 2944 2787 593 279 219 166 2296 1589 157 707 641 377 189 1270 1041 491 319 255
is_linear=0
shrinkage=0.0162856


Tree=34
num_leaves=27
num_cat=0
split_feature=58 56 58 58 75 4 11 1 75 7 36 83 71 28 60 85 21 77 47 73 32 7 38 25 40 7
split_gain=0.0935324 0.0258038 0.00806565 0.00611602 0.0089606 0.00425694 0.0031329 0.00293034 0.00291748 0.00236073 0.00236288 0.00235967 0.00291868 0.00281562 0.00235678 0.00231811 0.00219292 0.00184365 0.00205016 0.0018874 0.00175898 0.0016059 0.0019503 0.00193842 0.0015861 0.00178198
threshold=75.299999237060561 43.570001602172859 32.43499946594239 51.844999313354499 0.067338357280988012 -0.024679183837065199 0.57638108582086633 70.454998016357436 -0.031546344547902096 -0.029076721436115446 45.803014840289329 27.35446111606986 23.335000038146976 1228.100036621094 0.0066178054297336012 5.5000000000000009 0.021023761653585854 0.010968976659334001 0.0015485681218880003 -0.072729937707092032 0.0045082312901478004 0.024431530860687903 3.4336548658928634 0.65332422895795339 279.12500000000006 0.0014081293421842002
decision_type=10 10 8 10 10 10 10 2 10 8 10 10 10 10 10 2 10 10 10 10 10 10 10 10 8 10
left_child=1 2 -1 7 5 -5 9 11 -7 10 -4 12 13 -3 20 16 -11 19 -19 -17 -9 24 -23 -24 -8 -26
right_child=-2 3 6 4 -6 8 21 14 -10 15 -12 -13 -14 -15 -16 17 -18 18 -20 -21 -22 22 23 -25 25 -27
leaf_value=-5.341030643358395e-05 0.00051350910733834101 0 0.0001563882634535066 0.00020121444478550331 0.00031820873078550904 0.00011489662868752094 -0.00010596872118679637 -6.5472740134011153e-05 -2.9040843887492275e-05 1.0730180089472944e-05 1.8200192930202882e-05 -1.5546076764431984e-06 0.00019342337624789021 0.00014254437128707694 5.7883885509211219e-05 9.5969841420469069e-05 0.0001085305713445509 -8.8306885444561101e-05 -5.7590493301483511e-07 -6.6125697479373263e-06 3.0889847710663691e-05 9.5805994342716599e-05 3.1193743942407621e-05 -8.7237723723858395e-05 -3.769793220522033e-06 -4.8054677068167798e-05
leaf_weight=1743 92 88 53 58 59 62 83 127 82 321 125 57 73 60 148 52 82 157 158 519 72 57 82 61 489 557
leaf_count=1743 92 88 53 58 59 62 83 127 82 321 125 57 73 60 148 52 82 157 158 519 72 57 82 61 489 557
internal_value=-1.17872e-06 -1.00367e-05 -2.58397e-05 7.01446e-05 0.000137507 8.12829e-05 -8.40622e-06 4.09088e-05 2.81704e-05 7.63966e-06 6.32283e-05 8.0585e-05 0.000104878 5.65274e-05 7.13647e-06 0 3.23428e-05 -1.47672e-05 -4.6489e-05 1.5302e-06 -2.71542e-05 -2.66353e-05 1.34908e-05 -1.45272e-05 -3.43527e-05 -2.80097e-05
internal_weight=5517 5425 4539 886 261 202 2796 625 144 1467 178 278 221 148 347 1289 403 886 315 571 199 1329 200 143 1129 1046
internal_count=5517 5425 4539 886 261 202 2796 625 144 1467 178 278 221 148 347 1289 403 886 315 571 199 1329 200 143 1129 1046
is_linear=0
shrinkage=0.0162856


Tree=35
num_leaves=27
num_cat=0
split_feature=58 56 58 75 58 60 33 11 38 4 74 27 11 17 67 28 26 73 35 46 9 31 34 41 13 29
split_gain=0.0905091 0.0249894 0.0078044 0.0059267 0.00835524 0.00389662 0.00533264 0.00303526 0.00269061 0.00384011 0.00180952 0.00202456 0.00232589 0.00179701 0.00257393 0.00178804 0.00178733 0.00168696 0.0016796 0.001614 0.00153376 0.00179148 0.00160527 0.00152903 0.00147475 0.00290374
threshold=75.299999237060561 43.570001602172859 32.43499946594239 0.067338357280988012 52.225000381469734 0.022180332082355005 -0.00030440937853254993 0.57638108582086633 17.051092686826856 -0.012817118046278698 0.011681709257170802 3.964735543151229 0.036683623902786656 0.012109066476177101 0.73146162000900661 1228.100036621094 4.7380499720573432 -0.013021318308913798 0.011745160185851552 -0.0051872548904911995 0.11141642282468212 0.0088592033860743508 0.005852690804901751 1776.4813555291837 27.478540055870933 369.55000305175787
decision_type=10 10 8 10 10 10 10 10 10 10 8 10 10 10 8 10 8 10 10 10 10 8 10 10 10 10
left_child=1 2 -1 5 -5 8 19 10 -3 -10 11 12 -4 -14 -15 -11 -13 -8 -12 -7 21 22 -18 -17 -9 -26
right_child=-2 3 7 4 -6 6 17 24 9 15 18 16 13 14 -16 23 20 -19 -20 -21 -22 -23 -24 -25 25 -27
leaf_value=-5.2540502500281235e-05 0.00050514917092347263 7.144521254932492e-05 0.00015002449760214974 6.4936282026803552e-05 0.00031962632970103746 0.00010738209780401177 -3.7508760568965007e-05 2.4197976392119323e-05 8.2804615861380612e-05 -0.00012627190566020933 -3.4267825401541754e-06 -6.3719900703017925e-05 1.1484063324409391e-06 1.6348464546342745e-06 0.00016609855833148144 2.5491980076022709e-05 8.888950223167569e-05 8.5819198081648834e-05 -9.5307856275410861e-05 0.00026442645488833984 -2.5948001116654603e-05 -3.2417781533053868e-05 -1.1026921070793002e-06 -6.7862665675181801e-05 -9.709310972807427e-05 -2.1118400906854484e-05
leaf_weight=1743 92 180 56 106 58 60 55 124 89 54 493 94 228 64 54 97 157 55 62 51 141 61 57 81 163 1042
leaf_count=1743 92 180 56 106 58 60 55 124 89 54 493 94 228 64 54 97 157 55 62 51 141 61 57 81 163 1042
internal_value=-1.14979e-06 -9.86548e-06 -2.54189e-05 6.90373e-05 0.000159245 4.75886e-05 0.000105354 -8.26528e-06 2.07302e-05 -5.57079e-06 7.52297e-06 2.19434e-05 4.92742e-05 3.09687e-05 8.2747e-05 -4.24431e-05 0 1.79137e-05 -1.49345e-05 0.000185784 1.48907e-05 3.83302e-05 6.17107e-05 -1.31323e-05 -2.621e-05 -3.19683e-05
internal_weight=5517 5425 4539 886 164 722 221 2796 501 321 1467 912 402 346 118 232 510 110 555 111 416 275 214 178 1329 1205
internal_count=5517 5425 4539 886 164 722 221 2796 501 321 1467 912 402 346 118 232 510 110 555 111 416 275 214 178 1329 1205
is_linear=0
shrinkage=0.0162856


Tree=36
num_leaves=27
num_cat=0
split_feature=58 60 58 25 58 67 34 77 11 11 12 9 58 2 41 69 85 55 3 37 76 2 48 18 5 48
split_gain=0.079943 0.0390851 0.0183162 0.00843409 0.00520444 0.00512876 0.00552815 0.0042014 0.00323399 0.00248487 0.00337532 0.00215114 0.00224105 0.00282195 0.00208532 0.00275593 0.00207588 0.0020118 0.00237598 0.00184883 0.00162109 0.00205047 0.00160858 0.00177863 0.00264329 0.00139339
threshold=63.430000305175788 0.031154138623697803 37.194999694824226 0.27027210843004962 28.295000076293949 0.90932894084793736 0.0044307406964627016 0.0084547475850157011 0.68003904347458433 0.80442590918784596 58.432500076293955 1.4478490285861236 45.320001602172859 44.774999618530281 1212.071898918266 51.408297002820213 6.5000000000000009 1092.9668537353898 -0.020613724519990644 13.130747275049659 -0.049408320564921143 25.494999885559086 -1.0000000180025095e-35 0.0056843635736175012 -0.0079536089202732977 0.0083934543164920026
decision_type=10 10 10 10 8 10 10 10 10 10 10 10 10 2 8 10 2 8 10 10 10 2 8 10 10 10
left_child=2 3 4 -2 -1 8 7 -7 11 10 17 12 -4 -14 -15 -16 19 18 -6 -10 -19 -22 -23 -24 -25 -11
right_child=1 -3 5 -5 9 6 -8 -9 16 25 -12 -13 13 14 15 -17 -18 20 -20 -21 21 22 23 24 -26 -27
leaf_value=-6.1781061966813215e-05 0.00033475729525443774 0.00070345815334678667 7.9552629535928981e-06 4.8857025559003939e-05 -0.00012092719749724102 7.600068990161704e-05 0 0.00028953165280850738 -3.4629730257312876e-06 -5.2895682459275772e-05 -2.7663664129594007e-05 0.00013399809576216878 0.00016944833007235876 -2.169785327836103e-05 1.7527068066511917e-05 0.00016774890291227295 -5.3288327894224836e-05 -2.7504080041446276e-05 0 9.5715279327598135e-05 0.00013493835164073278 0 1.5621793154580437e-05 0.0001946213542965601 2.3742898312514155e-05 2.9335117951120121e-06
leaf_weight=980 51 55 378 74 54 61 67 59 174 651 1206 74 64 79 104 57 170 112 228 64 55 305 171 51 66 117
leaf_count=980 51 55 378 74 54 61 67 59 174 651 1206 74 64 79 104 57 170 112 228 64 55 305 171 51 66 117
internal_value=0 0.000337649 -1.12582e-05 0.000171058 -2.88845e-05 4.03679e-05 0.000120607 0.000186763 2.68837e-05 -1.79669e-05 -8.939e-06 4.69763e-05 3.65202e-05 6.97726e-05 4.03094e-05 7.50031e-05 -8.66249e-06 1.20731e-05 -2.38155e-05 2.03276e-05 2.62947e-05 3.66551e-05 2.63735e-05 5.39749e-05 0.000104135 -4.34955e-05
internal_weight=5527 180 5347 125 3996 1351 187 120 1164 3016 2248 756 682 304 240 161 408 1042 282 238 760 648 593 288 117 768
internal_count=5527 180 5347 125 3996 1351 187 120 1164 3016 2248 756 682 304 240 161 408 1042 282 238 760 648 593 288 117 768
is_linear=0
shrinkage=0.0162856


Tree=37
num_leaves=27
num_cat=0
split_feature=58 60 58 25 58 67 34 77 11 8 13 25 37 9 58 13 60 50 39 70 45 72 76 82 73 13
split_gain=0.0774122 0.0377812 0.0177423 0.00814759 0.00503562 0.00496559 0.00535726 0.00383892 0.00313679 0.00263918 0.00439282 0.00301703 0.00345702 0.00207603 0.00216842 0.00258896 0.00244857 0.00197738 0.00188055 0.00156108 0.00201914 0.0016729 0.00155327 0.00138097 0.0013819 0.00136112
threshold=63.430000305175788 0.031154138623697803 37.194999694824226 0.27027210843004962 28.295000076293949 0.90932894084793736 0.0042382494502299509 0.019460486067581703 0.68003904347458433 55.994111694628579 59.190882500024813 0.57102099010720109 -1.3006772039441328 1.4478490285861236 45.320001602172859 50.115055375844229 0.0022932294205362008 70.561620056978526 0.20183913533215059 19.545000076293949 0.0021456048200027005 28.064999580383304 0.044126680552501407 17.471500039100651 -0.038942884684145439 82.005459527749167
decision_type=10 10 10 10 8 10 10 10 10 10 8 8 10 10 10 10 10 10 8 10 10 10 10 10 10 10
left_child=2 3 4 -2 25 8 7 -7 13 10 11 18 -13 14 -4 -16 -17 22 -6 20 -10 -21 -12 -20 -25 -1
right_child=1 -3 5 -5 9 6 -8 -9 19 -11 17 12 -14 -15 15 16 -18 -19 23 21 -22 -23 -24 24 -26 -27
leaf_value=-3.9169704380954928e-05 0.00032930892730608663 0.00069200845006912219 7.8257174500428047e-06 4.8061697801631168e-05 6.2594987442731861e-05 8.5856792803645893e-05 0 0.00029437615136891339 -1.6942513011573931e-05 -3.7685323544605023e-05 -4.8546475823372917e-05 -1.9884713468974728e-05 9.2785464168612143e-05 0.00013181678388620165 0.00014150598321005552 -1.0700399281259429e-05 9.7896092245761823e-05 4.6072113897538274e-05 1.0252352548805622e-05 -5.9692381156943271e-05 0.00010468216291250449 2.2254521973460739e-05 0 1.705897865131353e-05 -6.4763118833612157e-05 -8.1755411422120485e-05
leaf_weight=499 51 55 378 74 98 65 69 53 69 1114 699 91 236 74 95 120 89 76 242 191 62 86 208 60 192 481
leaf_count=499 51 55 378 74 98 65 69 53 69 1114 699 91 236 74 95 120 89 76 242 191 62 86 208 60 192 481
internal_value=0 0.000332278 -1.1062e-05 0.000168363 -2.84117e-05 3.97456e-05 0.000118716 0.000185392 2.64653e-05 -1.76673e-05 -5.58083e-06 1.95672e-05 5.93295e-05 4.6256e-05 3.59585e-05 6.86737e-05 3.22627e-05 -2.97908e-05 -1.23681e-06 -8.52137e-06 3.53846e-05 -3.1769e-05 -3.6907e-05 -1.52946e-05 -4.2554e-05 -6.0775e-05
internal_weight=5527 180 5347 125 3996 1351 187 118 1164 3016 1902 919 327 756 682 304 209 983 592 408 131 277 907 494 252 980
internal_count=5527 180 5347 125 3996 1351 187 118 1164 3016 1902 919 327 756 682 304 209 983 592 408 131 277 907 494 252 980
is_linear=0
shrinkage=0.0162856


Tree=38
num_leaves=27
num_cat=0
split_feature=58 23 58 23 58 67 53 8 58 8 13 25 17 36 50 32 39 73 76 3 32 17 52 18 14 76
split_gain=0.0749622 0.024043 0.0171881 0.0110129 0.00487566 0.00481564 0.0071008 0.00288149 0.00305107 0.00255615 0.00425011 0.00291272 0.00204226 0.0019563 0.00191559 0.00186198 0.00221973 0.00180688 0.00179854 0.00177173 0.0028866 0.00224894 0.0016969 0.00155951 0.00151563 0.00150515
threshold=63.430000305175788 -0.021055622693491847 37.194999694824226 -0.12618166794758681 28.295000076293949 0.91968478576359514 0.31037278253085659 52.350853286076408 53.050001144409187 55.994111694628579 59.190882500024813 0.57102099010720109 0.034569244474753055 60.929792905409464 70.561620056978526 0.0017411545978753002 0.41611522264667833 0.05333420530229336 -0.062036070699120892 -0.023484990791274297 0.0017411545978753002 0.0089512624359044026 60.887074537890733 -0.0024078061552908494 8.0040001869201678 0.044126680552501407
decision_type=10 10 10 10 8 10 10 10 10 10 8 8 10 8 10 10 10 10 10 10 8 10 8 10 10 10
left_child=2 3 4 -2 -1 7 -7 8 12 10 11 13 -4 15 25 -6 -17 18 -9 -13 -21 -22 24 -20 -11 -12
right_child=1 -3 5 -5 9 6 -8 17 -10 22 14 19 -14 -15 -16 16 -18 -19 23 20 21 -23 -24 -25 -26 -27
leaf_value=-5.9796683833421632e-05 0.00032812777300375183 0.00062448261934440539 1.9722693081338938e-05 7.6489089580806615e-06 4.4075372069443154e-05 2.1727617300141627e-05 0.00023803104806538621 6.1144429661222246e-05 0.00015003171905577444 -4.7331756043891004e-05 -4.7755902638008106e-05 -1.8799286728910963e-05 0.00010447260150757309 -5.1057282076174229e-05 4.5322113883524482e-05 -9.754767222838867e-05 1.8287949340299029e-05 6.9623063622524547e-05 -6.8985670390038069e-05 2.2749692755658531e-05 3.7403169039639885e-05 0.00019903274037624827 4.5300515031260271e-05 0 2.6668718744252872e-05 0
leaf_weight=980 73 53 500 54 260 101 77 62 74 992 699 52 98 159 76 68 105 76 162 153 52 70 55 201 67 208
leaf_count=980 73 53 500 54 260 101 77 62 74 992 699 52 98 159 76 68 105 76 162 153 52 70 55 201 67 208
internal_value=1.17923e-08 0.000326994 -1.08689e-05 0.000197309 -2.79471e-05 3.91357e-05 0.000119184 2.63995e-05 4.84883e-05 -1.73696e-05 -5.46832e-06 1.92608e-05 3.47659e-05 -1.15991e-06 -2.92867e-05 1.55774e-05 -2.32789e-05 -1.85767e-06 -1.62619e-05 5.83292e-05 7.54138e-05 0.000135803 -3.70716e-05 -3.13808e-05 -4.20001e-05 -3.62977e-05
internal_weight=5527 180 5347 127 3996 1351 178 1173 672 3016 1902 919 598 592 983 433 173 501 425 327 275 122 1114 363 1059 907
internal_count=5527 180 5347 127 3996 1351 178 1173 672 3016 1902 919 598 592 983 433 173 501 425 327 275 122 1114 363 1059 907
is_linear=0
shrinkage=0.0162856


Tree=39
num_leaves=27
num_cat=0
split_feature=56 4 56 56 34 64 79 4 65 73 72 3 17 8 25 33 82 27 31 85 51 25 50 4 72 14
split_gain=0.0688997 0.0309643 0.0186643 0.00588462 0.00452872 0.0068781 0.00760771 0.00391819 0.00338732 0.00337629 0.00240737 0.00268402 0.00326372 0.00238092 0.00202288 0.00182269 0.00181424 0.00178647 0.0023163 0.00224049 0.00202443 0.00211637 0.00185812 0.00167003 0.00162817 0.00159149
threshold=68.24499893188478 -0.026273270307825496 43.570001602172859 32.514999389648445 0.016698425863825604 60.196824774986567 1.4837617867844657 0.025907263362384404 2.7795322673839462 -0.075772365075167034 15.025000095367433 0.0046704582209410013 0.012109066476177101 57.676973098406343 0.52627951476664758 0.004055026959618401 23.128999996185311 2.7921559138947649 -0.0050018839188738498 5.5000000000000009 5.0157821103304068 0.31500307920228193 58.831193737960568 -0.005248915052101899 22.384999275207523 2.6955000162124638
decision_type=10 10 10 8 10 10 10 10 10 10 10 10 10 10 10 10 10 10 8 2 10 10 8 10 10 10
left_child=2 -2 3 24 5 9 8 -3 -7 -4 -11 12 16 15 -15 17 -12 18 -5 20 21 -19 -21 -24 -1 -20
right_child=1 7 4 13 -6 6 -8 -9 -10 10 11 -13 -14 14 -16 -17 -18 19 25 22 -22 -23 23 -25 -26 -27
leaf_value=-5.1813201748431248e-05 0.0006146905190797116 2.9001288780525316e-05 0.0001543344024577955 0.00012483310106294119 -6.2321111238492378e-05 0.00015976410253243158 0.00030841362087295434 0.00024779143853661428 -8.6891750282267763e-06 0.00013298617025990405 -6.1333620990709312e-05 -2.7046255238056241e-05 0.00013231827807084953 -6.457357749343833e-05 -1.1328183654310456e-05 -2.1067801184220506e-05 4.748463909229995e-05 -5.7101647120359097e-05 -3.3885370210628032e-07 2.1786811618308438e-06 7.5682895629386544e-05 4.6858403023750892e-05 0 -9.085415023482959e-05 2.6441631039823541e-05 9.4000990942337933e-05
leaf_weight=1536 63 52 68 76 67 59 64 51 53 54 61 206 87 321 562 687 114 96 202 410 163 113 106 137 62 57
leaf_count=1536 63 52 68 76 67 59 64 51 53 54 61 206 87 321 562 687 114 96 202 410 163 113 106 137 62 57
internal_value=3.27366e-08 0.00032689 -9.96181e-06 -2.31053e-05 6.06562e-05 7.23123e-05 0.000163144 0.00014405 7.39326e-05 4.40442e-05 2.83515e-05 1.48012e-05 5.03272e-05 -9.10403e-06 -3.14649e-05 2.06078e-07 5.62148e-06 1.14583e-05 4.41266e-05 1.0955e-07 3.26629e-05 0 -1.73832e-05 -5.32139e-05 -4.83463e-05 1.77779e-05
internal_weight=5527 166 5361 4528 833 766 176 103 112 590 522 468 262 2930 883 2047 175 1360 335 1025 372 209 653 243 1598 259
internal_count=5527 166 5361 4528 833 766 176 103 112 590 522 468 262 2930 883 2047 175 1360 335 1025 372 209 653 243 1598 259
is_linear=0
shrinkage=0.0162856


Tree=40
num_leaves=27
num_cat=0
split_feature=68 69 60 51 69 85 3 11 69 66 73 73 59 59 38 85 53 75 18 81 16 13 11 7 77 6
split_gain=0.0657018 0.0226682 0.00781869 0.00793556 0.00778977 0.00705134 0.0047243 0.00457435 0.00389688 0.00367248 0.00294559 0.00316329 0.00280565 0.00243291 0.00232548 0.0020787 0.0020618 0.00185119 0.00265024 0.00189869 0.0018471 0.00168429 0.00163395 0.00151069 0.00162142 0.00166423
threshold=82.555249023437526 49.03296126999772 -0.0023567435850645499 -3.0636552273662114 30.555248275716156 3.5000000000000004 -0.027364995179403447 0.81153459159149255 39.192121899122377 4.0174875871128828 0.071695931000285415 0.043296609421461754 0.035960653280544007 0.04643511811773756 1.7326381066409497 6.5000000000000009 -0.039590662503780495 0.0078416092795614029 0.0015712112961513002 0.41361593667589747 3.5164999961853032 90.09783545670355 0.67654102909320046 1.0000000180025095e-35 0.018740664575756152 0.0082759910073326517
decision_type=10 10 10 10 8 2 10 10 10 10 10 10 10 10 8 2 8 8 8 10 10 10 8 10 10 10
left_child=1 4 6 5 21 -4 -3 8 14 -8 11 12 20 -9 -6 -11 -16 18 -18 22 -10 -1 -19 -21 25 -25
right_child=-2 2 3 -5 7 -7 9 13 10 15 -12 -13 -14 -15 16 -17 17 19 -20 23 -22 -23 -24 24 -26 -27
leaf_value=-3.6644434037990984e-05 0.00047559094096233324 0.00017465951046918352 0.00041335749454617787 4.0063369020641659e-05 7.0460220811068174e-05 0.00014644038345877684 -0.00010348518629916939 -4.4298763840727907e-05 -7.087183335176613e-06 0.0001071222279413707 0.00012260084871571262 -9.1054303879024102e-05 0.00012867745010334579 6.6688983269303485e-05 -8.6142833552656616e-05 -1.3959429353732056e-05 -4.1103788702750146e-05 6.3158767456238446e-05 6.0832981028691269e-06 -3.5489620658027846e-05 5.6682407092567539e-05 -8.0572964829489266e-05 -1.8298015452298563e-05 8.1053034696392133e-05 -4.2556050854424286e-05 -1.7004812017648649e-05
leaf_weight=703 76 52 51 82 99 80 62 861 262 74 98 55 77 51 91 59 664 255 560 253 201 438 72 127 68 56
leaf_count=703 76 52 51 82 99 80 62 861 262 74 98 55 77 51 91 59 664 255 560 253 201 438 72 127 68 56
internal_value=3.70198e-08 -6.46992e-06 0.000102711 0.000175916 -1.6671e-05 0.000255676 3.6786e-05 -5.39604e-06 4.28498e-06 0 3.81772e-05 2.31109e-05 3.60166e-05 -3.73363e-05 -5.87121e-06 4.82506e-05 -9.71391e-06 -5.99364e-06 -1.89536e-05 1.22681e-05 1.91139e-05 -5.41118e-05 4.3121e-05 -6.38687e-06 2.02097e-05 4.72922e-05
internal_weight=5527 5451 460 213 4991 131 247 3850 2938 195 693 595 540 912 2245 133 2146 2055 1224 831 463 1141 327 504 251 183
internal_count=5527 5451 460 213 4991 131 247 3850 2938 195 693 595 540 912 2245 133 2146 2055 1224 831 463 1141 327 504 251 183
is_linear=0
shrinkage=0.0162856


Tree=41
num_leaves=27
num_cat=0
split_feature=58 4 56 58 31 56 83 79 2 3 11 1 10 13 25 45 50 82 35 20 52 54 13 28 75 54
split_gain=0.06821 0.0337925 0.0160503 0.00469512 0.00437499 0.00412336 0.004913 0.00538189 0.00255264 0.00247251 0.00244908 0.00228952 0.00214176 0.0020353 0.00282248 0.00257106 0.00218547 0.00196385 0.00177512 0.00188513 0.00190196 0.00164139 0.00149448 0.00167861 0.00172901 0.00139749
threshold=63.430000305175788 -0.026273270307825496 39.704999923706062 28.295000076293949 0.00051620225763355013 51.239999771118171 30.422947198289236 0.97535164042180356 49.145000457763679 -0.017405742166400496 0.60526366276912025 71.295001983642592 1.6923655006446394 59.190882500024813 0.65790079724251904 -0.0014428944310362498 71.58164389330976 18.61424989700318 0.010191227265745902 -0.0282376510117297 11.942472194262381 1161.5187500000002 27.478540055870933 318.10000610351568 0.055616246526005463 1167.0812500000002
decision_type=10 10 10 8 10 10 10 10 2 10 10 2 2 8 8 10 10 10 8 10 10 8 10 8 8 10
left_child=2 -2 3 -1 -3 9 7 8 -7 11 13 -4 -11 14 18 -16 -15 -14 19 25 -21 -22 -12 -24 -25 -5
right_child=1 4 5 10 -6 6 -8 -9 -10 12 22 -13 17 16 15 -17 -18 -19 -20 20 21 -23 23 24 -26 -27
leaf_value=-5.7109195601360756e-05 0.00060820033199813269 1.1887660689493996e-05 0.00012522768107887374 0.0001312353309832116 0.00022930868942817151 0.00015250220198112049 -6.6270752601808348e-06 0.00025377014384902731 0 -6.8929775985853445e-05 2.4996174946499578e-05 1.388238244537176e-05 6.9289206376717345e-05 -2.606423997905092e-05 0.00014608898751309726 1.6000036968443087e-05 8.0173735507771963e-05 9.5503199870274575e-07 -7.5904573850433084e-05 7.1749899011836567e-05 -6.8160124583612684e-05 2.6275252930969222e-06 -0.00011643927530877892 -3.8671648921461199e-05 1.2046879672310985e-05 0
leaf_weight=980 66 53 111 53 61 55 75 74 74 81 103 116 156 837 76 116 52 468 73 69 127 222 71 1117 189 52
leaf_count=980 66 53 111 53 61 55 75 74 74 81 103 116 156 837 76 116 52 468 73 69 127 222 71 1117 189 52
internal_value=3.65404e-08 0.00031195 -1.03368e-05 -2.56993e-05 0.000134287 4.16186e-05 9.75048e-05 0.000139358 6.83528e-05 2.42083e-05 -1.57307e-05 7.13669e-05 8.04617e-06 -1.81671e-06 1.67802e-05 7.10894e-05 -1.90741e-05 1.9143e-05 0 9.78015e-06 -4.17919e-06 -2.11659e-05 -3.10319e-05 -3.57225e-05 -3.08053e-05 7.18822e-05
internal_weight=5527 180 5347 4137 114 1210 278 203 129 932 3157 227 705 1677 788 192 889 624 596 523 418 349 1480 1377 1306 105
internal_count=5527 180 5347 4137 114 1210 278 203 129 932 3157 227 705 1677 788 192 889 624 596 523 418 349 1480 1377 1306 105
is_linear=0
shrinkage=0.0162856


Tree=42
num_leaves=27
num_cat=0
split_feature=58 2 58 22 13 11 58 83 67 83 21 4 85 82 2 2 0 7 25 7 19 49 83 25 11 4
split_gain=0.0719622 0.0259836 0.0149842 0.00776369 0.00535343 0.00418996 0.00397394 0.00488593 0.00329486 0.00250747 0.00292206 0.00248391 0.00283165 0.00222543 0.00211631 0.00203409 0.00198702 0.00193679 0.00189872 0.00181709 0.00157813 0.00145788 0.00144345 0.00140088 0.00133328 0.00128313
threshold=63.430000305175788 30.210000038146976 37.364999771118171 39.477599338874754 59.190882500024813 0.59692426144107735 51.844999313354499 31.348281461054579 0.75912987289776679 31.348281461054579 0.018336075668344602 0.014744448784389503 2.5000000000000004 26.292250108718875 90.645000457763686 39.590000152587898 102.02999877929689 0.031383214557380211 0.70342693535366407 -0.0040284717532003992 -0.037027546897963039 0.0027604504885184503 22.527864561480481 0.10643844841251555 0.72806756691439911 -0.0050480469464263484
decision_type=10 2 10 10 8 10 10 10 10 10 10 10 2 10 2 2 2 10 10 10 10 10 8 10 10 10
left_child=2 -2 4 -3 5 9 11 8 -8 10 13 12 -4 -1 22 -14 19 18 24 -13 25 -12 -6 -22 -7 -17
right_child=1 3 6 -5 14 17 7 -9 -10 -11 21 16 15 -15 -16 20 -18 -19 -20 -21 23 -23 -24 -25 -26 -27
leaf_value=1.2260220890794849e-06 0.0006404151420521092 0.0003402377153906004 0.00015017807157450088 6.2358663029006374e-05 -3.8140379498446019e-05 -1.2753610706986205e-05 7.8203203756156231e-05 -1.5770067559092652e-05 0.00025639026675206407 -6.4905154213503366e-05 4.8576339366282699e-05 5.8160525721508866e-05 0.0001304961880797477 0.00011001343655024122 -7.0142433017627621e-05 0.00013223506593041455 -0.00010782962507838113 4.8776081825577877e-05 -8.5824838864706604e-06 -2.9158175918470161e-05 -5.0114635998054746e-05 0.00016949402768631411 9.0883349639074482e-06 1.944360094168348e-05 -8.1966418089045773e-05 1.2077209429615583e-05
leaf_weight=515 51 53 58 69 1578 134 85 55 57 75 101 100 51 57 616 58 51 69 374 169 86 54 167 537 286 64
leaf_count=515 51 53 58 69 1578 134 85 55 57 75 101 100 51 57 616 58 51 69 374 169 86 54 167 537 286 64
internal_value=-8.08309e-07 0.000325978 -1.14126e-05 0.000188767 -2.73438e-05 -4.51695e-06 3.48681e-05 0.000103558 0.000154611 2.17903e-05 3.16823e-05 2.27537e-05 3.74864e-05 1.32741e-05 -4.31501e-05 2.84059e-05 -1.44157e-05 -2.97613e-05 -3.74538e-05 7.49753e-07 2.04891e-05 9.51631e-05 -3.32264e-05 8.7361e-06 -6.15237e-05 7.48548e-05
internal_weight=5570 173 5397 122 4026 1665 1371 197 142 802 727 1174 854 572 2361 796 320 863 794 269 745 155 1745 623 420 122
internal_count=5570 173 5397 122 4026 1665 1371 197 142 802 727 1174 854 572 2361 796 320 863 794 269 745 155 1745 623 420 122
is_linear=0
shrinkage=0.0162856


Tree=43
num_leaves=27
num_cat=0
split_feature=58 0 58 68 58 61 73 1 22 11 85 11 9 1 25 47 3 18 47 33 84 48 61 58 3 8
split_gain=0.0696886 0.0230393 0.0145114 0.00519825 0.00384071 0.00481841 0.00497834 0.00382993 0.00339984 0.00280155 0.00219451 0.00314747 0.00272693 0.00186653 0.00288663 0.0017855 0.00176987 0.00171196 0.0016988 0.00167703 0.00167551 0.00241708 0.00193043 0.00179798 0.00167384 0.00173278
threshold=63.430000305175788 34.284999847412116 37.364999771118171 30.361249971389771 51.844999313354499 0.0090330914449221009 -0.022963668497614696 26.494999885559086 40.83454498479022 0.60526366276912025 6.5000000000000009 0.63335365307725999 3.283921079075768 60.659999847412116 0.89381533555588488 -0.0048590002799518998 -0.011914445777655299 -0.021488118040861894 0.0031449449903712006 0.00028194172671120002 1.5000000000000002 0.0055463822391491014 0.00069022418225680017 43.745000839233406 0.0028042620300163007 51.253986463518764
decision_type=10 2 10 8 10 10 10 2 10 10 2 10 10 2 10 10 10 10 10 10 2 10 10 10 10 8
left_child=2 -2 3 -1 10 6 -6 19 -3 13 12 20 15 14 24 -4 -11 -17 -19 -5 21 -12 23 -22 25 -9
right_child=1 8 4 7 5 -7 -8 9 -10 16 11 -13 -14 -15 -16 17 -18 18 -20 -21 22 -23 -24 -25 -26 -27
leaf_value=-5.7078618956700399e-05 0.00056755418010574884 0.00026338658194287285 0.00012414133626363369 0.00012124568569892495 0.00014270549201330813 0.00020417849726782605 -6.3476070889009642e-05 -2.927978774587546e-05 5.9184845460749087e-05 9.9509833838645814e-06 1.9237469760327075e-05 -4.8537717188900789e-05 -4.3623211998083638e-05 -2.2179254799922906e-05 0.00012899808760838931 -1.317086419160955e-05 -4.3385064123998773e-05 6.5995533143164779e-06 0.00010924583949792714 1.92048492539012e-06 -5.3888320086058437e-06 0.00014671011703252821 -4.3243814536936726e-05 0.00010140550508488172 4.0548825972548697e-05 6.0789388524280846e-05
leaf_weight=1112 65 53 113 72 58 77 62 352 55 168 146 210 63 699 55 87 1197 92 116 77 75 64 137 71 230 64
leaf_count=1112 65 53 113 72 58 77 62 352 55 168 146 210 63 699 55 87 1197 92 116 77 75 64 137 71 230 64
internal_value=-7.78899e-07 0.000320801 -1.12163e-05 -2.68957e-05 3.4325e-05 0.000101872 3.04618e-05 -1.51413e-05 0.000165807 -1.96666e-05 2.24023e-05 3.12113e-06 4.97191e-05 -2.94098e-06 1.52618e-05 6.58195e-05 -3.63169e-05 4.11381e-05 6.71574e-05 6.42077e-05 2.65221e-05 6.13759e-05 0 4.1848e-05 4.50834e-06 -1.37669e-05
internal_weight=5570 173 5397 4026 1371 197 120 2914 108 2765 1174 703 471 1400 701 408 1365 295 208 149 493 210 283 146 646 416
internal_count=5570 173 5397 4026 1371 197 120 2914 108 2765 1174 703 471 1400 701 408 1365 295 208 149 493 210 283 146 646 416
is_linear=0
shrinkage=0.0162856


Tree=44
num_leaves=27
num_cat=0
split_feature=58 58 58 21 20 49 11 78 67 31 61 52 2 33 2 22 8 64 25 31 32 76 61 20 85 34
split_gain=0.067653 0.0269887 0.00968728 0.00797413 0.0129286 0.00481347 0.00456406 0.00348788 0.00259832 0.00287238 0.0043924 0.00252389 0.00213228 0.00184634 0.0018411 0.00172002 0.00169081 0.00165089 0.00198491 0.00153978 0.00151302 0.0019782 0.00182123 0.00164377 0.00163941 0.0012479
threshold=86.36999893188478 51.844999313354499 33.43499946594239 0.020618505335116555 -0.0082334018246555483 0.0053609551217334512 0.82158335511978142 49.890545428596077 0.6124085328475245 0.0017367669206641001 0.058263936759527908 20.649016326619687 25.860000610351566 0.00028194172671120002 90.645000457763686 49.880461805313296 32.117495297051406 41.96300070693929 0.40829359072478372 0.0017367669206641001 0.0046974108629735502 -0.012349450890797647 0.034141899880822703 -0.017662290685589496 1.5000000000000002 -0.00087590848782369984
decision_type=10 10 8 10 10 10 10 10 10 10 10 10 2 10 2 10 10 8 10 10 10 10 8 10 2 10
left_child=1 2 14 4 7 -6 8 -3 12 10 11 -10 13 -4 -1 -13 -11 25 -19 -20 24 22 -22 -23 -14 -8
right_child=-2 3 6 -5 5 -7 17 -9 9 16 -12 15 20 -15 -16 -17 -18 18 19 -21 21 23 -24 -25 -26 -27
leaf_value=-3.3083344179705747e-05 0.00058934998943085341 0.00020573599209974073 0.00012498825101819338 0 0 0.00019768151863486889 7.1680418306656178e-05 0.00043406651035308606 4.0556082633267766e-06 8.2444223483543817e-05 -4.1724606315915371e-05 8.0519467580465211e-05 5.5988241010213163e-05 0 -7.0250251841864596e-05 0.00020331167480124645 -1.8817435055175035e-05 -9.6158061439133359e-05 2.457025986158047e-06 -5.5596640116008404e-05 0.00010387055955607066 4.4567939584203249e-05 8.9604721949883466e-06 -3.5802658206842559e-05 -1.6330290305180083e-05 -2.286580039629974e-05
leaf_weight=1426 51 54 69 80 83 51 61 51 56 56 55 90 86 71 550 83 192 160 218 224 115 102 134 188 1184 80
leaf_count=1426 51 54 69 80 83 51 61 51 56 56 55 90 86 71 550 83 192 160 218 224 115 102 134 188 1184 80
internal_value=-7.49972e-07 -6.33087e-06 -1.53702e-05 0.00013885 0.000185956 7.31694e-05 1.82765e-06 0.000323282 1.26331e-05 4.46498e-05 8.00938e-05 0.000112355 3.5405e-06 6.48401e-05 -4.37773e-05 0.000143431 1.28373e-06 -3.33273e-05 -4.53598e-05 -2.54103e-05 -8.24517e-07 2.16169e-05 5.55628e-05 -5.16209e-06 -1.08905e-05 1.31691e-05
internal_weight=5570 5519 5200 319 239 134 3224 105 2481 532 284 229 1949 140 1976 173 248 743 602 442 1809 539 249 290 1270 141
internal_count=5570 5519 5200 319 239 134 3224 105 2481 532 284 229 1949 140 1976 173 248 743 602 442 1809 539 249 290 1270 141
is_linear=0
shrinkage=0.0162856


Tree=45
num_leaves=27
num_cat=0
split_feature=58 2 58 22 13 8 58 83 22 4 85 83 1 10 2 2 0 46 7 5 52 19 19 50 47 10
split_gain=0.0656303 0.0240231 0.013635 0.00735611 0.00495138 0.00531584 0.00351639 0.00471753 0.00273228 0.00238265 0.00267945 0.00195759 0.00262596 0.00208474 0.00194551 0.00192967 0.00191889 0.00187288 0.00175504 0.00164104 0.00209679 0.00155604 0.00152275 0.00150443 0.00158098 0.001445
threshold=63.430000305175788 30.210000038146976 37.364999771118171 39.477599338874754 59.190882500024813 55.869527414539853 51.844999313354499 31.348281461054579 43.919004199045112 0.014744448784389503 2.5000000000000004 31.348281461054579 26.494999885559086 1.9608393533343587 90.645000457763686 39.590000152587898 102.02999877929689 -0.012049327038903098 -0.0040284717532003992 0.0069242552459344011 11.728975618530832 0.044652886886668304 -0.037027546897963039 48.073796446559363 0.0036199325019828504 2.6168502796644151
decision_type=10 2 10 10 8 10 10 10 10 10 2 10 2 2 2 2 2 10 10 10 10 10 10 10 10 2
left_child=2 -2 4 -3 5 11 9 8 -8 10 -4 12 -1 17 25 -12 18 -14 -11 20 -19 -7 -17 -21 -25 -6
right_child=1 3 6 -5 14 21 7 -9 -10 16 15 -13 13 -15 -16 22 -18 19 -20 23 -22 -23 -24 24 -26 -27
leaf_value=0.00011377626646980243 0.00061384294621580847 0.00032643419020413685 0.00014595688549050705 5.5939580241697505e-05 -3.6129796250325426e-05 -4.8216555062986561e-05 0.00023378276217362158 -1.9359753889553705e-05 7.1291608636919976e-05 5.6794115117223573e-05 0.00012688773175746417 -5.5901254632942484e-05 8.933314086923077e-05 0.00011505763760123732 -6.717609678661401e-05 7.3058775283133621e-05 -0.00010630392872462265 9.0779858675390075e-05 -2.9069533463455788e-05 -0.00011165886189886059 0 2.2197567543029853e-05 8.1216402080896098e-06 2.6287468137586541e-05 -7.748881378160974e-05 1.62428629383228e-05
leaf_weight=87 51 53 58 69 1611 611 63 55 79 100 51 77 70 55 616 122 51 86 169 54 379 82 623 105 59 134
leaf_count=87 51 53 58 69 1611 611 63 55 79 100 51 77 70 55 616 122 51 86 169 54 379 82 623 105 59 134
internal_value=-7.23465e-07 0.000311349 -1.08561e-05 0.000179137 -2.60576e-05 -4.08964e-06 3.3282e-05 9.7977e-05 0.000148259 2.18381e-05 3.6279e-05 2.00163e-05 2.73177e-05 1.71535e-05 -4.12581e-05 2.74183e-05 -1.45527e-05 9.08491e-06 2.97387e-07 0 1.81309e-05 -3.8892e-05 1.96811e-05 -3.59873e-05 -6.86295e-06 -3.17138e-05
internal_weight=5570 173 5397 122 4026 1665 1371 197 142 1174 854 972 895 808 2361 796 320 753 269 683 465 693 745 218 164 1745
internal_count=5570 173 5397 122 4026 1665 1371 197 142 1174 854 972 895 808 2361 796 320 753 269 683 465 693 745 218 164 1745
is_linear=0
shrinkage=0.0162856


Tree=46
num_leaves=27
num_cat=0
split_feature=57 0 56 23 0 8 34 56 44 79 25 19 36 25 53 50 7 81 15 6 6 79 79 18 78 48
split_gain=0.0600419 0.0282939 0.0120917 0.00713426 0.00505723 0.00488658 0.00396465 0.00632808 0.0045964 0.00367549 0.00271108 0.00255789 0.00239968 0.00289691 0.00260766 0.00201354 0.00206402 0.00184124 0.00169778 0.00209627 0.00233132 0.00167936 0.00167489 0.00153611 0.00151992 0.00200753
threshold=67.375000000000014 34.284999847412116 37.264999389648445 -0.12618166794758681 60.704999923706062 57.95540410253885 0.02095586963305265 54.73500061035157 2099.3750000000005 1.4837617867844657 0.32277381635681168 0.044652886886668304 61.912332116796684 0.57102099010720109 0.94829131231533059 39.257696983617258 -0.0043167682042552493 0.10701336576370986 2.5314999818801884 0.018488974205686154 -0.010771807423582448 0.76079704433267292 -0.21213668803626357 0.043736007997484408 61.938701872721516 -0.010187721282788198
decision_type=10 2 10 10 2 10 10 10 10 10 10 10 10 8 10 10 10 10 10 10 10 10 10 10 10 8
left_child=2 -2 4 -3 5 12 7 9 -9 15 -11 -7 14 -14 17 -4 18 -1 -17 20 -20 -18 -22 24 25 -19
right_child=1 3 6 -5 -6 11 -8 8 -10 10 -12 -13 13 -15 -16 16 21 23 19 -21 22 -23 -24 -25 -26 -27
leaf_value=0.00012073189545826549 0.00056429110498938206 0.00025028568148227718 -5.7804993945163002e-05 6.3507388394614458e-06 -4.3482819946263835e-05 -6.0872566760183275e-05 -0.00010929393335254237 5.3939927550089802e-05 0.00026378212700297568 1.5615993960330911e-05 0.00018166203805884337 4.281247475260444e-05 -7.0361626025109802e-05 3.2006821315158107e-05 -6.1293872937993426e-05 0.00010960442271333832 7.9955507131120951e-06 -6.3986780361741813e-05 0 -3.6506550142293475e-05 3.8409236544279787e-05 -8.4547900787509242e-05 0.00015897600502066958 0.00010982176930314792 0.00010418759552865173 2.2395927569424981e-05
leaf_weight=66 63 73 96 67 2131 464 52 83 52 61 64 65 174 116 77 93 590 79 119 92 99 57 64 58 53 562
leaf_count=66 63 73 96 67 2131 464 52 83 52 61 64 65 174 116 77 93 590 79 119 92 99 57 64 58 53 562
internal_value=-6.91624e-07 0.000274083 -1.12143e-05 0.000138483 -2.66846e-05 -5.39795e-06 2.7416e-05 3.2722e-05 0.000139902 2.13655e-05 0.000106155 -4.68311e-05 1.25189e-05 -2.70447e-05 2.61071e-05 1.20355e-05 1.86727e-05 3.51768e-05 4.47641e-05 2.67947e-05 4.98857e-05 0 8.9987e-05 2.6749e-05 1.88111e-05 1.06745e-05
internal_weight=5570 203 5367 140 3845 1714 1522 1470 135 1335 125 529 1185 290 895 1210 1114 818 467 374 282 647 163 752 694 641
internal_count=5570 203 5367 140 3845 1714 1522 1470 135 1335 125 529 1185 290 895 1210 1114 818 467 374 282 647 163 752 694 641
is_linear=0
shrinkage=0.0162856


Tree=47
num_leaves=27
num_cat=0
split_feature=56 2 56 56 45 7 2 8 83 7 36 16 6 85 48 37 75 39 5 4 5 45 20 49 2 19
split_gain=0.0569206 0.0241325 0.0136761 0.00578976 0.00580763 0.00532538 0.004921 0.00459872 0.00371272 0.00238314 0.00235656 0.00246345 0.00396687 0.00214994 0.00201731 0.00195652 0.00175574 0.00210881 0.00180665 0.00170232 0.00165274 0.00270628 0.00200443 0.00156289 0.00155441 0.0015055
threshold=68.24499893188478 34.465000152587898 37.264999389648445 52.469999313354499 -0.010067264162952248 0.0051832381247001015 59.645000457763679 55.869527414539853 23.980619346299253 -0.0043167682042552493 61.912332116796684 2.7204999923706055 0.00083492750668375003 6.5000000000000009 -0.010187721282788198 12.746708453826729 0.021500138423770906 0.4393609445263244 -0.0036575748175444495 0.014744448784389503 0.010170050045799002 0.0034527878729828502 0.0021077057207997507 -0.0032882260962139496 90.645000457763686 0.044652886886668304
decision_type=10 2 10 10 10 10 2 10 10 10 10 8 10 2 8 10 10 10 10 10 10 10 10 10 2 10
left_child=2 -2 6 9 -5 8 7 10 -6 13 11 12 -1 15 -13 -4 17 -16 -18 -11 21 22 -15 -12 -8 -9
right_child=1 -3 3 4 5 -7 24 25 -10 19 23 14 -14 20 16 -17 18 -19 -20 -21 -22 -23 -24 -25 -26 -27
leaf_value=0.00019583308226040342 0.00055584040463825014 0.00012879827980449013 4.1222968500666315e-05 -1.4593018187801003e-05 0.00010740075611812844 3.3283429596187718e-05 -3.2991024155444846e-05 -4.8448565986005345e-05 0.00031763824624588048 1.2403324991599192e-05 3.5559514753232548e-05 -5.0841393165745603e-05 0 -5.5724768062926794e-05 -2.3764740998469688e-05 0.00015665660565303876 0.00012261566245641049 5.0811346857539576e-05 1.0198747927078023e-05 -4.1675607018904417e-05 -3.3577637269785242e-05 0.00011516904400765483 7.0455165906380867e-05 -5.1896796379607712e-05 -6.5806915879718501e-05 2.2364956044954962e-05
leaf_weight=58 63 92 142 74 58 79 1536 581 58 539 67 93 57 80 220 71 93 178 89 214 114 82 57 186 611 78
leaf_count=58 63 92 142 74 58 79 1536 581 58 539 67 93 57 80 220 71 93 178 89 214 114 82 57 186 611 78
internal_value=-6.6389e-07 0.000306883 -9.59586e-06 3.07415e-05 0.0001 0.000147008 -2.62158e-05 -5.05443e-06 0.000218502 1.58679e-05 1.57894e-05 3.00852e-05 0.000101 4.1842e-05 1.69417e-05 8.29456e-05 2.89979e-05 7.86245e-06 7.14308e-05 -2.05381e-06 1.34806e-05 4.1117e-05 0 -2.60177e-05 -4.26509e-05 -3.90231e-05
internal_weight=5570 155 5415 1568 269 195 3847 1700 116 1299 1041 788 115 546 673 213 580 398 182 753 333 219 137 253 2147 659
internal_count=5570 155 5415 1568 269 195 3847 1700 116 1299 1041 788 115 546 673 213 580 398 182 753 333 219 137 253 2147 659
is_linear=0
shrinkage=0.0162856


Tree=48
num_leaves=27
num_cat=0
split_feature=58 57 58 47 76 33 52 36 4 45 81 36 35 49 5 55 23 12 67 70 1 10 79 12 61 46
split_gain=0.0690833 0.025978 0.00739868 0.00514156 0.00274259 0.00347365 0.00290282 0.00237498 0.00206864 0.00305135 0.00204032 0.00211931 0.00201439 0.00195353 0.00248433 0.00257557 0.00186397 0.00144295 0.00133133 0.00127645 0.00166806 0.002264 0.00142308 0.0017217 0.00158158 0.00209935
threshold=86.36999893188478 53.715000152587898 32.43499946594239 -0.013778744950807048 -0.033556309910846398 -0.00087076001289129984 67.381897513875472 54.369032264216749 -0.0085124830234023976 -0.021065295705458047 0.7084878567512668 61.166105267891972 -0.0029359186148506995 -0.0084818498726825977 -0.025241940467851397 1148.4743612178072 0.011291234467079652 91.485749244689956 0.97504900355760449 14.125000000000002 60.415000915527351 1.8166571100249467 -1.2415461670193826 25.268750000000004 0.038991030275934507 -0.016825438477699597
decision_type=10 10 8 10 10 10 10 10 8 10 10 10 10 8 10 10 10 10 10 10 2 2 10 10 8 10
left_child=1 2 17 -3 7 6 -6 -5 10 -10 11 13 -7 -4 -15 16 -16 -1 19 20 21 -11 -21 -24 -25 -26
right_child=-2 3 8 4 5 12 -8 -9 9 18 -12 -13 -14 14 15 -17 -18 -19 -20 22 -22 -23 23 24 25 -27
leaf_value=-3.5163101922973894e-05 0.00057198158020083188 0.00021854411131570946 -2.1748030488005013e-05 -4.905453335397494e-05 0.00025929979323148126 -2.3544312775265435e-05 6.8463682348684986e-05 9.5758005874244464e-05 -0.00010581388193727837 2.5764621748106504e-06 -2.1606750123060024e-05 -1.7477412578528046e-05 0.00010437889849462561 0.00016027484065081029 0.00017179074243552626 1.7124826986621402e-05 2.1314901667511237e-05 -7.0522694914699189e-05 6.8353672341201919e-05 1.9765421441463597e-05 -2.0159498638099128e-05 0.00010976398076993102 5.6825462395660565e-05 -9.1877475038436492e-06 4.3186204956596382e-05 -5.5460738215215269e-05
leaf_weight=1244 55 99 93 67 61 52 51 52 92 176 297 193 65 57 62 367 52 499 55 204 217 84 60 640 55 626
leaf_count=1244 55 99 93 67 61 52 51 52 92 176 297 193 65 57 62 367 52 499 55 204 217 84 60 640 55 626
internal_value=-2.00783e-06 -7.85471e-06 -1.84584e-05 0.000110941 7.83374e-05 0.000111642 0.000178582 8.45748e-06 -4.00231e-06 -1.33054e-05 1.37166e-05 2.72831e-05 4.16584e-05 4.20634e-05 5.43725e-05 4.03838e-05 0.000109207 -4.56817e-05 -8.95891e-06 -1.13555e-05 1.11144e-05 3.98594e-05 -1.85516e-05 -2.47099e-05 -2.8935e-05 -4.64825e-05
internal_weight=5575 5520 5073 447 348 229 112 119 3330 2209 1121 824 117 631 538 481 114 1743 2117 2062 477 260 1585 1381 1321 681
internal_count=5575 5520 5073 447 348 229 112 119 3330 2209 1121 824 117 631 538 481 114 1743 2117 2062 477 260 1585 1381 1321 681
is_linear=0
shrinkage=0.0162856


Tree=49
num_leaves=27
num_cat=0
split_feature=69 56 56 48 39 76 33 73 56 53 6 37 16 21 56 46 49 10 1 20 81 26 1 46 21 11
split_gain=0.0643038 0.0245293 0.00767435 0.00598208 0.00645676 0.00463977 0.00429363 0.00258584 0.00183847 0.00174736 0.00193637 0.00171762 0.00152455 0.00138073 0.00190972 0.00170954 0.00188024 0.00166777 0.00276433 0.00224354 0.00185301 0.00176007 0.00154243 0.00148767 0.0014405 0.00138601
threshold=85.97398036825787 52.469999313354499 32.514999389648445 -0.014873750688405548 0.84687117252439004 -0.029069770988684195 -0.00087076001289129984 -0.090346355830177597 47.864999771118171 -0.093771993997600639 -0.031223242784081746 -6.0468965406723205 2.8094999790191655 -0.027086145387744846 48.424999237060554 -0.016825438477699597 -0.0012039465181433496 1.641322479501951 61.545000076293952 -0.01036668696872845 0.15914363624070998 2.3318500071763997 26.494999885559086 -0.0051872548904911995 -0.038400633953060294 0.60526366276912025
decision_type=10 10 8 10 10 10 10 10 8 8 8 10 10 10 8 10 8 2 2 10 10 10 2 8 10 10
left_child=1 2 -1 -3 5 -5 -7 8 -4 -9 11 -11 -13 14 24 16 -15 21 19 -19 -21 -17 -23 -16 -12 -24
right_child=-2 3 7 4 -6 6 -8 9 -10 10 13 12 -14 15 23 17 -18 18 -20 20 -22 22 25 -25 -26 -27
leaf_value=-4.7501508996401483e-05 0.00051509043807807995 0 8.1090490456888967e-06 2.1059551879889853e-05 0.00030005414318030405 0.00028015072694890543 5.8683758368112368e-05 -8.1667019388436551e-05 0.00011084402107494464 0.00012379265604719322 2.6593957258591446e-05 8.7782280179132913e-05 -1.2567042285389313e-05 -5.3405143221523719e-06 -0.00012726670721961039 -0.00010523808789588203 0.00010892028104858303 -9.1655726524578741e-06 -1.175606420414404e-05 0.00014325902258832232 3.7550864266104252e-05 5.5216281637227877e-05 0 -3.5423545955792879e-05 -4.5440897792679438e-05 -4.4422241291851357e-05
leaf_weight=1558 63 81 142 104 68 59 54 84 83 51 181 53 138 58 75 70 73 160 970 66 236 66 322 228 123 409
leaf_count=1558 63 81 142 104 68 59 54 84 83 51 181 53 138 58 75 70 73 160 970 66 236 66 322 228 123 409
internal_value=-1.96294e-06 -8.0003e-06 -1.72796e-05 0.00012058 0.000155685 0.00010724 0.000180445 -3.96461e-06 4.90723e-05 -7.71789e-06 -5.61305e-06 3.81682e-05 1.16894e-05 -9.32845e-06 -3.1449e-05 -3.5196e-06 5.30954e-05 -7.04532e-06 3.32725e-06 3.64824e-05 6.29415e-05 -2.49699e-05 -1.70535e-05 -6.04367e-05 -2.92046e-07 -2.45211e-05
internal_weight=5575 5512 5146 366 285 217 113 3588 225 3363 3279 242 191 3037 607 2430 131 2299 1432 462 302 867 797 303 304 731
internal_count=5575 5512 5146 366 285 217 113 3588 225 3363 3279 242 191 3037 607 2430 131 2299 1432 462 302 867 797 303 304 731
is_linear=0
shrinkage=0.0162856


Tree=50
num_leaves=27
num_cat=0
split_feature=58 57 58 32 75 5 53 66 35 5 53 11 65 40 63 21 26 1 44 13 40 18 21 71 21 38
split_gain=0.0652005 0.0243166 0.00693723 0.00652603 0.00352445 0.00373633 0.00323214 0.00349726 0.00294983 0.00267673 0.00213541 0.00211048 0.00193 0.00165173 0.00150071 0.00211517 0.00223586 0.00184326 0.0015627 0.00148582 0.00127086 0.00140765 0.00144103 0.00116603 0.00140924 0.00150667
threshold=86.36999893188478 53.715000152587898 32.43499946594239 0.015469112712343252 -0.037807858246650346 0.011943111868662303 0.50666799254577788 5.4938637993662756 0.00039953246200105007 -0.013889908330218798 -0.093771993997600639 0.58602746727924071 -1.4999997743021536 1242.3750030517579 -0.024801251160621898 0.0084228516734585011 2.757949990034104 26.494999885559086 1385.1250000000002 94.284131328737843 272.41749801635746 -0.0074962458262650992 -0.031997267026182441 30.904999732971195 -0.0023760486260580495 3.3586981786179675
decision_type=10 10 8 10 10 10 10 10 10 10 8 10 8 10 10 10 10 2 10 10 10 10 10 8 10 10
left_child=1 2 19 4 5 -3 7 9 -8 -6 -4 14 13 -13 17 -16 -17 -12 -18 -1 -14 -22 -23 24 -24 -26
right_child=-2 3 10 -5 6 -7 8 -9 -10 -11 11 12 20 -15 15 16 18 -19 -20 -21 21 22 23 -25 25 -27
leaf_value=-3.4878396562031016e-05 0.0005556986769287911 -8.6704291872896405e-05 -9.1145559093507421e-05 0.00028631587270409203 1.1400855906621037e-05 9.5255772569697542e-05 -3.5560445136102523e-05 0.00028247872254896333 0.00012453797067226143 0.00018445841273501991 6.3652976980647471e-05 9.8245101977391123e-05 -8.9168482399770816e-05 0 6.8571867236338233e-06 0.00013893062647195469 0.00010020032899168334 -9.380618806328422e-06 -3.785966732258037e-06 -7.2956994896272988e-05 -4.1232868605349398e-05 -6.1482872491130862e-05 2.9436298645565438e-05 7.2881712257589357e-05 3.0064762720319349e-05 -3.9827634499346777e-05
leaf_weight=1333 55 57 73 51 58 62 56 51 57 55 101 65 78 117 468 83 52 933 104 410 460 103 224 59 100 310
leaf_count=1333 55 57 73 51 58 62 56 51 57 55 101 65 78 117 468 83 52 933 104 410 460 103 224 59 100 310
internal_value=-1.9228e-06 -7.6065e-06 -1.78693e-05 0.000107321 8.25112e-05 2.32255e-06 0.000114475 0.000162182 3.91267e-05 0.000101743 -3.86411e-06 -1.69589e-06 -1.59244e-05 3.2275e-05 1.02989e-05 2.8644e-05 6.84233e-05 -1.58016e-06 2.6483e-05 -4.42311e-05 -2.30163e-05 -1.83586e-05 -4.27501e-06 3.23809e-06 -2.16186e-06 -2.11029e-05
internal_weight=5575 5520 5073 447 396 119 277 164 113 113 3330 3257 1516 182 1741 707 239 1034 156 1743 1334 1256 796 693 634 410
internal_count=5575 5520 5073 447 396 119 277 164 113 113 3330 3257 1516 182 1741 707 239 1034 156 1743 1334 1256 796 693 634 410
is_linear=0
shrinkage=0.0162856


Tree=51
num_leaves=27
num_cat=0
split_feature=69 57 68 48 47 3 67 11 68 74 53 9 67 1 10 10 63 9 39 77 5 54 53 32 45 11
split_gain=0.0605174 0.022691 0.00646909 0.00526318 0.00708318 0.00631919 0.00301169 0.00273365 0.00217513 0.00216736 0.00199733 0.00153906 0.00141905 0.0013088 0.00130235 0.00361311 0.00146364 0.0014838 0.00180031 0.00138266 0.00134156 0.00119163 0.00111232 0.001074 0.00103513 0.001422
threshold=85.97398036825787 53.715000152587898 30.953000068664554 -0.014873750688405548 -0.015027419133951598 -0.0034810741374850999 0.76445011256148721 0.58602746727924071 49.623000240325936 -0.023455543416003047 -0.093771993997600639 1.5224424231093538 0.89791131723920614 26.494999885559086 1.088691496010076 1.2394625273397082 -0.036604429918583696 -1.0373205312557425 0.32004777443603155 -0.075295588175500125 -0.016118251519427546 5119.7625000000007 0.59687111867718234 -0.0039933324010569494 0.016930631622139852 0.86396992093806635
decision_type=10 10 8 10 10 10 10 10 10 10 8 10 10 2 2 2 10 8 10 10 10 8 8 8 10 10
left_child=1 2 -1 -3 -5 6 -6 10 12 -7 -4 13 21 -12 23 -16 17 20 22 -18 -17 24 -19 -15 25 -9
right_child=-2 3 7 4 5 9 -8 8 -10 -11 11 -13 -14 14 15 16 19 18 -20 -21 -22 -23 -24 -25 -26 -27
leaf_value=-5.1880420355372151e-05 0.00049971225078705088 0 -9.426662077976064e-05 0.00028777706592113662 9.5601769544510155e-05 -5.628539266263796e-05 0.00027814533667357453 -9.2660080441975584e-06 5.4908744323663065e-05 6.8622236309561676e-05 6.2616670049120299e-05 9.1582385742232988e-05 5.2008663061693409e-05 1.5025518685247362e-05 0.00013580863904029782 7.5918161866149892e-05 8.7817028020388625e-05 -1.9329936823302789e-05 -9.0083956287369659e-06 8.948773744594437e-06 -8.3540875661100247e-06 -9.6476310578202753e-05 -0.00013015659456417814 -5.9471958354273889e-05 -9.4082377887985048e-05 -4.2000184135625805e-05
leaf_weight=1138 63 94 51 68 74 57 54 998 88 92 101 58 54 58 56 70 67 61 285 874 139 73 73 153 62 614
leaf_count=1138 63 94 51 68 74 57 54 998 88 92 101 58 54 58 56 70 67 61 285 874 139 73 73 153 62 614
internal_value=-1.88281e-06 -7.74339e-06 -1.75799e-05 0.000104352 0.000133798 9.34877e-05 0.000178032 -7.48513e-06 -2.16846e-05 1.62237e-05 5.28879e-06 8.17988e-06 -2.58097e-05 5.32616e-06 1.79907e-06 7.09665e-06 2.06191e-06 -1.66756e-05 -3.4909e-05 1.52976e-05 1.65891e-05 -2.86095e-05 -8.48516e-05 -3.57369e-05 -2.52375e-05 -2.21613e-05
internal_weight=5575 5512 5073 439 345 277 128 3935 1889 149 2046 1995 1801 1937 1836 1625 1569 628 419 941 209 1747 134 211 1674 1612
internal_count=5575 5512 5073 439 345 277 128 3935 1889 149 2046 1995 1801 1937 1836 1625 1569 628 419 941 209 1747 134 211 1674 1612
is_linear=0
shrinkage=0.0162856


Tree=52
num_leaves=27
num_cat=0
split_feature=58 57 58 45 51 3 81 31 79 8 51 25 18 31 1 13 50 45 25 13 67 25 83 80 52 8
split_gain=0.0614692 0.0227317 0.0065463 0.00410977 0.00576451 0.0045531 0.00525574 0.00199741 0.00214059 0.00189244 0.00177481 0.00189398 0.00188758 0.00267064 0.00230539 0.0016836 0.00144128 0.00155995 0.00146255 0.00142548 0.00139778 0.00176575 0.00182089 0.0014097 0.00163968 0.00131473
threshold=86.36999893188478 53.715000152587898 32.43499946594239 -0.016968594211858649 9.1880515301296573 -0.0052627390018542492 0.46280677280037652 0.0099403208024698517 -0.95319701289885106 47.734374292129608 5.0157821103304068 0.89621418742210313 -0.028826166623992348 -0.0067286782649106491 58.745000839233406 50.115055375844229 56.64676322790892 -0.0071340155826025492 0.59375822435632419 94.284131328737843 0.24047714751564722 0.98602456459600574 19.040360513085385 3.7114778485310804 11.105252998902351 65.52460733038636
decision_type=10 10 8 10 10 10 10 8 8 8 10 10 10 10 2 10 8 10 10 10 8 10 10 8 10 10
left_child=1 2 19 -3 5 -5 -7 9 -9 10 16 12 14 -14 -12 -6 17 -4 -19 -1 25 23 -23 24 -22 -11
right_child=-2 3 7 4 15 6 -8 8 -10 20 11 -13 13 -15 -16 -17 -18 18 -20 -21 21 22 -24 -25 -26 -27
leaf_value=-3.3729263852652924e-05 0.00053957919732662216 0 -3.6243067309553417e-05 0.00026164568249500508 9.9416825721157748e-05 -4.4292322364181314e-06 0.00018571689142460809 3.9447310852690787e-05 -4.7274493022134208e-05 4.2360131945359614e-05 0.00016591923266327203 0.00012627341580378576 8.7207571190808932e-05 -1.4331427502183131e-05 9.7212669424091696e-07 -1.4415446707355847e-05 -7.2835944862411297e-05 4.7073708775140289e-06 8.5216655458595663e-05 -7.1053682840811983e-05 2.8004523577824354e-05 -7.6986168936840033e-06 0.00010861632405841757 5.4795282197236559e-05 -3.2454653630715008e-05 -3.8654988151044049e-05
leaf_weight=1333 55 76 140 101 55 57 87 82 451 227 52 63 88 291 55 71 67 255 88 410 121 68 58 55 1108 61
leaf_count=1333 55 76 140 101 55 57 87 82 451 227 52 63 88 291 55 71 67 255 88 410 121 68 58 55 1108 61
internal_value=-1.84704e-06 -7.36928e-06 -1.72958e-05 0.000103742 0.000126114 0.000172815 0.000105693 -3.68485e-06 -3.26413e-05 1.58763e-06 1.8445e-05 3.92088e-05 2.65007e-05 7.43629e-06 8.75821e-05 2.98305e-05 -1.03207e-06 7.50904e-06 2.7373e-05 -4.29045e-05 -8.91827e-06 -1.58872e-05 4.04017e-05 -2.19472e-05 -2.59422e-05 2.28113e-05
internal_weight=5575 5520 5073 447 371 245 144 3330 533 2797 1099 549 486 379 107 126 550 483 343 1743 1698 1410 126 1284 1229 288
internal_count=5575 5520 5073 447 371 245 144 3330 533 2797 1099 549 486 379 107 126 550 483 343 1743 1698 1410 126 1284 1229 288
is_linear=0
shrinkage=0.0162856


Tree=53
num_leaves=27
num_cat=0
split_feature=56 56 21 2 56 45 7 73 9 31 18 9 18 36 59 53 56 66 31 81 56 71 83 81 6 70
split_gain=0.0564886 0.0237967 0.00828484 0.00719998 0.00678645 0.00621242 0.00466615 0.00246409 0.00190611 0.00260779 0.00217674 0.00223872 0.00195266 0.00204416 0.00190552 0.00183315 0.00176373 0.0016306 0.0018025 0.00161122 0.00151131 0.00146142 0.0013572 0.001347 0.00207619 0.00134964
threshold=89.794998168945327 52.469999313354499 0.020618505335116555 35.055000305175788 32.514999389648445 -0.010067264162952248 0.0033310464404105503 -0.090346355830177597 -0.59400419988734743 0.0053438775889349506 -0.018357510411585499 -2.1156955664058117 0.016717933159037305 41.455069373562601 -0.034655099889447587 -0.039590662503780495 47.864999771118171 3.4088616622621299 -0.0015664027229446 0.11812045232364742 44.57500076293946 18.384999275207523 14.148711656409537 0.11533086549581183 0.0031465213688344003 13.84500026702881
decision_type=10 10 10 2 8 10 10 10 8 10 10 10 10 10 10 8 8 8 10 10 10 10 10 10 8 10
left_child=1 4 3 -3 -1 -5 -7 16 9 10 11 -9 13 -12 15 -10 -6 -14 -19 -16 21 -11 -21 24 -17 -25
right_child=-2 2 -4 5 7 6 -8 8 14 20 12 -13 17 -15 19 23 -18 18 -20 22 -22 -23 -24 25 -26 -27
leaf_value=-4.4652005148936167e-05 0.00053211362991359402 0.00034272787101638681 -6.1447686820771737e-06 0 7.8467348513272894e-06 0.00024365267455031707 4.2384434556833652e-05 0 -0.00011346765421836522 -5.0261019452404672e-05 4.5067092485123727e-05 0.00011368378830394651 0 -4.7838049911636217e-05 7.1125329922824989e-05 -0.00013548225557239422 0.00010859377068761996 0.00015229778749799013 1.7507907705557233e-05 4.8242662037709704e-05 -0.00010934414459692635 3.7435898446552598e-05 -1.2004772280717326e-05 1.2360426293821644e-05 0 -2.6754987375985672e-05
leaf_weight=1558 52 52 96 71 142 101 57 56 67 108 86 131 94 197 81 69 83 59 72 110 54 89 847 290 62 891
leaf_count=1558 52 52 96 71 142 101 57 56 67 108 86 131 94 197 81 69 83 59 72 110 54 89 847 290 62 891
internal_value=-1.808e-06 -6.96245e-06 0.000117705 0.000162459 -1.623e-05 0.000118482 0.000175417 -3.6965e-06 -7.3652e-06 1.18278e-05 2.86057e-05 7.66794e-05 9.55226e-06 -1.71744e-05 -1.51617e-05 -2.77275e-05 4.80764e-05 4.62214e-05 8.34838e-05 8.70089e-07 -3.18877e-05 -7.15253e-06 -4.36003e-06 -2.28224e-05 -7.39446e-05 -1.65678e-05
internal_weight=5575 5523 377 281 5146 229 158 3588 3363 946 695 187 508 283 2417 1379 225 225 131 1038 251 197 957 1312 131 1181
internal_count=5575 5523 377 281 5146 229 158 3588 3363 946 695 187 508 283 2417 1379 225 225 131 1038 251 197 957 1312 131 1181
is_linear=0
shrinkage=0.0162856


Tree=54
num_leaves=27
num_cat=0
split_feature=56 2 56 73 56 8 52 75 38 71 4 4 51 63 6 11 13 51 22 62 79 52 50 49 7 73
split_gain=0.0666853 0.0367383 0.0129219 0.00593195 0.0035011 0.00288271 0.00313786 0.00260742 0.00259345 0.00338424 0.00227863 0.00330575 0.00230559 0.00196067 0.00195218 0.00191975 0.00174649 0.00247938 0.00244 0.00233332 0.00218795 0.00283335 0.00173404 0.00240837 0.00212773 0.00167057
threshold=64.259998321533217 29.914999961853031 40.335000991821296 -0.0030007869747613997 32.514999389648445 46.125714234320434 32.160989186681157 0.051173974928610512 27.26753699204502 27.909999847412113 0.041697522946448608 -0.0083375598219417989 19.284391209373329 -0.024027837815863599 -0.0019527418064157998 0.81153459159149255 59.190882500024813 4.1633821636054344 62.2600283339508 0.038316236897064058 0.31523669877543276 17.476702283798055 63.494793751737824 0.0062856586182622005 -0.00028770243430669996 -0.00080777942343974985
decision_type=10 2 10 10 8 10 10 10 10 10 10 10 10 10 10 10 8 8 8 10 10 10 8 10 10 10
left_child=2 -2 4 -3 -1 6 7 14 9 13 11 -7 -13 -8 -4 16 17 20 22 -18 21 -6 23 -19 -24 -21
right_child=1 3 5 -5 15 10 8 -9 -10 -11 -12 12 -14 -15 -16 -17 19 18 -20 25 -22 -23 24 -25 -26 -27
leaf_value=-4.2713332287723957e-05 0.0006561149175815335 0.00025791613934833649 1.6508273178792005e-06 4.3506704180807401e-05 1.8673000456782324e-06 6.6655014418013066e-05 0 -6.9112648112107519e-05 0 0.00025336248106694277 0.00011243269851378912 3.6522462560464602e-06 -7.860234199929644e-05 0.00013026505282591371 0.00013440688494404925 -3.5775823467355335e-05 -3.1480077544705849e-05 1.2016524968178786e-05 0.00012280922499675816 -6.9818674639311576e-07 1.7979477996152413e-05 -9.9414494933084812e-05 2.8638026098019249e-05 0.00011504870225373123 -9.3889086308361142e-05 0.00010909561249505542
leaf_weight=1566 54 76 87 79 130 167 51 58 58 54 59 296 122 101 55 652 766 260 75 73 255 137 72 87 68 56
leaf_count=1566 54 76 87 79 130 167 51 58 58 54 59 296 122 101 55 652 766 260 75 73 255 137 72 87 68 56
internal_value=1.00985e-06 0.000286436 -1.0107e-05 0.000153102 -2.32694e-05 3.91296e-05 7.05168e-05 1.76451e-05 0.00010796 0.000135185 1.54454e-05 4.48302e-06 -1.87145e-05 8.86352e-05 5.79295e-05 -1.14345e-05 -3.0672e-06 1.04197e-05 3.45222e-05 -2.01702e-05 -1.42132e-05 -4.75322e-05 1.95069e-05 3.98381e-05 -2.59731e-05 4.16509e-05
internal_weight=5514 209 5305 155 4197 1108 464 200 264 206 644 585 418 152 142 2631 1979 1084 562 895 522 267 487 347 140 129
internal_count=5514 209 5305 155 4197 1108 464 200 264 206 644 585 418 152 142 2631 1979 1084 562 895 522 267 487 347 140 129
is_linear=0
shrinkage=0.0162856


Tree=55
num_leaves=27
num_cat=0
split_feature=57 56 36 58 18 13 45 72 10 38 11 75 49 45 20 7 45 71 77 54 54 29 77 53 7 31
split_gain=0.0682256 0.0229614 0.0079885 0.00728801 0.00575136 0.00394496 0.00357979 0.0047544 0.00280363 0.00249741 0.00181741 0.00170229 0.00227302 0.00199837 0.00185714 0.0021801 0.00203695 0.00169253 0.00158703 0.00152366 0.00245369 0.00149226 0.001412 0.00126591 0.00122038 0.00280763
threshold=93.27500152587892 51.239999771118171 57.838978634157343 37.364999771118171 -0.011988351353292797 59.190882500024813 -0.0034574128292111993 23.520000457763675 1.770825727205064 22.677387509775929 0.54227696719540464 -0.031546344547902096 0.0024177072965294003 -0.0095279631159224994 0.023429922275003803 -0.012859377374315998 0.005738896910104401 17.760000228881839 0.019460486067581703 1220.3250000000003 1132.1112487792973 312.94999694824224 -0.039435612853335487 -0.052120804198780048 -0.0040284717532003992 0.0018749950246630001
decision_type=10 10 10 10 10 8 10 10 2 10 10 10 10 10 10 10 10 8 10 10 8 10 10 10 10 10
left_child=1 3 6 5 -4 8 9 -8 11 -3 -10 22 14 -14 15 -13 21 -7 -16 20 -15 -17 -1 -19 25 -5
right_child=-2 2 4 24 -6 17 7 -9 10 -11 -12 12 13 19 18 16 -18 23 -20 -21 -22 -23 -24 -25 -26 -27
leaf_value=-0.00010562832696800345 0.00055656915066866399 7.0255325509106239e-05 0.00035464375984937588 8.207976594841133e-05 0.00011753813240034001 -4.9138520928164465e-05 0 0.00018203423746153706 9.3776017535373359e-05 -8.0069165950994451e-05 0 2.262490411695023e-05 -5.5579706735482918e-05 2.6112491653365471e-05 7.5475890403477706e-05 -0.00015816836072199162 5.1238746639003091e-06 -9.0060416908909469e-05 -3.3534479782659207e-05 0 0.00015320027903180706 -5.4068816993103661e-05 -2.3777490504333788e-05 -1.2635213033449447e-05 7.4745736871578509e-06 0
leaf_weight=81 58 54 54 240 81 1458 57 94 114 62 111 111 58 140 84 57 91 65 51 135 69 240 314 827 615 193
leaf_count=81 58 54 54 240 81 1458 57 94 114 62 111 111 58 140 84 57 91 65 51 135 69 240 314 827 615 193
internal_value=1.01265e-06 -4.77035e-06 0.000113494 -1.43139e-05 0.000217533 -2.44013e-05 5.82959e-05 0.000110822 -4.67241e-06 -4.16511e-06 4.81063e-05 -1.34523e-05 -1.78514e-06 2.77708e-05 -2.16105e-05 -3.67367e-05 -5.54913e-05 -3.8011e-05 2.92044e-05 4.38263e-05 7.13755e-05 -7.63768e-05 -4.23096e-05 -1.90509e-05 2.35889e-05 4.48865e-05
internal_weight=5514 5456 402 5054 135 4006 267 151 1656 116 225 1431 1036 402 634 499 388 2350 135 344 209 297 395 892 1048 433
internal_count=5514 5456 402 5054 135 4006 267 151 1656 116 225 1431 1036 402 634 499 388 2350 135 344 209 297 395 892 1048 433
is_linear=0
shrinkage=0.0162856


Tree=56
num_leaves=27
num_cat=0
split_feature=57 56 2 56 60 59 56 40 76 74 11 13 10 3 85 59 61 3 10 1 54 21 16 73 84 79
split_gain=0.0660216 0.0222345 0.00884712 0.00652318 0.00649115 0.0037628 0.00330373 0.00292393 0.00192192 0.00197535 0.00183465 0.00188939 0.00223316 0.00237591 0.00173992 0.00238394 0.00198388 0.00169927 0.00316662 0.00169771 0.00203244 0.00165635 0.00149731 0.00149215 0.00150282 0.00205287
threshold=93.27500152587892 51.239999771118171 34.465000152587898 40.335000991821296 0.040490995106589107 0.023170661855411955 32.514999389648445 925.24249572753922 -0.051233290227685489 -0.019274401713880295 0.96552856958473798 59.190882500024813 1.8046526913602896 -0.0014485739532171997 6.5000000000000009 0.0065960036799621513 0.011101585685393251 -0.0069663850459535494 2.2381893601039025 26.760000228881839 1089.0812500000004 -0.017042848977113646 6.2225000858306894 -0.036721671211842589 2.5000000000000004 0.12917944897595304
decision_type=10 10 2 10 10 10 8 10 8 10 10 8 2 10 2 10 10 8 2 2 10 10 10 10 2 10
left_child=1 3 -3 6 5 7 22 -4 9 -8 11 12 19 -14 15 -5 -17 18 -13 20 -10 -20 -1 -16 -25 -26
right_child=-2 2 4 14 -6 -7 8 -9 10 -11 -12 17 13 -15 23 16 -18 -19 21 -21 -22 -23 -24 24 25 -27
leaf_value=-4.5562216315216426e-05 0.00054750999903734943 0.0003038900771882699 -0.00011026683509663032 1.4577270569346927e-05 0.00019839946425820603 0.00011664646096366547 0 3.3934742503922933e-05 -9.6694984999129542e-06 -6.9326774078948326e-05 -5.6805785273175657e-05 -3.2396741061610954e-05 0.00014242618408666304 5.7405312623934134e-06 4.8363745686178147e-05 0.00015708666447023019 1.4326501716725258e-05 -3.6065950809415882e-05 0 -4.0619890115817993e-06 0.00011024084926881467 0.00010065621101894024 1.6763669454435797e-05 1.3278567719985432e-05 0 -0.00013206384843785106
leaf_weight=1473 58 57 55 193 90 92 153 108 52 272 165 207 70 87 162 87 53 549 57 831 81 107 93 224 84 54
leaf_count=1473 58 57 55 193 90 92 153 108 52 272 165 207 70 87 162 87 53 549 57 831 81 107 93 224 84 54
internal_value=9.99278e-07 -4.68751e-06 0.000111687 -1.40807e-05 7.79139e-05 3.26745e-05 -2.25302e-05 -1.0517e-05 -1.10241e-05 -4.29357e-05 -4.56399e-06 -2.95617e-09 1.38517e-05 7.10778e-05 2.64962e-05 5.59111e-05 0.000107967 -1.76317e-05 7.7948e-06 3.81644e-06 5.81993e-05 6.27123e-05 -4.14216e-05 6.48883e-06 -1.03543e-05 -5.369e-05
internal_weight=5514 5456 402 5054 345 255 4197 163 2631 425 2206 2041 1121 157 857 333 140 920 371 964 133 164 1566 524 362 138
internal_count=5514 5456 402 5054 345 255 4197 163 2631 425 2206 2041 1121 157 857 333 140 920 371 964 133 164 1566 524 362 138
is_linear=0
shrinkage=0.0162856


Tree=57
num_leaves=27
num_cat=0
split_feature=69 56 56 59 69 73 60 18 4 11 38 59 80 64 7 38 29 51 71 73 68 59 73 84 46 15
split_gain=0.0639204 0.0204909 0.00659197 0.00441363 0.00426516 0.00346576 0.00359285 0.00402313 0.00365894 0.0026058 0.00230382 0.00175792 0.00184821 0.0017078 0.00153759 0.00191125 0.00162446 0.00143491 0.00280317 0.00234628 0.00186138 0.00164415 0.00161797 0.00153488 0.00249753 0.00150861
threshold=85.97398036825787 43.570001602172859 61.000000000000007 0.0057894286758938011 30.555248275716156 -0.090346355830177597 0.0070513718927811006 -0.0070378250239150992 -0.021750394419384197 0.57638108582086633 20.951275410335516 -0.006180206693641649 2.3534288786150044 48.853092002416453 0.024431530860687903 3.4887689185798165 290.15000915527349 5.0157821103304068 24.554999351501468 -0.046679536752836891 32.995249938964854 -0.041506296889305794 -0.018196220643306296 3.5000000000000004 0.00069546188748900012 6.7309999465942392
decision_type=10 10 10 10 8 10 10 10 10 10 10 10 10 10 10 10 8 8 10 10 10 8 10 2 8 10
left_child=1 4 5 -4 -1 -3 10 8 -8 17 11 -7 -13 -12 16 -16 -11 19 21 25 22 -19 -21 -23 -25 -6
right_child=-2 2 3 -5 9 6 7 -9 -10 14 13 12 -14 -15 15 -17 -18 18 -20 20 -22 23 -24 24 -26 -27
leaf_value=-4.6792843058445979e-05 0.00051264856395091102 0.00015085749573096272 7.2897966608712346e-05 0.00025286994096668447 3.8078269151402823e-06 -1.7596317576029576e-05 4.4546094809408564e-05 1.3484002138553786e-05 0.00023523412663760545 -9.9833880673712468e-05 0 8.898565805634914e-06 0.00013721704586684187 -0.00011015328661013909 9.8675770017769084e-05 -1.0179655425160729e-05 -2.5705940530455125e-05 -5.2449486825064479e-05 0.00010618539461039708 -0.00012091099154352835 8.324015923463652e-06 4.1607791419645144e-06 -3.1096437343846564e-05 0 0.00012589548298596006 0.00010982571349300548
leaf_weight=1133 64 74 96 77 170 112 66 156 62 92 61 88 58 73 54 172 1336 101 87 78 189 620 298 66 80 51
leaf_count=1133 64 74 96 77 170 112 66 156 62 92 61 88 58 73 54 172 1336 101 87 78 189 620 298 66 80 51
internal_value=9.92832e-07 -4.89238e-06 6.48706e-05 0.000157006 -1.92684e-05 4.26957e-05 2.9832e-05 7.39789e-05 0.000142316 -9.87717e-06 -4.01584e-07 2.62562e-05 6.4601e-05 -5.68514e-05 -2.45696e-05 1.27984e-05 -3.09652e-05 3.69418e-06 1.74182e-05 -1.20886e-05 -3.03153e-05 7.71429e-06 -5.15651e-05 1.65465e-05 6.44229e-05 3.13962e-05
internal_weight=5514 5450 923 173 4527 750 676 284 128 3394 392 258 146 134 1654 226 1428 1740 954 786 565 867 376 766 146 221
internal_count=5514 5450 923 173 4527 750 676 284 128 3394 392 258 146 134 1654 226 1428 1740 954 786 565 867 376 766 146 221
is_linear=0
shrinkage=0.0162856


Tree=58
num_leaves=27
num_cat=0
split_feature=57 56 32 25 56 51 69 18 11 63 85 46 17 66 4 41 10 85 35 51 0 20 20 73 49 46
split_gain=0.0622084 0.020856 0.00781059 0.00619274 0.00614131 0.00488288 0.00336089 0.00219845 0.00211068 0.00177116 0.00169143 0.00274062 0.00238014 0.0016626 0.00165343 0.00162597 0.001653 0.00157268 0.00153795 0.00161999 0.00320256 0.00240563 0.00214679 0.00187599 0.00192489 0.00159918
threshold=93.27500152587892 51.239999771118171 0.015469112712343252 0.17464330323633767 40.335000991821296 -39.208752816540247 30.555248275716156 0.013150002211181502 0.60526366276912025 -0.00066562782516139984 6.5000000000000009 -0.005985050805767899 0.00059721893917650008 1.2264595388852875 -0.018214020652898146 289.00555899144388 0.88137915652386756 2.5000000000000004 0.010863253031384202 5.0157821103304068 57.264999389648445 -0.028830008146414347 -0.0056364206669208489 -0.046679536752836891 -0.0052985423205526997 0.00081359970001130015
decision_type=10 10 10 10 10 10 8 10 10 10 2 10 10 8 10 8 2 2 8 8 2 10 8 10 10 8
left_child=1 4 3 -3 6 -5 -1 9 18 -7 11 -6 -13 -10 -15 -16 -17 -18 19 23 21 -21 -23 -8 -25 -24
right_child=-2 2 -4 5 10 7 8 -9 13 -11 -12 12 -14 14 15 16 17 -19 -20 20 -22 22 25 24 -26 -27
leaf_value=-4.6030814560491152e-05 0.00053148455416715144 0.00019504955707880836 0.0002991632342510635 0.00017334590337912556 -8.3280589655901254e-06 4.9550743941023693e-06 3.0444657725973927e-05 6.6152441425557809e-05 5.8809209436779143e-05 -0.00010783514523355034 5.9947132454091398e-06 0.00014004299627013735 2.5430989612583288e-05 2.98450731428107e-05 -0.00010910556724756392 2.9566206545572855e-05 0 -4.6525690297675675e-05 -3.9885923371140652e-05 0.00016179351313286769 -4.7098460560944446e-06 -2.1751424807252894e-05 1.4928107721100713e-05 1.651017836263391e-05 -5.3792314908852856e-05 0.00011991404667164957
leaf_weight=1133 58 91 52 53 105 67 176 78 52 61 524 116 112 98 83 99 229 866 222 56 455 91 96 135 314 92
leaf_count=1133 58 91 52 53 105 67 176 78 52 61 524 116 112 98 83 99 229 866 222 56 455 91 96 135 314 92
internal_value=9.88256e-07 -4.5282e-06 0.000108175 7.78109e-05 -1.36294e-05 3.3946e-05 -2.18305e-05 0 -1.2657e-05 -4.34398e-05 2.57315e-05 5.47208e-05 8.67687e-05 -2.7134e-05 -3.08855e-05 -3.60851e-05 -3.04306e-05 -3.64835e-05 0 6.21571e-06 2.20393e-05 6.04195e-05 3.75921e-05 -1.26855e-05 -3.11238e-05 6.99721e-05
internal_weight=5514 5456 402 350 5054 259 4197 206 3064 128 857 333 228 1427 1375 1277 1194 1095 1637 1415 790 335 279 625 449 188
internal_count=5514 5456 402 350 5054 259 4197 206 3064 128 857 333 228 1427 1375 1277 1194 1095 1637 1415 790 335 279 625 449 188
is_linear=0
shrinkage=0.0162856


end of trees

feature_importances:
OVX_close=108
OVX_low=85
CLF_high=50
CLF_bollinger_pband=48
CLF_low=43
CLF_ema_12=40
OVX_high=37
ESF_log_return=35
CLF_return_lag_1=33
GCF_log_return=33
VIX_log_return=33
NGF_return_lag_3=32
CLF_macd=31
NGF_bollinger_pband=30
CLF_rsi=29
NGF_return_lag_5=29
ESF_bollinger_pband=29
month=27
CLF_return_lag_5=26
CLF_close=24
NGF_return_lag_1=23
OVX_bollinger_pband=23
CLF_log_return=21
CLF_return_lag_3=21
CLF_atr=21
VIX_ema_12=21
GCF_rsi=19
ESF_macd=19
OVX_return_lag_1=19
CLF_sma_20=18
ESF_return_lag_5=18
CLF_return_lag_2=17
VIX_return_lag_3=17
GCF_bollinger_pband=16
ESF_atr=16
ESF_return_lag_3=15
OVX_ema_12=15
VIX_return_lag_2=15
GCF_return_lag_3=14
GCF_macd=14
ESF_return_lag_1=14
OVX_return_lag_2=14
VIX_bollinger_pband=14
NGF_macd=13
GCF_return_lag_5=13
OVX_log_return=13
VIX_return_lag_5=13
VIX_macd=13
GCF_return_lag_1=12
ESF_rsi=12
ESF_sma_20=12
OVX_sma_20=12
VIX_sma_20=12
NGF_return_lag_2=11
GCF_atr=11
ESF_return_lag_2=11
NGF_log_return=10
GCF_sma_20=10
NGF_sma_20=9
OVX_return_lag_5=9
OVX_rsi=9
NGF_rsi=8
GCF_return_lag_2=8
OVX_atr=8
VIX_low=8
OVX_return_lag_3=7
VIX_high=7
NGF_low=6
GCF_ema_12=6
ESF_high=6
ESF_low=6
VIX_close=6
GCF_high=5
ESF_close=5
VIX_rsi=5
GCF_close=4
ESF_ema_12=4
OVX_macd=4
VIX_return_lag_1=4
dayofweek=4
NGF_close=3
NGF_high=3
VIX_atr=3
NGF_ema_12=2
GCF_low=1

parameters:
[boosting: gbdt]
[objective: regression]
[metric: rmse]
[tree_learner: serial]
[device_type: cpu]
[data_sample_strategy: bagging]
[data: ]
[valid: ]
[num_iterations: 59]
[learning_rate: 0.0162856]
[num_leaves: 27]
[num_threads: 0]
[seed: 42]
[deterministic: 0]
[force_col_wise: 0]
[force_row_wise: 0]
[histogram_pool_size: -1]
[max_depth: -1]
[min_data_in_leaf: 51]
[min_sum_hessian_in_leaf: 0.001]
[bagging_fraction: 0.869822]
[pos_bagging_fraction: 1]
[neg_bagging_fraction: 1]
[bagging_freq: 6]
[bagging_seed: 400]
[bagging_by_query: 0]
[feature_fraction: 0.639098]
[feature_fraction_bynode: 1]
[feature_fraction_seed: 30056]
[extra_trees: 0]
[extra_seed: 12879]
[early_stopping_round: 0]
[early_stopping_min_delta: 0]
[first_metric_only: 0]
[max_delta_step: 0]
[lambda_l1: 0.0422168]
[lambda_l2: 0.0314578]
[linear_lambda: 0]
[min_gain_to_split: 0]
[drop_rate: 0.1]
[max_drop: 50]
[skip_drop: 0.5]
[xgboost_dart_mode: 0]
[uniform_drop: 0]
[drop_seed: 17869]
[top_rate: 0.2]
[other_rate: 0.1]
[min_data_per_group: 100]
[max_cat_threshold: 32]
[cat_l2: 10]
[cat_smooth: 10]
[max_cat_to_onehot: 4]
[top_k: 20]
[monotone_constraints: ]
[monotone_constraints_method: basic]
[monotone_penalty: 0]
[feature_contri: ]
[forcedsplits_filename: ]
[refit_decay_rate: 0.9]
[cegb_tradeoff: 1]
[cegb_penalty_split: 0]
[cegb_penalty_feature_lazy: ]
[cegb_penalty_feature_coupled: ]
[path_smooth: 0]
[interaction_constraints: ]
[verbosity: -1]
[saved_feature_importance_type: 0]
[use_quantized_grad: 0]
[num_grad_quant_bins: 4]
[quant_train_renew_leaf: 0]
[stochastic_rounding: 1]
[linear_tree: 0]
[max_bin: 255]
[max_bin_by_feature: ]
[min_data_in_bin: 3]
[bin_construct_sample_cnt: 200000]
[data_random_seed: 175]
[is_enable_sparse: 1]
[enable_bundle: 1]
[use_missing: 1]
[zero_as_missing: 0]
[feature_pre_filter: 0]
[pre_partition: 0]
[two_round: 0]
[header: 0]
[label_column: ]
[weight_column: ]
[group_column: ]
[ignore_column: ]
[categorical_feature: ]
[forcedbins_filename: ]
[precise_float_parser: 0]
[parser_config_file: ]
[objective_seed: 16083]
[num_class: 1]
[is_unbalance: 0]
[scale_pos_weight: 1]
[sigmoid: 1]
[boost_from_average: 1]
[reg_sqrt: 0]
[alpha: 0.9]
[fair_c: 1]
[poisson_max_delta_step: 0.7]
[tweedie_variance_power: 1.5]
[lambdarank_truncation_level: 30]
[lambdarank_norm: 1]
[label_gain: ]
[lambdarank_position_bias_regularization: 0]
[eval_at: ]
[multi_error_top_k: 1]
[auc_mu_weights: ]
[num_machines: 1]
[local_listen_port: 12400]
[time_out: 120]
[machine_list_filename: ]
[machines: ]
[gpu_platform_id: -1]
[gpu_device_id: -1]
[gpu_use_dp: 0]
[num_gpu: 1]

end of parameters

pandas_categorical:[]
