tree
version=v4
num_class=1
num_tree_per_iteration=1
label_index=0
max_feature_idx=94
objective=regression
feature_names=CLF_close CLF_high CLF_low CLF_log_return CLF_return_lag_1 CLF_return_lag_2 CLF_return_lag_3 CLF_return_lag_5 CLF_rsi CLF_macd CLF_atr CLF_bollinger_pband CLF_sma_20 CLF_ema_12 NGF_close NGF_high NGF_low NGF_log_return NGF_return_lag_1 NGF_return_lag_2 NGF_return_lag_3 NGF_return_lag_5 NGF_rsi NGF_macd NGF_atr NGF_bollinger_pband NGF_sma_20 NGF_ema_12 GCF_close GCF_high GCF_low GCF_log_return GCF_return_lag_1 GCF_return_lag_2 GCF_return_lag_3 GCF_return_lag_5 GCF_rsi GCF_macd GCF_atr GCF_bollinger_pband GCF_sma_20 GCF_ema_12 ESF_close ESF_high ESF_low ESF_log_return ESF_return_lag_1 ESF_return_lag_2 ESF_return_lag_3 ESF_return_lag_5 ESF_rsi ESF_macd ESF_atr ESF_bollinger_pband ESF_sma_20 ESF_ema_12 OVX_close OVX_high OVX_low OVX_log_return OVX_return_lag_1 OVX_return_lag_2 OVX_return_lag_3 OVX_return_lag_5 OVX_rsi OVX_macd OVX_atr OVX_bollinger_pband OVX_sma_20 OVX_ema_12 VIX_close VIX_high VIX_low VIX_log_return VIX_return_lag_1 VIX_return_lag_2 VIX_return_lag_3 VIX_return_lag_5 VIX_rsi VIX_macd VIX_atr VIX_bollinger_pband VIX_sma_20 VIX_ema_12 dayofweek month CLF_return_lag_10 CLF_return_lag_15 CLF_return_lag_20 CLF_momentum_10 CLF_momentum_20 CLF_realvol_5 CLF_realvol_10 CLF_realvol_20 CLF_dist_sma50
feature_infos=[10.010000228881836:145.28999328613281] [13.689999580383301:147.27000427246094] [-16.739999771118164:143.22000122070312] [-0.28220613410748507:0.31963363001506739] [-3.0596606527245438:0.37662331847024161] [-3.0596606527245438:0.37662331847024161] [-3.0596606527245438:0.37662331847024161] [-3.0596606527245438:0.37662331847024161] [13.38643652311714:83.210323620614091] [-9.8281223802334967:7.97885172563943] [0:10.452948508274901] [-0.41281397817354781:1.4043454832463376] [15.709000062942504:138.99549942016603] [12.291231566310916:140.80144695919438] [1.4819999933242798:15.378000259399414] [1.5670000314712524:15.779999732971191] [1.4320000410079956:14.85099983215332] [-0.30047975442423092:0.38172674938692641] [-0.25953710489588089:0.46481176972812022] [-0.25953710489588089:0.46481176972812022] [-0.25953710489588089:0.46481176972812022] [-0.25953710489588089:0.46481176972812022] [18.044605362972419:90.712653795761199] [-1.1013067389130224:1.0014697105002559] [0:0.90881418667804525] [-0.39331285298471508:1.5222821752089954] [1.660400003194809:13.632850074768069] [1.6222197076543536:13.996008695092531] [255.1000061035156:4529.10009765625] [256.10000610351562:4556.2998046875] [255:4502] [-0.098205791666101896:0.086431656660303502] [-0.093537657837483301:0.090276852010222106] [-0.093537657837483301:0.090276852010222106] [-0.093537657837483301:0.090276852010222106] [-0.093537657837483301:0.090276852010222106] [16.555741582929272:87.904153828387336] [-54.381705690513854:161.0150279738391] [0:97.227721193022717] [-0.45381279025607418:1.4579485613048675] [259.26999816894534:4320.8700195312504] [258.77246879729984:4383.5456758642604] [676:6982.5] [694.75:6994] [665.75:6969] [-0.109552441509657:0.1320221173165245] [-0.1037648367952522:0.14113355780022441] [-0.1037648367952522:0.14113355780022441] [-0.1037648367952522:0.14113355780022441] [-0.1037648367952522:0.14113355780022441] [14.108148414180109:88.011432871879066] [-229.5234008326338:118.85145603935509] [0:225.50356219258967] [-0.49529788249361201:1.2895570765549609] [736.25:6875.5395019531252] [720.46685627641943:6903.9879961157712] [14.5:325.14999389648438] [14.869999885559082:517.19000244140625] [13.930000305175779:213.58999633789065] [-0.62225072502498813:0.63607329626369979] [-0.4632649658851884:1.3577311672249306] [-0.4632649658851884:1.3577311672249306] [-0.4632649658851884:1.3577311672249306] [-0.4632649658851884:1.3577311672249306] [22.645342283431063:92.248920880423697] [-20.638006536848678:35.412549322046047] [0:82.552051007336871] [-0.30576588235305752:1.565497204701664] [15.597999954223631:166.58600044250488] [15.225394406259817:187.36498022544225] [9.1400003433227539:82.69000244140625] [9.3100004196166992:89.529998779296875] [8.5600004196166992:72.760002136230469] [-0.44244875916441467:0.76824502946630258] [-0.35753873962348431:1.1559792516603906] [-0.35753873962348431:1.1559792516603906] [-0.35753873962348431:1.1559792516603906] [-0.35753873962348431:1.1559792516603906] [24.368040061278009:91.037512365341044] [-5.4502543009591307:14.577704716716717] [0.5483063062588599:13.271699221808236] [-0.23851463087285141:1.5609696354247931] [9.7824999809265112:65.028999710083013] [9.7214706984371517:68.422373952761433] [0:4] [1:12] [-0.28220613410748518:0.31963363001506739] [-0.28220613410748518:0.31963363001506739] [-0.28220613410748518:0.31963363001506739] [-0.95758411794062359:0.89753446534147729] [-0.96168544205059403:1.1776554731432445] [0.0015391729319317131:0.22758954842507639] [0.0035652073958543731:0.17098876614584096] [0.0063917105559248419:0.12896381820180192] [-0.69158244216421294:0.65840605204963121]
tree_sizes=3406 3445 3469 3434 3444 3434 3444 3446 3457 3449 3428 3433 3447 3462 3459 3436 3418 3437 3441 3456 3453 3462 3476 3466 3457 3453 3460 3446 3436

Tree=0
num_leaves=35
num_cat=0
split_feature=80 69 65 89 24 56 15 65 39 51 42 94 9 12 94 94 66 37 78 82 0 13 24 89 80 83 51 80 38 80 18 89 37 51
split_gain=0.161455 0.187876 0.0708712 0.0683137 0.0896189 0.0791185 0.0629378 0.0566462 0.051706 0.0553984 0.0486179 0.0451333 0.0380531 0.0359438 0.03531 0.0348439 0.0341562 0.0320677 0.0332742 0.0271128 0.0436962 0.0250647 0.0250428 0.0321017 0.0262718 0.0260355 0.0233492 0.0404174 0.0343791 0.0311665 0.0232294 0.0201592 0.0214112 0.0199985
threshold=6.1449351249640829 67.981346650244305 3.3217349078434393 -0.11369094242387841 0.45761162350009316 41.475000381469734 5.8504998683929452 1.8596437848211702 0.87212657750494615 -4.5953023220408786 1244.8750000000002 -0.024726019145698719 -2.1156955664058117 87.259749603271487 -0.014816725897077188 0.10652950817117469 3.8933550067848786 10.761936752616522 55.213823822172913 30.05850009918213 26.530000686645511 75.007547313786702 0.12641350255487119 -0.037338039552349891 2.5868970439056613 14.443970418552128 -1.4171433089690024 2.0031589162107908 4.2778282841731441 1.2597952460244788 -0.018969616475741698 0.020703132293146586 11.269180400260156 -3.0636552273662114
decision_type=8 10 10 10 10 10 10 10 8 10 10 10 10 10 10 10 8 10 10 10 2 10 10 10 10 10 10 10 10 10 10 10 10 10
left_child=1 2 3 16 5 6 8 11 12 -10 -6 -7 -5 14 -12 26 -1 19 21 20 -14 -19 33 -24 25 -25 27 -8 -28 -30 -13 -11 -33 -22
right_child=-2 -3 -4 4 10 7 15 -9 9 31 13 30 17 -15 -16 -17 -18 18 -20 -21 22 -23 23 24 -26 -27 28 -29 29 -31 -32 32 -34 -35
leaf_value=0.00072772479985272693 -0.0007796212469604035 0.0021068365935636869 -0.00012935401019959912 2.5059867772263137e-05 -0.0004155027995567808 0.00020222801296476998 0.00032069869628249478 0.0016012640255879387 -0.00038933341486853997 0.00060424792305884966 0.0010033108562605053 0.0014228721948812109 0.0013518595814847271 -9.7253247629169718e-05 0.00012948020188061901 0.00038445429670008627 0.0015888215721639523 0.00074855926270336989 -0.00021833090480677679 0.00015621123636419326 9.3220420981142719e-05 0.00021022202048202795 0.0012077388380193404 0.00099689869502464523 0.0012044769167989353 0.0005197221518578848 0.0016104442445336346 0.0012360015299483903 0.00058646994065563037 0.0013383118124911529 0.0008317794534364023 0.0004724362156184715 -0.00019685724565548113 0.00058740363735738065
leaf_weight=102 103 104 161 143 138 114 142 148 137 287 132 113 120 135 101 151 130 232 98 120 116 199 177 181 109 651 131 103 155 122 305 130 109 804
leaf_count=102 103 104 161 143 138 114 142 148 137 287 132 113 120 135 101 151 130 232 98 120 116 199 177 181 109 651 131 103 155 122 305 130 109 804
internal_value=0.000601311 0.000624685 0.000598915 0.000619041 0.000594516 0.000638892 0.000584454 0.000992415 0.000521742 0.000240804 0.000147652 0.000822623 0.000584913 0.000359409 0.000624344 0.00086618 0.00121085 0.000613472 0.000366558 0.000670838 0.00069951 0.000499973 0.000661005 0.00077297 0.000691035 0.00062359 0.000977644 0.000705658 0.00114076 0.00091788 0.000992001 0.000405338 0.00016662 0.000524957
internal_weight=6203 6100 5996 5835 5603 5097 4417 680 3613 663 506 532 2950 368 233 804 232 2807 529 2278 2158 431 2038 1118 941 832 653 245 408 277 418 526 239 920
internal_count=6203 6100 5996 5835 5603 5097 4417 680 3613 663 506 532 2950 368 233 804 232 2807 529 2278 2158 431 2038 1118 941 832 653 245 408 277 418 526 239 920
is_linear=0
shrinkage=1


Tree=1
num_leaves=35
num_cat=0
split_feature=12 80 89 10 22 65 56 65 91 9 89 67 54 52 39 50 24 27 1 92 26 79 2 65 72 30 94 13 37 91 65 72 24 8
split_gain=0.156225 0.221009 0.0957632 0.0885078 0.0803559 0.0755298 0.113091 0.0655331 0.0589976 0.0438833 0.0576761 0.0434036 0.0433379 0.0582705 0.0365144 0.0559771 0.0456697 0.0447431 0.0339861 0.0307622 0.0277853 0.0237487 0.02262 0.0255647 0.0325546 0.023807 0.019777 0.0410942 0.0263745 0.0259951 0.0250616 0.0197163 0.0194797 0.0189758
threshold=21.889500045776369 5.6893461648970982 -0.13723255575324997 4.4723422293795085 52.458346851037284 3.3217349078434393 41.475000381469734 1.8596437848211702 0.031008250647717287 0.2520009048408518 -0.028548003676144507 0.85871995792572464 883.51250000000016 10.620482098111021 0.86482697938756148 47.185942933755307 0.4300499401290202 7.7683670471444977 27.005000114440922 0.022253938067300603 2.4020250052213674 0.49547954372151359 89.939998626708999 0.53929239466326717 16.204999923706058 311.89999389648443 0.033566177050547166 44.928036804610961 7.0659413607038468 0.013272402515870101 -1.0556511653858001 11.914999961853029 0.14493934601274183 48.802459942538668
decision_type=8 8 10 2 10 10 10 10 10 10 10 10 10 10 10 10 10 10 2 10 10 10 2 10 10 8 10 10 8 10 8 10 10 10
left_child=-1 2 -2 5 -5 6 11 8 9 10 -8 12 -4 -14 16 -16 17 18 -15 -11 -20 -13 23 25 -25 -22 27 -27 30 -28 -29 -32 -33 -17
right_child=1 -3 3 4 -6 -7 7 -9 -10 19 -12 21 13 14 15 33 -18 -19 20 -21 22 -23 -24 24 -26 26 29 28 -30 -31 31 32 -34 -35
leaf_value=0.0013760588946825423 0.0008367150282534338 -0.0015328191590230375 -0.00070412292960069195 -0.0014229532439540508 -5.1747733648163607e-05 -0.00090317209935335718 0.00032867380981369015 0.0010902574281624147 0.00078387418110061502 0.00078883924768857804 -0.00080477540119235536 -0.00017898979430738674 0.00085160261126190537 0.00066413101393117163 -0.00078442167016539864 0.00022386020272758717 -0.00045920778030913848 0.000796740120171689 -0.00031865032814182406 5.2113923456139204e-06 -0.00028722736711223599 -0.00078631334150794905 -0.00015001554758046522 -0.00065549944786913146 0.00021640877476444405 0.00085653798183542101 0.00032073579284957088 -0.00013441699094792096 -0.00010262859266607586 -8.2497762198806165e-05 2.6441700780792506e-05 0.00029213875409428523 0.00083427085670823183 -0.00018786623285506034
leaf_weight=101 169 117 107 103 109 109 100 146 194 118 125 200 100 109 170 194 208 104 256 131 139 133 490 114 99 141 316 110 241 531 100 150 183 486
leaf_count=101 169 117 107 103 109 109 100 146 194 118 125 200 100 109 170 194 208 104 256 131 139 133 490 114 99 141 316 110 241 531 100 150 183 486
internal_value=4.0936e-06 -1.86642e-05 1.09918e-05 -1.30313e-05 -0.000718893 1.3697e-05 3.19263e-05 0.000414952 0.000266989 5.51052e-05 -0.00030111 -3.46928e-05 -5.00344e-06 1.26686e-05 -7.63304e-06 -0.000213356 4.55062e-05 7.95972e-05 5.44924e-05 0.000377052 3.12785e-05 -0.000422006 6.55825e-05 0.000115342 -0.000250356 0.000156139 0.000190964 0.000303523 0.000203809 6.79636e-05 0.00033984 0.000460378 0.000590513 -7.03346e-05
internal_weight=6203 6102 5985 5816 212 5604 5495 814 668 474 225 4681 4348 4241 4141 850 3291 3083 2979 249 2870 333 2614 2124 213 1911 1772 925 784 847 543 433 333 680
internal_count=6203 6102 5985 5816 212 5604 5495 814 668 474 225 4681 4348 4241 4141 850 3291 3083 2979 249 2870 333 2614 2124 213 1911 1772 925 784 847 543 433 333 680
is_linear=0
shrinkage=0.0352136


Tree=2
num_leaves=35
num_cat=0
split_feature=12 80 89 79 80 24 89 29 41 12 64 72 8 41 41 94 93 26 93 51 0 51 91 90 26 93 80 37 94 10 26 54 1 89
split_gain=0.145441 0.205748 0.0891467 0.0828319 0.0627528 0.0610097 0.0570504 0.0548794 0.0491216 0.0579037 0.0557524 0.0435271 0.045782 0.0431975 0.0405028 0.0491527 0.0470136 0.0357576 0.0354552 0.0330936 0.0320903 0.0320407 0.0347783 0.0431978 0.0388732 0.0300965 0.0292887 0.0339609 0.0219718 0.0219218 0.0207715 0.0500423 0.0240011 0.0204086
threshold=21.889500045776369 5.6893461648970982 -0.13723255575324997 2.5422821163820264 3.6681965856502012 0.4300499401290202 0.035896522707404635 997.95001220703136 1196.1463114855958 48.279249668121345 52.953849895777452 11.675000190734863 39.682809759119415 1326.6570735073992 394.30616461509942 0.017056977959031789 0.016963719389203744 6.7493500113487253 0.019544053026039024 -2.3086533652739258 27.925000190734867 -12.854518425767649 0.033539396588670237 -0.075924535817160077 2.2572000205516818 0.02446113455654295 2.3712727294832407 20.039900644963954 -0.00083993991082270474 2.1395776748403685 3.0486750006675725 1941.4250000000002 89.215000152587905 0.052569626118675279
decision_type=8 8 10 10 10 10 10 10 10 10 10 10 10 10 8 10 10 10 8 10 2 10 10 10 10 10 10 10 10 2 10 10 2 10
left_child=-1 2 -2 4 5 7 -6 14 10 13 29 -7 -13 -10 16 18 -4 -14 -16 -17 -18 -11 23 -23 -25 -19 27 30 -29 -9 -26 32 -32 -22
right_child=1 -3 3 -5 6 11 -8 8 9 21 -12 12 17 -15 15 19 20 25 -20 -21 33 22 -24 24 26 -27 -28 28 -30 -31 31 -33 -34 -35
leaf_value=0.0013277164149991098 0.00080729257574360224 -0.0014789522695082189 -0.00070790416435281085 -0.0010264200291766304 0.00099543375784441916 0.00028844139914325226 1.9507812054327144e-05 -0.00038480285140405019 0.00077580637168530241 -0.00046032412506100514 -0.0010030723984054239 0.00013985280376763254 -0.00022541841680924311 -1.5074946504265228e-05 0.00026752846752438022 -0.00023138453592049654 0.00045687014218494395 -0.0013512550523718605 0.0011364962069181934 0.00033573320508656622 9.4613367575370773e-05 0.00045005442382297912 -0.00066877674779064152 -0.00063778155895744058 0.00014549822633311087 -0.00053389105891417485 0.00036363157523208798 -0.00012059619370222734 -0.00080768772581460738 0.00026618687749688393 0.0005590028722650053 -0.00053027188646999931 -4.3464182151802643e-05 -0.00049966699343930148
leaf_weight=101 169 117 104 98 147 100 150 164 188 236 137 100 121 157 100 173 203 122 140 484 208 235 101 132 657 104 225 117 114 105 101 253 431 109
leaf_count=101 169 117 104 98 147 100 150 164 188 236 137 100 121 157 100 173 203 122 140 484 208 235 101 132 657 104 225 117 114 105 101 253 431 109
internal_value=3.95021e-06 -1.80079e-05 1.06058e-05 -1.25725e-05 4.84183e-06 -2.24688e-05 0.000503023 1.71089e-05 -6.24697e-05 -1.24216e-05 -0.000425478 -0.000375016 -0.000523563 0.000416073 0.000192534 0.000344064 -2.5304e-05 -0.000714776 0.000775137 0.000186339 0.000111435 -6.92767e-05 -3.02199e-05 -1.66917e-06 -5.40193e-05 -0.000976171 -1.33346e-05 -6.40895e-05 -0.000460253 -0.000130609 -5.46263e-07 -0.000122811 7.10719e-05 -0.000109882
internal_weight=6203 6102 5985 5816 5718 5421 297 4874 3353 2947 406 547 447 345 1521 897 624 347 240 657 520 2602 2366 2265 2030 226 1898 1673 231 269 1442 785 532 317
internal_count=6203 6102 5985 5816 5718 5421 297 4874 3353 2947 406 547 447 345 1521 897 624 347 240 657 520 2602 2366 2265 2030 226 1898 1673 231 269 1442 785 532 317
is_linear=0
shrinkage=0.0352136


Tree=3
num_leaves=35
num_cat=0
split_feature=12 80 89 10 22 68 65 66 57 85 89 51 85 37 54 52 82 82 37 78 65 69 8 93 91 8 83 30 82 80 85 82 26 65
split_gain=0.135402 0.19154 0.0829881 0.0803212 0.074296 0.069758 0.0679559 0.0520631 0.0454902 0.0626248 0.0508799 0.0507933 0.0507643 0.038249 0.0346143 0.0533339 0.0306478 0.0260643 0.0250554 0.0412993 0.0337035 0.0272704 0.0257785 0.0354705 0.0250734 0.0227842 0.0233354 0.0216696 0.0212548 0.0203141 0.0177774 0.017489 0.0178941 0.0173647
threshold=21.889500045776369 5.6893461648970982 -0.13723255575324997 4.4723422293795085 52.458346851037284 50.092749977111829 3.1864183872911025 4.1123733689230004 43.495000839233406 7.5000000000000009 -0.028548003676144507 -17.487021805487412 8.5000000000000018 9.1487003248014407 891.74349975585949 10.620482098111021 24.511500072479254 27.657249975204472 11.269180400260156 57.476232909948877 0.86231959762288046 38.905044128265239 49.083509135131045 0.013285966506186268 0.013071065451883872 41.260702283077215 17.960457239277076 1498.9000244140627 23.019500207901004 1.4491523412697787 4.5000000000000009 18.75250000953675 3.0486750006675725 -1.1788196632096051
decision_type=8 8 10 2 10 10 10 10 10 2 10 8 2 10 10 10 10 10 10 10 10 10 10 10 10 10 10 10 10 10 2 10 10 10
left_child=-1 2 -2 5 -5 6 8 -7 11 13 -11 12 28 -10 -13 -16 18 -18 20 25 21 22 23 -17 -24 -20 27 -27 -4 -29 -25 32 -32 -34
right_child=1 -3 3 4 -6 7 -8 -9 9 10 -12 14 -14 -15 15 16 17 -19 19 -21 -22 -23 24 30 -26 26 -28 29 -30 -31 31 -33 33 -35
leaf_value=0.001281072260944114 0.00077890472549341813 -0.001426978382066491 -0.00050679589180829918 -0.001361550429564308 -4.3070981313591963e-05 -8.917256435666087e-05 -0.00093259113626245171 0.00091756978985759916 0.00032730318756486135 0.00054870880155135574 -0.00033520318638232717 -0.00065689898663705358 -0.0011131078860046643 0.0012372474085928585 0.00081432531262103309 -0.0002944560015908304 0.00055463008677668465 -8.558865585985153e-05 0.00038812094201039584 -0.00080708316423929892 -0.00047840617429268327 0.00049115317449463579 9.2971877872965878e-05 0.00059137269974469421 -0.00017817082250397561 -6.4091367952244676e-05 8.4918276552513219e-05 -0.00023929370475187178 0.00021126554620053112 -0.00093969145564586163 0.00039733106132531457 0.00055960349771917066 0.00011018714224467095 -0.00045157006622724183
leaf_weight=101 169 117 103 103 109 99 98 178 125 129 215 98 102 106 100 169 210 126 100 121 164 157 723 166 1018 171 243 100 101 106 148 118 209 101
leaf_count=101 169 117 103 103 109 99 98 178 125 129 215 98 102 106 100 169 210 126 100 121 164 157 723 166 1018 171 243 100 101 106 148 118 209 101
internal_value=3.80778e-06 -1.73789e-05 1.02291e-05 -1.21341e-05 -0.000684559 1.33279e-05 -1.50097e-05 0.000557914 2.22466e-06 0.000297649 -3.52445e-06 -3.42836e-05 -0.000472618 0.000745786 -3.4059e-06 1.16937e-05 -7.68713e-06 0.000314593 -3.61023e-05 -0.00020577 1.18986e-05 4.057e-05 1.38456e-05 0.0001656 -6.55615e-05 -0.000104454 -0.000184054 -0.000357425 -0.000151348 -0.000600462 0.000270474 0.00017775 7.90831e-05 -7.29733e-05
internal_weight=6203 6102 5985 5816 212 5604 5327 277 5229 575 344 4654 306 231 4348 4250 4150 336 3814 841 2973 2809 2652 911 1741 720 620 377 204 206 742 576 458 310
internal_count=6203 6102 5985 5816 212 5604 5327 277 5229 575 344 4654 306 231 4348 4250 4150 336 3814 841 2973 2809 2652 911 1741 720 620 377 204 206 742 576 458 310
is_linear=0
shrinkage=0.0352136


Tree=4
num_leaves=35
num_cat=0
split_feature=12 80 89 65 24 56 65 9 89 51 39 44 15 9 41 90 94 52 36 8 69 94 85 22 67 23 26 26 38 36 17 23 24 79
split_gain=0.126056 0.178314 0.0772546 0.0752669 0.0649325 0.0799101 0.0646117 0.060029 0.064727 0.052465 0.0548993 0.0503853 0.0503804 0.0307537 0.0707822 0.035743 0.0296594 0.0279658 0.0277206 0.0272717 0.0315052 0.025092 0.0329725 0.0230727 0.0385235 0.0201562 0.0197722 0.0268004 0.0193334 0.0189266 0.0202052 0.0182759 0.0170743 0.0166887
threshold=21.889500045776369 5.6893461648970982 -0.13723255575324997 3.3217349078434393 0.45761162350009316 41.475000381469734 1.8596437848211702 -0.024629385765313896 -0.025216749424670445 -19.30086653390617 0.67963753996922149 1247.3750000000002 5.8504998683929452 -1.6121640060120048 1291.2266003443256 -0.065119365334648835 0.1086317026313873 21.66394975125149 62.61348870199366 62.938291438368275 47.527085597356383 -0.070344243102627754 5.5000000000000009 49.164467178461344 0.68636780542697851 -0.21583586068756896 2.5192999899387365 3.0486750006675725 11.096075816487955 36.140117867673915 0.033195958891418458 0.050116495715227957 0.12779809753216254 -0.31704314343145684
decision_type=8 8 10 10 10 10 10 10 10 8 10 10 10 10 8 10 10 10 8 10 10 10 2 10 8 8 10 10 8 8 10 10 10 10
left_child=-1 2 -2 4 5 9 7 8 -7 10 -4 -6 13 14 -11 17 33 -15 25 20 -9 -13 -23 24 -20 -17 -27 32 -25 -29 -31 -30 -28 -14
right_child=1 -3 3 -5 11 6 -8 19 -10 12 -12 21 16 15 -16 18 -18 -19 23 -21 -22 22 -24 28 -26 26 27 29 31 30 -32 -33 -34 -35
leaf_value=0.0012360667630196818 0.0007515151380782562 -0.0013768309745731042 -9.6284696073128771e-05 -0.00085874686621637865 -0.00090284093327553771 0.00040685334860092714 0.0010064791484320449 0.00030461146695889092 -0.00078096979024699074 -0.001154257149144719 -0.0011496080265034848 0.00030761524002148729 0.00065672863758042821 0.00071657383037941798 5.0742158356536661e-05 0.00048560019863918213 -0.00019175195235349071 6.2992196929773943e-05 -0.00020011477850662639 -9.7048881341831154e-06 0.0010444011675600573 0.0001106250681477819 -0.00067790705619254275 0.00036593743531468961 -0.0010224133236365104 -0.00033478944743847684 5.3618146689772702e-05 0.00031089804848415537 9.7976211794854588e-05 -0.00018869634563781337 0.00033593225113733363 -0.00056627750964311104 0.00041397216124536149 0.00025935020268186038
leaf_weight=101 169 117 161 127 153 104 159 152 125 98 99 108 187 138 157 104 138 197 220 105 135 118 148 99 104 216 414 133 103 902 101 102 269 440
leaf_count=101 169 117 161 127 153 104 159 152 125 98 99 108 187 138 157 104 138 197 220 105 135 118 148 99 104 216 414 133 103 902 101 102 269 440
internal_value=3.67262e-06 -1.67696e-05 9.86795e-06 -1.17088e-05 7.23159e-06 4.5253e-05 0.000373587 0.000211186 -0.000241566 -1.3203e-05 -0.000498122 -0.000365003 1.74055e-05 -4.13618e-05 -0.000412914 -1.07822e-05 0.000275251 0.000332609 -5.23891e-05 0.000475717 0.000653246 -0.000144488 -0.00032824 -0.000258042 -0.000464683 8.00138e-06 -1.64499e-05 2.13788e-05 -3.75446e-05 -8.34105e-05 -0.000135779 -0.000232699 0.00019567 0.000378104
internal_weight=6203 6102 5985 5816 5689 5162 780 621 229 4382 260 527 4122 3357 255 3102 765 335 2767 392 287 374 266 628 324 2139 2035 1819 304 1136 1003 205 683 627
internal_count=6203 6102 5985 5816 5689 5162 780 621 229 4382 260 527 4122 3357 255 3102 765 335 2767 392 287 374 266 628 324 2139 2035 1819 304 1136 1003 205 683 627
is_linear=0
shrinkage=0.0352136


Tree=5
num_leaves=35
num_cat=0
split_feature=12 80 79 80 89 0 29 52 26 54 24 94 94 78 43 40 57 89 30 14 40 37 10 24 10 1 39 91 13 36 71 81 26 26
split_gain=0.117354 0.166001 0.0753047 0.0876484 0.0916253 0.0455276 0.0582004 0.0554515 0.0523996 0.0440545 0.0382395 0.0511551 0.0425767 0.0420397 0.0408989 0.0452665 0.0404367 0.0424741 0.0432049 0.0333039 0.064264 0.0302972 0.0299629 0.0267972 0.0247995 0.0246584 0.0235793 0.0184654 0.0183569 0.0178768 0.0140751 0.0213144 0.0182911 0.0236344
threshold=21.889500045776369 5.6893461648970982 2.785761810944511 3.6681965856502012 0.035896522707404635 27.435000419616703 347.65000915527349 10.620482098111021 5.2270750164985662 913.50625000000014 0.49450014228768052 -0.070344243102627754 0.13761654316734542 53.310041789922032 1904.3750000000002 1226.8775054931643 43.495000839233406 -0.026844076366867534 1172.299987792969 5.6115000247955331 1190.2900054931642 -2.2614753537312136 2.3842863426951797 0.22063205078962933 1.8717222330515293 47.719999313354499 0.49414089474507533 0.0069785150250958597 65.979089025960278 64.862161723360842 18.634999275207523 0.22890419960937489 3.0639749884605414 2.2744750082492833
decision_type=8 8 10 10 10 2 8 10 8 10 10 10 10 10 10 8 8 10 10 10 10 8 2 10 2 2 10 10 10 10 10 10 10 10
left_child=-1 2 3 5 -5 -2 8 -8 -7 -9 12 -12 13 16 29 -16 19 25 23 20 -11 -17 -20 -19 -23 -18 -25 -22 -13 -15 32 -32 33 -29
right_child=1 -3 -4 4 -6 6 7 9 -10 10 11 28 -14 14 15 21 17 18 22 -21 27 24 -24 26 -26 -27 -28 30 -30 -31 31 -33 -34 -35
leaf_value=0.001192642374257646 0.00048589614951190696 -0.0013284458462756983 -0.00095242751366664518 0.0011655076207772281 -2.8482827887230666e-05 -8.2738642734994167e-05 0.00080023065698702498 0.00068597534221533204 -0.0010370465916613647 -0.00064875264229123815 0.00023951225398035692 -0.00037562654819987351 -0.00057649832549234049 0.00014328089057081755 -0.0010224165633335234 0.00018227398700205243 0.00099656389490625176 -0.00051751537529145435 0.000951041850321154 0.00044746471545713262 -0.00034355571590395585 -0.00068832485170685883 9.5114892443081604e-05 -0.00028290090612389498 -5.770490393741502e-05 0.00034983582178769551 0.00034689433816368243 -0.00036857971339085947 -0.0010088899902285105 -0.00038141576215440883 -0.00019824056250959671 0.00040630046377079413 -0.00014690121259951781 0.00018895680933089635
leaf_weight=101 223 117 99 166 153 158 105 108 130 195 107 114 156 446 109 152 125 127 104 189 157 183 99 124 134 177 181 109 114 98 98 274 583 688
leaf_count=101 223 117 99 166 153 158 105 108 130 195 107 114 156 446 109 152 125 127 104 189 157 183 99 124 134 177 181 109 114 98 98 274 583 688
internal_value=3.54306e-06 -1.61809e-05 9.52042e-06 2.57413e-05 0.000593179 -6.79399e-06 -2.73781e-05 3.63729e-07 -0.000514076 -1.66329e-05 -3.23385e-05 -0.000395179 -5.35085e-06 1.51476e-05 -0.000170519 -0.000376716 7.96569e-05 0.000274533 0.000110902 0 -4.02373e-05 -0.000226163 0.000534323 -8.82012e-05 -0.000422063 0.000618164 9.07555e-05 2.19829e-05 -0.000693071 4.85941e-05 5.47937e-05 0.000246957 2.94407e-06 0.000112593
internal_weight=6203 6102 5985 5886 319 5567 5344 5056 288 4951 4843 335 4508 4352 1122 578 3230 937 635 2293 2104 469 203 432 317 302 305 1909 228 544 1752 372 1380 797
internal_count=6203 6102 5985 5886 319 5567 5344 5056 288 4951 4843 335 4508 4352 1122 578 3230 937 635 2293 2104 469 203 432 317 302 305 1909 228 544 1752 372 1380 797
is_linear=0
shrinkage=0.0352136


Tree=6
num_leaves=35
num_cat=0
split_feature=12 65 36 89 10 56 23 69 25 51 39 24 27 24 30 69 9 82 36 54 65 40 89 37 55 81 79 51 26 94 83 66 93 51
split_gain=0.109254 0.159724 0.0978096 0.0735716 0.0877883 0.0778273 0.0743078 0.0693693 0.0580377 0.0479241 0.0680235 0.0393276 0.0477393 0.0438986 0.0612564 0.0382688 0.0354375 0.0296552 0.0276762 0.0276023 0.0361236 0.0336246 0.0258252 0.0257272 0.0255523 0.0234602 0.0398074 0.0241987 0.0476597 0.0396769 0.0226596 0.0212759 0.0209199 0.0234585
threshold=21.889500045776369 3.6190105928420597 55.258774260885694 -0.11369094242387841 4.2795529277802329 45.674999237060554 0.1721028363509873 48.262637408570043 0.20959851045993638 -17.487021805487412 0.83294948363117516 0.51009669662617629 8.9308767012796526 0.13617329690798063 1176.8499755859377 39.749327636908625 0.19808562962231768 16.939249920845036 36.140117867673915 2360.0125000000003 0.058582636052200557 1501.3949859619145 -0.041225548262788028 -1.9531121975312826 2662.6468242128167 0.17837645213785439 -1.2656598951946572 16.598642517131115 2.9826500058174141 0.11536903750126991 23.264570214601871 2.0103874705687677 0.024184769342843283 -3.3039429896198835
decision_type=8 10 10 10 2 10 10 10 10 10 8 10 10 10 10 10 10 10 10 10 10 10 10 10 8 8 10 10 10 8 10 10 10 10
left_child=-1 3 -3 5 7 -2 -6 9 -9 10 24 13 -13 14 -11 19 -10 -17 -15 23 -21 -22 31 -16 -5 -24 -27 29 -29 30 32 -20 33 -28
right_child=1 2 -4 4 6 -7 -8 8 16 11 -12 12 -14 18 15 17 -18 -19 22 20 21 -23 25 -25 -26 26 27 28 -30 -31 -32 -33 -34 -35
leaf_value=0.0011507435304501633 3.8835464474578418e-05 -0.00023522948978355491 -0.0017855673201656265 0.00017144250110896682 -0.0014242730553233778 0.0012640715433917956 -6.6934792440936797e-05 0.0012365900760447131 -0.0002820852730335882 -0.00095036549731365391 -0.0011273668468654442 -0.0008512433110760665 0.00012106829592684099 0.00061631562307148501 -0.00010201517832033955 0.00083938741536837818 0.00066376276330833964 -2.1795706426664138e-05 0.00055668436161953596 0.00023090847876427472 1.4929900975376148e-05 -0.00078132227896380744 -0.00020693320431088764 -0.00055555612267704421 -0.00046141145027310434 0.00077510565701137911 -0.00026474223230081416 0.00018834533244757202 -0.00052982341639993906 -0.00040553236711131558 0.00056631339203697692 4.8263087002494017e-05 0.00054511662287158092 0.00018075704031645905
leaf_weight=101 141 104 98 178 98 118 102 99 98 98 109 137 115 138 406 100 98 98 258 459 181 103 352 251 142 104 191 241 218 144 189 169 138 627
leaf_count=101 141 104 98 178 98 118 102 99 98 98 109 137 115 138 406 100 98 98 258 459 181 103 352 251 142 104 191 241 218 144 189 169 138 627
internal_value=3.41597e-06 -1.5615e-05 -0.000988691 1.77352e-05 -8.91703e-06 0.000597779 -0.000733036 1.7727e-05 0.00054265 -1.23843e-05 -0.000368614 2.00263e-05 -0.000407748 4.41946e-05 -9.68723e-05 -4.43838e-05 0.00019096 0.000413521 0.000130606 -0.000109219 3.77889e-05 -0.000274187 0.000105069 -0.000275456 -0.000109453 5.6479e-05 0.000106576 6.66888e-05 -0.000152797 0.000144876 0.000214186 0.000355648 0.000144425 7.66619e-05
internal_weight=6203 6102 202 5900 5641 259 200 5441 295 5146 429 4717 252 4465 1696 1598 196 198 2769 1400 743 284 2631 657 320 2204 1852 1748 459 1289 1145 427 956 818
internal_count=6203 6102 202 5900 5641 259 200 5441 295 5146 429 4717 252 4465 1696 1598 196 198 2769 1400 743 284 2631 657 320 2204 1852 1748 459 1289 1145 427 956 818
is_linear=0
shrinkage=0.0352136


Tree=7
num_leaves=35
num_cat=0
split_feature=66 93 65 89 10 58 24 27 56 22 80 39 51 16 36 9 36 52 26 89 85 63 24 90 40 23 16 82 64 90 10 27 24 92
split_gain=0.103825 0.18624 0.137546 0.0788536 0.0918517 0.062087 0.0443409 0.0556844 0.047581 0.0547278 0.0391639 0.050089 0.0448619 0.0435107 0.0333071 0.0315997 0.0345805 0.0295859 0.0293801 0.0246328 0.0261511 0.0231027 0.0282598 0.0222952 0.0375943 0.0431107 0.0250392 0.0304723 0.0272876 0.0244237 0.0213643 0.0206576 0.0203941 0.025731
threshold=7.8465925006527533 0.029203546207673164 3.6190105928420597 -0.11369094242387841 4.4723422293795085 45.320001602172859 0.55422072146566681 8.9308767012796526 41.475000381469734 39.225651906395875 1.1170265316016181 0.86482697938756148 -4.5953023220408786 4.8845000267028817 42.546482677557989 0.62079354805907638 51.147911188033646 24.974141542336906 2.7705749809741977 0.018593236659319615 6.5000000000000009 -0.019362192972277644 0.28186410336105755 -0.010875516523651154 1284.0799926757816 -0.0083247424686327485 2.2755000591278085 16.34974999427796 45.774422462058361 -0.067721983575270067 2.4126403545935884 3.6065992523435133 0.42163796657799024 0.021357887487106732
decision_type=10 10 10 10 2 10 10 10 10 10 8 8 10 10 10 8 8 10 10 10 2 10 10 10 10 10 10 8 10 10 2 10 10 10
left_child=2 -2 3 5 6 -1 8 -8 10 -10 15 13 -13 23 -15 32 -17 -11 -19 -14 -21 22 -16 24 25 -12 -25 28 -28 -26 31 -29 33 -5
right_child=1 -3 -4 4 -6 -7 7 -9 9 17 11 12 19 14 21 16 -18 18 -20 20 -22 -23 -24 26 29 -27 27 30 -30 -31 -32 -33 -34 -35
leaf_value=0.00016653717813017936 0.001857722244108274 -0.00015757088224821743 -0.001110819457282127 0.00025708626056937181 -0.00080848087596136029 0.0012888196473481621 -0.001113726392472729 1.4578755864923325e-05 0.00086293114695574374 0.00046625135926838185 -9.1497108086073412e-05 -0.00084009768081661819 7.0082676219179621e-05 0.0007270994195980574 0.00023505708510416083 -0.00048911025160524614 0.0001643895890666087 -0.00046130852761501977 0.00021902317027898755 -0.00077740065655287644 -7.8765742983908822e-05 0.00049052901308312439 -0.00047775375522141446 -0.00052839409404029374 0.00026034542532786217 -0.00090887034372317415 6.7129203688204934e-05 0.0004709323418115164 -0.00048067420837286822 -0.00021667158895598228 -0.00017693014182752041 4.2288262323644996e-05 -0.00010155812506576079 0.00080015624150209285
leaf_weight=157 102 128 141 376 180 100 98 121 161 189 152 172 247 144 158 155 284 144 173 129 137 131 122 98 206 169 263 341 197 375 149 236 116 152
leaf_count=157 102 128 141 376 180 100 98 121 161 189 152 172 247 144 158 155 284 144 173 129 137 131 122 98 206 169 263 341 197 375 149 236 116 152
internal_value=3.29455e-06 0.000737068 -2.49851e-05 1.30746e-06 -2.65008e-05 0.000604092 -3.72242e-07 -0.000490886 2.03991e-05 0.000297938 -2.06649e-05 -7.90185e-05 -0.000348301 -1.16902e-05 0.000266674 0.00016389 -6.64358e-05 0.000117805 -9.00698e-05 -0.000183057 -0.000418048 0.000104979 -7.559e-05 -8.23947e-05 -0.000216546 -0.000522247 1.18513e-05 5.66069e-05 -0.000167554 -4.74659e-05 0.000198675 0.000295738 0.000320897 0.000413754
internal_weight=6203 230 5973 5832 5575 257 5395 219 5176 667 4509 3426 685 2741 555 1083 439 506 317 513 266 411 280 2186 902 321 1284 1186 460 581 726 577 644 528
internal_count=6203 230 5973 5832 5575 257 5395 219 5176 667 4509 3426 685 2741 555 1083 439 506 317 513 266 411 280 2186 902 321 1284 1186 460 581 726 577 644 528
is_linear=0
shrinkage=0.0352136


Tree=8
num_leaves=35
num_cat=0
split_feature=89 9 66 10 68 51 25 52 24 37 9 14 90 57 2 37 8 67 37 51 51 15 24 39 54 54 80 89 28 23 13 80 92 25
split_gain=0.101824 0.182886 0.0913471 0.0703526 0.0602294 0.0677128 0.0633308 0.0467952 0.0545748 0.042369 0.0421297 0.0300178 0.0364598 0.0317325 0.0377362 0.0453597 0.029707 0.0285501 0.0285388 0.0219444 0.0373473 0.0247275 0.0219085 0.0252004 0.0213843 0.037567 0.0338506 0.0296161 0.033713 0.0294265 0.0240753 0.0582365 0.0214244 0.0286661
threshold=-0.17819053460122095 -3.6914126400432461 7.8465925006527533 4.4723422293795085 49.800250053405769 -37.271200170859849 0.26455056714254449 10.620482098111021 0.4300499401290202 1.0058548865278854 -0.64349180222215263 5.0985000133514413 -0.065119365334648835 43.495000839233406 69.659999847412124 0.65217214133662094 51.253986463518764 0.85871995792572464 -4.7833334222756312 9.0072689694310402 -0.90900615028317577 6.3635001182556161 0.25383366628462417 1.0636821824210081 2425.6437500000006 1922.1812500000003 1.5010715865961004 -0.043841314903039698 290.35000610351568 -0.042989215854062644 70.613783316241822 1.4346030752255094 0.015557524259482772 0.67014550948894291
decision_type=10 10 10 2 10 8 10 8 10 10 10 10 10 10 2 10 10 10 10 8 10 10 10 8 8 10 10 10 10 10 10 10 10 10
left_child=-1 -2 3 4 5 -3 -6 -7 11 -10 -11 13 -13 17 15 -15 -17 22 -14 20 21 -20 23 24 25 27 -27 -9 -29 -30 -26 -32 -31 -34
right_child=1 2 -4 -5 6 7 -8 8 9 10 -12 12 18 14 -16 16 -18 -19 19 -21 -22 -23 -24 -25 30 26 -28 28 29 32 31 -33 33 -35
leaf_value=0.0010589816693981149 -0.0012965934986224744 -0.00089030956009463705 0.00078269425349977847 -0.00071062701128500551 0.0011979666073718672 0.0007421976121001234 3.8720757247766108e-05 0.00040189572374563947 -0.00094953529436823351 0.00038479707801397655 -0.00054436448419734257 0.00077127832433695435 0.00064739631892295993 -5.1128753763444777e-05 -0.00024049963374385449 0.0011616879994885763 0.00032877048907183824 -0.00040229577314003604 0.00019879057009280723 -0.00033377298305400336 0.00038986545824398208 -0.00043560182299465775 -0.00040857750782066635 -0.0005629704624681935 0.0002401902044900668 -0.00014058444185720701 -0.0008549626699012018 -0.00057984232861483078 0.00028559813271196091 -0.000321969069783344 0.00031250936773124919 -0.0006708835293232398 -0.0003357951341043181 0.00041281586634163458
leaf_weight=111 135 107 185 173 106 104 130 212 125 104 144 118 109 145 147 109 104 285 139 156 333 168 181 98 758 244 124 132 333 321 165 136 107 155
leaf_count=111 135 107 185 173 106 104 130 212 125 104 144 118 109 145 147 109 104 285 139 156 333 168 181 98 758 244 124 132 333 321 165 136 107 155
internal_value=3.17805e-06 -1.60963e-05 1.29697e-05 -1.17284e-05 9.89182e-06 -1.4343e-05 0.000560169 3.52498e-06 -1.14154e-05 -0.000421514 -0.000154635 2.06075e-05 0.000189691 -2.54483e-05 0.000234171 0.000429168 0.000755923 -6.57975e-05 0.000113654 4.03688e-05 0.000131689 -0.000148367 -3.34269e-05 -9.00511e-06 1.1239e-05 -6.88701e-05 -0.000381752 2.25491e-05 -5.42421e-05 2.16066e-05 0.000134399 -0.000131922 -0.000129199 0.000106977
internal_weight=6203 6092 5957 5772 5599 5363 236 5256 5152 373 248 4779 1023 3756 505 358 213 3251 905 796 640 307 2966 2785 2687 1628 368 1260 1048 916 1059 301 583 262
internal_count=6203 6092 5957 5772 5599 5363 236 5256 5152 373 248 4779 1023 3756 505 358 213 3251 905 796 640 307 2966 2785 2687 1628 368 1260 1048 916 1059 301 583 262
is_linear=0
shrinkage=0.0352136


Tree=9
num_leaves=35
num_cat=0
split_feature=80 69 66 65 89 24 56 41 30 58 42 68 50 29 54 94 23 85 66 66 16 70 70 21 10 80 36 64 93 27 26 90 51 81
split_gain=0.122739 0.165442 0.0438714 0.0546405 0.040231 0.0569809 0.0446245 0.0444472 0.0496131 0.0391193 0.0355913 0.0418419 0.0336566 0.0408196 0.0331711 0.0249091 0.0296653 0.0367333 0.0447753 0.0351922 0.0276038 0.0258594 0.0249791 0.0289565 0.0289499 0.0234102 0.030525 0.0247414 0.0233477 0.0230998 0.0202283 0.0190161 0.0179743 0.0282883
threshold=6.1449351249640829 67.981346650244305 7.8465925006527533 3.3217349078434393 -0.096927007445837224 0.49450014228768052 45.674999237060554 289.00555899144388 269.75000000000006 37.055000305175788 1238.2500000000002 49.623000240325936 42.957333224516617 1121.9500122070315 1270.5000000000002 0.12948784009216271 0.26278571942932155 6.5000000000000009 3.9900989512846929 2.2682885523861738 3.8745000362396245 13.97499990463257 22.644999504089363 -0.013355723676090897 1.276290024709182 1.1170265316016181 35.10748545577858 58.725303323351213 0.016963719389203744 3.2557841072359603 2.8300500094890597 0.11101815776006123 38.458086368789289 0.3188864996370534
decision_type=8 10 10 10 10 10 10 8 10 8 10 8 10 8 10 10 8 2 10 8 10 10 10 10 2 10 10 10 10 10 10 10 10 10
left_child=1 2 3 4 6 7 14 8 -6 12 -7 -12 29 -14 -1 16 17 18 21 -19 -17 -11 23 -23 -25 -15 -27 31 -21 -9 -30 32 -28 -34
right_child=-2 -3 -4 -5 5 10 -8 9 -10 15 11 -13 13 25 -16 20 -18 19 -20 28 -22 22 -24 24 -26 26 27 -29 30 -31 -32 -33 33 -35
leaf_value=0.00059148231384100608 -0.0011975077292579303 0.0014187994438054779 0.00058520510796943221 -0.000734388653903416 8.3103768843669103e-05 -0.00097333716594561023 0.00099952834965391429 -0.00077845149624916599 -0.00091901258084319676 0.00055952658784380225 -0.00079437891701389558 9.0324617850025737e-05 0.00052934963065525689 0.00017432993928489398 -0.00022261832990528595 0.00016356490598922062 0.00065448785138319413 -0.00060948536468432039 0.0010015272034366429 -0.00031310253682741141 -0.00063179718746435483 0.00043530578360226791 0.00055095606673225299 0.00013237580001952481 -0.00060275326194202616 0.00036410833640678896 -2.9367376771910927e-05 -0.00068027118204907696 -0.00014448492459143158 -0.00015616220482234469 0.00031056664242951905 -0.00057870491260834684 8.4081292259119111e-05 -0.0007049828580094642
leaf_weight=106 104 103 153 129 114 109 98 122 132 194 103 185 161 457 149 116 157 107 104 153 101 105 107 126 140 155 1206 103 172 188 408 103 98 132
leaf_count=106 104 103 153 129 114 109 98 122 132 194 103 185 161 457 149 116 157 107 104 153 101 105 107 126 140 155 1206 103 172 188 408 103 98 132
internal_value=6.33315e-07 2.11233e-05 -2.94975e-06 -1.83854e-05 -2.17876e-06 -2.61784e-05 0.000361812 6.31114e-06 -0.000454898 3.04004e-05 -0.00043199 -0.000226399 -5.62706e-05 -1.19064e-05 0.000115944 0.000149086 0.000192679 0.00014771 0.000322346 -1.36397e-05 -0.000206814 0.000216887 7.75703e-05 -5.91659e-05 -0.000254646 -5.06286e-05 -0.000107866 -0.000152478 7.34789e-05 -0.00040154 0.00017558 -0.000117041 -8.38225e-05 -0.00036894
internal_weight=6200 6096 5993 5840 5711 5358 353 4961 246 4715 397 288 2725 2415 255 1990 1773 1616 776 840 217 672 478 371 266 2254 1797 1642 733 310 580 1539 1436 230
internal_count=6200 6096 5993 5840 5711 5358 353 4961 246 4715 397 288 2725 2415 255 1990 1773 1616 776 840 217 672 478 371 266 2254 1797 1642 733 310 580 1539 1436 230
is_linear=0
shrinkage=0.0352136


Tree=10
num_leaves=35
num_cat=0
split_feature=12 80 89 66 10 78 80 23 52 0 29 26 52 8 22 66 23 24 15 94 1 37 50 29 27 83 89 38 69 83 26 71 69 54
split_gain=0.11623 0.214324 0.0576248 0.0876065 0.0657783 0.0515546 0.0630202 0.049107 0.032279 0.0253284 0.047238 0.0488587 0.0390398 0.0255147 0.0261492 0.0442597 0.0396642 0.0284857 0.0267547 0.0341834 0.0267977 0.0341064 0.0321999 0.0311707 0.0289513 0.0252891 0.0262909 0.0232331 0.022905 0.0329221 0.0412038 0.0263019 0.0270385 0.0283474
threshold=21.889500045776369 6.1449351249640829 -0.12155566148776661 3.9719750718842985 4.2795529277802329 67.641760056240756 3.6681965856502012 0.23314549014491348 54.163794587692621 27.435000419616703 347.65000915527349 5.2270750164985662 10.620482098111021 30.003799840727194 39.345943532218847 4.0413364668409733 -0.084488367517477639 0.49450014228768052 5.7909998893737802 0.10652950817117469 71.24499893188478 21.420707476651618 47.502617451707671 1246.1499633789065 2.8600459725418044 13.320888157527673 -0.011040932921973853 13.393884839759425 57.593938113715232 17.606283509494293 2.9293999969959263 15.84500026702881 40.367813010994119 2425.6437500000006
decision_type=8 8 10 8 2 10 10 10 10 2 8 8 10 10 10 10 10 10 10 10 2 10 10 10 10 10 10 8 8 10 10 10 10 10
left_child=-1 2 3 -2 5 6 9 -6 -8 -4 11 -11 -12 -14 15 16 25 18 20 27 22 -22 23 -16 -23 -15 -27 -20 29 31 -31 32 33 -24
right_child=1 -3 4 -5 7 -7 8 -9 -10 10 12 -13 13 14 17 -17 -18 -19 19 -21 21 24 28 -25 -26 26 -28 -29 -30 30 -32 -33 -34 -35
leaf_value=0.0011839947877208717 -0.00026267245263787633 -0.0016505106836760674 0.00038111874823860612 0.0011089157798637645 -0.0010865778111295455 -0.00065022402556171868 0.00021523669182650206 -2.6279384711654196e-05 0.00096611200843771817 -8.4282630978331003e-05 0.00069187503133340462 -0.0010599379319210015 -0.00052228805580477409 -0.00019348699085140877 -0.00080613312644521313 0.00086218921847999491 -0.00036910033596811333 -0.00046650820293409517 0.00020176958725457084 -0.00031131183369585371 -9.0994549362800913e-05 -0.00014858635557326303 -0.00032342131588196377 2.80723181488391e-05 -0.00094483202407078545 0.00082930443774400912 0.00016776039123473659 0.00079689963683338149 -0.00033277351405068382 9.9002005006821426e-05 0.00087328562809676276 -0.00033648004071451125 0.00068714147395892121 0.0002407988385629117
leaf_weight=101 98 98 205 140 121 143 170 98 122 159 101 106 116 109 99 107 170 177 476 139 1151 109 168 126 118 123 189 98 125 185 158 176 98 321
leaf_count=101 98 98 205 140 121 143 170 98 122 159 101 106 116 109 99 107 170 177 476 139 1151 109 168 126 118 123 189 98 125 185 158 176 98 321
internal_value=6.09205e-07 -1.90295e-05 7.67415e-06 0.000544355 -1.45074e-05 9.1456e-06 2.66352e-05 -0.000612745 0.000529561 -2.12812e-06 -1.81709e-05 -0.000475224 7.95638e-06 -7.2959e-06 6.23606e-06 0.000203993 8.44935e-05 -3.0835e-05 -9.05862e-06 0.00018371 -5.75758e-05 -0.000168871 4.77529e-05 -0.000339345 -0.000563142 0.00026781 0.000429062 0.000303702 0.000118575 0.000169666 0.000456088 4.07779e-05 0.000154018 4.68498e-05
internal_weight=6200 6099 6001 238 5763 5544 5401 219 292 5109 4904 265 4639 4538 4422 698 591 3724 3547 713 2834 1378 1456 225 227 421 312 574 1231 1106 343 763 587 489
internal_count=6200 6099 6001 238 5763 5544 5401 219 292 5109 4904 265 4639 4538 4422 698 591 3724 3547 713 2834 1378 1456 225 227 421 312 574 1231 1106 343 763 587 489
is_linear=0
shrinkage=0.0352136


Tree=11
num_leaves=35
num_cat=0
split_feature=12 80 89 69 10 78 80 23 51 79 52 51 65 66 26 41 9 26 24 93 24 51 51 2 8 27 58 54 80 85 79 66 85 38
split_gain=0.108207 0.19953 0.0538002 0.0881668 0.0711011 0.0485226 0.0550442 0.0427315 0.0313703 0.043893 0.0303392 0.0262335 0.0562813 0.0558439 0.0322701 0.0760128 0.0420713 0.0444656 0.0383976 0.0443428 0.0328353 0.0343961 0.0343166 0.0289213 0.0322727 0.0263344 0.0257659 0.0241146 0.0234974 0.0226124 0.0223267 0.0222247 0.01792 0.0161844
threshold=21.889500045776369 6.1449351249640829 -0.11369094242387841 46.781864677708661 4.2795529277802329 67.641760056240756 3.6681965856502012 0.16216656864823206 -17.487021805487412 0.87673413096626629 54.163794587692621 21.880597572637161 -0.30121049459475907 3.9719750718842985 2.8300500094890597 1186.4393747884667 0.35883351356736176 2.9908999979496005 0.46680106383862952 0.024102195892734227 0.12585642907557193 13.805456846761105 8.538949209291447 72.905002593994155 47.804418273269228 4.1062169307176761 36.405000686645515 1086.3207489013673 1.214572449827642 6.5000000000000009 -0.32231837553535309 4.1309249137419393 10.500000000000002 8.1698445285725345
decision_type=8 8 10 10 2 10 10 10 8 10 10 10 8 10 10 8 10 10 10 10 10 8 8 2 10 10 8 10 10 2 10 8 2 10
left_child=-1 2 3 -2 5 6 8 -6 9 -4 -8 13 -13 14 15 -10 17 -16 19 27 28 22 25 24 -14 -22 30 -18 -19 -15 -17 -11 -27 -29
right_child=1 -3 4 -5 7 -7 10 -9 11 31 -12 12 23 29 16 26 18 20 -20 -21 21 -23 -24 -25 -26 32 -28 33 -30 -31 -32 -33 -34 -35
leaf_value=0.0011423997229138439 2.5824357142807084e-05 -0.0015925305652103301 -0.00083007519964486476 0.00132031752946839 -0.0011434979380945259 -0.00063615582787327418 0.00019073375430165849 -0.00014107075638012623 -0.0010181650591113149 -0.00036963632549840629 0.00092220821564125311 5.2335766993711835e-05 9.3809665823152359e-05 0.0008810610842555274 0.000837934978462042 0.0001051388343156922 -0.00045459943236657362 0.0001494874454502681 -0.00072005596134931964 0.00057232480282403862 -0.00011697597990544102 0.00080784124762039067 -0.00021735396920068934 -0.0010147032236737605 -0.00071412660335678547 0.00029388810727411994 0.00038810517804136976 0.00017102523401764876 -0.00055895641102180448 0.00021010023956326358 -0.00049320976987579873 0.0003575562473423844 0.00079575022187098352 -0.00011850283854516751
leaf_weight=101 187 98 132 100 107 141 168 104 116 105 121 657 126 135 127 158 180 108 101 145 165 114 227 98 119 483 140 376 125 116 151 103 108 658
leaf_count=101 187 98 132 100 107 141 168 104 116 105 121 657 126 135 127 158 180 108 101 145 165 114 227 98 119 483 140 376 125 116 151 103 108 658
internal_value=5.86819e-07 -1.83619e-05 7.4036e-06 0.000477659 -1.62313e-05 8.10085e-06 2.50737e-05 -0.000650225 -1.86139e-06 -0.000328457 0.00049757 2.16107e-05 -0.000138538 6.45234e-05 2.79317e-05 -0.000215582 7.51195e-05 0.000208977 -5.84605e-05 -9.1584e-06 0.000148764 0.000229406 0.000162124 -0.000503995 -0.00029884 0.000276128 -7.75817e-06 -7.87265e-05 -0.000230669 0.000571552 -0.000187343 -9.43641e-06 0.000385917 -1.31842e-05
internal_weight=6200 6099 6001 287 5714 5503 5362 211 5073 340 289 4733 1000 3733 3482 565 2917 1457 1460 1359 1330 1097 983 343 245 756 449 1214 233 251 309 208 591 1034
internal_count=6200 6099 6001 287 5714 5503 5362 211 5073 340 289 4733 1000 3733 3482 565 2917 1457 1460 1359 1330 1097 983 343 245 756 449 1214 233 251 309 208 591 1034
is_linear=0
shrinkage=0.0352136


Tree=12
num_leaves=35
num_cat=0
split_feature=12 80 89 66 10 78 80 89 51 51 79 24 15 55 94 1 93 55 65 41 22 12 37 14 26 80 90 85 55 94 24 56 53 82
split_gain=0.100738 0.185758 0.0502351 0.0818904 0.0570908 0.0447204 0.0547392 0.0417025 0.0320416 0.0292071 0.039302 0.0237504 0.0347062 0.0346276 0.0265324 0.0263631 0.0251122 0.0454817 0.0293227 0.0290283 0.035233 0.0266754 0.0242833 0.032729 0.0311591 0.0235787 0.0231872 0.0244104 0.030132 0.0353985 0.0211799 0.0200541 0.021584 0.0199815
threshold=21.889500045776369 6.1449351249640829 -0.12155566148776661 3.9719750718842985 4.2795529277802329 67.641760056240756 3.6681965856502012 0.0049027431937515688 -18.01195955450839 -17.487021805487412 0.87673413096626629 0.42163796657799024 5.8504998683929452 1220.717047347689 0.1086317026313873 60.795000076293952 0.024003004673013788 1948.7237829755147 0.90969195289249083 1197.9194518407242 44.316281755460146 46.166999721527105 10.761936752616522 3.9144999980926518 2.5102249920368194 1.6274079082538815 -0.08920921947196489 11.500000000000002 1140.4297447482152 0.053052055782396718 0.12641350255487119 34.664999008178718 0.32236345244590087 25.113250017166141
decision_type=8 8 10 8 2 10 10 10 10 8 10 10 10 10 10 2 10 8 10 10 10 10 8 10 10 10 10 2 10 10 10 10 10 10
left_child=-1 2 3 -2 5 6 9 -6 -8 10 -4 12 16 -13 -14 -15 18 33 22 -19 -21 -22 26 24 -24 -26 -11 28 29 -28 -30 32 -32 -18
right_child=1 -3 4 -5 7 -7 8 -9 -10 11 -12 13 14 15 -16 -17 17 19 -20 20 21 -23 23 -25 25 -27 27 -29 30 -31 31 -33 -34 -35
leaf_value=0.0011022659579491226 -0.0002719849698654968 -0.0015365872079741751 -0.00077726673870033786 0.0010540728839163295 -5.4626477168259266e-05 -0.00060564470092161775 0.00095384280500303818 -0.0010280885123348067 0.00019763990423873429 0.00055732160243371744 -1.0872825764531903e-05 -0.00075403107975789284 0.00038076666781498847 0.00041225284492229808 -0.00017601311911886141 -0.00028916672152086138 0.00082385268445438664 -0.00055893452873687283 -0.00047058725947165934 0.00064595955903967164 0.00034194068420403907 -0.00035417247815653301 -0.00046112772177926459 -0.00056352289028692882 -0.00010063930481467519 0.00048987309681839037 -4.9888581265106828e-05 0.00040573218503670147 -8.2511041596159998e-05 -0.00082209011491961997 -0.00016900968318541226 -0.00018484968009736236 0.0003980397328758223 0.00020537141790539731
leaf_weight=101 98 98 137 140 103 143 114 116 178 104 210 115 555 105 131 180 149 98 188 112 110 179 150 209 200 144 201 182 746 116 103 140 430 115
leaf_count=101 98 98 137 140 103 143 114 116 178 104 210 115 555 105 131 180 149 98 188 112 110 179 150 209 200 144 201 182 746 116 103 140 430 115
internal_value=5.65291e-07 -1.77176e-05 7.14263e-06 0.000508232 -1.35677e-05 8.46785e-06 2.47573e-05 -0.000570902 0.000493477 -2.04944e-06 -0.000313841 2.06803e-05 4.4503e-05 -0.000238925 0.000274388 -3.05462e-05 1.58215e-06 0.00018139 -4.55183e-05 -1.63698e-05 0.000116426 -8.90789e-05 -1.61462e-05 -0.000194392 -3.79825e-05 0.000146657 4.58304e-05 1.80191e-05 -2.26658e-05 -0.000332931 4.66756e-05 0.000189885 0.000288393 0.000554945
internal_weight=6200 6099 6001 238 5763 5544 5401 219 292 5109 347 4762 4362 400 686 285 3676 763 2913 499 401 289 2725 703 494 344 2022 1918 1736 317 1419 673 533 264
internal_count=6200 6099 6001 238 5763 5544 5401 219 292 5109 347 4762 4362 400 686 285 3676 763 2913 499 401 289 2725 703 494 344 2022 1918 1736 317 1419 673 533 264
is_linear=0
shrinkage=0.0352136


Tree=13
num_leaves=35
num_cat=0
split_feature=12 9 89 10 38 69 25 51 55 52 54 61 22 82 39 24 8 12 24 40 12 36 89 69 54 83 37 94 13 65 44 90 69 81
split_gain=0.0937847 0.132653 0.0595468 0.0669785 0.0658209 0.0501868 0.0543774 0.0490422 0.0333123 0.0347096 0.0281654 0.021427 0.0203919 0.0341253 0.0245568 0.028523 0.0239991 0.022463 0.0223867 0.056325 0.0379257 0.0303392 0.0266667 0.025889 0.0234598 0.0232433 0.0189251 0.0175756 0.0154764 0.0153768 0.0183467 0.0179349 0.0203162 0.0136879
threshold=21.889500045776369 -3.6914126400432461 -0.12155566148776661 4.2795529277802329 14.394635134694774 48.262637408570043 0.19304485475067698 -30.90410553061076 884.04219754761402 10.620482098111021 919.43750000000011 -0.017803433636452998 34.369487683208781 13.620999956130982 0.94843119030133527 0.4300499401290202 48.182715725148647 53.737250328063972 0.13617329690798063 1196.6850006103516 45.795250129699717 36.140117867673915 -0.033653937114819239 40.744712234864728 1391.5875000000003 25.462761105726951 6.089404003577557 0.010200055480065489 75.285458779468428 0.15485582710867443 2483.7500000000005 -0.052009367121820894 28.552014919408361 0.17428253091403778
decision_type=8 8 10 2 8 10 10 8 10 10 10 10 10 10 10 10 10 10 10 10 10 10 10 8 10 10 10 8 10 10 10 10 10 8
left_child=-1 -2 4 5 -3 7 -7 -4 -9 -10 -11 -8 13 -12 15 18 -17 -16 19 -14 -21 -20 23 26 -22 33 -23 -15 -19 30 -26 -31 -33 -24
right_child=1 2 3 -5 -6 6 11 8 9 10 12 -13 14 27 17 16 -18 28 21 20 24 22 25 -25 29 -27 -28 -29 -30 31 -32 32 -34 -35
leaf_value=0.0010635421246335914 -0.00098045064959617948 -9.9155066681976901e-06 -0.00061913013380885686 -0.00065825035860249154 0.0012456637845735588 0.0011130948672941198 0.00049970891206627924 -0.00061518343786788664 0.00066327510066053303 0.00054125538984644737 -0.00029242529383969397 -0.00018571452719543424 -0.00088675968182490295 0.00078674798997243635 -0.00062431809938023647 -3.480288788774008e-05 -0.00071641723147530822 0.00011200917672202222 0.00064776835617768821 0.00059337396311524447 -0.00053544752526253181 0.00040157412648008072 -0.00022917322694138023 0.00063484632947886032 -0.00010063399234268312 -0.00037624794176777722 -0.00027437136799651838 0.00017849995707082544 -0.00032918971288911837 0.0001270603744434641 0.00024269080474760088 -8.5086683507876876e-05 -0.00071301199093175315 9.5730477945499699e-05
leaf_weight=101 172 107 161 191 100 101 105 105 101 118 99 122 99 119 146 136 121 193 119 115 123 101 185 183 396 176 104 117 201 133 376 138 119 1217
leaf_count=101 172 107 161 191 100 101 105 105 101 118 99 122 99 119 146 136 121 193 119 115 123 101 185 183 396 176 104 117 201 133 376 138 119 1217
internal_value=5.42592e-07 -1.70979e-05 1.08928e-05 -1.03477e-05 0.000597273 1.20576e-05 0.000434361 -1.45894e-05 4.74632e-06 1.79696e-05 4.45048e-06 0.000131428 -9.00303e-06 0.000255691 -2.92609e-05 1.99915e-06 -0.000356166 -0.000251555 2.77102e-05 -7.60689e-05 -1.85857e-05 0.000102332 6.92322e-05 0.000330679 -7.34686e-05 4.89387e-06 5.86305e-05 0.000485774 -0.000113078 -2.44495e-05 6.65767e-05 -0.00020462 -0.00037631 5.28113e-05
internal_weight=6200 6099 5927 5720 207 5529 328 5201 5040 4935 4834 227 4716 335 4381 3841 257 540 3584 1499 1400 2085 1966 388 1285 1578 205 236 394 1162 772 390 257 1402
internal_count=6200 6099 5927 5720 207 5529 328 5201 5040 4935 4834 227 4716 335 4381 3841 257 540 3584 1499 1400 2085 1966 388 1285 1578 205 236 394 1162 772 390 257 1402
is_linear=0
shrinkage=0.0352136


Tree=14
num_leaves=35
num_cat=0
split_feature=12 80 89 69 10 78 80 23 23 51 70 73 51 65 66 0 56 68 55 38 94 67 55 14 24 94 72 23 58 40 54 91 23 90
split_gain=0.0873109 0.167099 0.0451087 0.082367 0.0569636 0.0411672 0.0469022 0.0402792 0.0293062 0.0259773 0.0287416 0.0250624 0.0242299 0.0504604 0.0504453 0.0316376 0.0285296 0.033335 0.0275408 0.0306946 0.0307716 0.0249229 0.0249119 0.0222547 0.0296374 0.0244618 0.0228747 0.0226169 0.020694 0.0191895 0.0270401 0.0203207 0.0184229 0.0169831
threshold=21.889500045776369 6.1449351249640829 -0.11369094242387841 46.781864677708661 4.2795529277802329 67.641760056240756 3.6681965856502012 0.16216656864823206 -0.020064176009272999 -17.487021805487412 27.855000495910648 -0.025686265466063795 21.880597572637161 -0.30121049459475907 3.9719750718842985 73.490001678466811 46.68499946594239 40.298749923706062 896.45824460167648 2.0687419503504723 0.12948784009216271 0.35012508993751351 3946.7115896691321 5.0525000095367441 0.4300499401290202 0.0021250964622095349 11.59500026702881 0.24483196072492053 39.514999389648445 1190.2900054931642 1191.098748779297 0.0071413726851865698 -0.041964759320672847 0.086775019869692563
decision_type=8 8 10 10 2 10 10 10 10 8 10 10 10 8 10 2 10 10 10 10 10 10 10 10 10 10 10 10 10 10 10 10 10 10
left_child=-1 2 3 -2 5 6 9 -6 -8 10 11 -4 14 -14 16 22 17 18 -11 -20 23 -19 -15 29 25 -25 -26 -27 -16 30 32 -31 -21 -33
right_child=1 -3 4 -5 7 -7 8 -9 -10 12 -12 -13 13 15 28 -17 -18 21 19 20 -22 -23 -24 24 26 27 -28 -29 -30 31 -32 33 -34 -35
leaf_value=0.0010261787243411732 9.8817665078873836e-07 -0.0014570633006222434 -0.00012165299418197872 0.0012521465947960408 -0.0010609213637429514 -0.00058620091763031585 0.00019847059449788334 -8.7833254158671984e-05 0.00094215323350240712 -0.00056607862417469871 0.00019835159566286957 -0.00084492227692301968 4.6170674867492219e-05 -0.00066630425611449772 0.00025916953697022844 -0.00098230141827193584 -0.00056574572477292807 0.00012932580413029757 0.00052248885335340724 0.00024180822221502889 -0.00056180784032855717 0.00082817786808974639 6.3312561371513937e-05 0.00064765016195311742 0.0002663562153599279 6.6251348983047646e-05 -0.00040916308054707263 0.00064650136520159125 0.00090411862654110262 -0.0003629851892729187 -0.00072653237516400566 9.8824216953916544e-05 -0.00037981246431385011 -0.0003690159040624552
leaf_weight=101 187 98 111 100 107 141 188 104 101 99 101 128 657 102 141 107 98 149 149 119 114 110 134 166 98 494 169 100 110 160 114 1121 117 105
leaf_count=101 187 98 111 100 107 141 188 104 101 99 101 128 657 102 141 107 98 149 149 119 114 110 134 166 98 494 169 100 110 160 114 1121 117 105
internal_value=5.23914e-07 -1.64968e-05 7.08166e-06 0.00043768 -1.45598e-05 7.21898e-06 2.28529e-05 -0.000582033 0.000459007 -2.01015e-06 -0.00029921 -0.000509553 1.93489e-05 -0.000134563 6.05906e-05 -0.000480605 2.58123e-05 4.29885e-05 1.11493e-05 3.00841e-05 4.53405e-06 0.000426704 -0.000252292 2.7955e-05 0.000157874 0.000269986 -0.000161123 0.000164192 0.000542488 -4.89026e-05 -0.000281788 9.92958e-06 -6.63496e-05 5.86753e-05
internal_weight=6200 6099 6001 287 5714 5503 5362 211 289 5073 340 239 4733 1000 3733 343 3482 3384 3125 3026 2877 259 236 2763 1027 760 267 594 251 1736 350 1386 236 1226
internal_count=6200 6099 6001 287 5714 5503 5362 211 289 5073 340 239 4733 1000 3733 343 3482 3384 3125 3026 2877 259 236 2763 1027 760 267 594 251 1736 350 1386 236 1226
is_linear=0
shrinkage=0.0352136


Tree=15
num_leaves=35
num_cat=0
split_feature=79 9 89 38 10 69 25 51 41 29 10 24 26 29 24 40 12 80 55 54 8 85 80 83 8 25 54 28 65 90 68 44 0 91
split_gain=0.0963836 0.157765 0.0579873 0.0616889 0.040472 0.044846 0.0523792 0.0497328 0.025254 0.0346316 0.0293718 0.0269239 0.0255375 0.0196337 0.0190361 0.0460629 0.0284364 0.0248904 0.0571186 0.034194 0.0236299 0.0245102 0.042237 0.0325798 0.0323156 0.028199 0.0204631 0.0164836 0.0164152 0.0356461 0.0378583 0.0218299 0.0165724 0.0155235
threshold=-2.1128073075514879 -3.6914126400432461 -0.11369094242387841 14.394635134694774 4.2795529277802329 48.262637408570043 0.19304485475067698 -30.90410553061076 281.89505980379141 268.15000915527349 0.84682484270964398 0.55422072146566681 7.8787250280380254 1234.5000000000002 0.13617329690798063 1194.4225097656254 45.795250129699717 2.3953038378516589 3702.4202313482488 1467.1750000000002 54.153226535039714 7.5000000000000009 1.1345294479974168 19.032117848019436 42.246730139027214 0.76983008446481382 1381.2062500000002 1795.049987792969 0.058582636052200557 -0.057081137466246622 29.097750139236449 2483.7500000000005 54.859998703002937 0.013071065451883872
decision_type=8 8 10 8 2 10 10 8 8 8 2 10 8 10 10 10 10 8 10 8 10 2 10 10 10 10 10 10 10 8 10 10 2 10
left_child=-1 -2 3 -3 5 7 -7 -4 9 -9 -10 12 14 -8 15 -12 -17 20 19 -19 21 22 -16 25 -24 -23 -18 -26 31 -30 -31 32 -28 -22
right_child=1 2 4 -5 -6 6 13 8 10 -11 11 -13 -14 -15 17 16 26 18 -20 -21 33 23 24 -25 27 -27 28 -29 29 30 -32 -33 -34 -35
leaf_value=0.0010674664872002599 -0.0011078722342931972 7.7602454172212371e-06 -0.00064056514227212014 0.0010975810335712569 -0.00055294210381034038 0.001088412049002426 -0.00024364450851426713 0.00012750348630659929 0.00048952538512556391 -0.00068930541618999314 -0.00080422900535151312 -0.0004439763347941483 0.00049987695183425856 0.00043511700663905129 0.00067667817184242441 0.00046052624250797112 -0.00052441297855543691 0.00036979654623705139 0.00086185795940354039 -0.00045963698359625618 8.093986874015473e-05 -0.00041260066102564568 0.00060764698582716978 0.00045183372990342737 6.1828329293077647e-05 0.00027265621423124486 -0.00047076444313628053 -0.00048333149137646451 0.00022348608475358984 -0.00011106443316392661 -0.00085332279332919899 0.0002358653150515411 7.0666658234075811e-06 -0.00020289731334491632
leaf_weight=103 160 135 155 123 166 98 103 113 158 149 104 162 132 108 213 129 120 135 150 113 368 267 105 117 229 103 121 98 167 220 139 408 349 680
leaf_count=103 160 135 155 123 166 98 103 113 158 149 104 162 132 108 213 129 120 135 150 113 368 267 105 117 229 103 121 98 167 220 139 408 349 680
internal_value=5.03811e-07 -1.75583e-05 1.18648e-05 0.00052794 -1.15981e-05 4.72132e-06 0.000416719 -1.97558e-05 -6.64086e-07 -0.000337139 1.77631e-05 1.63169e-06 1.78196e-05 0.000103776 3.10955e-06 -8.62628e-05 -4.09695e-05 6.40306e-05 0.000320024 -8.12278e-06 1.72547e-05 0.0001288 0.000271146 -5.97235e-05 7.08853e-05 -0.00022173 -8.3498e-05 -0.000101719 -4.57155e-05 -0.000201239 -0.00039889 4.74619e-05 -0.000116079 -0.000103213
internal_weight=6200 6097 5937 258 5679 5513 309 5204 5049 262 4787 4629 4467 211 4335 1757 1653 2578 398 248 2180 1132 645 487 432 370 1524 327 1404 526 359 878 470 1048
internal_count=6200 6097 5937 258 5679 5513 309 5204 5049 262 4787 4629 4467 211 4335 1757 1653 2578 398 248 2180 1132 645 487 432 370 1524 327 1404 526 359 878 470 1048
is_linear=0
shrinkage=0.0352136


Tree=16
num_leaves=35
num_cat=0
split_feature=79 9 89 38 79 24 39 41 11 58 94 52 14 85 28 54 40 41 80 40 16 24 44 8 81 29 64 22 16 54 52 55 3 37
split_gain=0.0897297 0.146866 0.0539832 0.0574283 0.0393774 0.0297452 0.0329708 0.0270347 0.0373387 0.0343585 0.0449759 0.0446237 0.0424242 0.029041 0.0399641 0.0318402 0.0307335 0.0278389 0.0280434 0.0291802 0.028805 0.0263461 0.0245202 0.0229282 0.0219238 0.0216598 0.0197153 0.0180895 0.0167832 0.0164136 0.0162215 0.015776 0.015076 0.0149407
threshold=-2.1128073075514879 -3.6914126400432461 -0.11369094242387841 14.394635134694774 2.5422821163820264 0.49450014228768052 0.24914970967166947 281.89505980379141 0.4288177883453777 37.055000305175788 0.13761654316734542 67.347378185834458 3.837499976158143 6.5000000000000009 1169.049987792969 1267.0125 1232.2924926757814 1109.7237341024597 1.1170265316016181 1190.2900054931642 2.5394999980926518 0.22688100314579976 1107.5000000000002 54.472053139612733 0.35133064908437855 1826.4000244140627 41.102470014008738 56.062407202927211 2.3815000057220463 2360.0125000000003 16.600663413616314 3224.3384527656303 0.0020492404345807502 4.9689057619648347
decision_type=8 8 10 8 8 10 10 8 8 8 10 8 10 2 8 10 8 8 10 10 10 10 10 10 10 10 10 10 10 10 10 10 10 10
left_child=-1 -2 3 -3 5 7 -7 8 -4 17 11 13 -12 14 21 24 -17 -9 29 -20 28 22 -11 -23 30 -18 -22 -25 31 -19 -15 -21 -16 -28
right_child=1 2 4 -5 -6 6 -8 9 -10 10 12 -13 -14 15 32 16 25 18 19 20 26 23 -24 27 -26 -27 33 -29 -30 -31 -32 -33 -34 -35
leaf_value=0.001029963497556938 -0.0010689178205551357 7.4874594675812183e-06 0.00017531226191395301 0.0010590056309451783 -0.00068276527142695827 -0.00084016710568295312 -0.00010471071850766555 0.00034551325385364181 -0.0007228181941557328 0.00025589400501841407 0.0001383375914947136 0.00076481776058560502 -0.00083730944624374839 0.00020808751707506907 0.0010284182188410079 -0.00054862884091642819 0.00044481962170762294 -2.6463361419028613e-05 -0.00069461980223168695 7.0771090837060845e-05 0.00021583388807119717 0.00061526307557770545 -0.00047007515991364583 -0.00019409876809731651 0.00037938982604902768 -0.00029274888853976033 9.9381473594806888e-06 0.00040440537860228872 -0.0007075447611938207 0.0003912690464788747 -0.00038212036414126901 -0.0004481531430327578 0.0004164455602973795 -0.00023954351568982878
leaf_weight=103 160 135 99 123 106 101 299 213 136 106 115 159 106 121 103 191 99 244 107 132 324 191 126 126 312 98 722 124 121 223 110 161 98 506
leaf_count=103 160 135 99 123 106 101 299 213 136 106 115 159 106 121 103 191 99 244 107 132 324 191 126 126 312 98 722 124 121 223 110 161 98 506
internal_value=4.88067e-07 -1.69393e-05 1.14491e-05 0.000509388 -1.11891e-05 1.60916e-06 -0.000290855 2.42402e-05 -0.000344571 4.1812e-05 0.000146069 0.000199674 -0.000329919 0.000149786 0.000295537 1.28946e-05 -0.000230618 -4.09325e-05 -7.33768e-05 -0.000128918 -9.80383e-05 0.000165239 -0.000138368 0.000324997 0.00018696 7.78882e-05 -2.83874e-05 0.000102776 -0.000358927 0.000173062 -7.29751e-05 -0.000214431 0.000730992 -9.28703e-05
internal_weight=6200 6097 5937 258 5679 5573 400 5173 235 4938 2185 1964 221 1805 874 931 388 2753 2540 2073 1966 673 232 441 543 197 1552 250 414 467 231 293 201 1228
internal_count=6200 6097 5937 258 5679 5573 400 5173 235 4938 2185 1964 221 1805 874 931 388 2753 2540 2073 1966 673 232 441 543 197 1552 250 414 467 231 293 201 1228
is_linear=0
shrinkage=0.0352136


Tree=17
num_leaves=35
num_cat=0
split_feature=89 82 66 78 24 44 27 0 37 52 92 8 89 28 30 91 38 0 41 22 52 12 38 26 53 24 28 69 54 51 24 41 93 9
split_gain=0.087646 0.127657 0.0901246 0.0390522 0.0331839 0.0473436 0.0262306 0.0259195 0.0395109 0.0393586 0.0328041 0.0297273 0.0541268 0.0374553 0.0325267 0.0295189 0.0295166 0.0245493 0.0279455 0.0218288 0.0189024 0.0215872 0.0376164 0.0212981 0.020389 0.0194632 0.0777022 0.04257 0.0215301 0.0218601 0.0212557 0.0196201 0.0176134 0.0226655
threshold=-0.17819053460122095 42.720500183105479 7.8465925006527533 67.641760056240756 0.4300499401290202 1227.5000000000002 7.7683670471444977 74.270000457763686 8.4968535996927717 22.676415255628196 0.019511470570112325 28.706607948398467 -0.08440779344612423 290.35000610351568 269.75000000000006 0.016385800897364192 14.394635134694774 60.704999923706062 1758.2165110094681 39.99664584303423 12.547794446948467 28.713999843597417 4.2778282841731441 6.9488749623298656 0.45339045727695221 0.14034680606402092 1175.4499511718752 40.367813010994119 2360.0125000000003 28.218902780030934 0.065678759411982812 2650.2934571607111 0.01795178554324291 0.90726197830530009
decision_type=10 10 10 8 10 10 8 2 8 10 10 10 10 8 10 10 10 2 10 10 10 10 10 10 10 10 10 10 10 10 10 10 10 10
left_child=-1 2 3 4 6 -6 7 11 10 -10 -9 -2 16 14 -14 -11 -13 -7 19 -19 23 -22 24 -15 -23 26 -24 28 -28 30 -30 32 -27 -34
right_child=1 -3 -4 -5 5 17 -8 8 9 15 -12 12 13 20 -16 -17 -18 18 -20 -21 21 22 25 -25 -26 31 27 -29 29 -31 -32 -33 33 -35
leaf_value=0.0009668244399424756 -0.0005273816414846698 -0.0012514796294630212 0.00076590441271453906 -0.00054973899868287622 -0.00080497064162279972 0.00034589036263632376 0.00044101781635478025 -6.1489788851127954e-05 -7.28008958080591e-05 -0.0002291446394019547 0.00046978210893400653 0.00026460354416684773 5.4210136422869621e-05 0.0005301034215613289 -0.00078746605298535613 -0.00096198409334312428 0.0010653545810048474 -6.9686883333440475e-05 0.00025504738617197157 -0.00077816732971991475 0.00041195145811505997 -7.6109440310069871e-05 -0.00098259047302868088 -8.3450957043685386e-05 -0.00077714090428539348 0.00055990642989433377 -0.00045570662998263545 0.00055516774008521389 -0.00028712747149927856 -0.00031292110828080866 0.00027724173690509414 -0.00012658200018773161 0.00030042903043447027 -0.00024361187877333383
leaf_weight=114 101 102 186 168 146 124 180 857 336 122 173 137 108 219 120 155 98 98 98 120 184 100 98 103 106 191 136 174 106 169 374 196 374 127
leaf_count=114 101 102 186 168 146 124 180 857 336 122 173 137 108 219 120 155 98 98 98 120 184 100 98 103 106 191 136 174 106 169 374 196 374 127
internal_value=4.7072e-07 -1.7664e-05 3.41213e-06 -2.10753e-05 -5.27359e-06 -0.000256039 2.38662e-05 8.40366e-06 -0.000105398 -0.000329182 2.78101e-05 6.6463e-05 8.57323e-05 4.3841e-05 -0.000389042 -0.000639766 0.000599362 -7.35093e-05 -0.000238287 -0.000460196 8.10265e-05 4.6121e-05 1.47754e-05 0.000333859 -0.000437417 6.27267e-05 -3.93563e-05 5.72294e-05 -5.32487e-05 3.11903e-05 0.000152485 0.00018424 0.00027232 0.000162426
internal_weight=6200 6086 5984 5798 5630 586 5044 4864 1643 613 1030 3221 3120 2885 228 277 235 440 316 218 2657 2335 2151 322 206 1945 1057 959 785 649 480 888 692 501
internal_count=6200 6086 5984 5798 5630 586 5044 4864 1643 613 1030 3221 3120 2885 228 277 235 440 316 218 2657 2335 2151 322 206 1945 1057 959 785 649 480 888 692 501
is_linear=0
shrinkage=0.0352136


Tree=18
num_leaves=35
num_cat=0
split_feature=89 83 66 65 24 44 57 89 80 91 9 39 15 51 39 40 36 2 40 90 37 71 89 78 83 37 0 51 38 94 69 52 91 66
split_gain=0.0886766 0.131655 0.0682832 0.0453858 0.0337992 0.0440908 0.0361152 0.0375307 0.0359702 0.0388002 0.0324627 0.0313082 0.0434131 0.032216 0.030988 0.0371548 0.0294313 0.028954 0.0379777 0.0416115 0.028142 0.0267987 0.0334783 0.0227964 0.0223586 0.0284736 0.0219524 0.0292484 0.0199654 0.0232096 0.0197287 0.0192537 0.0191676 0.0187775
threshold=-0.17819053460122095 42.681933833838791 7.8465925006527533 3.3217349078434393 0.42163796657799024 1227.5000000000002 44.269998550415046 -0.08567265201577888 1.1345294479974168 0.033922533197419676 0.62079354805907638 0.86482697938756148 5.1579999923706064 -4.5953023220408786 0.35641599327295453 1719.4200073242189 51.147911188033646 26.775000572204593 1291.1800048828129 -0.028506610320963688 -1.1413123024634613 23.445000648498539 0.026572898102511035 55.40614620039527 26.497911988593039 0.7976980535547683 68.43500137329103 26.065087326294361 13.826411296518364 0.053920113857734299 33.17227933767898 12.304835201082133 0.015012718058304524 1.5092467076428091
decision_type=10 10 10 10 10 10 10 10 8 10 8 8 10 10 10 10 8 2 10 10 10 10 8 10 8 8 2 10 10 10 8 10 10 8
left_child=-1 2 3 4 6 -6 8 -8 10 11 32 12 17 -13 -9 -16 -12 -10 19 -19 -14 22 30 26 25 -7 -20 33 29 -21 -15 -18 -2 -28
right_child=1 -3 -4 -5 5 24 7 14 9 -11 16 13 20 21 15 -17 31 18 23 28 -22 -23 -24 -25 -26 -27 27 -29 -30 -31 -32 -33 -34 -35
leaf_value=0.00097332510109793204 0.00013933700390517161 -0.0012680234029838736 0.00065674241528808114 -0.00068432133914348911 -0.00075312919644019338 -0.00058284124677966968 0.00090635683178014355 -0.00029187685943434552 0.00038160948705937806 -0.00069472942867422009 -0.00042423821670226688 -0.0006748858866163235 0.00061075421419318091 0.00038224340436694021 0.000559219372008669 -0.00023076710693508402 0.00052561895672590222 -0.00076819480823913798 0.00026302191310809256 -6.5016856195488655e-05 8.0318708564242909e-05 0.00040630537609268112 -0.00059719236075347285 -0.00029510014627244177 0.00039500970871790087 5.5146020196425353e-05 -0.0003179542295950524 -0.00057711071656249362 0.00027088451621329579 -0.00068153324358481032 -0.0002824455884870612 -6.509862345997266e-05 0.00054882608972084879 0.0001686348491536184
leaf_weight=113 276 103 190 125 161 146 99 138 171 117 165 171 214 110 253 104 112 183 462 225 295 98 181 249 98 213 129 110 111 114 111 175 292 411
leaf_count=113 276 103 190 125 161 146 99 138 171 117 165 171 214 110 253 104 112 183 462 225 295 98 181 249 98 213 129 110 111 114 111 175 292 411
internal_value=-3.0857e-06 -2.11784e-05 2.39394e-07 -2.12187e-05 -6.63004e-06 -0.00025246 2.33058e-05 0.00028126 -1.08892e-05 -6.50427e-05 0.000172865 -4.29637e-05 1.10015e-05 -0.00025798 0.000155824 0.000329023 -4.97828e-05 -5.77945e-05 -9.55282e-05 -0.000320814 0.000303553 -0.000115103 -0.00024243 9.27408e-06 -7.57298e-05 -0.000204468 7.74974e-05 -5.43826e-05 -0.000138523 -0.000272735 4.83536e-05 0.000165595 0.000350028 5.2266e-05
internal_weight=6225 6112 6009 5819 5694 618 5076 594 4482 3462 1020 3345 2674 671 495 357 452 2165 1994 633 509 500 402 1361 457 359 1112 650 450 339 221 287 568 540
internal_count=6225 6112 6009 5819 5694 618 5076 594 4482 3462 1020 3345 2674 671 495 357 452 2165 1994 633 509 500 402 1361 457 359 1112 650 450 339 221 287 568 540
is_linear=0
shrinkage=0.0352136


Tree=19
num_leaves=35
num_cat=0
split_feature=93 80 90 79 22 0 89 24 9 89 17 16 28 69 80 22 51 25 39 8 27 78 90 53 52 52 80 16 16 25 57 24 13 72
split_gain=0.085996 0.135401 0.0431871 0.0733872 0.0355497 0.0419437 0.0341312 0.0315502 0.0278084 0.036391 0.0255607 0.0254291 0.0541142 0.0485994 0.0267854 0.0375851 0.0288877 0.0257252 0.0255582 0.0222493 0.0193898 0.0211099 0.0264942 0.0223734 0.0219546 0.01924 0.0214999 0.0195956 0.0185759 0.0183187 0.0279231 0.0293788 0.0286129 0.0182264
threshold=0.0084777302973600491 6.1449351249640829 -0.19619915711732056 2.785761810944511 34.369487683208781 51.155000686645515 0.12675609160377238 0.49450014228768052 -2.6227926808053605 -0.099440221303730716 -0.0034408710752580492 2.5045000314712529 1191.549987792969 38.823147139562273 3.3706280044627426 46.352677836265293 -17.487021805487412 0.57127209838083182 0.60974932773465251 43.320592081157521 7.7201226207201774 38.5665860929955 -0.079224724972920657 0.6496893811184502 18.059456151233803 11.580355705903616 2.5639614460431255 2.6460000276565556 8.0545001029968279 0.67014550948894291 32.344999313354499 0.24080474572384555 71.265745516829256 16.314999580383304
decision_type=10 8 10 10 10 2 10 10 10 10 10 10 10 10 10 10 8 10 10 10 10 10 10 10 10 10 10 10 10 10 8 10 10 10
left_child=-1 2 -2 4 5 -4 7 8 -6 10 -10 12 -11 17 16 -16 18 -14 -13 -9 21 24 23 -23 -18 -24 27 -27 -21 30 -29 -32 -33 -31
right_child=1 -3 3 -5 6 -7 -8 19 9 11 -12 14 13 -15 15 -17 20 -19 -20 28 -22 22 25 -25 -26 26 -28 29 -30 33 31 32 -34 -35
leaf_value=0.0009673238362694058 0.00065026639302496081 -0.0013174144676877284 0.00086304192250652575 -0.00090905530863057236 -0.00053035422715572112 9.4354848001698306e-05 -0.00055713845856184018 8.8819823302146162e-05 0.00090070393864060988 -0.00095205258028209689 0.00010238436306254788 1.1393853855776251e-05 -4.8934829907161889e-05 0.00044330240143051206 -6.4321715659194134e-05 0.0008125686349435159 0.0001155260369942374 -0.00065308618842819112 -0.00071635172897014895 -0.00076470123602567633 0.00042294771425837658 0.00076635756626947322 0.00036136586877848117 9.5889379429326096e-05 -0.0005611380236365983 0.00032912001249307842 0.00031041779387612787 4.9418988311495576e-05 -0.00014306102300226127 -7.4882152176101736e-05 -0.00045726936822970427 0.00031532057256419897 -0.00043155858588751235 0.00024443315374583785
leaf_weight=111 124 98 122 111 112 315 143 111 98 99 101 119 227 166 114 129 100 142 120 146 161 113 192 136 146 168 244 498 101 552 474 154 108 370
leaf_count=111 124 98 122 111 112 315 143 111 98 99 101 119 227 166 114 129 100 142 120 146 161 113 192 136 146 168 244 498 101 552 474 154 108 370
internal_value=-2.97963e-06 -2.06359e-05 5.36052e-07 -1.31598e-05 4.07499e-06 0.000309355 -2.08975e-05 -6.12492e-06 1.74578e-05 3.04569e-05 0.000496238 9.9749e-06 -0.000196803 -5.6647e-05 4.36223e-05 0.000401438 1.98028e-05 -0.000281755 -0.00035426 -0.00032501 4.6003e-05 2.73225e-05 5.2977e-05 0.000400683 -0.000286138 2.15683e-05 -3.85979e-06 -3.68937e-05 -0.000510976 -6.54573e-05 -0.000154174 -0.000291931 7.25337e-06 5.32663e-05
internal_weight=6225 6114 6016 5892 5781 437 5344 5201 4843 4731 199 4532 634 535 3898 243 3655 369 239 358 3416 3255 3009 249 246 2760 2568 2324 247 2156 1234 736 262 922
internal_count=6225 6114 6016 5892 5781 437 5344 5201 4843 4731 199 4532 634 535 3898 243 3655 369 239 358 3416 3255 3009 249 246 2760 2568 2324 247 2156 1234 736 262 922
is_linear=0
shrinkage=0.0352136


Tree=20
num_leaves=35
num_cat=0
split_feature=89 83 66 65 55 52 90 24 85 89 58 16 67 65 85 17 22 19 37 0 81 1 51 12 43 11 64 53 9 67 36 21 65 13
split_gain=0.0835876 0.119898 0.0632383 0.0414142 0.0314733 0.0359361 0.0340665 0.0294093 0.0437287 0.0468161 0.0292959 0.0302865 0.0265585 0.0231902 0.0192702 0.0263364 0.0190105 0.0185673 0.0185078 0.0375325 0.0199158 0.0185351 0.0234701 0.0356443 0.0346781 0.0182652 0.0173403 0.0170251 0.022305 0.0161785 0.0161122 0.0151862 0.0136408 0.0147988
threshold=-0.17819053460122095 42.681933833838791 7.8465925006527533 3.3217349078434393 868.96717875483193 10.620482098111021 -0.17551970611927933 0.4300499401290202 5.5000000000000009 0.0049027431937515688 37.055000305175788 2.5045000314712529 0.99060691904447939 0.27734800967497902 10.500000000000002 -0.018800219781042748 48.8979821639631 -0.018372295326315995 20.880719103033758 71.064998626708999 0.063402355161035817 27.005000114440922 -3.0636552273662114 63.029499912261969 1192.1250000000002 0.50483760446970427 51.768809718410822 0.56883874951944713 0.12284433354033726 0.81994955417170823 48.006233246948533 0.0089914449435257015 0.49640503260038216 94.284131328737843
decision_type=10 10 10 10 10 10 10 10 2 10 10 10 10 8 2 10 10 10 8 2 8 2 8 10 10 10 10 10 10 8 10 10 10 10
left_child=-1 2 3 4 -2 -6 -7 10 -9 29 11 13 18 16 15 25 -8 -17 20 -20 -13 -22 23 24 -23 -12 -25 28 -24 -10 -19 -32 33 -29
right_child=1 -3 -4 -5 5 6 7 8 9 -11 14 12 -14 -15 -16 17 -18 30 19 -21 21 22 27 26 -26 -27 -28 32 -30 -31 31 -33 -34 -35
leaf_value=0.00094510503090236672 -0.00062517526754350618 -0.0012103080075628468 0.00063178461592956867 -0.00065407643518175832 0.00065207406401259404 0.00061952390398249614 3.8447295331005385e-05 0.00026656797597666304 -0.00052781129290475892 -0.0010079094225977682 0.00088607864350650405 -0.00038302157047311421 -0.0005601282463771689 -0.00065052576219019127 -0.00013691760024037963 0.00045009093480293043 -0.00049809305534745483 0.00031368402172444917 0.00013497073258852393 -0.00068804748926268343 0.00045866985591469425 -8.7510440141142873e-05 0.0005605829091056753 0.00030506469090310726 -0.00085643924467732025 0.00025060381774148012 -0.0002322053236167295 0.00011770263776894859 9.163148809951132e-05 5.9772482997326192e-05 -0.0003509671001132889 0.00018740712134155397 -0.00035631305756882869 -0.00018505160668052584
leaf_weight=113 100 103 190 125 104 105 252 135 98 131 115 129 101 153 195 159 121 138 144 131 140 165 204 204 130 110 117 1226 328 142 175 103 100 239
leaf_count=113 100 103 190 125 104 105 252 135 98 131 115 129 101 153 195 159 121 138 144 131 140 165 204 204 130 110 117 1226 328 142 175 103 100 239
internal_value=-2.8743e-06 -2.04402e-05 0 -2.06515e-05 -6.71551e-06 4.36247e-06 -7.93122e-06 -2.01964e-05 -0.000275667 -0.000473078 6.30606e-06 -3.73652e-05 1.55372e-06 -0.000285754 0.000176767 0.000253272 -0.000135753 0.000126731 1.90176e-05 -0.000257263 4.45218e-05 6.38911e-05 4.3473e-05 -0.000147572 -0.000426849 0.000576088 0.000109144 9.96135e-05 0.000271665 -0.000180353 2.90144e-06 -0.000151431 4.1081e-05 6.82748e-05
internal_weight=6225 6112 6009 5819 5694 5594 5490 5385 506 371 4879 3884 3358 526 995 800 373 575 3257 275 2982 2853 2713 616 295 225 321 2097 532 240 416 278 1565 1465
internal_count=6225 6112 6009 5819 5694 5594 5490 5385 506 371 4879 3884 3358 526 995 800 373 575 3257 275 2982 2853 2713 616 295 225 321 2097 532 240 416 278 1565 1465
is_linear=0
shrinkage=0.0352136


Tree=21
num_leaves=35
num_cat=0
split_feature=12 80 79 80 11 9 52 37 0 29 94 26 54 11 89 58 68 66 12 14 57 43 80 71 94 91 82 83 69 80 11 43 92 64
split_gain=0.0834855 0.125619 0.0389008 0.0480509 0.0952061 0.0557955 0.0299047 0.0301697 0.0313963 0.0506703 0.0451893 0.0422311 0.0381635 0.0298017 0.0223065 0.0286541 0.0451198 0.0188645 0.0324646 0.0314365 0.028483 0.0213431 0.0291701 0.0245814 0.0212944 0.0296651 0.0206049 0.0277359 0.0199249 0.0193068 0.0188938 0.0184782 0.0180616 0.0201344
threshold=21.889500045776369 6.1449351249640829 2.785761810944511 3.3706280044627426 0.45668245561248039 0.09486745007432866 10.504434253511503 -23.626330097707065 27.925000190734867 347.65000915527349 -0.16022675608774881 5.2270750164985662 913.50625000000014 0.80105848424789505 -0.099440221303730716 44.764999389648445 49.623000240325936 1.2625294450368079 77.012000274658206 4.548499822616578 42.885000228881843 1410.8750000000002 1.4856188493229612 21.775000572204593 -0.0017401715888508251 0.011662729361098762 12.695749998092653 13.40364764362705 33.330005933634524 1.875429761812337 0.16385286081011932 1834.5000000000002 0.012665869104935119 49.287762355718861
decision_type=8 8 10 10 10 10 10 10 2 10 10 10 10 10 10 10 10 8 10 10 10 10 10 10 10 10 10 10 8 10 10 10 10 8
left_child=-1 2 3 6 -5 -6 -2 -8 -9 11 -11 -10 -12 -7 -14 17 -17 31 20 21 24 23 -23 -20 26 -26 -19 -28 -29 -22 -30 -16 -27 -34
right_child=1 -3 -4 4 5 13 7 8 9 10 12 -13 14 -15 15 16 -18 18 19 -21 29 22 -24 -25 25 32 27 28 30 -31 -32 -33 33 -35
leaf_value=0.00099518636101913289 0.00057565272264474229 -0.0012685145691677681 -0.00063424561000492632 0.0011839847422412733 -0.00064682268330712455 0.00077524972034213153 0.00049872128187306464 0.00034262849940170216 -0.00012759193682327339 -0.00074582085571793316 0.00065485079704758907 -0.0010847702778375742 0.00034532553057402184 -4.9432159790091705e-05 0.00034869435692136955 -0.00072245266188720515 0.00014001119622788873 0.00044777242082574955 0.00020801524292763388 -0.00066212555661580104 0.00072506848797924874 -9.7178326291478073e-05 -0.00069226408898038637 -0.0004318809736247875 0.00016848803840918041 -0.0006501313660844609 -0.00045866076628481138 -0.00029526669151331371 0.00066623525519188557 0.00012156675329381146 0.00011049354148438936 -0.00011209116665212619 3.879987355320928e-05 -0.00028621384427387006
leaf_weight=102 104 98 117 126 100 107 132 253 124 108 102 106 185 110 304 186 126 182 307 166 106 303 154 98 362 100 120 106 100 173 313 167 399 579
leaf_count=102 104 98 117 126 100 107 132 253 124 108 102 106 185 110 304 186 126 182 307 166 106 303 154 98 362 100 120 106 100 173 313 167 399 579
internal_value=-2.77558e-06 -1.94415e-05 9.20931e-07 1.35281e-05 0.000366152 4.03733e-05 -1.50668e-05 -2.65553e-05 -3.98414e-05 -5.93074e-05 -3.45517e-05 -0.000569482 -1.79472e-05 0.000357512 -3.31144e-05 -4.92282e-05 -0.00037424 -2.40963e-05 -5.1754e-05 -0.000218695 1.58168e-05 -0.000133118 -0.000298012 5.29613e-05 -2.56102e-05 -0.000107211 0.000117477 2.32378e-05 0.000134859 0.000351352 0.000245413 0.000185296 -0.000199829 -0.000153617
internal_weight=6225 6123 6025 5908 443 317 5465 5361 5229 4976 4746 230 4638 217 4536 4351 312 4039 3568 1028 2540 862 457 405 2261 1440 821 639 519 279 413 471 1078 978
internal_count=6225 6123 6025 5908 443 317 5465 5361 5229 4976 4746 230 4638 217 4536 4351 312 4039 3568 1028 2540 862 457 405 2261 1440 821 639 519 279 413 471 1078 978
is_linear=0
shrinkage=0.0352136


Tree=22
num_leaves=35
num_cat=0
split_feature=89 83 58 13 92 93 52 80 51 38 51 39 65 9 51 52 67 91 68 69 26 19 67 90 26 29 83 23 67 26 51 36 69 4
split_gain=0.0805938 0.10917 0.0464636 0.0725176 0.0299438 0.0508025 0.0307494 0.0228422 0.0381387 0.0346671 0.0293469 0.0270492 0.0242212 0.0219508 0.0209787 0.0191898 0.0342868 0.0187918 0.0187921 0.0346744 0.0285952 0.0183577 0.0186081 0.0200543 0.0155123 0.015391 0.0188935 0.0153907 0.013443 0.0153872 0.0165714 0.0161944 0.0192191 0.0133355
threshold=-0.17819053460122095 42.681933833838791 51.844999313354499 48.075507426111209 0.027899433848870905 0.025339012499600615 10.620482098111021 3.4699907285913345 -19.30086653390617 2.0687419503504723 -15.538791457936041 0.79421869050216098 -2.3871946993757187 0.45176422239172359 7.5693451506737697 22.180435943071281 0.50439196684757326 0.030013136437870899 44.098499870300301 40.367813010994119 3.5333749830722816 -0.060371899031545447 0.96811021760833527 0.10912839563252529 3.8686999976634984 316.30000305175787 23.665645419935419 0.042859435574809507 0.084296597131110471 2.2395249933004382 -2.3086533652739258 57.404535459378032 28.479699130730371 -0.025241940467851397
decision_type=10 10 10 8 10 10 8 10 8 8 10 10 8 10 10 10 10 10 10 10 10 10 10 10 10 8 10 10 8 10 10 10 10 10
left_child=-1 2 4 -4 6 -6 -2 8 11 -10 -9 24 -11 14 15 -7 -17 18 19 21 -20 -14 23 25 -8 -23 28 -25 -27 -30 31 32 -31 -32
right_child=1 -3 3 -5 5 13 7 10 9 12 -12 -13 17 -15 -16 16 -18 -19 20 -21 -22 22 -24 27 -26 26 -28 -29 29 30 33 -33 -34 -35
leaf_value=0.00092816938762479951 0.00062613510595939609 -0.0011553193255320385 0.0011722751612321203 -6.2599792003153126e-05 -0.00093482109099800076 0.00033480800737920128 -0.00048651968268251586 0.00076500308123431517 0.00054623625954809988 0.00041639432495663365 2.0049284661027262e-06 -0.00088461436710661522 -0.00051226686673302773 0.0003190166797371305 -0.0005504014659240816 -0.00070193000522647477 0.00021932993602117914 0.00035636142820633852 -0.00079158594660544152 0.00048071169844518871 -5.6036546044652416e-06 -0.00039227978069370569 -0.00042369280958557705 -0.00062728150778069644 0.00013310936732830871 0.00025899757347873554 0.00040415411903532445 -0.00010086667795874064 -0.00040090367655627317 0.00016255413635819931 0.00038794012717905909 -0.000584047561088033 -0.00041908924613151197 1.8162403757533043e-05
leaf_weight=113 98 103 105 134 109 106 98 107 142 157 150 98 102 119 155 102 98 151 102 161 131 113 145 108 102 236 155 190 124 174 129 104 118 1886
leaf_count=113 98 103 105 134 109 106 98 107 142 157 150 98 102 119 155 102 98 151 102 161 131 113 145 108 102 236 155 190 124 174 129 104 118 1886
internal_value=-2.67843e-06 -1.9927e-05 -4.16902e-07 0.000480453 -2.03577e-05 -0.000238159 9.18232e-06 -2.97614e-06 -2.05685e-05 5.38695e-06 0.000320169 -0.000406011 -1.25562e-05 -0.000106869 -0.000216958 -4.76924e-05 -0.000250681 -2.88947e-05 -4.35443e-05 -2.44369e-05 -0.000350228 -4.71654e-05 -3.35008e-05 -1.65108e-05 -0.000170619 1.05235e-05 2.61173e-05 -0.000292067 4.93072e-06 -1.87356e-05 9.48261e-07 -0.00020722 -7.25697e-05 4.1889e-05
internal_weight=6225 6112 6009 239 5770 689 5081 4983 4726 4428 257 298 4286 580 461 306 200 4129 3978 3745 233 3584 3482 3337 200 3039 2926 298 2771 2535 2411 396 292 2015
internal_count=6225 6112 6009 239 5770 689 5081 4983 4726 4428 257 298 4286 580 461 306 200 4129 3978 3745 233 3584 3482 3337 200 3039 2926 298 2771 2535 2411 396 292 2015
is_linear=0
shrinkage=0.0352136


Tree=23
num_leaves=35
num_cat=0
split_feature=12 65 38 90 79 22 12 54 23 54 39 57 67 9 52 37 85 9 9 93 10 26 70 91 65 52 12 66 92 81 44 12 84 25
split_gain=0.0766795 0.0918572 0.0774163 0.0496724 0.0354423 0.0327635 0.0393196 0.033688 0.0280081 0.0246851 0.0289239 0.0266844 0.0376271 0.0262485 0.0191798 0.0179578 0.0171319 0.0424131 0.0202805 0.0179601 0.0214006 0.018129 0.0177149 0.0181739 0.0233905 0.0200196 0.0195208 0.0199334 0.0189397 0.0188791 0.0172577 0.0155625 0.0181778 0.0138635
threshold=21.889500045776369 3.6190105928420597 24.571014504214059 -0.19619915711732056 2.5422821163820264 34.369487683208781 54.833000183105476 891.74349975585949 -0.34934906219159462 919.43750000000011 0.99864041279097127 51.534999847412116 0.39741774062699287 -2.1156955664058117 10.908036398184374 -19.307739464568268 4.5000000000000009 -0.21580523934347431 0.26118964069222278 0.023874960924619663 1.6653365493922896 4.3181250095367441 26.054999351501468 0.020716035104269104 -0.81708109086846281 28.412070722177443 91.144749450683619 1.3081122187658949 0.023254580262008887 0.32746624330417101 1547.7500000000002 52.648499774932866 1.5000000000000002 0.52634397927223675
decision_type=8 10 10 8 10 10 8 8 10 10 10 10 10 10 10 8 2 10 10 10 2 10 10 10 10 10 10 10 10 10 10 10 2 10
left_child=-1 3 -3 -2 5 6 -5 -7 -9 -10 11 13 -13 -11 -15 -16 17 30 -19 20 33 -22 23 26 29 -26 28 -28 -18 -25 -17 -12 -33 -20
right_child=1 2 -4 4 -6 7 -8 8 9 10 31 12 -14 14 15 16 22 18 19 -21 21 -23 -24 24 25 -27 27 -29 -30 -31 -32 32 -34 -35
leaf_value=0.00095383293804952559 0.00078399644853672926 -3.8659279600249498e-05 -0.0014112647405756186 0.00080287674364563628 -0.00065009366376765577 -0.00053079148322235457 8.2808801686931369e-05 -0.00055685384164492558 0.00050654160117359994 -0.00040679599092258698 -0.00065199121378407962 -0.00015256826743024007 0.00073990313602242692 0.00043515756819076449 0.00035814414916466702 0.00085095928090004735 0.00012039880800674549 -0.00033934667523087 -6.0956961400136229e-05 0.00047404158679202895 2.5842983821325541e-05 -0.00052131081534564818 -0.00039194024765010855 -0.00070328881830227224 0.00022661329983636043 -0.00026917999143723757 9.7634766745568276e-05 -0.00048468171701420961 -0.0003729609430308248 -0.00016599722958362089 0.00023465664970989604 -0.00050841466928145133 6.3051938569865033e-05 0.00043093962706339158
leaf_weight=102 100 98 106 132 104 155 326 111 120 187 108 98 145 133 171 110 1296 179 125 119 179 129 185 144 219 187 129 167 104 186 116 112 179 164
leaf_count=102 100 98 106 132 104 155 326 111 120 187 108 98 145 133 171 110 1296 179 125 119 179 129 185 144 219 187 129 167 104 186 116 112 179 164
internal_value=-2.58589e-06 -1.85582e-05 -0.000752791 6.77287e-06 -6.61152e-06 5.12114e-06 0.000290694 -1.97664e-05 -4.21324e-06 8.09909e-06 -4.20001e-06 2.14324e-05 0.000380091 7.98551e-07 1.96836e-05 5.51653e-06 -1.06309e-05 0.000104533 -4.331e-06 7.94777e-05 6.36507e-07 -0.000203477 -5.99747e-05 -3.46778e-05 -0.000180777 -1.71591e-06 2.87277e-05 -0.000230955 8.3677e-05 -0.000400853 0.000535299 -0.000291384 -0.000157055 0.000218232
internal_weight=6225 6123 204 5919 5819 5715 458 5257 5102 4991 4871 4472 243 4229 4042 3909 3738 1121 895 716 597 308 2617 2432 736 406 1696 296 1400 330 226 399 291 289
internal_count=6225 6123 204 5919 5819 5715 458 5257 5102 4991 4871 4472 243 4229 4042 3909 3738 1121 895 716 597 308 2617 2432 736 406 1696 296 1400 330 226 399 291 289
is_linear=0
shrinkage=0.0352136


Tree=24
num_leaves=35
num_cat=0
split_feature=89 83 66 91 66 58 24 36 91 37 37 15 27 80 66 80 65 85 94 51 85 89 24 85 52 24 78 22 42 70 26 25 93 89
split_gain=0.0762914 0.0997175 0.0565822 0.0378443 0.0651043 0.0426318 0.0294141 0.0402568 0.027501 0.0247213 0.0231635 0.0281963 0.0246566 0.0239729 0.0348926 0.0239566 0.0222682 0.0499395 0.0239122 0.0210354 0.0197104 0.0205768 0.0192762 0.0181005 0.0210088 0.0164439 0.015449 0.015381 0.0135173 0.0123228 0.0162168 0.0132434 0.0264509 0.0241214
threshold=-0.17819053460122095 42.681933833838791 7.8465925006527533 0.034371067929328224 5.5972044420527718 49.854999542236335 0.4300499401290202 42.67954191230212 0.030464138863983237 7.5369685653340648 17.823606364913989 4.0594999790191659 7.7683670471444977 2.0923290902227847 2.3005848931329518 3.4210041482403275 0.90969195289249083 6.5000000000000009 -0.10629208308336166 -19.30086653390617 5.5000000000000009 0.0027242426263561774 0.27280574452626488 11.500000000000002 11.504145464969694 0.13054488907290349 38.5665860929955 37.23262696626341 1689.1250000000002 14.015000343322756 2.6577999949455262 0.67014550948894291 0.014852740704625349 0.068738199194802216
decision_type=10 10 10 10 8 10 10 8 10 10 8 10 10 10 10 8 10 2 10 10 2 10 10 2 10 10 10 10 10 10 10 10 10 10
left_child=-1 2 3 5 9 6 8 -8 10 -5 12 13 15 14 -12 16 18 -18 -2 -20 -9 -22 -13 24 -21 -15 -26 28 -28 30 -29 -31 -33 -34
right_child=1 -3 -4 4 -6 -7 7 20 -10 -11 11 22 -14 25 -16 -17 17 -19 19 23 21 -23 -24 -25 26 -27 27 29 -30 31 -32 32 33 -35
leaf_value=0.00090316473221670494 0.00054302665258498318 -0.0011044015530457989 0.00059697378033061468 0.00030905827516746983 -0.00088105671616239768 0.00069979670517934702 -0.00088393688293244297 0.0002917207131164907 0.000438869490737238 -0.00040788162089159331 0.00028386851927449314 -0.00088001092152541725 0.00051595519722131753 -4.2382063620944594e-05 -0.00053521508225054287 0.00044597496512314457 0.00026617101088933392 -0.00073840939943857682 -0.00043407876261501607 0.00039029940506579193 -2.7184585667291258e-05 -0.00066219700859280995 -0.00021576245054018124 0.00030040560710838798 -0.00032312352488136692 0.00058027741671637552 0.00040980429295739098 0.00049940472294773039 -6.6073061897013369e-05 -0.00018904845503970542 1.7390291956662413e-05 -0.00035896081127568402 0.00030927887688153837 -0.00028676617053887435
leaf_weight=113 106 103 190 147 167 107 104 111 184 100 99 99 127 113 184 155 105 147 129 160 169 101 120 269 199 98 195 99 119 809 678 162 346 111
leaf_count=113 106 103 190 147 167 107 104 111 184 100 99 99 127 113 184 155 105 147 129 160 169 101 120 269 199 98 195 99 119 809 678 162 346 111
internal_value=-2.49621e-06 -1.92782e-05 -6.31701e-07 -2.01717e-05 -0.00034455 4.68436e-06 -9.381e-06 -0.000270692 1.69586e-05 1.85999e-05 1.61635e-07 -0.000184405 3.37809e-05 -3.68431e-05 -0.000248607 1.75824e-05 -7.11701e-07 -0.000319893 2.30856e-05 6.2175e-06 -0.000102795 -0.000265178 -0.000516764 2.4304e-05 -1.51777e-06 0.000247041 -2.46227e-05 -1.00457e-06 0.000229474 -3.38564e-05 7.89664e-05 -9.52632e-05 2.73001e-05 0.000164386
internal_weight=6225 6112 6009 5819 414 5405 5298 485 4813 247 4629 713 3916 494 283 3789 3634 252 3382 3276 381 270 219 3147 2878 211 2718 2519 314 2205 777 1428 619 457
internal_count=6225 6112 6009 5819 414 5405 5298 485 4813 247 4629 713 3916 494 283 3789 3634 252 3382 3276 381 270 219 3147 2878 211 2718 2519 314 2205 777 1428 619 457
is_linear=0
shrinkage=0.0352136


Tree=25
num_leaves=35
num_cat=0
split_feature=93 80 90 42 78 89 57 26 24 85 16 80 93 54 39 51 13 52 51 23 23 29 94 65 38 51 88 12 90 68 59 68 44 69
split_gain=0.0739333 0.111491 0.0366493 0.0753027 0.0409524 0.0338064 0.0384604 0.0310943 0.0304016 0.0343251 0.037258 0.0180717 0.0199909 0.020784 0.0207645 0.0180083 0.0406344 0.0302015 0.025539 0.0270566 0.036453 0.0281976 0.0396727 0.0415982 0.033439 0.0309478 0.0280101 0.0260454 0.0243638 0.0235788 0.0210263 0.0207682 0.0196542 0.0242108
threshold=0.0084777302973600491 6.1449351249640829 -0.17551970611927933 1939.6250000000002 67.641760056240756 0.12675609160377238 53.715000152587898 4.6302749812603006 0.49450014228768052 2.5000000000000004 7.7969999313354501 1.1170265316016181 0.023196657822715853 2360.0125000000003 0.34723339002789061 21.880597572637161 71.37728389194082 28.815595482426584 18.279258290211718 -0.063254118359399286 0.13370357495876736 1292.8499755859377 -0.055833549174835732 -2.5529683263470413 13.243144779627391 -3.5323703445341148 0.014318271412160511 68.595499801635754 0.081563635707127061 32.396000003814699 0.0047974580150897507 35.078249883651743 1311.8750000000002 29.928823489184172
decision_type=10 8 10 8 10 10 10 10 10 2 10 10 10 10 8 10 10 10 8 10 10 10 8 10 10 10 10 10 10 10 10 10 10 8
left_child=-1 2 3 -2 5 6 8 -8 11 -10 -11 12 13 14 -4 18 17 -17 19 32 21 22 -21 25 -23 -24 30 -22 -29 -26 -25 -19 -13 -34
right_child=1 -3 4 -5 -6 -7 7 -9 9 10 -12 15 -14 -15 -16 16 -18 31 -20 20 27 24 23 26 29 -27 -28 28 -30 -31 -32 -33 33 -35
leaf_value=0.00089727231771512218 0.0011633011969558089 -0.0011955043970488073 -0.00033323760438032303 -0.00021223422071907239 -0.0005569659686133141 -0.00051361706501044783 0.00067205872850806942 -9.1359968320055206e-05 0.00024139530034492665 -0.00096298298363932475 -0.00013243443674571936 2.3941185079780572e-05 0.0004949352571881234 0.00036908884083511275 0.00011446899543614232 -0.00047023263814830119 -0.00059806040936920279 -0.0002545680376441752 0.00042181184964239227 -0.00079443170694119619 -0.0001488449207517504 0.00049291692498356428 -0.00025222291624407662 3.6537354711768238e-05 -0.00036855337993048511 0.00051991649053953926 -0.00086410894887080695 0.00062159070883616759 -6.9326048026338625e-06 7.4343357883443126e-05 -0.00054056586759219135 0.00027044144110553199 6.019594096978608e-05 0.00067382577850165059
leaf_weight=111 98 98 191 99 168 154 191 101 100 126 143 452 173 220 391 141 202 131 185 158 179 141 116 177 253 144 113 199 124 362 140 324 151 169
leaf_count=111 98 98 191 99 168 154 191 101 100 126 143 452 173 220 391 141 202 131 185 158 179 141 116 177 253 144 113 199 124 362 140 324 151 169
internal_value=-2.40839e-06 -1.87798e-05 4.31733e-07 0.00047251 -1.55652e-05 5.49133e-07 1.49791e-05 0.000408067 -7.08658e-06 -0.000315074 -0.00052205 1.64236e-05 0.000151867 7.77129e-05 -3.24979e-05 -1.77811e-05 -0.000166752 -2.03542e-05 2.10329e-05 -4.75464e-06 -7.01328e-05 -0.000152097 -0.000291472 -0.000176037 4.25356e-06 0.000175425 -0.000388578 0.000191665 0.000380406 -0.000107894 -0.000218481 0.000119184 0.000173535 0.000384595
internal_weight=6225 6114 6016 197 5819 5651 5497 292 5205 369 269 4836 975 802 582 3861 798 596 3063 2878 2106 1604 848 690 756 260 430 502 323 615 317 455 772 320
internal_count=6225 6114 6016 197 5819 5651 5497 292 5205 369 269 4836 975 802 582 3861 798 596 3063 2878 2106 1604 848 690 756 260 430 502 323 615 317 455 772 320
is_linear=0
shrinkage=0.0352136


Tree=26
num_leaves=35
num_cat=0
split_feature=79 9 69 89 2 27 80 51 39 56 55 54 10 10 52 24 16 89 94 13 40 14 56 66 37 83 94 51 26 65 14 91 79 68
split_gain=0.0734251 0.104132 0.0417553 0.0882994 0.0414601 0.0366447 0.0403639 0.0523223 0.0481197 0.0357186 0.0242949 0.0318848 0.0345374 0.029375 0.0274941 0.0186987 0.0194537 0.0374222 0.0185239 0.0183229 0.0169111 0.0480396 0.0376844 0.0296313 0.0432092 0.0246474 0.024345 0.0168286 0.0160647 0.0145629 0.0132615 0.0120947 0.00982501 0.0173524
threshold=-2.1128073075514879 -3.6914126400432461 51.388766786339019 -0.017705068014547336 48.074998855590827 1.9124362827436436 3.4699907285913345 -17.487021805487412 0.85380019465165702 46.375000000000007 884.04219754761402 913.50625000000014 0.84682484270964398 0.90698747772490551 10.620482098111021 0.49450014228768052 6.6284999847412118 -0.0042257166581058832 -0.016563474642341983 64.735586408014726 1190.2900054931642 4.3574998378753671 40.619998931884773 2.9571224455972032 0.48363557606984386 18.950105115196454 0.053052055782396718 7.3954552850673858 2.2040750026702889 0.22530719802383811 6.1454999446868905 0.0069785150250958597 -0.30912892229372696 34.565750026702894
decision_type=8 8 10 10 2 8 10 8 10 8 10 10 2 2 10 10 10 10 10 10 10 10 8 8 8 10 8 10 10 10 10 10 10 10
left_child=-1 -2 5 -4 -5 -3 7 8 29 -8 -9 -12 -13 -14 -15 16 20 -18 -17 -19 21 23 28 24 -16 -24 27 30 -22 -7 -23 -30 -33 -34
right_child=1 2 3 4 -6 6 9 10 -10 -11 11 12 13 14 15 18 17 19 -20 -21 22 26 25 -25 -26 -27 -28 -29 31 -31 -32 32 33 -35
leaf_value=0.00092895794461973487 -0.00090388722459110117 -0.00067947574430901668 0.0012634542402661475 0.00049013608517164823 -0.00053292001517660193 1.7509525871639698e-06 0.00010815453078948963 -0.0005418605803465059 -0.0010829003927450124 0.00091319533099759197 0.0006454151611691699 0.00054463785202875164 -0.00059407868807853951 0.00057195385029355902 -0.0012202036197380079 -5.5688384172677448e-05 0.00076409788761355887 -0.00022739482101104185 -0.0006293923483520539 0.00030362771188826871 -0.00042868993858028701 0.00052633487704731633 0.00070893146635503195 -9.8958129988679255e-05 -0.00021146164339356087 4.1305047942336555e-05 -0.00027034031940841925 -0.00017274669831400448 -0.00027534983425201928 -0.00049014564892393097 2.3783732878571496e-05 0.00010867753643273005 3.4444654365577977e-05 -0.00028812952585960974
leaf_weight=103 160 101 100 98 98 189 192 98 99 106 98 142 105 102 109 175 118 165 116 157 113 187 155 161 102 123 193 103 180 123 100 948 831 275
leaf_count=103 160 101 100 98 98 189 192 98 99 106 98 142 105 102 109 175 118 165 116 157 113 187 155 161 102 123 193 103 180 123 100 948 831 275
internal_value=-2.32512e-06 -1.80324e-05 5.77236e-06 0.000413324 -2.13089e-05 -1.55314e-05 -3.44908e-06 -2.60182e-05 -0.000407397 0.000395081 6.27463e-06 1.75954e-05 4.35561e-06 -1.26483e-05 1.21217e-06 -1.23176e-05 7.41585e-06 0.000228314 -0.000284781 3.14865e-05 -1.9741e-05 -0.000146612 2.64169e-05 -0.000459141 -0.000733451 0.000413907 5.28746e-05 0.000212946 -1.95089e-05 -0.000192326 0.000351469 1.22197e-06 2.54984e-05 -4.57867e-05
internal_weight=6225 6122 5962 296 196 5666 5565 5267 411 298 4856 4758 4660 4518 4413 4311 4020 440 291 322 3580 955 2625 372 211 278 583 390 2347 312 287 2234 2054 1106
internal_count=6225 6122 5962 296 196 5666 5565 5267 411 298 4856 4758 4660 4518 4413 4311 4020 440 291 322 3580 955 2625 372 211 278 583 390 2347 312 287 2234 2054 1106
is_linear=0
shrinkage=0.0352136


Tree=27
num_leaves=35
num_cat=0
split_feature=79 65 79 56 81 78 54 68 50 89 28 10 59 23 45 23 22 85 10 58 54 52 41 85 66 9 27 12 37 90 24 9 51 8
split_gain=0.0717997 0.115149 0.0369381 0.0368945 0.0498268 0.0214685 0.0314527 0.0381116 0.0315785 0.0258065 0.0255493 0.0386849 0.0244649 0.0200167 0.0194015 0.0189448 0.0199472 0.0163096 0.0242009 0.0209469 0.0276591 0.0128157 0.0165426 0.012365 0.0369537 0.0219201 0.0199653 0.0204002 0.0201615 0.016496 0.0205396 0.0186971 0.0193687 0.0152931
threshold=-2.1128073075514879 4.8917440554860514 3.05295979831843 52.469999313354499 0.68051047677440779 52.471771004095423 1267.0125 46.14149999618531 42.543390140666837 -0.044576847127269663 338.35000610351568 0.84682484270964398 -0.029694763022515048 0.1721028363509873 0.0028614001937016004 -0.07218290774063478 52.717542826937425 6.5000000000000009 2.2378495688879183 36.100000381469734 2767.9562500000006 16.694582225750477 1229.8913655813292 6.5000000000000009 3.7961595092600198 -0.13514005486378972 2.3084631175154766 97.433749580383321 20.880719103033758 0.11258747613994032 0.37850261119573975 1.3755506484742457 22.923211505403973 50.731360790732957
decision_type=8 10 10 10 10 8 8 8 10 10 8 2 8 10 8 10 10 2 2 10 10 10 10 2 10 10 10 10 10 10 10 10 10 10
left_child=-1 2 3 5 -5 9 15 13 -9 12 11 -11 -2 17 21 -7 -17 19 -19 20 -8 -14 -23 24 25 -12 -25 28 29 30 31 32 -28 -27
right_child=1 -3 -4 4 -6 6 7 8 -10 10 23 -13 14 -15 -16 16 -18 18 -20 -21 -22 22 -24 26 -26 33 27 -29 -30 -31 -32 -33 -34 -35
leaf_value=0.00091631398207799963 -0.00019413415797951393 -0.0012160203946582689 -0.00065456802961539977 5.0133787751391817e-05 0.0010197877458815621 0.00048791038128829085 8.5634162845181391e-05 -0.00095143992992491246 -0.00013754636886967038 0.00014094214293551303 0.00031249690734767865 -0.00071724189028605904 0.00042298658100472342 0.0003552887102253534 0.00055391879257830608 -0.00041671296514338157 0.00019739004120349082 -0.00017124428785892081 -0.00079700345263632459 0.00042967290756967022 -0.00063450799771834921 -0.00032288344744374844 0.00028064493850141052 -0.00052185615694932226 0.00046419573507948202 -0.00045105269616565373 0.00036087739405659666 -0.00049194714915239449 -0.00037780647407282815 -0.00028078889987856698 -0.00021001794369908928 -0.00023305031390934185 -4.6346656234868874e-05 -1.382402111549756e-05
leaf_weight=103 143 98 105 181 103 134 198 139 103 116 238 148 134 102 252 101 186 327 100 102 99 109 116 103 272 112 553 103 140 147 194 112 196 855
leaf_count=103 143 98 105 181 103 134 198 139 103 116 238 148 134 102 252 101 186 327 100 102 99 109 116 103 272 112 553 103 140 147 194 112 196 855
internal_value=-4.60169e-06 -2.01366e-05 -6.27778e-07 1.09969e-05 0.000402437 -8.74721e-06 -0.000118317 -0.000212233 -0.000605593 3.43699e-05 -8.22549e-06 -0.000340292 0.000220147 -0.000109502 0.000317178 0.000142604 -1.88141e-05 -0.000167009 -0.000318203 -5.05867e-06 -0.000154656 0.000150683 -1.16683e-05 2.07722e-05 9.3655e-05 9.92165e-06 -4.87577e-05 -1.49402e-05 2.17352e-05 6.83539e-05 0.000117075 0.000190837 0.000254305 -6.4585e-05
internal_weight=6224 6121 6023 5918 284 5634 1591 1170 242 4043 3289 264 754 928 611 421 287 826 427 399 297 359 225 3025 1477 1205 1548 1445 1342 1202 1055 861 749 967
internal_count=6224 6121 6023 5918 284 5634 1591 1170 242 4043 3289 264 754 928 611 421 287 826 427 399 297 359 225 3025 1477 1205 1548 1445 1342 1202 1055 861 749 967
is_linear=0
shrinkage=0.0352136


Tree=28
num_leaves=35
num_cat=0
split_feature=79 65 79 56 19 78 54 68 50 89 23 28 36 23 69 39 1 23 80 80 40 8 40 93 78 52 70 33 37 54 85 94 64 86
split_gain=0.0668439 0.1072 0.0343877 0.0343487 0.0462412 0.0199843 0.0292799 0.0354797 0.0293964 0.0240243 0.0238702 0.023783 0.0420005 0.0232816 0.0210885 0.0263734 0.0213318 0.0186349 0.0241502 0.0261011 0.0200375 0.0182829 0.0179188 0.0218077 0.0168493 0.0121259 0.0145032 0.0209699 0.0177677 0.0254185 0.0321308 0.0203322 0.0186208 0.0157068
threshold=-2.1128073075514879 4.8917440554860514 3.05295979831843 52.469999313354499 0.005463862625868351 52.471771004095423 1267.0125 46.14149999618531 42.543390140666837 -0.044576847127269663 -0.082557440894574133 338.35000610351568 46.890383077764547 -0.18074195617232683 40.89905452233203 0.595063689165228 69.645000457763686 0.1721028363509873 1.3329313510323926 2.5868970439056613 1805.2550018310549 58.805064389369655 1266.2075012207033 0.017549347649457082 58.2363140264357 10.808819166018123 16.375000000000004 -0.0023438369750470498 16.597116243585848 2143.0625000000005 7.5000000000000009 0.00055636647290815099 43.556383570781485 0.01996492086734997
decision_type=8 10 10 10 10 8 8 8 10 10 10 8 8 8 8 10 2 10 10 10 10 10 10 10 10 10 10 10 10 10 2 10 10 10
left_child=-1 2 3 5 -5 9 21 17 -9 10 13 12 -11 -2 16 -16 -12 18 -8 20 22 24 -20 -24 -7 -13 28 -28 29 30 -27 -31 -33 -29
right_child=1 -3 -4 4 -6 6 7 8 -10 11 14 25 -14 -15 15 -17 -18 -19 19 -21 -22 -23 23 -25 -26 26 27 33 -30 31 -32 32 -34 -35
leaf_value=0.00088412138814373479 0.00014116907259683305 -0.0011733033065175922 -0.00063157027649774476 0.00073994769267337658 -0.00018492498097042771 4.5190560270370767e-05 0.00013107893812913738 -0.00091799337630662082 -0.0001327139911616155 -0.00090078883646911676 -0.00042111645008017259 0.00037919985103680194 1.5824514615692839e-05 0.00083128414193840607 0.00072961865849871597 -2.8604401913157414e-05 0.00019026400020695497 0.00034280673995454249 -0.0006660824981301513 0.0001373473169141095 -0.00084960287647885876 -0.00019440681510162866 -0.0004077456518358295 0.00027868627563801843 0.00058982618343647521 6.5287822162571651e-06 0.00030587594038513233 -6.8535364083725943e-05 -0.00037529653612791963 0.00047931636341642567 -0.00045617450961350244 0.00024326680548662823 -0.00021861133119465383 0.00033754597588199497
leaf_weight=103 117 98 105 176 108 151 246 139 103 99 147 112 165 126 107 121 136 102 106 138 102 138 134 100 132 570 402 721 198 171 276 230 204 141
leaf_count=103 117 98 105 176 108 151 246 139 103 99 147 112 165 126 107 121 136 102 106 138 102 138 134 100 132 570 402 721 198 171 276 230 204 141
internal_value=-4.44383e-06 -1.94332e-05 -6.09586e-07 1.06065e-05 0.000388299 -8.44412e-06 -0.000114159 -0.000204773 -0.000584308 3.31558e-05 0.000212403 -7.94223e-06 -0.000328325 0.000499556 7.564e-05 0.000327523 -0.000127319 -0.000105652 -0.000161139 -0.00028512 -0.000417072 0.000137588 -0.000286749 -0.000114322 0.000299582 2.00349e-05 6.18851e-06 9.59301e-05 -6.25916e-05 -1.98516e-05 -0.000144484 0.000154381 2.61127e-05 -2.01203e-06
internal_weight=6224 6121 6023 5918 284 5634 1591 1170 242 4043 754 3289 264 243 511 228 283 928 826 580 442 421 340 234 283 3025 2913 1264 1649 1451 846 605 434 862
internal_count=6224 6121 6023 5918 284 5634 1591 1170 242 4043 754 3289 264 243 511 228 283 928 826 580 442 421 340 234 283 3025 2913 1264 1649 1451 846 605 434 862
is_linear=0
shrinkage=0.0352136


end of trees

feature_importances:
CLF_momentum_10=50
VIX_atr=47
NGF_atr=42
ESF_macd=41
OVX_macd=32
NGF_sma_20=28
ESF_atr=28
CLF_sma_20=27
ESF_sma_20=27
CLF_dist_sma50=27
GCF_macd=26
OVX_atr=25
CLF_macd=24
OVX_ema_12=23
CLF_atr=22
NGF_macd=22
month=21
VIX_macd=20
CLF_momentum_20=19
GCF_bollinger_pband=17
CLF_realvol_20=17
CLF_rsi=16
CLF_realvol_5=16
NGF_rsi=15
VIX_rsi=15
VIX_ema_12=15
GCF_rsi=14
GCF_atr=14
GCF_sma_20=14
GCF_ema_12=13
CLF_close=12
NGF_ema_12=12
OVX_close=12
OVX_sma_20=12
NGF_low=11
GCF_high=11
ESF_ema_12=11
VIX_sma_20=11
CLF_ema_12=10
NGF_bollinger_pband=10
OVX_low=10
OVX_bollinger_pband=10
NGF_close=8
GCF_close=8
ESF_low=8
OVX_high=8
VIX_bollinger_pband=8
CLF_high=7
NGF_high=7
OVX_rsi=7
CLF_realvol_10=7
GCF_low=6
VIX_close=6
CLF_low=5
CLF_bollinger_pband=5
ESF_rsi=5
VIX_low=5
ESF_close=4
ESF_high=4
ESF_bollinger_pband=4
VIX_high=4
NGF_log_return=3
NGF_return_lag_2=3
NGF_return_lag_5=2
OVX_log_return=2
CLF_log_return=1
CLF_return_lag_1=1
NGF_return_lag_1=1
GCF_return_lag_2=1
ESF_log_return=1
OVX_return_lag_2=1
OVX_return_lag_5=1
VIX_log_return=1
dayofweek=1
CLF_return_lag_10=1
CLF_return_lag_20=1

parameters:
[boosting: gbdt]
[objective: regression]
[metric: rmse]
[tree_learner: serial]
[device_type: cpu]
[data_sample_strategy: bagging]
[data: ]
[valid: ]
[num_iterations: 29]
[learning_rate: 0.0352136]
[num_leaves: 35]
[num_threads: 0]
[seed: 42]
[deterministic: 0]
[force_col_wise: 0]
[force_row_wise: 0]
[histogram_pool_size: -1]
[max_depth: -1]
[min_data_in_leaf: 98]
[min_sum_hessian_in_leaf: 0.001]
[bagging_fraction: 0.9758]
[pos_bagging_fraction: 1]
[neg_bagging_fraction: 1]
[bagging_freq: 9]
[bagging_seed: 400]
[bagging_by_query: 0]
[feature_fraction: 0.910053]
[feature_fraction_bynode: 1]
[feature_fraction_seed: 30056]
[extra_trees: 0]
[extra_seed: 12879]
[early_stopping_round: 0]
[early_stopping_min_delta: 0]
[first_metric_only: 0]
[max_delta_step: 0]
[lambda_l1: 0.000607016]
[lambda_l2: 0.237134]
[linear_lambda: 0]
[min_gain_to_split: 0]
[drop_rate: 0.1]
[max_drop: 50]
[skip_drop: 0.5]
[xgboost_dart_mode: 0]
[uniform_drop: 0]
[drop_seed: 17869]
[top_rate: 0.2]
[other_rate: 0.1]
[min_data_per_group: 100]
[max_cat_threshold: 32]
[cat_l2: 10]
[cat_smooth: 10]
[max_cat_to_onehot: 4]
[top_k: 20]
[monotone_constraints: ]
[monotone_constraints_method: basic]
[monotone_penalty: 0]
[feature_contri: ]
[forcedsplits_filename: ]
[refit_decay_rate: 0.9]
[cegb_tradeoff: 1]
[cegb_penalty_split: 0]
[cegb_penalty_feature_lazy: ]
[cegb_penalty_feature_coupled: ]
[path_smooth: 0]
[interaction_constraints: ]
[verbosity: -1]
[saved_feature_importance_type: 0]
[use_quantized_grad: 0]
[num_grad_quant_bins: 4]
[quant_train_renew_leaf: 0]
[stochastic_rounding: 1]
[linear_tree: 0]
[max_bin: 255]
[max_bin_by_feature: ]
[min_data_in_bin: 3]
[bin_construct_sample_cnt: 200000]
[data_random_seed: 175]
[is_enable_sparse: 1]
[enable_bundle: 1]
[use_missing: 1]
[zero_as_missing: 0]
[feature_pre_filter: 0]
[pre_partition: 0]
[two_round: 0]
[header: 0]
[label_column: ]
[weight_column: ]
[group_column: ]
[ignore_column: ]
[categorical_feature: ]
[forcedbins_filename: ]
[precise_float_parser: 0]
[parser_config_file: ]
[objective_seed: 16083]
[num_class: 1]
[is_unbalance: 0]
[scale_pos_weight: 1]
[sigmoid: 1]
[boost_from_average: 1]
[reg_sqrt: 0]
[alpha: 0.9]
[fair_c: 1]
[poisson_max_delta_step: 0.7]
[tweedie_variance_power: 1.5]
[lambdarank_truncation_level: 30]
[lambdarank_norm: 1]
[label_gain: ]
[lambdarank_position_bias_regularization: 0]
[eval_at: ]
[multi_error_top_k: 1]
[auc_mu_weights: ]
[num_machines: 1]
[local_listen_port: 12400]
[time_out: 120]
[machine_list_filename: ]
[machines: ]
[gpu_platform_id: -1]
[gpu_device_id: -1]
[gpu_use_dp: 0]
[num_gpu: 1]

end of parameters

pandas_categorical:[]
