timestamp,Close,High,Low,Open,Volume,rsi,macd,atr,bollinger_pband,sma_20,ema_12,obv,return,log_return,return_lag_1,return_lag_2,return_lag_3,return_lag_5,dayofweek,month
2015-01-02,52.689998626708984,55.11000061035156,52.029998779296875,53.7599983215332,268708,,,0.0,,,,268708,,,,,,,4,1
2015-01-05,50.040000915527344,52.72999954223633,49.68000030517578,52.61000061035156,375782,,,0.0,,,,-107074,-0.050294131338965986,-0.05160295426297497,,,,,0,1
2015-01-06,47.93000030517578,50.369998931884766,47.54999923706055,50.0,451642,,,0.0,,,,-558716,-0.042166278412213876,-0.04308108435596634,-0.050294131338965986,,,,1,1
2015-01-07,48.650001525878906,49.310001373291016,46.83000183105469,48.0,460083,,,0.0,,,,-98633,0.015021932320442133,0.014910220457776853,-0.042166278412213876,-0.050294131338965986,,,2,1
2015-01-08,48.790000915527344,49.650001525878906,47.72999954223633,48.779998779296875,362081,,,0.0,,,,263448,0.0028776852057026403,0.002873552595966013,0.015021932320442133,-0.042166278412213876,-0.050294131338965986,,3,1
2015-01-09,48.36000061035156,49.61000061035156,47.15999984741211,48.91999816894531,421007,,,0.0,,,,-157559,-0.008813287499630618,-0.008852354224805237,0.0028776852057026403,0.015021932320442133,-0.042166278412213876,,4,1
2015-01-12,46.06999969482422,48.189998626708984,45.619998931884766,48.189998626708984,394946,,,0.0,,,,-552505,-0.04735320278381394,-0.04851106604394215,-0.008813287499630618,0.0028776852057026403,0.015021932320442133,-0.050294131338965986,0,1
2015-01-13,45.88999938964844,46.790000915527344,44.20000076293945,45.689998626708984,476541,,,0.0,,,,-1029046,-0.003907104544565554,-0.0039147572172250344,-0.04735320278381394,-0.008813287499630618,0.0028776852057026403,-0.042166278412213876,1,1
2015-01-14,48.47999954223633,48.90999984741211,45.0099983215332,46.15999984741211,510252,,,0.0,,,,-518794,0.05643931547255865,0.05490411721231432,-0.003907104544565554,-0.04735320278381394,-0.008813287499630618,0.015021932320442133,2,1
2015-01-15,46.25,51.27000045776367,46.06999969482422,48.599998474121094,478340,,,0.0,,,,-997134,-0.04599834082699461,-0.04708986836030483,0.05643931547255865,-0.003907104544565554,-0.04735320278381394,0.0028776852057026403,3,1
2015-01-16,48.689998626708984,48.869998931884766,45.95000076293945,46.349998474121094,175626,,,0.0,,,,-821508,0.05275672706397794,0.051412178031389144,-0.04599834082699461,0.05643931547255865,-0.003907104544565554,-0.008813287499630618,4,1
2015-01-20,46.38999938964844,48.77000045776367,45.88999938964844,48.689998626708984,438892,,,0.0,,,48.286559358211186,-1260400,-0.047237611458852635,-0.04838973638313529,0.05275672706397794,-0.04599834082699461,0.05643931547255865,-0.04735320278381394,1,1
2015-01-21,47.779998779296875,48.20000076293945,46.54999923706055,46.689998626708984,340252,,,0.0,,,48.20862696145514,-920148,0.029963341408420163,0.029523210742563026,-0.047237611458852635,0.05275672706397794,-0.04599834082699461,-0.003907104544565554,2,1
2015-01-22,46.310001373291016,49.09000015258789,45.869998931884766,47.349998474121094,426829,38.10017619231002,,2.9328577859061107,,,47.9165307171222,-1346977,-0.030765957378860564,-0.0312491662022827,0.029963341408420163,-0.047237611458852635,0.05275672706397794,0.05643931547255865,3,1
2015-01-23,45.59000015258789,47.7599983215332,45.209999084472656,46.630001068115234,374289,36.140205309334824,,2.905510746702856,,,47.55860293796307,-1721266,-0.015547423868537802,-0.015669552574658685,-0.030765957378860564,0.029963341408420163,-0.047237611458852635,-0.04599834082699461,4,1
2015-01-26,45.150001525878906,46.40999984741211,44.349998474121094,45.20000076293945,310638,34.95673789278399,,2.8451172200305814,,,47.18804887456551,-2031904,-0.00965120915192641,-0.009698083913548216,-0.015547423868537802,-0.030765957378860564,0.029963341408420163,0.05275672706397794,0,1
2015-01-27,46.22999954223633,46.54999923706055,44.810001373291016,45.130001068115234,313141,40.13841362953445,,2.7661801231547924,,,47.04065666959179,-1718763,0.02392022103783087,0.023638614439497847,-0.00965120915192641,-0.015547423868537802,-0.030765957378860564,-0.047237611458852635,1,1
2015-01-28,44.45000076293945,45.83000183105469,44.08000183105469,45.83000183105469,365440,35.16594913038762,,2.722167093728139,,,46.64209422241451,-2084203,-0.03850311046770927,-0.03926394897435358,0.02392022103783087,-0.00965120915192641,-0.015547423868537802,0.029963341408420163,2,1
2015-01-29,44.529998779296875,44.959999084472656,43.58000183105469,44.43000030517578,300732,35.55237182374145,,2.6262978194202695,,,46.31715646193487,-1783471,0.001799730370851238,0.001798112796654831,-0.03850311046770927,0.02392022103783087,-0.00965120915192641,-0.030765957378860564,3,1
2015-01-30,48.2400016784668,48.349998474121094,44.310001373291016,44.630001068115234,454142,50.33599590873221,,2.7272763395209703,0.6161816332209353,47.325500106811525,46.61297880293978,-1329329,0.0833146867476402,0.08002549529245674,0.001799730370851238,-0.03850311046770927,0.02392022103783087,-0.015547423868537802,4,1
2015-02-02,49.56999969482422,50.560001373291016,46.66999816894531,47.59000015258789,511409,54.37640126755561,,2.8103282584370226,0.8678906753967204,47.16950016021728,47.067905093998924,-817920,0.02757043884911603,0.02719721866300412,0.0833146867476402,0.001799730370851238,-0.03850311046770927,-0.00965120915192641,0,2
2015-02-03,53.04999923706055,54.2400016784668,49.689998626708984,49.790000915527344,644919,62.884800881478434,,2.9431620959517053,1.2202785486764158,47.320000076293944,47.98822726985456,-173001,0.07020374346703262,0.06784904480245411,0.02757043884911603,0.0833146867476402,0.001799730370851238,0.02392022103783087,1,2
2015-02-04,48.45000076293945,52.560001373291016,47.95000076293945,51.66999816894531,577515,49.692696278065974,,3.0972218372495184,0.6380010543153127,47.34600009918213,48.05926934571377,-750516,-0.08671062281387465,-0.09070249659475606,0.07020374346703262,0.02757043884911603,0.0833146867476402,-0.03850311046770927,2,2
2015-02-05,50.47999954223633,52.099998474121094,47.36000061035156,48.66999816894531,596851,54.2535731377188,,3.214562982000948,0.8627106379822085,47.4375,48.43168937594801,-153665,0.041898838954191886,0.04104485508101967,-0.08671062281387465,0.07020374346703262,0.02757043884911603,0.001799730370851238,3,2
2015-02-06,51.689998626708984,53.15999984741211,50.720001220703125,50.86000061035156,584976,56.769409672708214,,3.176379933656293,0.9507762994249677,47.58249988555908,48.932967722218926,431311,0.0239698711459031,0.023687103475380642,0.041898838954191886,-0.08671062281387465,0.07020374346703262,0.0833146867476402,4,2
2015-02-09,52.86000061035156,53.9900016784668,51.650001525878906,52.0099983215332,536364,59.11103597963345,0.3534507394467923,3.116638520722836,0.9953966268029151,47.80749988555908,49.53712662808548,967675,0.02263497803689285,0.022382608082590825,0.0239698711459031,0.041898838954191886,-0.08671062281387465,0.02757043884911603,0,2
2015-02-10,50.02000045776367,52.650001525878906,49.86000061035156,52.43000030517578,501701,51.77941491985349,0.3657890528524135,3.1083071978140624,0.6967428140714675,48.00499992370605,49.611414909574435,465974,-0.053726827843277314,-0.05522398612162494,0.02263497803689285,0.0239698711459031,0.041898838954191886,0.07020374346703262,1,2
2015-02-11,48.84000015258789,51.13999938964844,48.04999923706055,50.97999954223633,519272,49.05684232260778,0.2771562079242429,3.106999551726479,0.5682315313606839,48.152499961853025,49.49273571619189,-53298,-0.023590569659673655,-0.02387328223434165,-0.053726827843277314,0.02263497803689285,0.0239698711459031,-0.08671062281387465,2,2
2015-02-12,51.209999084472656,51.599998474121094,49.13999938964844,49.41999816894531,563662,54.258948243072375,0.3936157888525358,3.0822137495698163,0.7802695806702371,48.28899993896484,49.75693008054277,510364,0.048525776504511065,0.04738515522981302,-0.023590569659673655,-0.053726827843277314,0.02263497803689285,0.041898838954191886,3,2
2015-02-13,52.779998779296875,53.43000030517578,51.029998779296875,51.349998474121094,437072,57.36491340546744,0.6056155411458377,3.0334843050204654,0.8806031213754558,48.615499877929686,50.222017572658785,947436,0.03065806918360714,0.030197500350482638,0.048525776504511065,-0.023590569659673655,-0.053726827843277314,0.0239698711459031,4,2
2015-02-17,53.529998779296875,54.150001525878906,50.810001373291016,52.75,518799,58.80401579889661,0.8246396713910684,3.0553782941324243,0.8975993484725815,48.85749988555908,50.73093775829542,1466235,0.014209928331680555,0.014109913654156363,0.03065806918360714,0.048525776504511065,-0.023590569659673655,0.02263497803689285,1,2
2015-02-18,52.13999938964844,53.40999984741211,50.31999969482422,53.2400016784668,257476,55.0924700358171,0.8759590281480953,3.066422636299584,0.7526452043002886,49.14499988555908,50.947716470811265,1208759,-0.025966736808259228,-0.026309824801854453,0.014209928331680555,0.03065806918360714,0.048525776504511065,-0.053726827843277314,2,2
2015-02-19,51.15999984741211,52.13999938964844,49.150001525878906,50.54999923706055,125210,52.5730147077078,0.8280074606636916,3.0609637239760086,0.6550049297551712,49.31399993896484,50.98037545182678,1083549,-0.018795541881630573,-0.018974423071262205,-0.025966736808259228,0.014209928331680555,0.03065806918360714,-0.023590569659673655,3,2
2015-02-20,50.34000015258789,51.849998474121094,49.90999984741211,51.2400016784668,366125,50.49230213305853,0.7155895052336518,2.9808947884569355,0.5710130752027229,49.515499877929685,50.8818561750208,717424,-0.016028141072516044,-0.016157980989763784,-0.018795541881630573,-0.025966736808259228,0.014209928331680555,0.048525776504511065,4,2
2015-02-23,49.45000076293945,50.9900016784668,48.66999816894531,50.75,475383,48.25978257319763,0.548360791061711,2.9336882685329746,0.4765854998498775,49.708499908447266,50.66157072700829,242041,-0.01767976533473814,-0.017837919241092202,-0.016028141072516044,-0.018795541881630573,-0.025966736808259228,0.03065806918360714,0,2
2015-02-24,49.279998779296875,50.33000183105469,48.68000030517578,49.41999816894531,293101,47.82479963450614,0.3975306055815935,2.841996358343398,0.4379489909067196,49.91499977111816,50.449021196591154,-51060,-0.003437856036798803,-0.0034437790427210005,-0.01767976533473814,-0.016028141072516044,-0.018795541881630573,0.014209928331680555,1,2
2015-02-25,50.9900016784668,51.279998779296875,48.43000030517578,49.15999984741211,429524,52.46588752253653,0.41123903221236446,2.8425679380418045,0.5863853030995685,50.15299987792969,50.53224896303357,378464,0.03469973501477264,0.03411127353012933,-0.003437856036798803,-0.01767976533473814,-0.016028141072516044,-0.025966736808259228,2,2
2015-02-26,48.16999816894531,51.220001220703125,47.79999923706055,51.0,459584,45.30823947106841,0.19233522289044913,2.883813227013288,0.24158940645670265,50.33899974822998,50.16882576394307,-81120,-0.05530502876434262,-0.05689318535484882,0.03469973501477264,-0.003437856036798803,-0.01767976533473814,-0.018795541881630573,3,2
2015-02-27,49.7599983215332,49.939998626708984,48.459999084472656,48.970001220703125,399494,49.49216788129731,0.14547515399406308,2.8042551720668873,0.3712718492412991,50.6004997253418,50.105929234341545,318374,0.033008100747924596,0.032475032069894404,-0.05530502876434262,0.03469973501477264,-0.003437856036798803,-0.016028141072516044,4,2
2015-03-02,49.59000015258789,51.040000915527344,48.709999084472656,49.45000076293945,427177,49.06003042077161,0.09354248079478822,2.7703799334231585,0.3271998396963416,50.66799964904785,50.026555529456374,-108803,-0.0034163620313416576,-0.0034222111216458593,0.033008100747924596,-0.05530502876434262,0.03469973501477264,-0.01767976533473814,0,3
2015-03-03,50.52000045776367,50.83000183105469,49.45000076293945,49.79999923706055,370597,51.5522296847384,0.1259765363273786,2.6710671573297353,0.4682585902198902,50.71549968719482,50.102470133811345,261794,0.01875378710050768,0.018580102965297243,-0.0034163620313416576,0.033008100747924596,-0.05530502876434262,-0.003437856036798803,1,3
2015-03-04,51.529998779296875,51.9900016784668,49.599998474121094,50.61000061035156,463989,54.17436339209678,0.23052187002846836,2.6509911606880188,0.6526897244264646,50.63949966430664,50.32208992542451,725783,0.019992048938669127,0.01979483210762979,0.01875378710050768,-0.0034163620313416576,0.033008100747924596,0.03469973501477264,2,3
2015-03-05,50.7599983215332,52.400001525878906,50.61000061035156,51.619998931884766,370953,51.86948513700588,0.248379039459536,2.5894918574622565,0.5009130097175059,50.75499954223633,50.38946044790277,354830,-0.014942761032492702,-0.015055528871494282,0.019992048938669127,0.01875378710050768,-0.0034163620313416576,-0.05530502876434262,3,3
2015-03-06,49.61000061035156,51.220001220703125,48.880001068115234,50.88999938964844,406840,48.54739951508074,0.16780145975189953,2.5716710213998017,0.3019549025642956,50.71149959564209,50.26954354981797,-52010,-0.022655590015923877,-0.022916171163512536,-0.014942761032492702,0.019992048938669127,0.01875378710050768,0.033008100747924596,4,3
2015-03-09,50.0,50.790000915527344,49.25,49.599998474121094,409877,49.72342359890414,0.13386967243437198,2.4979802995517693,0.3863919491001516,50.62699966430664,50.22807531138444,357867,0.007861305882892022,0.007830566812193924,-0.022655590015923877,-0.014942761032492702,0.019992048938669127,-0.0034163620313416576,0,3
2015-03-10,48.290000915527344,50.36000061035156,48.20000076293945,50.08000183105469,395761,44.87973913229366,-0.030650824908342145,2.4738388386846504,0.11506740267652828,50.39849967956543,49.929910019714114,-37894,-0.03419998168945315,-0.03479848658375302,0.007861305882892022,-0.022655590015923877,-0.014942761032492702,0.01875378710050768,1,3
2015-03-11,48.16999816894531,49.04999923706055,47.33000183105469,48.77000045776367,404590,44.55174990534783,-0.16877222198500874,2.419993022064737,0.13219013590860113,50.30599956512451,49.65915435036507,-442484,-0.0024850433693706098,-0.0024881362146099745,-0.03419998168945315,0.007861305882892022,-0.022655590015923877,0.019992048938669127,2,3
2015-03-12,47.04999923706055,48.7599983215332,46.86000061035156,48.439998626708984,358381,41.50314353110798,-0.36440830574829874,2.3828504998588014,0.0015645840611846272,50.21649951934815,49.257745871395144,-800865,-0.0232509648008834,-0.02352553281389837,-0.0024850433693706098,-0.03419998168945315,0.007861305882892022,-0.014942761032492702,3,3
2015-03-13,44.84000015258789,47.279998779296875,44.75,46.93000030517578,395722,36.2342965125243,-0.6898278618085456,2.393361091247235,-0.14722982774278678,49.8979995727539,48.57809268388634,-1196587,-0.046971288423143576,-0.048110248208984206,-0.0232509648008834,-0.0024850433693706098,-0.03419998168945315,-0.022655590015923877,4,3
2015-03-16,43.880001068115234,45.0,42.849998474121094,44.810001373291016,367600,34.20304908282354,-1.0135060408244172,2.375978265149498,-0.12217992097917957,49.452999687194826,47.85530935838309,-1564187,-0.021409435352494066,-0.021641941858138496,-0.046971288423143576,-0.0232509648008834,-0.0024850433693706098,0.007861305882892022,0,3
2015-03-17,43.459999084472656,44.20000076293945,42.40999984741211,43.84000015258789,346310,33.322910365912975,-1.2890545610752966,2.3341227401764866,-0.0735344623034181,48.949499702453615,47.17910777778148,-1910497,-0.009571603769804038,-0.009617705986455213,-0.021409435352494066,-0.046971288423143576,-0.0232509648008834,-0.03419998168945315,1,3
2015-03-18,44.65999984741211,45.34000015258789,42.029998779296875,42.5099983215332,220638,38.21489365390594,-1.394523516808583,2.4038283568275247,0.10027017706847374,48.5754997253418,46.79155271157081,-1689859,0.02761161500733178,0.02723728923304826,-0.009571603769804038,-0.021409435352494066,-0.046971288423143576,-0.0024850433693706098,2,3
2015-03-19,43.959999084472656,44.709999084472656,42.75,44.599998474121094,106907,36.53115972398438,-1.5171044003462626,2.372126265945034,0.08583647789759202,48.21549968719482,46.355929076632634,-1796766,-0.015673998328059047,-0.015798134286307393,0.02761161500733178,-0.009571603769804038,-0.021409435352494066,-0.0232509648008834,3,3
2015-03-20,45.720001220703125,46.529998779296875,43.310001373291016,43.9900016784668,379180,43.29594881880467,-1.4554555842694086,2.432688490235093,0.2801474218946074,47.98449974060058,46.25809402187425,-1417586,0.0400364461529783,0.03925575691710518,-0.015673998328059047,0.02761161500733178,-0.009571603769804038,-0.046971288423143576,4,3
2015-03-23,47.45000076293945,47.61000061035156,45.33000183105469,46.40999984741211,292417,49.04502148280147,-1.25256317987958,2.4217820823109344,0.4574841175722708,47.88449974060059,46.44146428973043,-1125169,0.0378390090998717,0.03714067550859212,0.0400364461529783,-0.015673998328059047,0.02761161500733178,-0.021409435352494066,0,3
2015-03-24,47.5099983215332,48.560001373291016,46.66999816894531,47.459999084472656,309553,49.237242640240865,-1.0745415400865639,2.383797876741989,0.4718017728428829,47.795999717712405,46.60585414077702,-815616,0.001264437463204704,0.0012636387353788863,0.0378390090998717,0.0400364461529783,-0.015673998328059047,-0.009571603769804038,1,3
2015-03-25,49.209999084472656,49.459999084472656,47.0,47.720001220703125,398795,54.47737312242912,-0.7872078122639792,2.3892408201513224,0.6532537238045052,47.70699958801269,47.0064918244225,-416821,0.03578195796670758,0.03515665640326477,0.001264437463204704,0.0378390090998717,0.0400364461529783,0.02761161500733178,2,3
2015-03-26,51.43000030517578,52.47999954223633,48.72999954223633,49.02000045776367,515277,60.24825140518305,-0.376023651067527,2.486437904426228,0.8446831045805984,47.869999694824216,47.687031590692236,98456,0.045112807600185656,0.04412482944724483,0.03578195796670758,0.001264437463204704,0.0378390090998717,-0.015673998328059047,3,3
2015-03-27,48.869998931884766,51.380001068115234,48.209999084472656,51.0099983215332,384092,52.05349314407129,-0.2538022821753714,2.5388352841602924,0.6021347103625012,47.8254997253418,47.86902656626032,-285636,-0.04977642150691153,-0.051057976294826425,0.045112807600185656,0.03578195796670758,0.001264437463204704,0.0400364461529783,4,3
2015-03-30,48.68000030517578,49.15999984741211,47.61000061035156,48.56999969482422,355866,51.49368320631408,-0.17030905133151464,2.468204137938882,0.5888327930622193,47.77999973297119,47.9937917568627,-641502,-0.0038878377503916983,-0.0038954150374630268,-0.04977642150691153,0.045112807600185656,0.03578195796670758,0.0378390090998717,0,3
2015-03-31,47.599998474121094,48.72999954223633,47.279998779296875,48.72999954223633,365748,48.31304790629527,-0.18910727521227244,2.395475325438923,0.49653561329367923,47.63399963378906,47.933208174902454,-1007250,-0.022185740022270695,-0.022435545207249843,-0.0038878377503916983,-0.04977642150691153,0.045112807600185656,0.001264437463204704,1,3
2015-04-01,50.09000015258789,50.45000076293945,47.04999923706055,47.54999923706055,451104,55.18586474064295,-0.003047547204552359,2.467227196898922,0.7680825874742047,47.56199970245361,48.2650223253156,-556146,0.052310961308550175,0.05098866123470566,-0.022185740022270695,-0.0038878377503916983,-0.04977642150691153,0.03578195796670758,2,4
2015-04-02,49.13999938964844,50.27000045776367,48.11000061035156,49.59000015258789,453394,52.327030756862136,0.06697693720752795,2.4452823862212925,0.6825072790008093,47.48099975585937,48.39963418136681,-1009540,-0.01896587662298843,-0.019148035743433694,0.052310961308550175,-0.022185740022270695,-0.0038878377503916983,0.045112807600185656,3,4
2015-04-06,52.13999938964844,52.2400016784668,49.470001220703125,49.470001220703125,325282,59.46777547945652,0.360392394371317,2.4920480935496547,0.9623271481543292,47.60749969482422,48.975074982640905,-684258,0.0610500618083436,0.05925904212697556,-0.01896587662298843,0.052310961308550175,-0.022185740022270695,-0.04977642150691153,0,4
2015-04-07,53.97999954223633,54.130001068115234,51.16999816894531,51.95000076293945,548870,63.116833679042756,0.7329499026762036,2.525473436808245,1.0557744518675478,47.80649967193604,49.74506337642481,-135388,0.035289608249462256,0.03468120231027102,0.0610500618083436,-0.01896587662298843,0.052310961308550175,-0.0038878377503916983,1,4
2015-04-08,50.41999816894531,53.22999954223633,50.369998931884766,53.18000030517578,552627,53.147228446554685,0.7324982694026829,2.6029396634899102,0.7211736359767403,47.91299953460693,49.848899498351045,-688015,-0.06595037798222869,-0.06822571366587865,0.035289608249462256,0.0610500618083436,-0.01896587662298843,-0.022185740022270695,2,4
2015-04-09,50.790000915527344,52.06999969482422,50.5099983215332,51.0,449531,53.96117604277104,0.7533127556604242,2.534872653660553,0.7365344265916994,48.043999671936035,49.993684331762786,-238484,0.0073384125350866025,0.007311617395159583,-0.06595037798222869,0.035289608249462256,0.0610500618083436,0.052310961308550175,3,4
2015-04-10,51.63999938964844,51.93000030517578,50.08000183105469,50.72999954223633,395135,55.85835187860374,0.8288417869243219,2.4859530694077345,0.78104184179294,48.27349967956543,50.246963571437504,156651,0.016735547525088545,0.016597051320191757,0.0073384125350866025,-0.06595037798222869,0.035289608249462256,-0.01896587662298843,4,4
2015-04-13,51.90999984741211,53.099998474121094,51.470001220703125,51.810001373291016,375534,56.471949430780704,0.9001099614749108,2.424813368265608,0.7748877231652717,48.62699966430664,50.50281530620283,532185,0.0052285139611716325,0.005214892740582267,0.016735547525088545,0.0073384125350866025,-0.06595037798222869,0.0610500618083436,0,4
2015-04-14,53.290000915527344,53.790000915527344,51.83000183105469,52.04999923706055,431026,59.56569544887181,1.055774742280434,2.391612347994683,0.8562929965909977,49.09749965667724,50.93161309225275,963211,0.02658449378100003,0.026237266589119772,0.0052285139611716325,0.016735547525088545,0.0073384125350866025,0.035289608249462256,1,4
2015-04-15,56.38999938964844,56.689998626708984,53.38999938964844,53.54999923706055,508904,65.49803511786843,1.4129960329578921,2.4636398739366085,1.0446547188757807,49.74399967193604,51.77136483031363,1472115,0.05817223533238547,0.05654311350654811,0.02658449378100003,0.0052285139611716325,0.016735547525088545,-0.06595037798222869,2,4
2015-04-16,56.709999084472656,57.41999816894531,55.06999969482422,55.91999816894531,413134,66.0517249036252,1.7022947858340913,2.455522631092643,1.0011582187088004,50.346499633789065,52.53115471556886,1885249,0.005674759678805152,0.005658718886581767,0.05817223533238547,0.02658449378100003,0.0052285139611716325,0.0073384125350866025,3,4
2015-04-17,55.7400016784668,56.880001068115234,55.310001373291016,56.560001373291016,230623,62.763686943864094,1.8321752716729947,2.3922709927877555,0.8971884725361398,50.93549976348877,53.024823479091616,1654626,-0.017104521630497582,-0.017252493715686292,0.005674759678805152,0.05817223533238547,0.02658449378100003,0.016735547525088545,4,4
2015-04-20,56.380001068115234,57.16999816894531,54.849998474121094,56.15999984741211,112382,64.03577460584957,1.9641080791634948,2.3871087572189316,0.9096796804679447,51.468499755859376,53.541004646633716,1767008,0.011481868862154743,0.011416452464667033,-0.017104521630497582,0.005674759678805152,0.05817223533238547,0.0052285139611716325,0,4
2015-04-21,55.2599983215332,56.90999984741211,55.0099983215332,56.40999984741211,354244,60.1623142735801,1.9557462923798354,2.352315383551787,0.7875711205367266,51.85899963378906,53.80546521200287,1412764,-0.019865248764875054,-0.020065215509619698,0.011481868862154743,-0.017104521630497582,0.005674759678805152,0.02658449378100003,1,4
2015-04-22,56.15999984741211,57.189998626708984,55.72999954223633,56.34000015258789,329631,62.14393595167883,1.9987023214099793,2.322150020810644,0.8310594158126595,52.29149971008301,54.16770130975814,1742395,0.01628667305855136,0.01615546787925683,-0.019865248764875054,0.011481868862154743,-0.017104521630497582,0.05817223533238547,2,4
2015-04-23,57.7400016784668,58.40999984741211,55.7599983215332,56.279998779296875,415569,65.39800531703253,2.135620127584289,2.345567985458377,0.9103372549901646,52.71799983978271,54.717285981867164,2157964,0.02813393581459378,0.027745446303647583,0.01628667305855136,-0.019865248764875054,0.011481868862154743,0.005674759678805152,3,4
2015-04-24,57.150001525878906,57.95000076293945,56.5,57.529998779296875,328322,63.21288100069046,2.1714888224992137,2.281598898135597,0.8248750380572192,53.003999900817874,55.09154991171513,1829642,-0.010218221950761053,-0.01027078636381965,0.02813393581459378,0.01628667305855136,-0.019865248764875054,-0.017104521630497582,4,4
2015-04-27,56.9900016784668,57.88999938964844,56.52000045776367,57.29999923706055,250558,62.60200645566824,2.162081244391139,2.216484614831966,0.7836757193115101,53.410000038146975,55.383619414292305,1579084,-0.0027996472990409194,-0.0028035736415020773,-0.010218221950761053,0.02813393581459378,0.01628667305855136,0.011481868862154743,0,4
2015-04-28,57.060001373291016,57.83000183105469,56.06999969482422,56.650001525878906,281864,62.77151168758814,2.135655553501657,2.183878723503288,0.7645019652753332,53.829000091552736,55.64152433106133,1860948,0.0012282802730758657,0.0012275265539836487,-0.0027996472990409194,-0.010218221950761053,0.02813393581459378,-0.019865248764875054,1,4
2015-04-29,58.58000183105469,59.33000183105469,56.540000915527344,56.93000030517578,411097,66.33923408230855,2.211867307372799,2.2271731657907208,0.8665557493175667,54.378000259399414,56.09359779259877,2272045,0.0266386333890829,0.026290002804077603,0.0012282802730758657,-0.0027996472990409194,-0.010218221950761053,0.01628667305855136,2,4
2015-04-30,59.630001068115234,59.849998474121094,58.380001068115234,58.54999923706055,340322,68.57930317116401,2.3301315288051896,2.173089182948945,0.9107719722941375,54.85500030517578,56.637659834985925,2612367,0.017924192629572788,0.017765448390472702,0.0266386333890829,0.0012282802730758657,-0.0027996472990409194,0.02813393581459378,3,4
2015-05-01,59.150001525878906,59.900001525878906,58.31999969482422,59.790000915527344,244753,66.40376529668401,2.3579439151187813,2.130725800670784,0.8467523688413903,55.35550041198731,57.024173941277155,2367614,-0.008049631622310871,-0.00808220482622989,0.017924192629572788,0.0266386333890829,0.0012282802730758657,-0.010218221950761053,4,5
2015-05-04,58.93000030517578,59.72999954223633,58.45000076293945,59.29999923706055,215046,65.38003007094957,2.33531313562041,2.069959584858362,0.7954928894069586,55.69500045776367,57.31737799726156,2152568,-0.0037193781069789766,-0.003726312192727871,-0.008049631622310871,0.017924192629572788,0.0266386333890829,-0.0027996472990409194,0,5
2015-05-05,60.400001525878906,61.099998474121094,58.630001068115234,58.95000076293945,389743,68.83711383685261,2.408234267458461,2.0985337149403263,0.8793397369628579,56.0160005569458,57.791627770895,2542311,0.02494487040710247,0.024638826175227693,-0.0037193781069789766,-0.008049631622310871,0.017924192629572788,0.0012282802730758657,1,5
2015-05-06,60.93000030517578,62.58000183105469,60.540000915527344,60.720001220703125,423583,70.0002813279944,2.480201048102167,2.104352757100002,0.8950400987440368,56.541500663757326,58.2744543146305,2965894,0.00877481400509228,0.008736539065367557,0.02494487040710247,-0.0037193781069789766,-0.008049631622310871,0.0266386333890829,2,5
2015-05-07,58.939998626708984,61.310001373291016,58.4900016784668,60.689998626708984,437022,60.82076648719935,2.3495743059014274,2.1554703955088743,0.7002127087723137,56.94900054931641,58.37684574725796,2528872,-0.03266045738551804,-0.03320571525929747,0.00877481400509228,0.02494487040710247,-0.0037193781069789766,0.017924192629572788,3,5
2015-05-08,59.38999938964844,59.900001525878906,58.13999938964844,59.02000045776367,434575,62.03322839553707,2.256353137905691,2.1272226627032738,0.731465929345409,57.336500549316405,58.53271553839495,2963447,0.007634896054027562,0.007605897741025012,-0.03266045738551804,0.00877481400509228,0.02494487040710247,-0.008049631622310871,4,5
2015-05-11,59.25,59.849998474121094,58.75,59.43000030517578,332694,61.39664633896435,2.146435141721625,2.053849506375975,0.7068002625939094,57.7035005569458,58.6430669940265,2630753,-0.0023572889558378662,-0.002360071735519222,0.007634896054027562,-0.03266045738551804,0.00877481400509228,-0.0037193781069789766,0,5
2015-05-12,60.75,61.36000061035156,59.119998931884766,59.27000045776367,397345,65.48364702737206,2.1555143738654863,2.067146090096748,0.8961737043132192,58.076500511169435,58.967210533407034,3028098,0.025316455696202445,0.025001302205417186,-0.0023572889558378662,0.007634896054027562,-0.03266045738551804,0.02494487040710247,1,5
2015-05-13,60.5,61.849998474121094,60.02000045776367,61.22999954223633,426835,64.26249236057187,2.118120446070904,2.0502069419725104,0.82254471479867,58.28200054168701,59.20302429749826,2601263,-0.004115226337448541,-0.004123717183862041,0.025316455696202445,-0.0023572889558378662,0.007634896054027562,0.00877481400509228,2,5
2015-05-14,59.880001068115234,60.84000015258789,59.36000061035156,60.099998474121094,361432,61.213738691871654,2.015226480200333,2.0094778419913544,0.7100820038210832,58.44050064086914,59.307174569900866,2239831,-0.010247916229500276,-0.010300787647772584,-0.004115226337448541,0.025316455696202445,-0.0023572889558378662,-0.03266045738551804,3,5
2015-05-15,59.689998626708984,59.970001220703125,58.41999816894531,59.66999816894531,222089,60.270070335198994,1.8964891158283024,1.97665821411753,0.6628280045544488,58.63800048828125,59.366070578640574,2017742,-0.003173053407098614,-0.0031780982155183834,-0.010247916229500276,-0.004115226337448541,0.025316455696202445,0.007634896054027562,4,5
2015-05-18,59.43000030517578,60.880001068115234,59.060001373291016,59.849998474121094,144389,58.93128048501014,1.7611082478267406,1.9654683198822933,0.6040246814384509,58.790500450134275,59.375905921184454,1873353,-0.004355810479393485,-0.004365324659889636,-0.003173053407098614,-0.010247916229500276,-0.004115226337448541,-0.0023572889558378662,0,5
2015-05-19,57.2599983215332,59.630001068115234,57.09000015258789,59.540000915527344,336779,49.1234332088053,1.4618654351950369,2.0065063624283686,0.1999787095365469,58.890500450134276,59.05038167508427,1536574,-0.03651357853776738,-0.03719688415672372,-0.004355810479393485,-0.003173053407098614,-0.010247916229500276,0.025316455696202445,1,5
2015-05-20,58.97999954223633,59.040000915527344,58.099998474121094,58.31999969482422,287129,55.452050623279135,1.3479645775459943,1.9903275218259238,0.48932125959630013,59.03150043487549,59.03955365464612,1823703,0.030038443435586037,0.029596125268901492,-0.03651357853776738,-0.004355810479393485,-0.003173053407098614,-0.004115226337448541,2,5
2015-05-21,60.720001220703125,60.939998626708984,58.689998626708984,58.810001373291016,329765,60.76860641778923,1.3821681468719191,2.008875555981215,0.8152349386813686,59.1805004119873,59.29808404942412,2153468,0.02950155462820514,0.02907475756538784,0.030038443435586037,-0.03651357853776738,-0.004355810479393485,-0.010247916229500276,3,5
2015-05-22,59.720001220703125,60.79999923706055,59.349998474121094,60.65999984741211,230307,56.5886925335135,1.31344253142219,1.9689559279068034,0.5907296217794931,59.309000396728514,59.36299438346705,1923161,-0.01646903787707832,-0.016606160079750482,0.02950155462820514,0.030038443435586037,-0.03651357853776738,-0.003173053407098614,4,5
2015-05-26,58.029998779296875,60.25,57.709999084472656,60.04999923706055,330128,50.292689432774786,1.1098146603858936,2.009744855593985,0.18168126335402301,59.36100025177002,59.15791813667164,1593033,-0.028298767696950056,-0.028706895944638627,-0.01646903787707832,0.02950155462820514,0.030038443435586037,-0.004355810479393485,1,5
2015-05-27,57.5099983215332,58.95000076293945,57.36000061035156,58.31999969482422,314917,48.50448070550853,0.8961481760727636,1.9797630910935495,0.03134419533631109,59.38350009918213,58.90439201126573,1278116,-0.008960890379153152,-0.009001280626780355,-0.028298767696950056,-0.01646903787707832,0.02950155462820514,-0.03651357853776738,2,5
2015-05-28,57.68000030517578,58.06999969482422,56.5099983215332,57.630001068115234,340682,49.141151341902294,0.7320945568465262,1.9497801112505113,0.10638344261404861,59.338500022888184,58.71602405648266,1618798,0.0029560422292504995,0.00295168172752461,-0.008960890379153152,-0.028298767696950056,-0.01646903787707832,0.030038443435586037,3,5
2015-05-29,60.29999923706055,60.70000076293945,57.720001220703125,57.970001220703125,452222,57.800487857300325,0.8042223248754965,2.026224421715737,0.7162989053811254,59.37199993133545,58.95971254580233,2071020,0.04542300482008943,0.04442159281320812,0.0029560422292504995,-0.008960890379153152,-0.028298767696950056,0.02950155462820514,4,5
2015-06-01,60.20000076293945,60.63999938964844,59.33000183105469,60.290000915527344,292189,57.39879160066439,0.843590671408478,1.9750653600641666,0.6785139735743241,59.424499893188475,59.150526117669585,1778831,-0.001658349508894097,-0.0016597260925559883,0.04542300482008943,0.0029560422292504995,-0.008960890379153152,-0.01646903787707832,0,6
2015-06-02,61.2599983215332,61.58000183105469,60.09000015258789,60.18000030517578,344508,60.53011762844875,0.9493794584499611,1.9404179542357831,0.8737433743549718,59.540999794006346,59.47506030287937,2123339,0.017607932643853186,0.017454709017374444,-0.001658349508894097,0.04542300482008943,0.0029560422292504995,-0.028298767696950056,1,6
2015-06-03,59.63999938964844,61.43000030517578,59.34000015258789,61.02000045776367,371298,53.99766999899411,0.8922125881076113,1.9511023969752195,0.5302220824102284,59.50299968719482,59.500435546997686,1752041,-0.026444645384773535,-0.026800594342954624,0.017607932643853186,-0.001658349508894097,0.04542300482008943,-0.008960890379153152,2,6
2015-06-04,58.0,59.939998626708984,57.83000183105469,59.56999969482422,363345,48.31327160857361,0.7064299026183392,1.9624519968808678,0.19954612843565753,59.356499671936035,59.26959930899804,1388696,-0.02749831332045738,-0.027883469116188695,-0.026444645384773535,0.017607932643853186,-0.001658349508894097,0.0029560422292504995,3,6
2015-06-05,59.130001068115234,59.22999954223633,56.83000183105469,57.9900016784668,461016,52.05820125089808,0.6429657196758995,1.9937052621880658,0.44760052652947924,59.36599979400635,59.24812265655453,1849712,0.019482777036469612,0.019295417350165423,-0.02749831332045738,-0.026444645384773535,0.017607932643853186,0.04542300482008943,4,6
2015-06-08,58.13999938964844,59.130001068115234,57.86000061035156,58.959999084472656,339845,48.72717817452911,0.506941331684601,1.9420120618720378,0.24862869502494275,59.30349979400635,59.07764215395359,1509867,-0.016742798251032642,-0.01688454326381781,0.019482777036469612,-0.02749831332045738,-0.026444645384773535,-0.001658349508894097,0,6
2015-06-09,60.13999938964844,60.68000030517578,58.22999954223633,58.310001373291016,405486,54.99261065157918,0.554136568082491,1.9847255514188453,0.6690476093208118,59.34799976348877,59.24108172867588,1915353,0.034399725163328565,0.033821282778770584,-0.016742798251032642,0.019482777036469612,-0.02749831332045738,0.017607932643853186,1,6
2015-06-10,61.43000030517578,61.81999969482422,60.45000076293945,60.58000183105469,459765,58.51397053217236,0.6877040021903369,1.9629594624014837,0.9195641842411081,59.381999778747556,59.57783843275279,2375118,0.021449965557355677,0.021223152732160886,0.034399725163328565,-0.016742798251032642,0.019482777036469612,-0.026444645384773535,2,6
2015-06-11,60.77000045776367,61.529998779296875,60.209999084472656,61.13999938964844,352421,56.095754568689394,0.7318642091514675,1.9170337647173934,0.7784590304646258,59.395499801635744,59.76124797506216,2022697,-0.010743933650224968,-0.01080206646370992,0.021449965557355677,0.034399725163328565,-0.016742798251032642,-0.02749831332045738,3,6
2015-06-12,59.959999084472656,60.630001068115234,59.72999954223633,60.54999923706055,246898,53.19042389089411,0.6935068348653033,1.8543885612038185,0.613395618303549,59.39949970245361,59.79182506881762,1775799,-0.013328967700995564,-0.013418595714559962,-0.010743933650224968,0.021449965557355677,0.034399725163328565,0.019482777036469612,4,6
2015-06-15,59.52000045776367,59.97999954223633,58.72999954223633,59.900001525878906,275187,51.626245201937074,0.6204519436516023,1.81121794968926,0.5261288765307813,59.39099979400635,59.75000589788625,1500612,-0.00733820269224994,-0.007365259749670107,-0.013328967700995564,-0.010743933650224968,0.021449965557355677,-0.016742798251032642,0,6
2015-06-16,59.970001220703125,60.369998931884766,59.41999816894531,59.599998474121094,233935,53.143875169632075,0.5920420248593885,1.749702436349988,0.611225992317495,59.417999839782716,59.78385133216577,1734547,0.00756049663102365,0.007532059319889496,-0.00733820269224994,-0.013328967700995564,-0.010743933650224968,0.034399725163328565,1,6
2015-06-17,59.91999816894531,61.380001068115234,58.849998474121094,60.029998779296875,396155,52.94510561809297,0.5590477763792876,1.805438161895999,0.5808631713095797,59.55099983215332,59.80479699936262,1338392,-0.0008338010795395645,-0.0008341488850068406,0.00756049663102365,-0.00733820269224994,-0.013328967700995564,0.021449965557355677,2,6
2015-06-18,60.45000076293945,60.88999938964844,59.25,59.779998779296875,181875,54.87179143426325,0.5691060760781141,1.7936211067354588,0.6796160093892119,59.62449989318848,59.90405911683598,1520267,0.008845170397031588,0.008806281031160658,-0.0008338010795395645,0.00756049663102365,-0.00733820269224994,-0.010743933650224968,3,6
2015-06-19,59.61000061035156,60.560001373291016,58.880001068115234,60.5,116656,51.287497176507934,0.503492411805766,1.785505335195482,0.5091421941937146,59.5689998626709,59.85881934660761,1403611,-0.013895783986538457,-0.013993234210886486,0.008845170397031588,-0.0008338010795395645,0.00756049663102365,-0.013328967700995564,4,6
2015-06-22,59.68000030517578,60.29999923706055,58.93000030517578,59.439998626708984,255306,51.57139232159563,0.45193191076006656,1.7558263063875736,0.5252017218545403,59.56699981689453,59.83130872484887,1658917,0.0011742944825949841,0.0011736055381254373,-0.013895783986538457,0.008845170397031588,-0.0008338010795395645,-0.00733820269224994,0,6
2015-06-23,61.0099983215332,61.4900016784668,59.54999923706055,60.209999084472656,336224,56.7311828888843,0.5124819934592111,1.7689817446031935,0.7928415284824892,59.71599979400635,60.01264558587722,1995141,0.02228548943626718,0.022040796643380937,0.0011742944825949841,-0.013895783986538457,0.008845170397031588,0.00756049663102365,1,6
2015-06-24,60.27000045776367,61.56999969482422,59.79999923706055,61.13999938964844,312985,53.32678989245675,0.4950500976839365,1.769054509828942,0.6054156975996692,59.85399990081787,60.05223864309052,1682156,-0.012129124473493902,-0.01220328256225284,0.02228548943626718,0.0011742944825949841,-0.013895783986538457,-0.0008338010795395645,2,6
2015-06-25,59.70000076293945,60.459999084472656,59.43000030517578,60.220001220703125,222341,50.79810784291465,0.43028097180355473,1.7162648147909374,0.4252838215090602,59.954999923706055,59.99804819999035,1459815,-0.00945743637788199,-0.00950244191205711,-0.012129124473493902,0.02228548943626718,0.0011742944825949841,0.008845170397031588,3,6
2015-06-26,59.630001068115234,59.959999084472656,58.7599983215332,59.65999984741211,231957,50.48152494022359,0.3690484220616881,1.6793888110872601,0.41448384881913913,59.921500015258786,59.94142556431726,1227858,-0.001172524186426327,-0.0011732121307169944,-0.00945743637788199,-0.012129124473493902,0.02228548943626718,-0.013895783986538457,4,6
2015-06-29,58.33000183105469,59.27000045776367,58.040000915527344,58.84000015258789,286035,44.886668717824946,0.21316487931252226,1.673003906908734,0.09144229074274661,59.82800006866455,59.6935142207384,941823,-0.02180109364035665,-0.022042248890546158,-0.001172524186426327,-0.00945743637788199,-0.012129124473493902,0.0011742944825949841,0,6
2015-06-30,59.470001220703125,59.689998626708984,57.939998626708984,58.27000045776367,282475,50.10856961026941,0.17954479138342805,1.6785036278438243,0.421762221703712,59.73850021362305,59.65912760534836,1224298,0.019543962864090103,0.019355432088022016,-0.02180109364035665,-0.001172524186426327,-0.00945743637788199,0.02228548943626718,1,6
2015-07-01,56.959999084472656,58.97999954223633,56.68000030517578,58.97999954223633,373405,40.91630486192342,-0.04906991847551723,1.75789629124979,-0.12931365956540306,59.604500198364256,59.24387706367517,850893,-0.042206189418349416,-0.043122753214312845,0.019543962864090103,-0.02180109364035665,-0.001172524186426327,-0.012129124473493902,2,7
2015-07-02,56.93000030517578,57.95000076293945,56.5,56.869998931884766,297050,40.81992265396576,-0.230017871061321,1.7359037535133373,-0.06823384617110616,59.55100021362305,58.88789602390604,553843,-0.0005266639708401133,-0.0005268027070229083,-0.042206189418349416,0.019543962864090103,-0.02180109364035665,-0.00945743637788199,3,7
2015-07-06,52.529998779296875,55.34000015258789,52.40999984741211,54.900001525878906,540608,29.750431418360364,-0.7201621964216116,1.9347678038169325,-0.3723750122569242,59.22100009918213,57.90975798627386,13235,-0.07728792380629723,-0.08043803659587387,-0.0005266639708401133,-0.042206189418349416,0.019543962864090103,-0.001172524186426327,0,7
2015-07-07,52.33000183105469,53.43000030517578,50.58000183105469,52.75,527267,29.360689641601866,-1.111925601661433,2.0001414231243726,-0.1788765703001498,58.930500221252444,57.05133396239398,-514032,-0.0038072901749430788,-0.0038145563530101517,-0.07728792380629723,-0.0005266639708401133,-0.042206189418349416,-0.02180109364035665,1,7
2015-07-08,51.650001525878906,52.959999084472656,50.90999984741211,52.90999984741211,434752,28.01677331152328,-1.460436264280304,2.003702695548385,-0.09475553829075796,58.50600032806396,56.22035974139167,-948784,-0.012994463622820751,-0.013079630266333572,-0.0038072901749430788,-0.07728792380629723,-0.0005266639708401133,0.019543962864090103,2,7
2015-07-09,52.779998779296875,53.540000915527344,51.47999954223633,51.83000183105469,382334,33.46678521524787,-1.6267005493725222,2.007724029672859,0.06674409035947527,58.07350025177002,55.691073439530925,-566450,0.021877971346269787,0.0216420828387226,-0.012994463622820751,-0.0038072901749430788,-0.07728792380629723,-0.042206189418349416,3,7
2015-07-10,52.7400016784668,53.88999938964844,51.959999084472656,52.47999954223633,349075,33.37047677252468,-1.7416173443187049,2.0021723350659246,0.11445136583208843,57.672000312805174,55.23706239936721,-915525,-0.0007578079150272199,-0.0007580951965905897,0.021877971346269787,-0.012994463622820751,-0.0038072901749430788,-0.0005266639708401133,4,7
2015-07-13,52.20000076293945,53.16999816894531,51.2599983215332,52.150001525878906,359477,32.030300146900686,-1.8548813752807902,1.9955885859477949,0.12210599353673708,57.284000396728516,54.76982214760909,-1275002,-0.010238924883231859,-0.010291703246157862,-0.0007578079150272199,0.021877971346269787,-0.012994463622820751,-0.07728792380629723,0,7
2015-07-14,53.040000915527344,53.43000030517578,50.880001068115234,52.0,422756,36.314869922340165,-1.8554741922066782,2.035189346741563,0.21540859199661316,56.9600004196167,54.5036958042119,-852246,0.016091956710932998,0.015963853634389263,-0.010238924883231859,-0.0007578079150272199,0.021877971346269787,-0.0038072901749430788,1,7
2015-07-15,51.40999984741211,53.5,51.209999084472656,53.400001525878906,334563,32.08792396756344,-1.964822220107024,2.0533901730834043,0.14155483610610997,56.532000350952146,54.027742580088855,-1186809,-0.03073154298604197,-0.03121366003932579,0.016091956710932998,-0.010238924883231859,-0.0007578079150272199,-0.012994463622820751,2,7
2015-07-16,50.90999984741211,52.16999816894531,50.84000015258789,51.619998931884766,319167,30.899792327152753,-2.0679886554123357,2.0017193047458344,0.1489721916921419,56.08150043487549,53.54808985198474,-1505976,-0.009725734321805679,-0.009773338182318717,-0.03073154298604197,0.016091956710932998,-0.010238924883231859,0.021877971346269787,3,7
2015-07-17,50.88999938964844,51.22999954223633,50.13999938964844,50.90999984741211,203485,30.850583734762296,-2.126845714969882,1.936596508163124,0.1819871593845925,55.60350036621094,53.13915285777915,-1709461,-0.0003928591204795939,-0.000392936309840891,-0.009725734321805679,-0.03073154298604197,0.016091956710932998,-0.0007578079150272199,4,7
2015-07-20,50.150001525878906,51.2599983215332,49.849998474121094,50.7599983215332,102597,29.009789789897766,-2.2077524064342455,1.898982460966623,0.16947268114258107,55.130500411987306,52.67928342210219,-1812058,-0.014541125420411305,-0.01464788377295183,-0.0003928591204795939,-0.009725734321805679,-0.03073154298604197,-0.010238924883231859,0,7
2015-07-21,50.36000061035156,51.02000045776367,49.77000045776367,49.95000076293945,254321,30.281135652917285,-2.2292292046158124,1.8526265708975787,0.21317877727564666,54.6645004272461,52.322470681832854,-1557737,0.0041874193037518825,0.004178676461671866,-0.014541125420411305,-0.0003928591204795939,-0.009725734321805679,0.016091956710932998,1,7
2015-07-22,49.189998626708984,50.709999084472656,49.040000915527344,50.709999084472656,347986,27.343040004558333,-2.313984926050175,1.8395816850438453,0.16412694067464836,54.07350044250488,51.84055190412148,-1905723,-0.023232763492105346,-0.023506898406760644,0.0041874193037518825,-0.014541125420411305,-0.0003928591204795939,-0.03073154298604197,2,7
2015-07-23,48.45000076293945,49.630001068115234,48.209999084472656,49.22999954223633,316060,25.648015101313433,-2.413049951337335,1.8096117063723263,0.1445010208714736,53.48250045776367,51.318928651631936,-2221783,-0.01504366506259125,-0.015157968805435221,-0.023232763492105346,0.0041874193037518825,-0.014541125420411305,-0.009725734321805679,3,7
2015-07-24,48.13999938964844,49.029998779296875,47.720001220703125,48.790000915527344,278233,24.950230028903775,-2.4878953091742844,1.7739249815309994,0.15154741540009625,52.90450038909912,50.82986261132678,-2500016,-0.006398377056954452,-0.006418934407471753,-0.01504366506259125,-0.023232763492105346,0.0041874193037518825,-0.0003928591204795939,4,7
2015-07-27,47.38999938964844,48.20000076293945,46.90999984741211,48.0,273614,23.29871613098487,-2.5780118110787384,1.7393589768164526,0.12300571266219644,52.29250030517578,50.300652884914726,-2773630,-0.015579559815309674,-0.01570219657608327,-0.006398377056954452,-0.01504366506259125,-0.023232763492105346,-0.014541125420411305,0,7
2015-07-28,47.97999954223633,48.439998626708984,46.68000030517578,47.02000045776367,338107,27.371490529882564,-2.572171316796542,1.7408332157247919,0.19069650315950587,51.775000190734865,49.94362929373343,-2435523,0.01244988732193919,0.012373024770665549,-0.015579559815309674,-0.006398377056954452,-0.01504366506259125,0.0041874193037518825,1,7
2015-07-29,48.790000915527344,49.52000045776367,47.38999938964844,47.810001373291016,366893,32.65825994919028,-2.473667443158547,1.7686309194669663,0.26164088440096384,51.241000175476074,49.76614800477864,-2068630,0.016882062964131084,0.016741144721567052,0.01244988732193919,-0.015579559815309674,-0.006398377056954452,-0.023232763492105346,2,7
2015-07-30,48.52000045776367,49.36000061035156,48.34000015258789,48.83000183105469,247662,31.82661656235433,-2.38984059926765,1.7151573150595882,0.24710930444086346,50.819000244140625,49.57443299754557,-2316292,-0.005533930163910794,-0.005549299082012057,0.016882062964131084,0.01244988732193919,-0.015579559815309674,-0.01504366506259125,3,7
2015-07-31,47.119998931884766,48.619998931884766,46.70000076293945,48.470001220703125,334474,27.864365848149305,-2.408610679773467,1.7297888046228542,0.08531868222064794,50.32850017547607,49.19682775667468,-2650766,-0.028854111967653417,-0.029278576835034417,-0.005533930163910794,0.016882062964131084,0.01244988732193919,-0.006398377056954452,4,7
2015-08-03,45.16999816894531,46.939998626708984,45.08000183105469,46.86000061035156,371085,23.47971294834778,-2.55142364496524,1.7519465400662273,-0.05275653403272297,49.960500144958495,48.57731551240862,-3021851,-0.04138371831795484,-0.042264407545803184,-0.028854111967653417,-0.005533930163910794,0.016882062964131084,-0.015579559815309674,0,8
2015-08-04,45.7400016784668,46.22999954223633,45.290000915527344,45.349998474121094,285786,27.091258438656965,-2.588767726393371,1.7025218852965693,0.07324338116516499,49.6310001373291,48.140805691802186,-2736065,0.012619073115512469,0.01254011616090676,-0.04138371831795484,-0.028854111967653417,-0.005533930163910794,0.01244988732193919,1,8
2015-08-05,45.150001525878906,46.70000076293945,44.83000183105469,45.959999084472656,367326,25.737200989382146,-2.6355898225746373,1.7144845314814405,0.07189472437006679,49.3060001373291,47.680681973967836,-3103391,-0.012898997178341753,-0.012982911631692746,0.012619073115512469,-0.04138371831795484,-0.028854111967653417,0.016882062964131084,2,8
2015-08-06,44.65999984741211,45.27000045776367,44.20000076293945,45.15999984741211,360977,24.635898927687222,-2.6813270423940665,1.668449900291639,0.07433461329812657,48.900000190734865,47.21596164680542,-3464368,-0.01085274998686192,-0.010912070663406402,-0.012898997178341753,0.012619073115512469,-0.04138371831795484,-0.005533930163910794,3,8
2015-08-07,43.869998931884766,45.15999984741211,43.70000076293945,44.81999969482422,400070,22.932153553913736,-2.7496246290480073,1.653560556304569,0.05136861785901968,48.45650005340576,46.70119815220224,-3864438,-0.017689227904758353,-0.017847552164514183,-0.01085274998686192,-0.012898997178341753,0.012619073115512469,-0.028854111967653417,4,8
2015-08-10,44.959999084472656,45.0099983215332,43.349998474121094,43.58000183105469,491433,30.113609999672263,-2.6848478015300046,1.6540205056693933,0.18808835786311887,48.09449996948242,46.43332137255153,-3373005,0.024846140394949368,0.02454249439144177,-0.017689227904758353,-0.01085274998686192,-0.012898997178341753,-0.04138371831795484,0,8
2015-08-11,43.08000183105469,45.34000015258789,42.689998626708984,44.810001373291016,538005,25.670483348387066,-2.753471460567418,1.7251620071129299,0.04276196712468451,47.59650001525879,45.917426058475094,-3911010,-0.04181488638124198,-0.04271429043050512,0.024846140394949368,-0.017689227904758353,-0.01085274998686192,0.012619073115512469,1,8
2015-08-12,43.29999923706055,43.869998931884766,42.79999923706055,43.27000045776367,492271,27.02733113423207,-2.7583081928319615,1.6783646990923076,0.10709673619760422,47.19099998474121,45.514745009026704,-3418739,0.005106717656805371,0.005093722596817482,-0.04181488638124198,0.024846140394949368,-0.017689227904758353,-0.012898997178341753,2,8
2015-08-13,42.22999954223633,43.720001220703125,41.90999984741211,43.34000015258789,420146,24.668666117643497,-2.816020044844784,1.6877673186779296,0.055415540098504516,46.75699996948242,45.009399552597415,-3838885,-0.02471130978469871,-0.025021759282517486,0.005106717656805371,-0.04181488638124198,0.024846140394949368,-0.01085274998686192,3,8
2015-08-14,42.5,42.959999084472656,41.349998474121094,42.22999954223633,317211,26.413785316002432,-2.8076059887386933,1.6822125537974748,0.11947234860427068,46.3375,44.623338082967045,-3521674,0.006393569990301051,0.006373217824293313,-0.02471130978469871,0.005106717656805371,-0.04181488638124198,-0.017689227904758353,4,8
2015-08-17,41.869998931884766,42.689998626708984,41.63999938964844,42.18000030517578,314275,24.960774129671364,-2.819274765157772,1.637054459744837,0.10117161455258697,45.92349987030029,44.199747444339,-3835949,-0.01482355454388784,-0.014934521409594963,0.006393569990301051,-0.02471130978469871,0.005106717656805371,0.024846140394949368,0,8
2015-08-18,42.619998931884766,42.900001525878906,41.43000030517578,41.880001068115234,200185,29.90427385364039,-2.73645942172363,1.6251220855275719,0.19900225903276153,45.53649978637695,43.95670921165374,-3635764,0.01791258703445675,0.017754047088332874,-0.01482355454388784,0.006393569990301051,-0.02471130978469871,-0.04181488638124198,1,8
2015-08-19,40.79999923706055,42.68000030517578,40.400001525878906,42.40999984741211,107578,25.51203450838085,-2.785576043728746,1.6718989922253793,0.06466883941401726,45.116999816894534,43.47106152325478,-3743342,-0.04270295026832216,-0.04364153889848965,0.01791258703445675,-0.01482355454388784,0.006393569990301051,0.005106717656805371,2,8
2015-08-20,41.13999938964844,41.47999954223633,40.209999084472656,40.58000183105469,380433,27.64991900840286,-2.76519075200234,1.643191954049543,0.13879111777486677,44.75149974822998,43.112436579623036,-3362909,0.008333337229061932,0.00829880667822758,-0.04270295026832216,0.01791258703445675,-0.01482355454388784,-0.02471130978469871,3,8
2015-08-21,40.45000076293945,41.400001525878906,39.86000061035156,41.029998779296875,377181,26.017903708136842,-2.7727498497661003,1.6358211655836716,0.11445579981046525,44.366999816894534,42.702831069364024,-3740090,-0.016771964923329552,-0.016914207023049615,0.008333337229061932,-0.04270295026832216,0.01791258703445675,0.006393569990301051,4,8
2015-08-24,38.2400016784668,40.470001220703125,37.75,40.29999923706055,468366,21.616895013411025,-2.923370154185484,1.713262598092204,-0.012053255838139121,43.909499931335446,42.01624193230291,-4208456,-0.05463532862272458,-0.05618453028963753,-0.016771964923329552,0.008333337229061932,-0.04270295026832216,-0.01482355454388784,0,8
2015-08-25,39.310001373291016,39.88999938964844,38.15999984741211,38.18000030517578,375650,27.969778874771137,-2.922706654594343,1.7144580941024987,0.12475103346740925,43.476000022888186,41.59989723091647,-3832806,0.027981162339402843,0.027596842292511005,-0.05463532862272458,-0.016771964923329552,0.008333337229061932,0.01791258703445675,1,8
2015-08-26,38.599998474121094,39.86000061035156,38.52000045776367,39.689998626708984,368722,26.438526246324898,-2.94551802830037,1.6877110982800265,0.09375577205501076,42.96649990081787,41.13837434525564,-4201528,-0.018061635064005155,-0.01822673742842807,0.027981162339402843,-0.05463532862272458,-0.016771964923329552,-0.04270295026832216,2,8
2015-08-27,42.560001373291016,42.86000061035156,38.95000076293945,38.959999084472656,533682,44.6421261344969,-2.6139253629989483,1.8714461724193439,0.488535680278326,42.66849994659424,41.35708619572262,-3667846,0.10259075273862672,0.09766264036032185,-0.018061635064005155,0.027981162339402843,-0.05463532862272458,0.008333337229061932,3,8
2015-08-28,45.220001220703125,45.900001525878906,41.779998779296875,42.68000030517578,666328,53.04716081394751,-2.1121484965105566,2.0320573562881075,0.7981724456387119,42.573500061035155,41.95138081495039,-3001518,0.06249999439805998,0.06062461654402069,0.10259075273862672,-0.018061635064005155,0.027981162339402843,-0.016771964923329552,4,8
2015-08-31,49.20000076293945,49.33000183105469,43.599998474121094,45.0,757503,62.27628785080678,-1.377455563596115,2.296196356334214,1.118635331593716,42.775000190734865,43.06655311464102,-2244015,0.08801414053067647,0.08435414516057659,0.06249999439805998,0.10259075273862672,-0.018061635064005155,-0.05463532862272458,0,8
2015-09-01,45.40999984741211,48.869998931884766,44.150001525878906,48.099998474121094,713418,51.82881961398027,-1.088480198436315,2.4928965621003805,0.7570744306821885,42.75850009918213,43.42708338122119,-2957433,-0.0770325377389468,-0.08016129725552866,0.08801414053067647,0.06249999439805998,0.10259075273862672,0.027981162339402843,1,9
2015-09-02,46.25,46.77000045776367,43.209999084472656,44.2599983215332,689301,53.68341677044135,-0.7826621058860255,2.5691183343282833,0.8254314397658197,42.813500022888185,43.861378245648694,-2268132,0.018498131587986855,0.018329122208801098,-0.0770325377389468,0.08801414053067647,0.06249999439805998,-0.018061635064005155,2,9
2015-09-03,46.75,48.41999816894531,45.650001525878906,46.11000061035156,539450,54.79895911388445,-0.4942557700601711,2.583466784952435,0.8483572763800264,42.918000030517575,44.30578159247197,-1728682,0.0108108108108107,0.010752791776261697,0.018498131587986855,-0.0770325377389468,0.08801414053067647,0.10259075273862672,3,9
2015-09-04,46.04999923706055,47.22999954223633,45.61000061035156,46.68000030517578,385631,52.87876966090885,-0.31850436245321134,2.5146476525904586,0.76726387778967,43.02700004577637,44.57412276856252,-2114313,-0.01497327835164608,-0.015086509601012306,0.0108108108108107,0.018498131587986855,-0.0770325377389468,0.06249999439805998,4,9
2015-09-08,45.939998626708984,46.40999984741211,44.13999938964844,45.81999969482422,508815,52.56704825469718,-0.18595268880111604,2.4971728529599737,0.7495650559097434,43.07600002288818,44.78425751596967,-2623128,-0.0023887212198482333,-0.0023915787658755276,-0.01497327835164608,0.0108108108108107,0.018498131587986855,0.08801414053067647,1,9
2015-09-09,44.150001525878906,46.2599983215332,44.04999923706055,45.790000915527344,422735,47.64501371193836,-0.22277433499402832,2.4766604409251656,0.5886305487995669,43.129500007629396,44.68667967134032,-3045863,-0.038963803969062294,-0.039743205756596164,-0.0023887212198482333,-0.01497327835164608,0.0108108108108107,-0.0770325377389468,2,9
2015-09-10,45.91999816894531,46.040000915527344,43.36000061035156,44.15999984741211,498992,52.39197837770755,-0.1078881508265539,2.4911847169430668,0.7259773602119957,43.26049995422363,44.876420978664164,-2546871,0.0400905228061863,0.03930775052521387,-0.038963803969062294,-0.0023887212198482333,-0.01497327835164608,0.018498131587986855,3,9
2015-09-11,44.630001068115234,45.880001068115234,44.15999984741211,45.709999084472656,395838,48.91126831773949,-0.11955386471224472,2.4389571172709337,0.6060092167561045,43.38050003051758,44.8385102231951,-2942709,-0.02809227247971613,-0.028494409562573746,0.0400905228061863,-0.038963803969062294,-0.0023887212198482333,0.0108108108108107,4,9
2015-09-14,44.0,44.970001220703125,43.59000015258789,44.779998779296875,326269,47.25993991687869,-0.17758772729612815,2.363317399474098,0.546263234790317,43.45550003051758,44.70950865039586,-3268978,-0.014116089021681044,-0.014216668655590958,-0.02809227247971613,0.0400905228061863,-0.038963803969062294,-0.01497327835164608,0,9
2015-09-15,44.59000015258789,45.25,43.91999816894531,44.11000061035156,335953,48.996616834138145,-0.17396652225032483,2.2895091445869973,0.5852310458984419,43.59150009155273,44.69112272765617,-2933025,0.013409094376997555,0.013319988143144577,-0.014116089021681044,-0.02809227247971613,0.0400905228061863,-0.0023887212198482333,1,9
2015-09-16,47.150001525878906,47.349998474121094,44.81999969482422,45.15999984741211,421981,55.79794364145278,0.03506976244695892,2.3231155143688693,0.7759467699055389,43.81800022125244,45.069411773536594,-2511044,0.05741200638104149,0.055824419380285255,0.013409094376997555,-0.014116089021681044,-0.02809227247971613,-0.038963803969062294,2,9
2015-09-17,46.900001525878906,47.709999084472656,46.33000183105469,47.130001068115234,366390,55.026242732079744,0.1785019540195094,2.255749924300948,0.7309164678468371,44.12300033569336,45.35104096620464,-2877434,-0.005302226763720941,-0.005316333454726261,0.05741200638104149,0.013409094376997555,-0.014116089021681044,0.0400905228061863,3,9
2015-09-18,44.68000030517578,47.029998779296875,44.2400016784668,46.88999938964844,211301,48.598590388960446,0.11174927791319078,2.2939104369101715,0.5324356546184604,44.30000038146973,45.247803941430966,-3088735,-0.047334779285202244,-0.048491726955709996,-0.005302226763720941,0.05741200638104149,0.013409094376997555,-0.02809227247971613,4,9
2015-09-21,46.68000030517578,46.7400016784668,44.689998626708984,44.970001220703125,104528,53.83092119996681,0.21772083620125926,2.27720264665166,0.6825648030524212,44.611500358581544,45.46814184354555,-2984207,0.0447627570801139,0.043789832924713654,-0.047334779285202244,-0.005302226763720941,0.05741200638104149,-0.014116089021681044,0,9
2015-09-22,45.83000183105469,46.47999954223633,45.13999938964844,46.45000076293945,345875,51.43458241359492,0.23045969064292393,2.2245453801427804,0.586179291671357,44.99100036621094,45.523812610854655,-3330082,-0.018209050311999375,-0.018376875481746643,0.0447627570801139,-0.047334779285202244,-0.005302226763720941,0.013409094376997555,1,9
2015-09-23,44.47999954223633,47.150001525878906,44.40999984741211,46.540000915527344,411957,47.795402158168194,0.13012146307018924,2.2613636871659244,0.406753809027736,45.2495002746582,45.36322598491337,-3742039,-0.029456736523706395,-0.029899298823344248,-0.018209050311999375,0.0447627570801139,-0.047334779285202244,0.05741200638104149,2,9
2015-09-24,44.90999984741211,45.18000030517578,43.709999084472656,44.619998931884766,371976,49.032379237128644,0.08432804458055898,2.204837796704296,0.38278913106888596,45.56500034332275,45.293498886836254,-3370063,0.009667273147506927,0.00962084405113197,-0.029456736523706395,-0.018209050311999375,0.0447627570801139,-0.005302226763720941,3,9
2015-09-25,45.70000076293945,46.380001068115234,44.86000061035156,45.04999923706055,338622,51.31478825781341,0.11050902284777919,2.155920843922823,0.49547380541438024,45.72200031280518,45.356037637005976,-3031441,0.017590757475205443,0.01743783089266698,0.009667273147506927,-0.029456736523706395,-0.018209050311999375,-0.047334779285202244,4,9
2015-09-28,44.43000030517578,45.5,44.29999923706055,45.380001068115234,273906,47.622684054668234,0.02845124539682331,2.101926606919686,0.24815287234151195,45.68250026702881,45.21357035518595,-3305347,-0.027789943907256642,-0.028183390778171995,0.017590757475205443,0.009667273147506927,-0.029456736523706395,0.0447627570801139,0,9
2015-09-29,45.22999954223633,45.70000076293945,44.29999923706055,44.5,265176,50.06020599673016,0.027654336157773685,2.051789101131059,0.4329913507683561,45.48400020599365,45.216097922424474,-3040171,0.018005834606473092,0.01784564955244967,-0.027789943907256642,0.017590757475205443,0.009667273147506927,-0.018209050311999375,1,9
2015-09-30,45.09000015258789,45.849998474121094,44.68000030517578,44.91999816894531,355853,49.624968015620645,0.015546785458276702,1.9888040345463627,0.40067783980137084,45.46800022125244,45.19669826552654,-3396024,-0.003095277273166941,-0.0031000775518874907,0.018005834606473092,-0.027789943907256642,0.017590757475205443,-0.029456736523706395,2,9
2015-10-01,44.7400016784668,47.099998474121094,44.630001068115234,45.380001068115234,478979,48.489930009132195,-0.022036464853940174,2.0231749896506126,0.32761798145453086,45.39250030517578,45.12643725213273,-3875003,-0.007762219404228721,-0.00779250223906244,-0.003095277273166941,0.018005834606473092,-0.027789943907256642,0.009667273147506927,3,10
2015-10-02,45.540000915527344,45.810001373291016,43.970001220703125,45.06999969482422,420740,51.23543731219041,0.012586699423124514,2.010091072717561,0.5581101086425481,45.33200035095215,45.190062431116516,-3454263,0.017881073022971927,0.017723087161395628,-0.007762219404228721,-0.003095277273166941,0.018005834606473092,0.017590757475205443,4,10
2015-10-05,46.2599983215332,46.939998626708984,45.209999084472656,45.650001525878906,323061,53.63087777028753,0.09700536251903458,1.9900845348260443,0.7536207353185677,45.34250030517578,45.35466795271908,-3131202,0.015810219401211523,0.015686539780563794,0.017881073022971927,-0.007762219404228721,-0.003095277273166941,-0.027789943907256642,0,10
2015-10-06,48.529998779296875,49.08000183105469,45.72999954223633,46.20000076293945,453101,60.25911805268693,0.34312252411071853,2.087221517254067,1.172758809873948,45.47200031280518,45.8431803875772,-2678101,0.04907048292535343,0.04790451774358333,0.015810219401211523,0.017881073022971927,-0.007762219404228721,0.018005834606473092,1,10
2015-10-07,47.810001373291016,49.709999084472656,47.70000076293945,49.0,547488,57.45382653701705,0.4746034414130236,2.081705574702577,0.9483727846790486,45.65500030517578,46.14576823153317,-3225589,-0.014836130725661922,-0.01494728690160691,0.04907048292535343,0.015810219401211523,0.017881073022971927,-0.003095277273166941,2,10
2015-10-08,49.43000030517578,50.06999969482422,47.7599983215332,48.11000061035156,509760,61.766689068879714,0.7014376539066305,2.098012417458894,1.1177475656091667,45.8305004119873,46.65103470440126,-2715829,0.03388410134599518,0.03332268213082592,-0.014836130725661922,0.04907048292535343,0.015810219401211523,-0.007762219404228721,3,10
2015-10-09,49.630001068115234,50.91999816894531,49.16999816894531,49.689998626708984,508680,62.27512302668,0.8871176515773413,2.0731543876404013,1.0391181126805453,46.0805004119873,47.10933722189572,-2207149,0.004046141244278045,0.004037977628147395,0.03388410134599518,-0.014836130725661922,0.04907048292535343,0.017881073022971927,4,10
2015-10-12,47.099998474121094,50.130001068115234,47.040000915527344,49.5099983215332,408663,52.72361736905044,0.8206602616095324,2.1457862279937934,0.6361252738765785,46.23550033569336,47.107900491468854,-2615812,-0.05097728268274282,-0.05232254249512163,0.004046141244278045,0.03388410134599518,-0.014836130725661922,0.015810219401211523,0,10
2015-10-13,46.65999984741211,48.43000030517578,46.439998626708984,47.459999084472656,465388,51.25137997448901,0.7241406466937548,2.1346587601704363,0.5519782224422762,46.33900032043457,47.03899270007551,-3081200,-0.009341797048055933,-0.00938570530271555,-0.05097728268274282,0.004046141244278045,0.03388410134599518,0.04907048292535343,1,10
2015-10-14,46.63999938964844,46.959999084472656,45.939998626708984,46.689998626708984,348241,51.18141861142393,0.6386720726026027,2.0550403099985246,0.5531933999712746,46.313500213623044,46.97760911385596,-3429441,-0.0004286424738336736,-0.00042873436727942156,-0.009341797048055933,-0.05097728268274282,0.004046141244278045,-0.014836130725661922,2,10
2015-10-15,46.380001068115234,47.02000045776367,45.22999954223633,46.279998779296875,370940,50.22166642577638,0.5436905934903251,2.0361089246791546,0.5151271010100962,46.28750019073486,46.885669414511234,-3800381,-0.005574578150421394,-0.005590174098760013,-0.0004286424738336736,-0.009341797048055933,-0.05097728268274282,0.03388410134599518,3,10
2015-10-16,47.2599983215332,47.5,46.15999984741211,46.869998931884766,198127,53.40636847393629,0.5332782116267012,1.9863868695297786,0.6409451862498071,46.416500091552734,46.94325847713,-3602254,0.018973635902370445,0.018795881386134125,-0.005574578150421394,-0.0004286424738336736,-0.009341797048055933,0.004046141244278045,4,10
2015-10-19,45.88999938964844,47.4900016784668,45.849998474121094,47.27000045776367,125840,48.23275350641126,0.40975545392932844,1.9616451791594876,0.41878413174317053,46.37700004577637,46.78121861751745,-3728094,-0.02898855227552022,-0.029417021136746095,0.018973635902370445,-0.005574578150421394,-0.0004286424738336736,-0.05097728268274282,0,10
2015-10-20,45.54999923706055,46.52000045776367,45.22999954223633,46.25,361314,47.01548730068916,0.28118626744797126,1.9136705889000487,0.36498866972392463,46.36299991607666,46.591800251293314,-4089408,-0.007409024996949287,-0.007436608149951604,-0.02898855227552022,0.018973635902370445,-0.005574578150421394,-0.009341797048055933,1,10
2015-10-21,45.20000076293945,46.08000183105469,44.86000061035156,45.880001068115234,384288,45.73589271906803,0.14933091523271003,1.8641227768859827,0.29582708938126057,46.398999977111814,46.377677253085025,-4473696,-0.007683830515551993,-0.0077135032390964,-0.007409024996949287,-0.02898855227552022,0.018973635902370445,-0.0004286424738336736,2,10
2015-10-22,45.380001068115234,46.099998474121094,44.900001525878906,45.27000045776367,322742,46.541713126403174,0.0586826617420968,1.8166852176971402,0.31997508702546495,46.42250003814697,46.22418860924352,-4150954,0.00398230756941409,0.003974399171454543,-0.007683830515551993,-0.007409024996949287,-0.02898855227552022,-0.005574578150421394,3,10
2015-10-23,44.599998474121094,45.75,44.20000076293945,45.439998626708984,406577,43.52540367065129,-0.07522922711466862,1.7976362190802406,0.20428586172721974,46.367499923706056,45.97431320384007,-4557531,-0.017188245386406176,-0.017337678075345146,0.00398230756941409,-0.007683830515551993,-0.007409024996949287,0.018973635902370445,4,10
2015-10-26,43.97999954223633,44.939998626708984,43.63999938964844,44.7400016784668,302084,41.23766120067479,-0.22874724027683868,1.7620907203645484,0.11262885321268203,46.34499988555908,45.66749571743949,-4859615,-0.013901321818307166,-0.013998850095322132,-0.017188245386406176,0.00398230756941409,-0.007683830515551993,-0.02898855227552022,0,10
2015-10-27,43.20000076293945,43.90999984741211,42.58000183105469,43.779998779296875,370825,38.49627218470714,-0.4086402046039126,1.7362269339943406,0.041318863845358864,46.24349994659424,45.28788110905487,-5230440,-0.01773530667156553,-0.017894461807464134,-0.013901321818307166,-0.017188245386406176,0.00398230756941409,-0.007409024996949287,1,10
2015-10-28,45.939998626708984,46.220001220703125,43.060001373291016,43.439998626708984,521518,50.855527514243796,-0.3263497891793605,1.837924999238467,0.4472401521816826,46.285999870300294,45.388206881001665,-4708922,0.0634258753560053,0.06149565445710822,-0.01773530667156553,-0.013901321818307166,-0.017188245386406176,-0.007683830515551993,2,10
2015-10-29,46.060001373291016,46.790000915527344,45.15999984741211,46.060001373291016,436513,51.31694530020186,-0.2485852868922791,1.8230732898725217,0.4544347010396346,46.351999855041505,45.49155987981541,-4272409,0.002612162607080748,0.0026087568399935346,0.0634258753560053,-0.01773530667156553,-0.013901321818307166,0.00398230756941409,3,10
2015-10-30,46.59000015258789,47.029998779296875,45.47999954223633,45.7400016784668,363307,53.39804164860965,-0.14254669687282728,1.8035680003859522,0.5291339236064833,46.40449981689453,45.660550691011174,-3909102,0.011506703506183769,0.011441004896024764,0.002612162607080748,0.0634258753560053,-0.01773530667156553,-0.017188245386406176,4,10
2015-11-02,46.13999938964844,46.72999954223633,45.560001373291016,46.43000030517578,305518,51.38936210293613,-0.09374106245533653,1.7583130124259065,0.4594203302534654,46.39849987030029,45.734312029263066,-4214620,-0.009658741392265413,-0.009705689586471255,0.011506703506183769,0.002612162607080748,0.0634258753560053,-0.013901321818307166,0,11
2015-11-03,47.900001525878906,48.36000061035156,45.959999084472656,46.11000061035156,434574,58.03791349868935,0.08596427523435324,1.804147906243978,0.7463228968342411,46.36700000762939,46.06749502874242,-3780046,0.03814482356983584,0.03743529675502347,-0.009658741392265413,0.011506703506183769,0.002612162607080748,-0.01773530667156553,1,11
2015-11-04,46.31999969482422,48.279998779296875,46.16999816894531,47.7400016784668,459307,51.2598984278036,0.09973937350842021,1.8259945279659482,0.5045221772389028,46.29249992370605,46.10634190044731,-4239353,-0.03298542339713828,-0.03354170959606234,0.03814482356983584,-0.009658741392265413,0.011506703506183769,0.0634258753560053,2,11
2015-11-05,45.20000076293945,46.650001525878906,45.119998931884766,46.56999969482422,437646,47.06400612243159,0.020050554245067076,1.8048522469679618,0.33736339282828964,46.08099994659424,45.966904802369186,-4676999,-0.024179597134365127,-0.024476722958939368,-0.03298542339713828,0.03814482356983584,-0.009658741392265413,0.002612162607080748,3,11
2015-11-06,44.290000915527344,45.63999938964844,44.11000061035156,45.40999984741211,448133,43.91841923398098,-0.11520478262656297,1.7852198564200268,0.16497714017872503,45.81399993896484,45.70891958900891,-5125132,-0.020132739647169218,-0.02033816511107256,-0.024179597134365127,-0.03298542339713828,0.03814482356983584,0.011506703506183769,4,11
2015-11-09,43.869998931884766,45.119998931884766,43.63999938964844,44.52000045776367,487992,42.50633325037178,-0.2533656203792205,1.7634184054069055,0.11976049639792243,45.652499961853025,45.42600871868212,-5613124,-0.009482997854157516,-0.00952824777546338,-0.020132739647169218,-0.024179597134365127,-0.03298542339713828,-0.009658741392265413,0,11
2015-11-10,44.209999084472656,44.7599983215332,43.56999969482422,44.099998474121094,445973,44.073954028738854,-0.3316014141912049,1.7224598497856254,0.22226397759652075,45.52999992370606,45.238930313419125,-5167151,0.007750174626532269,0.007720296298707589,-0.009482997854157516,-0.020132739647169218,-0.024179597134365127,0.03814482356983584,1,11
2015-11-11,42.93000030517578,44.11000061035156,42.619998931884766,43.630001068115234,502371,39.686806084656,-0.49122649527907214,1.71299844284293,0.030612431788914336,45.34449996948242,44.88371031215092,-5669522,-0.0289526986157852,-0.029380097784395865,0.007750174626532269,-0.009482997854157516,-0.020132739647169218,-0.03298542339713828,2,11
2015-11-12,41.75,43.33000183105469,41.540000915527344,43.04999923706055,545351,36.11756430564578,-0.7048219364841088,1.7184986194632452,-0.06779299477071818,45.11299991607666,44.401601033358475,-6214873,-0.027486613016248107,-0.027871438048288153,-0.0289526986157852,0.007750174626532269,-0.009482997854157516,-0.024179597134365127,3,11
2015-11-13,40.7400016784668,42.84000015258789,40.220001220703125,41.61000061035156,480893,33.35263997603755,-0.9447062999837712,1.7828914989219253,-0.10334767852782396,44.78700008392334,43.83827805568283,-6695766,-0.024191576563669548,-0.024488999298726038,-0.027486613016248107,-0.0289526986157852,0.007750174626532269,-0.020132739647169218,4,11
2015-11-16,41.7400016784668,42.25,40.060001373291016,40.91999816894531,535179,38.38225374304419,-1.0421119260876779,1.811970579478144,0.10143887680595143,44.57950019836426,43.515466305341896,-6160587,0.02454589982328237,0.024249489863344707,-0.024191576563669548,-0.027486613016248107,-0.0289526986157852,-0.009482997854157516,0,11
2015-11-17,40.66999816894531,42.029998779296875,40.58000183105469,41.959999084472656,363714,35.311547181091214,-1.1919073612467201,1.786115320104147,0.03174635201677181,44.335500144958495,43.0777019766655,-6524301,-0.025634965656301967,-0.02596926696459553,0.02454589982328237,-0.024191576563669548,-0.027486613016248107,0.007750174626532269,1,11
2015-11-18,40.75,41.54999923706055,39.90999984741211,41.11000061035156,251518,35.72559009021445,-1.2893035548484946,1.7756784679287392,0.09853941359010766,44.113000106811526,42.71959398025542,-6272783,0.001967096991801087,0.001965164789984167,-0.025634965656301967,0.02454589982328237,-0.024191576563669548,-0.0289526986157852,2,11
2015-11-19,40.540000915527344,41.04999923706055,39.88999938964844,40.720001220703125,131356,35.090679569157274,-1.3676702596528472,1.7317014236061226,0.12323560061204034,43.871000099182126,42.38427197029725,-6404139,-0.005153351766200132,-0.005166676079709048,0.001967096991801087,-0.025634965656301967,0.02454589982328237,-0.027486613016248107,3,11
2015-11-20,40.38999938964844,40.9900016784668,38.9900016784668,40.540000915527344,432642,34.61742928269959,-1.425448622921202,1.7508656076342566,0.1488084916962688,43.6605001449585,42.07746080404359,-6836781,-0.0037000868892791416,-0.0037069491432936844,-0.005153351766200132,0.001967096991801087,-0.025634965656301967,-0.024191576563669548,4,11
2015-11-23,41.75,42.75,40.40999984741211,41.4900016784668,516190,42.22532773169088,-1.34598206542055,1.7943752506854926,0.3096947750287084,43.54900016784668,42.027082218806115,-6320591,0.03367171653634937,0.0331172368329956,-0.0037000868892791416,-0.005153351766200132,0.001967096991801087,0.02454589982328237,0,11
2015-11-24,42.869998931884766,43.459999084472656,41.86000061035156,42.040000915527344,430304,47.629764389656884,-1.1790384709272814,1.7883483816702899,0.4300225316085996,43.53250007629394,42.15676171312591,-5890287,0.02682632172179078,0.02647280439780668,0.03367171653634937,-0.0037000868892791416,-0.005153351766200132,-0.025634965656301967,1,11
2015-11-25,43.040000915527344,43.25,41.720001220703125,42.689998626708984,383158,48.41849377970623,-1.02124445978383,1.7698948386436173,0.46227544596371045,43.38750019073486,42.29264466734152,-5507129,0.003965523393473669,0.003957681430403708,0.02682632172179078,0.03367171653634937,-0.0037000868892791416,0.001967096991801087,2,11
2015-11-27,41.709999084472656,43.29999923706055,41.66999816894531,43.25,316475,42.9664882365696,-0.9920755719375336,1.7599024264630185,0.3374079096734419,43.170000076293945,42.203006885361695,-5823604,-0.030901528874616502,-0.031389050866049664,0.003965523393473669,0.02682632172179078,0.03367171653634937,-0.005153351766200132,4,11
2015-11-30,41.650001525878906,42.61000061035156,41.5,41.77000045776367,369509,42.732727455573645,-0.9627028801858017,1.7134808681693432,0.3501286521521662,42.92300014495849,42.11792913774896,-6193113,-0.0014384454545837144,-0.001439481010426147,-0.030901528874616502,0.003965523393473669,0.02682632172179078,-0.0037000868892791416,0,11
2015-12-01,41.849998474121094,42.22999954223633,41.16999816894531,41.72999954223633,415537,43.82976751245502,-0.9127649419999031,1.6668037613923197,0.3927314476876426,42.70850009918213,42.076709035652364,-5777576,0.00480184732089195,0.004790355226217765,-0.0014384454545837144,-0.030901528874616502,0.003965523393473669,0.03367171653634937,1,12
2015-12-02,39.939998626708984,41.970001220703125,39.84000015258789,41.689998626708984,545289,36.61573091884288,-1.0156025572660496,1.6998892833010992,0.15082460248661242,42.31049995422363,41.74798435735338,-6322865,-0.04563918559263991,-0.046713466870999455,0.00480184732089195,-0.0014384454545837144,-0.030901528874616502,0.02682632172179078,2,12
2015-12-03,41.08000183105469,41.779998779296875,40.06999969482422,40.150001525878906,496884,42.6799282150555,-0.9936590935835596,1.70989720253587,0.3322696844217824,42.048500061035156,41.64521781484589,-5825981,0.02854289543173283,0.028143136029438107,-0.04563918559263991,0.00480184732089195,-0.0014384454545837144,0.003965523393473669,3,12
2015-12-04,39.970001220703125,42.0,39.599998474121094,41.310001373291016,510758,38.78860076076604,-1.0536902280645393,1.759190368488944,0.15512050986489612,41.78700008392334,41.38749218497777,-6336739,-0.027020461559776554,-0.027392226369540258,0.02854289543173283,-0.04563918559263991,0.00480184732089195,-0.030901528874616502,4,12
2015-12-07,37.650001525878906,40.150001525878906,37.5,40.099998474121094,635413,32.1837862356918,-1.273786503064791,1.8228197368739412,-0.1461846620862767,41.45500011444092,40.81249362203949,-6972152,-0.05804352324168893,-0.059796208489821166,-0.027020461559776554,0.02854289543173283,-0.04563918559263991,-0.0014384454545837144,0,12
2015-12-08,37.5099983215332,38.58000183105469,36.63999938964844,37.68000030517578,767184,31.831537967341518,-1.4428788658411165,1.8311899300548204,-0.0675509110368023,41.13700008392334,40.3044174219616,-7739336,-0.00371854445343045,-0.003725475427281047,-0.05804352324168893,-0.027020461559776554,0.02854289543173283,0.00480184732089195,1,12
2015-12-09,37.15999984741211,38.9900016784668,36.869998931884766,37.86000061035156,646166,30.920429448089223,-1.5868356794465726,1.8518194169496212,-0.046721711795022075,40.78450012207031,39.82066087203091,-8385502,-0.009330804846242047,-0.009374609507215513,-0.00371854445343045,-0.05804352324168893,-0.027020461559776554,-0.04563918559263991,2,12
2015-12-10,36.7599983215332,37.540000915527344,36.380001068115234,37.27000045776367,513940,29.868220444889175,-1.713447712917585,1.8024037334112273,-0.01679728230265602,40.476000022888186,39.34978971041588,-8899442,-0.01076430375461268,-0.010822658012053506,-0.009330804846242047,-0.00371854445343045,-0.05804352324168893,0.02854289543173283,3,12
2015-12-11,35.619998931884766,36.84000015258789,35.15999984741211,36.630001068115234,505406,27.043667391462634,-1.8840588276270296,1.7936606313944097,-0.052661638481224834,40.16949996948242,38.77597574448801,-9404848,-0.03101195434442261,-0.03150300395221943,-0.01076430375461268,-0.009330804846242047,-0.00371854445343045,-0.027020461559776554,4,12
2015-12-14,36.310001373291016,36.70000076293945,34.529998779296875,35.400001525878906,550476,31.279670899184424,-1.9412148187245037,1.820542156554993,0.08974890278509853,39.94799995422363,38.39659507199617,-8854372,0.019371208930290207,0.01918597537240863,-0.03101195434442261,-0.01076430375461268,-0.009330804846242047,-0.05804352324168893,0,12
2015-12-15,37.349998474121094,37.880001068115234,36.029998779296875,36.31999969482422,474159,37.19842175370809,-1.8809103157434919,1.8226464517166623,0.23522562669007605,39.728499794006346,38.23558021078462,-8380213,0.028642166386561474,0.02823964747777417,0.019371208930290207,-0.03101195434442261,-0.01076430375461268,-0.00371854445343045,1,12
2015-12-16,35.52000045776367,37.349998474121094,35.290000915527344,36.790000915527344,402967,31.979098257145296,-1.9582110703738493,1.8396001022078827,0.09051102311157416,39.47099990844727,37.817798710319856,-8783180,-0.04899593282782555,-0.0502369397138473,0.028642166386561474,0.019371208930290207,-0.03101195434442261,-0.009330804846242047,2,12
2015-12-17,34.95000076293945,35.84000015258789,34.630001068115234,35.79999923706055,196227,30.541654222471607,-2.0419286051229406,1.7946286009410808,0.09057755193887776,39.18099994659424,37.376599026107485,-8979407,-0.016047288498827528,-0.016177440502185964,-0.04899593282782555,0.028642166386561474,0.019371208930290207,-0.01076430375461268,3,12
2015-12-18,34.72999954223633,35.56999969482422,34.290000915527344,34.869998931884766,116038,29.98149287735511,-2.101799379525204,1.7578693279664945,0.11990584191684837,38.890499877929685,36.969429874742694,-9095445,-0.006294741513608537,-0.0063146369339327725,-0.016047288498827528,-0.04899593282782555,0.028642166386561474,-0.03101195434442261,4,12
2015-12-21,34.7400016784668,34.86000061035156,33.97999954223633,34.58000183105469,298080,30.0443125931114,-2.1239566605168534,1.695164452262833,0.16143048080216282,38.60799999237061,36.62644092146948,-8797365,0.0002879970159028744,0.00028795555272294695,-0.006294741513608537,-0.016047288498827528,-0.04899593282782555,0.019371208930290207,0,12
2015-12-22,36.13999938964844,36.540000915527344,35.65999984741211,35.79999923706055,302263,38.37801601042914,-2.005430990196487,1.7026526511769553,0.3053043154037942,38.32749996185303,36.55160376272778,-8495102,0.040299298892936264,0.039508459147485735,0.0002879970159028744,-0.006294741513608537,-0.016047288498827528,0.028642166386561474,1,12
2015-12-23,37.5,37.95000076293945,36.279998779296875,36.470001220703125,374658,45.20672677283251,-1.781225006183007,1.7103204170422452,0.44648770073499205,38.05900001525879,36.697510876154276,-8120444,0.037631450838959024,0.03694066470081533,0.040299298892936264,0.0002879970159028744,-0.006294741513608537,-0.04899593282782555,2,12
2015-12-24,38.099998474121094,38.279998779296875,37.380001068115234,37.86000061035156,205873,47.94730370495728,-1.5374030605880549,1.652440223766488,0.530648565990796,37.81199989318848,36.913278198918405,-7914571,0.01599995930989584,0.015873309106974227,0.037631450838959024,0.040299298892936264,0.0002879970159028744,-0.016047288498827528,3,12
2015-12-28,36.810001373291016,38.09000015258789,36.599998474121094,38.0,220644,42.97093214615931,-1.4317599595689074,1.6415516363545959,0.41315899798754,37.567000007629396,36.89738945651419,-8135215,-0.03385819297883419,-0.03444465738485762,0.01599995930989584,0.037631450838959024,0.040299298892936264,-0.006294741513608537,0,12
2015-12-29,37.869998931884766,37.939998626708984,36.65999984741211,36.70000076293945,241945,47.76810336813869,-1.2481165856111645,1.6157264322790446,0.5624072858301928,37.37799987792969,37.04702168349428,-7893270,0.028796455285189815,0.02838962901043559,-0.03385819297883419,0.01599995930989584,0.037631450838959024,0.0002879970159028744,1,12
2015-12-30,36.599998474121094,37.400001525878906,36.400001525878906,37.36000061035156,267912,43.091172467284494,-1.1913234763136131,1.6053172161166742,0.42360646266394325,37.115499877929686,36.97824888205225,-8161182,-0.033535793334665054,-0.03411101499227822,0.028796455285189815,-0.03385819297883419,0.01599995930989584,0.040299298892936264,2,12
2015-12-31,37.040000915527344,37.790000915527344,36.220001220703125,36.810001373291016,283623,45.09682772389175,-1.0981512047425142,1.602794536024356,0.5111546762197076,36.970499992370605,36.98774919489457,-7877559,0.012021925129788391,0.011950235778600117,-0.033535793334665054,0.028796455285189815,-0.03385819297883419,0.037631450838959024,3,12
2016-01-04,36.7599983215332,38.38999938964844,36.33000183105469,37.599998474121094,431985,44.03329828202599,-1.0349748318958234,1.6354518947793129,0.5011086147475539,36.75449981689453,36.95271059899282,-8309544,-0.007559465093770035,-0.007588182667895302,0.012021925129788391,-0.033535793334665054,0.028796455285189815,0.01599995930989584,0,1
2016-01-05,35.970001220703125,37.099998474121094,35.7400016784668,36.900001525878906,410131,41.08902899705161,-1.0367028004508612,1.6157765305560974,0.3546921471407367,36.554499816894534,36.80152454079441,-8719675,-0.021490672929854737,-0.021724960183111198,-0.007559465093770035,0.012021925129788391,-0.033535793334665054,-0.03385819297883419,1,1
2016-01-06,33.970001220703125,36.38999938964844,33.77000045776367,36.18000030517578,563811,34.75348570738967,-1.1857865045842857,1.6875067020795738,-0.03646889328463088,36.370499801635745,36.36590556847268,-9283486,-0.05560188857733117,-0.05720747353700064,-0.021490672929854737,-0.007559465093770035,0.012021925129788391,0.028796455285189815,2,1
2016-01-07,33.27000045776367,34.2599983215332,32.099998474121094,34.09000015258789,617409,32.844619787492746,-1.344917256665937,1.7212562124604691,-0.06697328703105375,36.15849990844727,35.88961247451745,-9900895,-0.02060643914586724,-0.020821714317794546,-0.05560188857733117,-0.021490672929854737,-0.007559465093770035,-0.033535793334665054,3,1
2016-01-08,33.15999984741211,34.34000015258789,32.63999938964844,33.29999923706055,596496,32.54213443169057,-1.463040632408486,1.7197379660661107,0.002996582570319582,35.958499908447266,35.4696720703474,-10497391,-0.003306300235589421,-0.003311778123908311,-0.02060643914586724,-0.05560188857733117,-0.021490672929854737,0.012021925129788391,4,1
2016-01-11,31.40999984741211,33.20000076293945,30.8799991607666,32.939998626708984,648640,28.10721646747237,-1.6785157486465678,1.762613940073735,-0.12713874230406394,35.69099998474121,34.84510711297274,-11146031,-0.052774427263351575,-0.05421801697291403,-0.003306300235589421,-0.02060643914586724,-0.05560188857733117,-0.007559465093770035,0,1
2016-01-12,30.440000534057617,32.209999084472656,29.93000030517578,31.110000610351562,627218,25.992709274749856,-1.9055857621645487,1.7995700000182449,-0.10725323218541195,35.43200006484985,34.167398408524264,-11773249,-0.03088186303937246,-0.03136875815453056,-0.052774427263351575,-0.003306300235589421,-0.02060643914586724,-0.021490672929854737,1,1
2016-01-13,30.479999542236328,31.709999084472656,30.100000381469727,30.540000915527344,637903,26.23913147410464,-2.0585827377764687,1.7860291930885794,-0.00484869908068346,35.14049997329712,33.600106275249196,-11135346,0.0013140278408982908,0.001313165261867518,-0.03088186303937246,-0.052774427263351575,-0.003306300235589421,-0.05560188857733117,2,1
2016-01-14,31.200000762939453,31.770000457763672,30.280000686645508,30.600000381469727,537906,30.711476727325973,-2.0975565359601873,1.7648842343764068,0.12169356694209779,34.833000087738036,33.230859273355385,-10597440,0.02362208764817786,0.023347403468671816,0.0013140278408982908,-0.03088186303937246,-0.052774427263351575,-0.02060643914586724,3,1
2016-01-15,29.420000076293945,31.18000030517578,29.1299991607666,31.18000030517578,329094,26.442841509402044,-2.2461821416090686,1.786678332076153,0.021168214576839352,34.528000068664554,32.64457324303824,-10926534,-0.05705130266406466,-0.05874340150206447,0.02362208764817786,0.0013140278408982908,-0.03088186303937246,-0.003306300235589421,4,1
2016-01-19,28.459999084472656,30.209999084472656,28.209999084472656,29.200000762939453,188026,24.467618065726654,-2.413610462856937,1.8019155940707134,0.017041646540758706,34.203499984741214,32.000792603258915,-11114560,-0.032630896986123314,-0.03317515727376945,-0.05705130266406466,0.02362208764817786,0.0013140278408982908,-0.052774427263351575,1,1
2016-01-20,26.549999237060547,28.579999923706055,26.190000534057617,28.329999923706055,690039,21.09187333576942,-2.6696456258748107,1.8439215794691222,-0.032065536748524845,33.79449996948242,31.16220900845917,-11804599,-0.06711173256692671,-0.06946984154079178,-0.032630896986123314,-0.05705130266406466,0.02362208764817786,-0.03088186303937246,2,1
2016-01-21,29.530000686645508,30.25,27.8700008392334,28.350000381469727,694040,35.94169324188228,-2.6020987504846005,1.9764986640027171,0.21554725581387424,33.53399991989136,30.91110003587245,-11110559,0.1122411124375946,0.1063770000563053,-0.06711173256692671,-0.032630896986123314,-0.05705130266406466,0.0013140278408982908,3,1
2016-01-22,32.189998626708984,32.349998474121094,29.530000686645508,29.84000015258789,636573,45.75487181339411,-2.3073302944845295,2.0367486013936364,0.41758525449812894,33.33649988174439,31.10785366523192,-10473986,0.0900778150427346,0.08624908364037424,0.1122411124375946,-0.06711173256692671,-0.032630896986123314,0.02362208764817786,4,1
2016-01-25,30.34000015258789,32.7400016784668,29.68000030517578,32.04999923706055,606892,41.045387444912976,-2.1976702110014372,2.1098380851005922,0.3059038439817383,32.97849988937378,30.98972235559438,-11080878,-0.05747121941739064,-0.05918882369902669,0.0900778150427346,0.1122411124375946,-0.06711173256692671,-0.05705130266406466,0,1
2016-01-26,31.450000762939453,32.40999984741211,29.25,29.809999465942383,642432,44.72181746084266,-1.998162459173237,2.1848496395514148,0.406581688698457,32.6460000038147,31.060534418262854,-10438446,0.03658538578671977,0.03593202845560458,-0.05747121941739064,0.0900778150427346,0.1122411124375946,-0.032630896986123314,1,1
2016-01-27,32.29999923706055,32.84000015258789,30.139999389648438,30.549999237060547,738551,47.42554488318332,-1.7512757387605866,2.221646148364846,0.4901387237124122,32.420499897003175,31.251221313462498,-9699895,0.027026977853772616,0.026668199202938777,0.03658538578671977,-0.05747121941739064,0.0900778150427346,-0.06711173256692671,2,1
2016-01-28,33.220001220703125,34.81999969482422,31.739999771118164,32.189998626708984,833378,50.2612391962085,-1.4644979421494355,2.2829571323177893,0.5922286679579049,32.18800001144409,31.554110529961058,-8866517,0.028483034222086978,0.028084934322984343,0.027026977853772616,0.03658538578671977,-0.05747121941739064,0.1122411124375946,3,1
2016-01-29,33.619998931884766,34.400001525878906,32.650001525878906,33.70000076293945,618110,51.48642329690993,-1.1912163987028528,2.2448887657236614,0.6501160990840854,32.039000034332275,31.8719395148724,-8248407,0.012040869851996261,0.011968955279057704,0.028483034222086978,0.027026977853772616,0.03658538578671977,0.0900778150427346,4,1
2016-02-01,31.6200008392334,34.18000030517578,31.290000915527344,33.83000183105469,595612,45.457145302306294,-1.1230758190778332,2.290968096004003,0.4843888494565997,31.768000030517577,31.833179718620244,-8844019,-0.05948834491944599,-0.061331237887689696,0.012040869851996261,0.028483034222086978,0.027026977853772616,-0.05747121941739064,0,2
2016-02-02,29.8799991607666,31.530000686645508,29.56999969482422,31.3700008392334,602564,40.962794839507005,-1.1956942929350411,2.273756170890087,0.31663070156658063,31.42400007247925,31.532690402027374,-9446583,-0.0550285146200199,-0.05660052614472392,-0.05948834491944599,0.012040869851996261,0.028483034222086978,0.03658538578671977,1,2
2016-02-03,32.279998779296875,32.75,29.399999618530273,29.75,811699,48.52285751975753,-1.0475100018243353,2.350630757360061,0.6410621529058103,31.239499950408934,31.647660921607297,-8634884,0.08032127462980498,0.07725847340784311,-0.0550285146200199,-0.05948834491944599,0.012040869851996261,0.027026977853772616,2,2
2016-02-04,31.719999313354492,33.599998474121094,31.530000686645508,32.709999084472656,696721,47.01015876968107,-0.964146084398827,2.3305855452254556,0.5852151280327305,31.126999855041504,31.658789904953018,-9331605,-0.01734818733331378,-0.017500430466102484,0.08032127462980498,-0.0550285146200199,-0.05948834491944599,0.028483034222086978,3,2
2016-02-05,30.889999389648438,32.45000076293945,30.6299991607666,31.639999389648438,616531,44.781811563817634,-0.9540558742397351,2.294115263578841,0.48232489028345515,31.00799980163574,31.540514441060004,-9948136,-0.026166454655521254,-0.02651488794794499,-0.01734818733331378,0.08032127462980498,-0.0550285146200199,0.012040869851996261,4,2
2016-02-08,29.690000534057617,31.3799991607666,29.56999969482422,30.969999313354492,603646,41.703905684880475,-1.0310044117492332,2.2595355637476655,0.3229211564225623,30.834499835968018,31.25581999382887,-10551782,-0.03884748719007591,-0.03962218040815522,-0.026166454655521254,-0.01734818733331378,0.08032127462980498,-0.05948834491944599,0,2
2016-02-09,27.940000534057617,30.610000610351562,27.739999771118164,30.170000076293945,738219,37.640831213883345,-1.2191435290373107,2.3031402262823613,0.10614459827474504,30.660999870300294,30.74569392309483,-11290001,-0.05894240378987403,-0.06075093382020128,-0.03884748719007591,-0.026166454655521254,-0.01734818733331378,-0.0550285146200199,1,2
2016-02-10,27.450000762939453,29.219999313354492,27.239999771118164,28.360000610351562,781280,36.566582270784416,-1.3917408986366873,2.2800587488505015,0.08935021811657537,30.511499881744385,30.23866420614785,-12071281,-0.017537572002580215,-0.01769317719393522,-0.05894240378987403,-0.03884748719007591,-0.026166454655521254,0.08032127462980498,2,2
2016-02-11,26.209999084472656,27.479999542236328,26.049999237060547,27.34000015258789,795965,33.92774953869103,-1.6100239756804235,2.2193402885880213,0.01017506893780621,30.2979998588562,29.618869572043973,-12867246,-0.045173101785153214,-0.04622521334447141,-0.017537572002580215,-0.05894240378987403,-0.03884748719007591,-0.01734818733331378,3,2
2016-02-12,29.440000534057617,29.65999984741211,26.950000762939453,27.299999237060547,675157,45.051440849976395,-1.5050316956118408,2.307244608184552,0.40761521502100007,30.20999984741211,29.591351258507608,-12192089,0.12323546594469281,0.11621332959636449,-0.045173101785153214,-0.017537572002580215,-0.05894240378987403,-0.026166454655521254,4,2
2016-02-16,29.040000915527344,31.530000686645508,28.700000762939453,29.079999923706055,651956,44.06212089274861,-1.4375302298498482,2.344584273578945,0.36248554027309143,30.190999889373778,29.506528128818335,-12844045,-0.013586943317733136,-0.013680090518200882,0.12323546594469281,-0.045173101785153214,-0.017537572002580215,-0.03884748719007591,1,2
2016-02-17,30.65999984741211,31.489999771118164,28.729999542236328,29.139999389648438,578639,48.95147115171516,-1.2390316711697302,2.3742568418148657,0.5436500163012334,30.300999927520753,29.6839853162943,-12265406,0.05578508542741023,0.05428464698387549,-0.013586943317733136,0.12323546594469281,-0.045173101785153214,-0.05894240378987403,2,2
2016-02-18,30.770000457763672,31.979999542236328,30.270000457763672,31.350000381469727,225497,49.275681167795554,-1.0606178608803987,2.3268098591475654,0.5345229794046841,30.511999988555907,29.85106456882805,-12039909,0.0035877563894002318,0.003581335744003713,0.05578508542741023,-0.013586943317733136,0.12323546594469281,-0.017537572002580215,3,2
2016-02-19,29.639999389648438,30.729999542236328,29.049999237060547,30.600000381469727,103202,46.04082666198279,-0.9988906831998783,2.2834663849729626,0.38240947991863244,30.517499923706055,29.81859300280042,-12143111,-0.03672411606448711,-0.03741542437516982,0.0035877563894002318,0.05578508542741023,-0.013586943317733136,-0.045173101785153214,4,2
2016-02-22,31.479999542236328,32.04999923706055,29.479999542236328,29.719999313354492,521016,51.61127307026428,-0.7923649257428949,2.303933049962338,0.6355976567163832,30.481999969482423,30.07419400886748,-11622095,0.06207827903095353,0.06022762917206164,-0.03672411606448711,0.0035877563894002318,0.05578508542741023,0.12323546594469281,0,2
2016-02-23,31.8700008392334,33.529998779296875,31.219999313354492,33.34000015258789,539379,52.725276645196416,-0.590415981812523,2.304366365389484,0.6758841280084017,30.558500003814697,30.35047198276993,-11082716,0.012388859678152508,0.012312745754476653,0.06207827903095353,-0.03672411606448711,0.0035877563894002318,-0.013586943317733136,1,2
2016-02-24,32.150001525878906,32.400001525878906,30.559999465942383,31.280000686645508,652245,53.552050366311086,-0.40312925037612146,2.2711974864285582,0.7062142380234961,30.59350004196167,30.62732268170977,-10430471,0.008785713187080102,0.008747343382602189,0.012388859678152508,0.06207827903095353,-0.03672411606448711,0.05578508542741023,2,2
2016-02-25,33.06999969482422,33.4900016784668,31.06999969482422,32.189998626708984,611874,56.25887527351589,-0.17841039887474253,2.2818263790867026,0.815997564200654,30.632000064849855,31.00311914526584,-9818597,0.02861580482989301,0.02821401962065685,0.008785713187080102,0.012388859678152508,0.06207827903095353,0.0035877563894002318,3,2
2016-02-26,32.779998779296875,34.689998626708984,32.63999938964844,33.040000915527344,646294,55.16750024775932,-0.023449429861599924,2.265267297513406,0.7853034080242306,30.60999994277954,31.276485242809077,-10464891,-0.008769305056048449,-0.008807981689107937,0.02861580482989301,0.008785713187080102,0.012388859678152508,-0.03672411606448711,4,2
2016-02-29,33.75,33.97999954223633,32.31999969482422,32.720001220703125,512468,58.09569024391241,0.17560498147101455,2.2220339082204563,0.9097245755649701,30.616499996185304,31.657025974684604,-9952423,0.029591252496194542,0.029161881242121386,-0.008769305056048449,0.02861580482989301,0.008785713187080102,0.06207827903095353,0,2
2016-03-01,34.400001525878906,34.7599983215332,33.369998931884766,33.900001525878906,566226,59.98189815360946,0.3814100695484939,2.162602871179598,0.9392996572707284,30.755500030517577,32.079022213329885,-9386197,0.01925930447048607,0.019076191417757765,0.029591252496194542,-0.008769305056048449,0.02861580482989301,0.012388859678152508,1,3
2016-03-02,34.65999984741211,35.16999816894531,33.54999923706055,33.88999938964844,597834,60.74307917925965,0.5590474255201237,2.123845446944253,0.9111142581046843,30.994500064849852,32.47609569549638,-8788363,0.007558090406990514,0.007529671148743028,0.01925930447048607,0.029591252496194542,-0.008769305056048449,0.008785713187080102,2,3
2016-03-03,34.56999969482422,35.31999969482422,34.189998626708984,34.72999954223633,512962,60.315401019043485,0.6846715819806803,2.05285656274218,0.8685443428055271,31.10900011062622,32.79823477231605,-9301325,-0.0025966576163909405,-0.002600034779269937,0.007558090406990514,0.01925930447048607,0.029591252496194542,0.02861580482989301,3,3
2016-03-04,35.91999816894531,36.34000015258789,34.400001525878906,34.65999984741211,578290,64.36801301924356,0.8829847272060931,2.0447952815969517,0.9475154666192138,31.319000053405762,33.278506064105166,-8723035,0.03905115666874637,0.03830794735231786,-0.0025966576163909405,0.007558090406990514,0.01925930447048607,-0.008769305056048449,4,3
2016-03-07,37.900001525878906,38.11000061035156,36.09000015258789,36.20000076293945,709870,69.31711648910174,1.1862447557596667,2.05516722158333,1.0299187437583295,31.669500160217286,33.98950536591651,-8013165,0.05512259069783054,0.0536569598909495,0.03905115666874637,-0.0025966576163909405,0.007558090406990514,0.029591252496194542,0,3
2016-03-08,36.5,38.38999938964844,36.119998931884766,37.939998626708984,706933,62.68713687445804,1.2986421520690286,2.070512452739069,0.86428871113404,32.0100001335144,34.37573530962166,-8720098,-0.03693935275762339,-0.037638891760591174,0.05512259069783054,0.03905115666874637,-0.0025966576163909405,0.01925930447048607,1,3
2016-03-09,38.290000915527344,38.5099983215332,36.2400016784668,36.36000061035156,740632,67.02932796251719,1.5146955452643738,2.084761323476736,0.9473523301207615,32.52750015258789,34.97793001822254,-7979466,0.04904112097335189,0.04787652881110815,-0.03693935275762339,0.05512259069783054,0.03905115666874637,0.007558090406990514,2,3
2016-03-10,37.84000015258789,38.47999954223633,37.209999084472656,38.16999816894531,701435,64.9819968340916,1.630809162316666,2.0265641187829457,0.8747685198852388,33.047000122070315,35.41824850043259,-8680901,-0.01175243541864135,-0.011822041183426902,0.04904112097335189,-0.03693935275762339,0.05512259069783054,-0.0025966576163909405,3,3
2016-03-11,38.5,39.02000045776367,37.91999816894531,37.9900016784668,564791,66.59363560640445,1.7558462100877605,1.9660952749538627,0.9033272535466288,33.66150016784668,35.89236411575065,-8116110,0.017441856362333308,0.017291493077611454,-0.01175243541864135,0.04904112097335189,-0.03693935275762339,0.03905115666874637,4,3
2016-03-14,37.18000030517578,38.77000045776367,36.68000030517578,38.16999816894531,489938,60.587765386059225,1.7285009446792756,1.9749456233562932,0.7673803582819296,34.04850015640259,36.09046199104683,-8606048,-0.03428570635907058,-0.0348872507923776,0.017441856362333308,-0.01175243541864135,0.04904112097335189,0.05512259069783054,0,3
2016-03-15,36.34000015258789,37.400001525878906,35.959999084472656,37.369998931884766,446100,57.06102872353397,1.6203700157946272,1.9367353960741471,0.6764782279068352,34.41350011825561,36.12885247743776,-9052148,-0.022592795742149452,-0.022851923334439504,-0.03428570635907058,0.017441856362333308,-0.01175243541864135,-0.03693935275762339,1,3
2016-03-16,38.459999084472656,38.630001068115234,36.61000061035156,36.7400016784668,494174,62.92638029259193,1.6863030203140497,1.9619686474636613,0.8358097837969014,34.80350008010864,36.48749041698159,-8557974,0.05833789001054246,0.05669964918904895,-0.022592795742149452,-0.03428570635907058,0.017441856362333308,0.04904112097335189,2,3
2016-03-17,40.20000076293945,40.36000061035156,38.470001220703125,38.59000015258789,298013,66.92032752510147,1.85754635694839,1.9575424244933217,0.9400003875283953,35.27500009536743,37.058645854821265,-8259961,0.04524185439123629,0.0442482982475982,0.05833789001054246,-0.022592795742149452,-0.03428570635907058,-0.01175243541864135,3,3
2016-03-18,39.439998626708984,41.20000076293945,39.150001525878906,40.25,130151,63.69274661240773,1.9099157937922584,1.964146482533838,0.8505237088047015,35.76500005722046,37.42500781972707,-8390112,-0.018905525418077107,-0.01908651968888647,0.04524185439123629,0.05833789001054246,-0.022592795742149452,0.017441856362333308,4,3
2016-03-21,39.90999984741211,40.29999923706055,38.61000061035156,39.060001373291016,479337,64.82267456734436,1.9666735320731163,1.9445644928320627,0.8614299654203905,36.18650007247925,37.80731428552477,-7910775,0.011916867065629999,0.011846420322660572,-0.018905525418077107,0.04524185439123629,0.05833789001054246,-0.03428570635907058,0,3
2016-03-22,41.45000076293945,41.900001525878906,40.77000045776367,41.59000015258789,463693,68.30345016522116,2.111578687439817,1.9478100060916865,0.9567644543714506,36.66550006866455,38.367727589742415,-7447082,0.038586843433105145,0.03786098475022035,0.011916867065629999,-0.018905525418077107,0.04524185439123629,-0.022592795742149452,1,3
2016-03-23,39.790000915527344,41.34000015258789,39.66999816894531,41.189998626708984,492003,61.266157617804296,2.0686231525353804,1.935823762370433,0.7757931117743876,37.04750003814697,38.5865388706324,-7939085,-0.04004824648631411,-0.040872252539745434,0.038586843433105145,0.011916867065629999,-0.018905525418077107,0.05833789001054246,2,3
2016-03-24,39.459999084472656,39.77000045776367,38.33000183105469,39.72999954223633,495168,59.94394508130746,1.9850695457593304,1.9018362853777349,0.7215457853116923,37.36700000762939,38.72091736506936,-8434253,-0.008293586917860862,-0.008328170054751304,-0.04004824648631411,0.038586843433105145,0.011916867065629999,0.04524185439123629,3,3
2016-03-28,39.38999938964844,40.13999938964844,38.86000061035156,39.54999923706055,299775,59.64987243726847,1.8914014218233532,1.8574193206576735,0.6968229272232573,37.69750003814697,38.82385306115845,-8734028,-0.0017739406094351429,-0.0017755159053412942,-0.008293586917860862,-0.04004824648631411,0.038586843433105145,-0.018905525418077107,0,3
2016-03-29,38.279998779296875,39.47999954223633,37.90999984741211,39.31999969482422,488032,55.038916865798974,1.7079132256423435,1.8368893473838555,0.5456075765120896,37.92399997711182,38.740183171641284,-9222060,-0.028179756982765203,-0.028584426791768584,-0.0017739406094351429,-0.008293586917860862,-0.04004824648631411,0.011916867065629999,1,3
2016-03-30,38.31999969482422,39.849998474121094,38.13999938964844,38.52000045776367,542469,55.17339407042178,1.5478822250224553,1.8278257571759127,0.5281425349017478,38.11999988555908,38.67553955982327,-8679591,0.0010449560293344096,0.001044410442825651,-0.028179756982765203,-0.0017739406094351429,-0.008293586917860862,0.038586843433105145,2,3
2016-03-31,38.34000015258789,39.040000915527344,37.56999969482422,38.29999923706055,532152,55.245472211034,1.4064576060675407,1.8022668617135706,0.5056621702551158,38.30399990081787,38.62391811255629,-8147439,0.00052193261803124,0.0005217964585776709,0.0010449560293344096,-0.028179756982765203,-0.0017739406094351429,-0.04004824648631411,3,3
2016-04-01,36.790000915527344,38.560001373291016,36.630001068115234,38.13999938964844,547190,48.7088706981922,1.155980172236866,1.8113906791037286,0.20770261607141374,38.41499996185303,38.34177700532106,-8694629,-0.04042773163515301,-0.04126764759545459,0.00052193261803124,0.0010449560293344096,-0.028179756982765203,-0.008293586917860862,4,4
2016-04-04,35.70000076293945,37.209999084472656,35.459999084472656,36.61000061035156,549477,44.7032131487618,0.8596120261831786,1.8070056305963196,0.020660753025654895,38.40400009155273,37.93534989110851,-9244106,-0.02962761961030158,-0.030075383845459217,-0.04042773163515301,0.00052193261803124,0.0010449560293344096,-0.0017739406094351429,0,4
2016-04-05,35.88999938964844,36.58000183105469,35.2400016784668,35.5,485543,45.54387450150267,0.6327751979163807,1.7736480964528603,0.10058742416237625,38.30349998474121,37.62068058319157,-8758563,0.005322090270267532,0.00530797799689616,-0.02962761961030158,-0.04042773163515301,0.00052193261803124,-0.028179756982765203,1,4
2016-04-06,37.75,37.900001525878906,36.43000030517578,36.52000045776367,751048,53.066231209103044,0.5962190398674068,1.7905305278655466,0.3945023332688014,38.36599998474121,37.64057587808518,-8007515,0.05182503878470479,0.050526787541691306,0.005322090270267532,-0.02962761961030158,-0.04042773163515301,0.0010449560293344096,2,4
2016-04-07,37.2599983215332,38.29999923706055,36.689998626708984,37.7599983215332,626749,51.064989274886855,0.5216952033431639,1.7776355337574048,0.32182124122357886,38.314499855041504,37.58202548476949,-8634264,-0.012980176913027774,-0.01306515556901043,0.05182503878470479,0.005322090270267532,-0.02962761961030158,0.00052193261803124,3,4
2016-04-08,39.720001220703125,39.84000015258789,37.45000076293945,37.52000045776367,817230,59.3527190705604,0.6536018851642993,1.8349474121357823,0.7177258043411092,38.40849990844727,37.91094482875928,-7817034,0.06602262506673928,0.06393454978365512,-0.012980176913027774,0.05182503878470479,0.005322090270267532,-0.04042773163515301,4,4
2016-04-11,40.36000061035156,40.75,39.25,39.720001220703125,679351,61.19409449073993,0.8005532038831404,1.8110225969832265,0.7968918704926667,38.50149993896484,38.28772264131194,-7137683,0.016112773665144076,0.015984340698414506,0.06602262506673928,-0.012980176913027774,0.05182503878470479,-0.02962761961030158,0,4
2016-04-12,42.16999816894531,42.25,40.09000015258789,40.349998474121094,796837,65.89909676351118,1.0509501596460211,1.8359495434424324,0.9957725003648992,38.75099983215332,38.884995799409374,-6340846,0.04484632138805078,0.04386981372958524,0.016112773665144076,0.06602262506673928,-0.012980176913027774,0.005322090270267532,1,4
2016-04-13,41.7599983215332,42.41999816894531,41.2400016784668,41.630001068115234,730437,64.00599881766092,1.2024469302120409,1.7890957539450096,0.8912349312752237,39.021999740600585,39.32730387973612,-7071283,-0.00972254838071207,-0.009770120956466156,0.04484632138805078,0.016112773665144076,0.06602262506673928,0.05182503878470479,2,4
2016-04-14,41.5,42.15999984741211,40.84000015258789,41.540000915527344,488614,62.77445990237079,1.2866972754595523,1.755588892579239,0.8186991386301485,39.17399978637695,39.66156482131518,-7559897,-0.006226013696919552,-0.006245476144559437,-0.00972254838071207,0.04484632138805078,0.016112773665144076,-0.012980176913027774,3,4
2016-04-15,40.36000061035156,41.72999954223633,39.97999954223633,41.43000030517578,520146,57.54613709070009,1.2471020416449434,1.755189685966436,0.6609791824842413,39.18199977874756,39.769016481166936,-8080043,-0.02746986481080571,-0.02785421662855961,-0.006226013696919552,-0.00972254838071207,0.04484632138805078,0.06602262506673928,4,4
2016-04-18,39.779998779296875,40.2400016784668,37.61000061035156,38.75,342463,55.03468264450604,1.1556001933967082,1.826247565540262,0.5792275196824321,39.19899978637695,39.770706065494615,-8422506,-0.014370709174516882,-0.014474967868620355,-0.02746986481080571,-0.006226013696919552,-0.00972254838071207,0.016112773665144076,0,4
2016-04-19,41.08000183105469,41.529998779296875,39.58000183105469,40.040000915527344,101734,59.3200604732739,1.1744454253265317,1.835086807161828,0.7432195412328333,39.257499885559085,39.972136183273086,-8320772,0.032679816280798635,0.032157186893782885,-0.014370709174516882,-0.02746986481080571,-0.006226013696919552,0.04484632138805078,1,4
2016-04-20,42.630001068115234,42.90999984741211,39.849998474121094,40.79999923706055,796240,63.75539719537914,1.299472877511974,1.9225807047424843,0.9230512601467125,39.316499900817874,40.3810384732488,-7524532,0.03773123583185467,0.03703682619934608,0.032679816280798635,-0.014370709174516882,-0.02746986481080571,-0.00972254838071207,2,4
2016-04-21,43.18000030517578,44.4900016784668,43.04999923706055,43.970001220703125,671103,65.20509422273507,1.4264946338613882,1.9181106980002756,0.9333945796551182,39.48599987030029,40.81164798585295,-6853429,0.012901694189069834,0.012819176321585874,0.03773123583185467,0.032679816280798635,-0.014370709174516882,-0.006226013696919552,3,4
2016-04-22,43.72999954223633,44.45000076293945,43.11000061035156,43.41999816894531,575107,66.64196923346583,1.5536313378452533,1.8768170876136767,0.9337937168540474,39.699499893188474,41.26062514837347,-6278322,0.012737360657096186,0.012656922802686722,0.012901694189069834,0.03773123583185467,0.032679816280798635,-0.02746986481080571,4,4
2016-04-25,42.63999938964844,44.040000915527344,42.58000183105469,43.75,606383,61.244164195943874,1.5485830870524495,1.8470443731036037,0.7884592935055045,39.861999893188475,41.472836570108086,-6884705,-0.02492568406123863,-0.025241589413346262,0.012737360657096186,0.012901694189069834,0.03773123583185467,-0.014370709174516882,0,4
2016-04-26,44.040000915527344,44.83000183105469,42.5,42.959999084472656,564392,65.14874510581909,1.6386612677030925,1.881541334385824,0.8825857135102969,40.15,41.867784930941816,-6320313,0.032833056893025736,0.032305567099492075,-0.02492568406123863,0.012737360657096186,0.012901694189069834,0.032679816280798635,1,4
2016-04-27,45.33000183105469,45.619998931884766,43.77000045776367,44.63999938964844,648028,68.3162685355503,1.7934671943209821,1.8792882729383433,0.9404996756076837,40.50050010681152,42.400433684805336,-5672285,0.02929157331312693,0.02887077270361954,0.032833056893025736,-0.02492568406123863,0.012737360657096186,0.03773123583185467,2,4
2016-04-28,46.029998779296875,46.13999938964844,44.939998626708984,45.29999923706055,487412,69.91418477675785,1.9501557287751652,1.8307677365098514,0.9370805093389938,40.88500003814697,42.958828314727114,-5184873,0.015442243987791704,0.015324225962781376,0.02929157331312693,0.032833056893025736,-0.02492568406123863,0.012901694189069834,3,4
2016-04-29,45.91999816894531,46.779998779296875,45.2400016784668,45.900001525878906,598439,69.32252007417571,2.0419184266952684,1.8099984053898677,0.8840911203853927,41.34149990081787,43.41439290768376,-5783312,-0.0023897591411851105,-0.0023926191729948983,0.015442243987791704,0.02929157331312693,0.032833056893025736,0.012737360657096186,4,4
2016-05-02,44.779998779296875,46.150001525878906,44.540000915527344,45.900001525878906,464027,63.34001932306134,1.9996024304305635,1.7957128486014173,0.7693286700725075,41.79549980163574,43.624486118701164,-6247339,-0.024825771670422103,-0.02513912822582473,-0.0023897591411851105,0.015442243987791704,0.02929157331312693,-0.02492568406123863,0,5
2016-05-03,43.650001525878906,45.349998474121094,43.31999969482422,44.91999816894531,625551,57.99717283893191,1.8535191489769502,1.8124475579368071,0.650272686538468,42.18349990844727,43.628411565959276,-6872890,-0.02523441903130197,-0.025558266667856357,-0.024825771670422103,-0.0023897591411851105,0.015442243987791704,0.032833056893025736,1,5
2016-05-04,43.779998779296875,44.880001068115234,43.220001220703125,43.849998474121094,711125,58.43158249259267,1.72831386151271,1.8015584357564716,0.6446978409606324,42.48499984741211,43.65173267570352,-6161765,0.0029781729409767976,0.00297374696930555,-0.02523441903130197,-0.024825771670422103,-0.0023897591411851105,0.02929157331312693,2,5
2016-05-05,44.31999969482422,46.06999969482422,43.959999084472656,44.040000915527344,746159,60.269758739193136,1.6535996624701141,1.836447184311534,0.6930115291663373,42.83799991607666,43.754542986337476,-5415606,0.012334420524988898,0.012258971341242991,0.0029781729409767976,-0.02523441903130197,-0.024825771670422103,0.015442243987791704,3,5
2016-05-06,44.65999984741211,45.34000015258789,43.540000915527344,44.52000045776367,695306,61.42635979083063,1.6033409755352608,1.8338437595078922,0.7166326537137845,43.08499984741211,43.89384404188742,-4720300,0.007671483640095733,0.0076422074420618765,0.012334420524988898,0.0029781729409767976,-0.02523441903130197,-0.0023897591411851105,4,5
2016-05-09,43.439998626708984,45.939998626708984,43.2400016784668,45.0,767568,55.215017903708045,1.4483707846836538,1.895711844417485,0.5294318927854632,43.23899974822998,43.82402167032151,-5487868,-0.02731753750271948,-0.027697598983188847,0.007671483640095733,0.012334420524988898,0.0029781729409767976,-0.024825771670422103,0,5
2016-05-10,44.65999984741211,44.790000915527344,43.029998779296875,43.25,709415,59.61303174396456,1.4077717777228713,1.8860182938326981,0.6889284332512107,43.36349983215332,43.95263369756622,-4778453,0.028084743537561074,0.027697598983188857,-0.02731753750271948,0.007671483640095733,0.012334420524988898,-0.02523441903130197,1,5
2016-05-11,46.22999954223633,46.36000061035156,43.959999084472656,44.599998474121094,869957,64.45112302899983,1.4851625966116728,1.9227313818359986,0.8707867557530202,43.58699989318848,44.30299767366932,-3908496,0.03515449395853931,0.0345506851029041,0.028084743537561074,-0.02731753750271948,0.007671483640095733,0.0029781729409767976,2,5
2016-05-12,46.70000076293945,47.02000045776367,45.61000061035156,46.0,715102,65.77298448233199,1.5663644740693954,1.8861077008057208,0.8882580229151196,43.846999931335446,44.67176737971088,-3193394,0.010166585017456597,0.01011525291362553,0.03515449395853931,0.028084743537561074,-0.02731753750271948,0.012334420524988898,3,5
2016-05-13,46.209999084472656,46.4900016784668,45.75,46.40999984741211,519363,63.137090825131686,1.5730454182503806,1.8192429195295587,0.8008412453292908,44.13949985504151,44.90841841121269,-3712757,-0.010492541123375276,-0.01054797594203077,0.010166585017456597,0.03515449395853931,0.028084743537561074,0.007671483640095733,4,5
2016-05-16,47.720001220703125,47.97999954223633,46.150001525878906,46.279998779296875,550863,67.46427607545104,1.680809343581494,1.820011140731549,1.0040051091513937,44.536499977111816,45.34096961267276,-3161894,0.03267695663594705,0.03215441774039584,-0.010492541123375276,0.010166585017456597,0.03515449395853931,-0.02731753750271948,0,5
2016-05-17,48.310001373291016,48.7599983215332,47.529998779296875,47.900001525878906,470440,68.99570547883292,1.7931507862145253,1.7778674551247473,1.041931552774964,44.897999954223636,45.79774372969096,-2691454,0.012363791649106615,0.012287984182705658,0.03267695663594705,-0.010492541123375276,0.010166585017456597,0.028084743537561074,1,5
2016-05-18,48.189998626708984,48.95000076293945,47.75,48.529998779296875,343184,68.29161634106399,1.8511599505305583,1.7365912628257978,0.959856049319383,45.17599983215332,46.16578294461681,-3034638,-0.0024840145553872706,-0.0024871048381419295,0.012363791649106615,0.03267695663594705,-0.010492541123375276,0.03515449395853931,2,5
2016-05-19,48.15999984741211,48.279998779296875,46.72999954223633,47.869998931884766,108816,68.10451428296061,1.8731198210846145,1.7232632609854228,0.9036839595586172,45.42499980926514,46.472585545046854,-3143454,-0.0006225104825018368,-0.0006227043226014196,-0.0024840145553872706,0.012363791649106615,0.03267695663594705,0.010166585017456597,3,5
2016-05-20,47.75,48.790000915527344,47.439998626708984,48.20000076293945,538047,65.4646428792339,1.8362722125105009,1.6966017629734897,0.8088930472142482,45.62599983215332,46.66911084580887,-3681501,-0.008513285895164757,-0.00854973090547315,-0.0006225104825018368,-0.0024840145553872706,0.012363791649106615,-0.010492541123375276,4,5
2016-05-23,48.08000183105469,48.5,47.400001525878906,48.459999084472656,475453,66.58727160309431,1.812801756845566,1.6539872423411757,0.8297645784629742,45.897999954223636,46.88617099738515,-3206048,0.006911033111092868,0.0068872613837122525,-0.008513285895164757,-0.0006225104825018368,-0.0024840145553872706,0.03267695663594705,0,5
2016-05-24,48.619998931884766,49.27000045776367,47.63999938964844,48.08000183105469,475965,68.39757895673144,1.8168312055293399,1.6522739441821799,0.8671367132129303,46.126999855041504,47.152913756538936,-2730083,0.011231220471403791,0.01116861860888626,0.006911033111092868,-0.008513285895164757,-0.0006225104825018368,0.012363791649106615,1,5
2016-05-25,49.560001373291016,49.75,48.650001525878906,49.09000015258789,550501,71.31145537556279,1.8742695016128081,1.6149687387488267,0.9371224795429978,46.33849983215332,47.52323492834695,-2179582,0.019333658207668192,0.0191491375512688,0.011231220471403791,0.006911033111092868,-0.008513285895164757,-0.0024840145553872706,2,5
2016-05-26,49.47999954223633,50.209999084472656,49.220001220703125,49.70000076293945,488465,70.71385492532912,1.8915299065899305,1.5703279619645916,0.8781112874517394,46.510999870300296,47.82427563817609,-2668047,-0.0016142419055259483,-0.0016155461978085452,0.019333658207668192,0.011231220471403791,0.006911033111092868,-0.0006225104825018368,3,5
2016-05-27,49.33000183105469,49.599998474121094,48.689998626708984,49.310001373291016,406386,69.5372290752963,1.8715314901490814,1.5231616680679856,0.8229167826791779,46.68150005340576,48.05592582169587,-3074433,-0.0030314816606576978,-0.003036085908670593,-0.0016142419055259483,0.019333658207668192,0.011231220471403791,-0.008513285895164757,4,5
2016-05-31,49.099998474121094,50.099998474121094,48.810001373291016,49.540000915527344,476988,67.6776553446712,1.8161873748329285,1.5065070561224208,0.7664855896996214,46.89750003814697,48.21655238360744,-3551421,-0.00466254507188768,-0.00467344864061666,-0.0030314816606576978,-0.0016142419055259483,0.019333658207668192,0.006911033111092868,1,5
2016-06-01,49.0099983215332,49.25,47.75,48.81999969482422,568839,66.92348693462921,1.7449498093521996,1.5060422663993907,0.733698370498086,47.16549987792969,48.33862098944218,-4120260,-0.0018329970546806518,-0.001834679049490509,-0.00466254507188768,-0.0030314816606576978,-0.0016142419055259483,0.011231220471403791,2,6
2016-06-02,49.16999816894531,49.470001220703125,47.970001220703125,48.900001525878906,564846,67.61441959702684,1.6820149546027139,1.5056106759422914,0.7335718242529667,47.43499984741211,48.4665251709042,-3555414,0.0032646368678166393,0.003259319510561356,-0.0018329970546806518,-0.00466254507188768,-0.0030314816606576978,0.019333658207668192,3,6
2016-06-03,48.619998931884766,49.40999984741211,48.33000183105469,49.040000915527344,481034,62.76115330352445,1.569664175365638,1.4752097716862294,0.640302717697319,47.64999980926514,48.49013651874736,-4036448,-0.011185667226807361,-0.01124869726524388,0.0032646368678166393,-0.0018329970546806518,-0.00466254507188768,-0.0016142419055259483,4,6
2016-06-06,49.689998626708984,49.900001525878906,48.709999084472656,48.880001068115234,450472,67.62919750541035,1.5491082507599927,1.4612664018510801,0.7728601538272918,47.90149974822998,48.674730689202995,-3585976,0.02200739856706413,0.021768731057720155,-0.011185667226807361,0.0032646368678166393,-0.0018329970546806518,-0.0030314816606576978,0,6
2016-06-07,50.36000061035156,50.529998779296875,49.439998626708984,49.709999084472656,542254,70.25159817913858,1.5687969780317914,1.4347473840465665,0.8859507833130379,48.24749984741211,48.93400298476432,-3043722,0.013483638602526327,0.013393543318857108,0.02200739856706413,-0.011185667226807361,0.0032646368678166393,-0.00466254507188768,1,6
2016-06-08,51.22999954223633,51.619998931884766,50.31999969482422,50.40999984741211,656416,73.27872159816307,1.635746215012965,1.4251225164047079,1.0302413527536285,48.57599983215332,49.2872332243754,-2387306,0.01727559414893931,0.017128067719734606,0.013483638602526327,0.02200739856706413,-0.011185667226807361,-0.0018329970546806518,2,6
2016-06-09,50.560001373291016,51.66999816894531,50.22999954223633,51.45000076293945,560723,67.5758016536758,1.6161111910223624,1.4261850957121562,0.8681593267072985,48.79249992370605,49.483043708823956,-2948029,-0.013078238823581056,-0.01316451201543794,0.01727559414893931,0.013483638602526327,0.02200739856706413,0.0032646368678166393,3,6
2016-06-10,49.06999969482422,50.72999954223633,48.79999923706055,50.470001220703125,596119,56.95929118314344,1.4634498709124628,1.4621718963881294,0.5361150015495034,48.910999870300294,49.419498475900916,-3544148,-0.02946996910593258,-0.029912933117592452,-0.013078238823581056,0.01727559414893931,0.013483638602526327,-0.011185667226807361,4,6
2016-06-13,48.880001068115234,49.279998779296875,48.15999984741211,48.849998474121094,506036,55.75638005286615,1.3120093465200924,1.437730970352175,0.45482939045170967,49.04449996948242,49.336498874703125,-4050184,-0.0038719916016022315,-0.0038795071674950733,-0.02946996910593258,-0.013078238823581056,0.01727559414893931,0.02200739856706413,0,6
2016-06-14,48.4900016784668,48.689998626708984,47.84000015258789,48.52000045776367,456144,53.26954979807841,1.1472966271350842,1.4093216807218298,0.32939080070513227,49.0829999923706,49.206268536820616,-4506328,-0.007978710743172135,-0.008010710983164103,-0.0038719916016022315,-0.02946996910593258,-0.013078238823581056,0.013483638602526327,1,6
2016-06-15,48.0099983215332,48.720001220703125,47.279998779296875,47.900001525878906,527870,50.296162681289225,0.966882728748871,1.4115131636278597,0.20099611549452107,49.067999839782715,49.022226965237934,-5034198,-0.009899017123498055,-0.009948338149886554,-0.007978710743172135,-0.0038719916016022315,-0.02946996910593258,0.01727559414893931,2,6
2016-06-16,46.209999084472656,47.75,45.90999984741211,47.45000076293945,507910,41.04414642824039,0.6709245190369089,1.4606906858059479,-0.14527781664661824,48.9689998626709,48.589576522043274,-5542108,-0.03749217454675935,-0.03821308251221956,-0.009899017123498055,-0.007978710743172135,-0.0038719916016022315,-0.013078238823581056,3,6
2016-06-17,47.97999954223633,48.290000915527344,45.83000183105469,45.9900016784668,226653,50.656268263841746,0.5725991830552744,1.5320698571392841,0.27239462783343527,48.95999984741211,48.49579544822682,-5315455,0.038303408198041344,0.037588042800976,-0.03749217454675935,-0.009899017123498055,-0.007978710743172135,-0.02946996910593258,4,6
2016-06-20,49.369998931884766,49.41999816894531,48.13999938964844,48.290000915527344,98293,56.63558720434801,0.599921458790277,1.525493340679977,0.5788776926458056,49.040999794006346,48.630288291866506,-5217162,0.02897039189058015,0.0285586827650369,0.038303408198041344,-0.03749217454675935,-0.009899017123498055,-0.0038719916016022315,0,6
2016-06-21,48.849998474121094,49.31999969482422,48.15999984741211,49.13999938964844,475407,53.99936403043108,0.5730095703987743,1.5029580366651685,0.4437793064858817,49.07949962615967,48.66408985836721,-5692569,-0.010532721673360945,-0.010588583383081761,0.02897039189058015,0.038303408198041344,-0.03749217454675935,-0.007978710743172135,1,6
2016-06-22,49.130001068115234,50.540000915527344,48.400001525878906,50.220001220703125,569939,55.208381384013606,0.5677311232266291,1.5484609904496875,0.5061573946757953,49.104999732971194,48.735768506020754,-5122630,0.005731885419453464,0.005715520668362577,-0.010532721673360945,0.02897039189058015,0.038303408198041344,-0.009899017123498055,2,6
2016-06-23,50.11000061035156,50.22999954223633,49.08000183105469,49.08000183105469,401885,59.24567981678885,0.6353023190026192,1.5199993276448271,0.7362674955330604,49.13249969482422,48.94718882976396,-4720745,0.0199470694266346,0.019750733230720303,0.005731885419453464,-0.010532721673360945,0.02897039189058015,-0.03749217454675935,3,6
2016-06-24,47.63999938964844,50.45000076293945,46.70000076293945,50.29999923706055,649446,47.600168429048246,0.4839656676712707,1.6792850899559109,0.17584977732454224,49.040499687194824,48.74608276205388,-5370191,-0.04929158233122988,-0.05054786947651428,0.0199470694266346,0.005731885419453464,-0.010532721673360945,0.038303408198041344,4,6
2016-06-27,46.33000183105469,47.959999084472656,45.83000183105469,47.810001373291016,504613,42.79555409367355,0.255380558191419,1.7114788159174863,-0.021386235989635873,48.890499687194826,48.37437800343862,-5874804,-0.02749785002890648,-0.027882992724788155,-0.04929158233122988,0.0199470694266346,0.005731885419453464,0.02897039189058015,0,6
2016-06-28,47.849998474121094,48.18000030517578,46.540000915527344,46.59000015258789,498851,49.20247577683346,0.19463263416330534,1.7213730772177438,0.3039517033824634,48.827999687194826,48.29370422969747,-5375953,0.032808041938119814,0.03228134705960102,-0.02749785002890648,-0.04929158233122988,0.0199470694266346,-0.010532721673360945,1,6
2016-06-29,49.880001068115234,50.0,47.97999954223633,48.060001373291016,511476,56.24999663922479,0.306757599939516,1.7519893949792553,0.6988784928365207,48.87149982452392,48.537749897146355,-4864477,0.042424297988056026,0.041549056215366614,0.032808041938119814,-0.02749785002890648,-0.04929158233122988,0.005731885419453464,2,6
2016-06-30,48.33000183105469,49.619998931884766,48.16999816894531,49.54999923706055,508736,50.49004119458021,0.26746231945804766,1.7489903595643028,0.40175563349707444,48.82950000762939,48.50578865620918,-5373213,-0.03107456302865541,-0.03156761848203808,0.042424297988056026,0.032808041938119814,-0.02749785002890648,0.0199470694266346,3,6
2016-07-01,48.9900016784668,49.29999923706055,47.900001525878906,48.380001068115234,405187,52.71057647196233,0.2862769756327026,1.7240623132512556,0.5279405331950279,48.8480001449585,48.58028296732573,-4968026,0.013656110540182675,0.01356370616840456,-0.03107456302865541,0.042424297988056026,0.032808041938119814,-0.04929158233122988,4,7
2016-07-05,46.599998474121094,49.349998474121094,46.33000183105469,49.11000061035156,609194,44.863658237936555,0.10709986117065284,1.8166290510951948,0.11073109684788324,48.6935001373291,48.27562381452502,-5577220,-0.048785530158416246,-0.05001572152448231,0.013656110540182675,-0.03107456302865541,0.042424297988056026,-0.02749785002890648,1,7
2016-07-06,47.43000030517578,47.95000076293945,45.91999816894531,46.83000183105469,607663,47.77152153566578,0.0317093920760243,1.8318700184451195,0.28751827641208655,48.547000122070315,48.14552789000975,-4969557,0.017811198674515527,0.017654437936308602,-0.048785530158416246,0.013656110540182675,-0.03107456302865541,0.032808041938119814,2,7
2016-07-07,45.13999938964844,48.25,44.869998931884766,47.880001068115234,710893,41.29972974452815,-0.21039671106954216,1.9424508077072706,-0.06949115472363353,48.242500114440915,47.683138889954165,-5680450,-0.048281697254753064,-0.049486188455637854,0.017811198674515527,-0.048785530158416246,0.013656110540182675,0.042424297988056026,3,7
2016-07-08,45.40999984741211,45.970001220703125,44.77000045776367,45.189998626708984,583078,42.29239324718883,-0.3761447985435282,1.8894186616524264,0.03556407902859465,47.98500003814697,47.33342519110154,-5097372,0.005981401449145496,0.005963583881545336,-0.048281697254753064,0.017811198674515527,-0.048785530158416246,-0.03107456302865541,4,7
2016-07-11,44.7599983215332,45.77000045776367,44.41999816894531,45.06999969482422,533657,40.516062845160604,-0.5535698344004558,1.8508889207357073,0.007733377316187913,47.769499969482425,46.937513365014105,-5631029,-0.014314061397556865,-0.014417495805167522,0.005981401449145496,-0.048281697254753064,0.017811198674515527,0.013656110540182675,0,7
2016-07-12,46.79999923706055,46.93000030517578,44.5099983215332,44.58000183105469,658257,47.91060769602053,-0.5235344494668013,1.891539853800484,0.35765088132981065,47.66549987792969,46.91635734532895,-4972772,0.04557642966992548,0.0445683406770102,-0.014314061397556865,0.005981401449145496,-0.048281697254753064,-0.048785530158416246,1,7
2016-07-13,44.75,46.709999084472656,44.560001373291016,46.58000183105469,686245,42.22946911121452,-0.6575689508430784,1.9164297116554159,0.08227586697617476,47.478499794006346,46.58307159989373,-5659017,-0.04380340321538234,-0.044791741900611526,0.04557642966992548,-0.014314061397556865,0.005981401449145496,0.017811198674515527,2,7
2016-07-14,45.68000030517578,45.79999923706055,44.95000076293945,45.13999938964844,573761,45.392958809692594,-0.6809000150316322,1.8545418206129252,0.24872914140830515,47.361999893188475,46.444137554552505,-5085256,0.020782129724598475,0.02056912730762115,-0.04380340321538234,0.04557642966992548,-0.014314061397556865,-0.048281697254753064,3,7
2016-07-15,45.95000076293945,46.33000183105469,45.04999923706055,45.52000045776367,430256,46.312142337919695,-0.6698812964400176,1.813503304425869,0.29223256206934384,47.348999977111816,46.36811650968896,-4655000,0.0059106929938674835,0.0058932933768980665,0.020782129724598475,-0.04380340321538234,0.04557642966992548,0.005981401449145496,4,7
2016-07-18,45.2400016784668,46.13999938964844,44.86000061035156,46.119998931884766,211393,44.20495794479486,-0.710252525975001,1.7753958383452264,0.21619107417296446,47.21200008392334,46.19456038180863,-4866393,-0.015451557620980494,-0.015572177056076598,0.0059106929938674835,0.020782129724598475,-0.04380340321538234,-0.014314061397556865,0,7
2016-07-19,44.650001525878906,45.66999816894531,44.529998779296875,45.22999954223633,128127,42.47544190464263,-0.7808539000225281,1.730010377724027,0.1674213798858616,46.976000213623045,45.956935942434825,-4994520,-0.013041559033997951,-0.013127346852580017,-0.015451557620980494,0.0059106929938674835,0.020782129724598475,0.04557642966992548,1,7
2016-07-20,44.939998626708984,45.25,43.689998626708984,44.59000015258789,541014,43.64260287122698,-0.8041360750645197,1.7178668774073833,0.23655697295452066,46.78050022125244,45.80048404770777,-4453506,0.006494895653295751,0.006473894702133027,-0.013041559033997951,-0.015451557620980494,0.0059106929938674835,-0.04380340321538234,2,7
2016-07-21,44.75,46.09000015258789,44.52000045776367,45.650001525878906,432972,43.026637411541046,-0.828369737127602,1.7073049357943,0.23555091688159058,46.56150016784668,45.63887111729119,-4886478,-0.004227828938919043,-0.004236791477995665,0.006494895653295751,-0.013041559033997951,-0.015451557620980494,0.020782129724598475,3,7
2016-07-22,44.189998626708984,44.970001220703125,43.7400016784668,44.599998474121094,428407,41.18173390205174,-0.8825885877571835,1.673211693397302,0.17161930990212604,46.26550006866455,45.41596765720162,-5314885,-0.012513997168514313,-0.01259295665517973,-0.004227828938919043,0.006494895653295751,-0.013041559033997951,0.0059106929938674835,4,7
2016-07-25,43.130001068115234,44.369998931884766,42.970001220703125,44.20000076293945,389837,37.87156637008168,-0.999567964431634,1.6536964089533261,0.06853469234023479,46.04000015258789,45.06428048964987,-5704722,-0.02398727294716574,-0.02427965264091494,-0.012513997168514313,-0.004227828938919043,0.006494895653295751,-0.015451557620980494,0,7
2016-07-26,42.91999816894531,43.38999938964844,42.36000061035156,43.06999969482422,461324,37.233039834432674,-1.0965797533333586,1.6091465782635797,0.09386820444015594,45.86949996948242,44.73439090184917,-6166046,-0.004869067794324056,-0.004880960324311223,-0.02398727294716574,-0.012513997168514313,-0.004227828938919043,-0.013041559033997951,1,7
2016-07-27,41.91999816894531,43.20000076293945,41.68000030517578,42.65999984741211,537390,34.269989389569304,-1.2398615850559693,1.602778998227872,0.031038485560656214,45.57299995422363,44.30140740447935,-6703436,-0.023299162224185488,-0.023574878767412363,-0.004869067794324056,-0.02398727294716574,-0.012513997168514313,0.006494895653295751,2,7
2016-07-28,41.13999938964844,42.220001220703125,41.040000915527344,41.93000030517578,447913,32.12265077947049,-1.400212078514123,1.5725805201527228,-0.022441571885496055,45.135999870300296,43.815036940659205,-7151349,-0.01860684192192319,-0.018782126944199173,-0.023299162224185488,-0.004869067794324056,-0.02398727294716574,-0.004227828938919043,3,7
2016-07-29,41.599998474121094,41.66999816894531,40.56999969482422,41.119998931884766,478763,34.72048371407561,-1.4731908905417583,1.538824659721892,0.08179944297099179,44.799499702453616,43.474261791961034,-6672586,0.011181309948886442,0.01111926119858866,-0.01860684192192319,-0.023299162224185488,-0.004869067794324056,-0.012513997168514313,4,7
2016-08-01,40.060001373291016,41.880001068115234,39.81999969482422,41.349998474121094,533020,30.510475526583548,-1.6364282938713188,1.5760515678339722,-0.05765217527147987,44.352999687194824,42.94899095831949,-7205606,-0.03701916243550085,-0.037721766068909764,0.011181309948886442,-0.01860684192192319,-0.023299162224185488,-0.02398727294716574,0,8
2016-08-02,39.5099983215332,40.90999984741211,39.2599983215332,40.08000183105469,534512,29.150972733903004,-1.7895469781715008,1.5813337076943246,-0.02905467410625704,43.99849967956543,42.419915168044675,-7740118,-0.013729481600180726,-0.013824602577302628,-0.03701916243550085,0.011181309948886442,-0.01860684192192319,-0.004869067794324056,1,8
2016-08-03,40.83000183105469,41.20000076293945,39.189998626708984,39.70000076293945,655186,36.46775300832755,-1.7838186363004525,1.611952881161192,0.15790613945369184,43.66849975585937,42.17531311620006,-7084932,0.03340935372305687,0.032863388236076804,-0.013729481600180726,-0.03701916243550085,0.011181309948886442,-0.023299162224185488,2,8
2016-08-04,41.93000030517578,42.08000183105469,40.43000030517578,41.15999984741211,598836,41.85651338912718,-1.6712530356305635,1.6146706414981717,0.3101971786523985,43.50799980163574,42.13757268373479,-6486096,0.026940936193748932,0.026584418283591836,0.03340935372305687,-0.013729481600180726,-0.03701916243550085,-0.01860684192192319,3,8
2016-08-05,41.79999923706055,42.099998474121094,41.060001373291016,41.84000015258789,550189,41.40948611715458,-1.5743854503897765,1.5736225314504506,0.31481670321917693,43.32749977111816,42.085638307323364,-7036285,-0.0031004308888399335,-0.0031052471823212312,0.026940936193748932,0.03340935372305687,-0.013729481600180726,0.011181309948886442,4,8
2016-08-08,43.02000045776367,43.38999938964844,41.810001373291016,41.9900016784668,562530,47.117452019198815,-1.3832282939155292,1.5747923615316963,0.4729305046827878,43.240499877929686,42.229386330468024,-6473755,0.029186632606955865,0.028768813201731035,-0.0031004308888399335,0.026940936193748932,0.03340935372305687,-0.03701916243550085,0,8
2016-08-09,42.77000045776367,43.52000045776367,42.470001220703125,42.83000183105469,624703,46.1257930686281,-1.2376410255221373,1.5373071383551855,0.4639708302726223,43.03899993896484,42.31255773466735,-7098458,-0.005811250519289213,-0.0058282015385694415,0.029186632606955865,-0.0031004308888399335,0.026940936193748932,-0.013729481600180726,1,8
2016-08-10,41.709999084472656,43.38999938964844,41.41999816894531,42.7400016784668,676148,42.08166792061089,-1.1940312692311892,1.5682138585228955,0.3404861375533467,42.886999893188474,42.219856403868164,-7774606,-0.02478375875487282,-0.025096046682706916,-0.005811250519289213,0.029186632606955865,-0.0031004308888399335,0.03340935372305687,2,8
2016-08-11,43.4900016784668,43.86000061035156,41.099998474121094,41.47999954223633,682235,50.00812412424306,-1.004262378379991,1.6533415926448651,0.602517494117618,42.777499961853025,42.415263369191024,-7092371,0.04267568048585213,0.04179017894483693,-0.02478375875487282,-0.005811250519289213,0.029186632606955865,0.026940936193748932,3,8
2016-08-12,44.4900016784668,44.779998779296875,43.310001373291016,43.459999084472656,536081,53.83089705637283,-0.7643663826603273,1.6402455793135076,0.77384398238681,42.70450000762939,42.734453878310376,-6556290,0.022993790788817803,0.022733417340920496,0.04267568048585213,-0.02478375875487282,-0.005811250519289213,-0.0031004308888399335,4,8
2016-08-15,45.7400016784668,45.93000030517578,44.380001068115234,44.7400016784668,522526,58.139875135503644,-0.46798785173853474,1.6337994120097246,0.9501282278358177,42.7295000076294,43.196845847565214,-6033764,0.028096200333590948,0.02770874274567157,0.022993790788817803,0.04267568048585213,-0.02478375875487282,0.029186632606955865,0,8
2016-08-16,46.58000183105469,46.72999954223633,45.34000015258789,45.59000015258789,550440,60.788327981691744,-0.16344069594677535,1.6163851246982042,1.0132745137425632,42.82600002288818,43.71733138348667,-5483324,0.018364672535273296,0.01819807847563028,0.028096200333590948,0.022993790788817803,0.04267568048585213,-0.005811250519289213,1,8
2016-08-17,46.790000915527344,46.95000076293945,45.84000015258789,46.369998931884766,563354,61.4450693472684,0.09377926129469216,1.5802148022448728,0.9902966186424448,42.918500137329104,44.19004977303139,-4919970,0.004508352859974529,0.004498220678771283,0.018364672535273296,0.028096200333590948,0.022993790788817803,-0.02478375875487282,2,8
2016-08-18,48.220001220703125,48.380001068115234,46.630001068115234,46.900001525878906,229277,65.66252719750773,0.40831025770821583,1.592342316370239,1.0674351578979686,43.09200019836426,44.81004230344243,-4690693,0.03056209184003733,0.030104373623455565,0.004508352859974529,0.018364672535273296,0.028096200333590948,0.04267568048585213,3,8
2016-08-19,48.52000045776367,48.75,47.93000030517578,48.33000183105469,162438,66.49067007594064,0.6740161312711308,1.537174986259809,1.0121973677322094,43.30850028991699,45.38080509641493,-4528255,0.006221468881500991,0.006202195442073601,0.03056209184003733,0.004508352859974529,0.018364672535273296,0.022993790788817803,4,8
2016-08-22,47.04999923706055,48.400001525878906,46.75,48.400001525878906,515256,58.98390702143357,0.7572440985788944,1.5538053770815135,0.8319423347360686,43.504500198364255,45.63760419497579,-5043511,-0.03029680970392301,-0.03076524369450027,0.006221468881500991,0.03056209184003733,0.004508352859974529,0.028096200333590948,0,8
2016-08-23,48.099998474121094,48.31999969482422,46.59000015258789,47.38999938964844,623904,62.2613443449308,0.8975822559948909,1.5663906745925718,0.8808733037494468,43.76350021362305,46.016434084075065,-4419607,0.022316668524693162,0.022071295572776074,-0.03029680970392301,0.006221468881500991,0.03056209184003733,0.018364672535273296,1,8
2016-08-24,46.77000045776367,47.7400016784668,46.45000076293945,47.59000015258789,603495,56.14187565216871,0.8912082383521991,1.572362605777505,0.7394846710471155,44.00600032806396,46.132367372334855,-5023102,-0.027650687287921416,-0.028040163863316855,0.022316668524693162,-0.03029680970392301,0.006221468881500991,0.004508352859974529,2,8
2016-08-25,47.33000183105469,47.459999084472656,46.41999816894531,46.79999923706055,458816,58.0131245705599,0.9207306048678632,1.5343367707596365,0.7604711681738416,44.31550045013428,46.31661882752252,-4564286,0.01197351652362566,0.011902401079790305,-0.027650687287921416,0.022316668524693162,-0.03029680970392301,0.03056209184003733,3,8
2016-08-26,47.63999938964844,48.459999084472656,46.939998626708984,47.369998931884766,558344,59.05458003389085,0.9580971576113413,1.533312748402782,0.7597279001984005,44.61750049591065,46.52021583708035,-4005942,0.0065497051891163505,0.0065283490702192646,0.01197351652362566,-0.027650687287921416,0.022316668524693162,0.006221468881500991,4,8
2016-08-29,46.97999954223633,47.279998779296875,46.619998931884766,47.220001220703125,309254,55.87676479086793,0.9238049001938862,1.4966475847857026,0.6830483755210308,44.96350040435791,46.59095179171973,-4315196,-0.013853901256672074,-0.01395076218838579,0.0065497051891163505,0.01197351652362566,-0.027650687287921416,-0.03029680970392301,0,8
2016-08-30,46.349998474121094,47.4900016784668,46.209999084472656,46.97999954223633,464449,52.94785776353692,0.8361535603141093,1.4811729425863052,0.605926771885811,45.3055004119873,46.55388205055071,-4779645,-0.013409984552018694,-0.013500710395900431,-0.013853901256672074,0.0065497051891163505,0.01197351652362566,0.022316668524693162,1,8
2016-08-31,44.70000076293945,46.40999984741211,44.5099983215332,46.2400016784668,549007,46.12813160005744,0.6263282935868091,1.5110892699643481,0.4111679343654346,45.49900035858154,46.268669544764364,-5328652,-0.03559865729235989,-0.036247740403547654,-0.013409984552018694,-0.013853901256672074,0.0065497051891163505,-0.027650687287921416,2,8
2016-09-01,43.15999984741211,45.08000183105469,43.0,44.849998474121094,605003,40.840815567790266,0.33194855809073687,1.551725881470801,0.2228638838629036,45.56050033569336,45.790412668248635,-5933655,-0.034451921459566326,-0.03505938183298646,-0.03559865729235989,-0.013409984552018694,-0.013853901256672074,0.01197351652362566,3,9
2016-09-02,44.439998626708984,44.66999816894531,43.15999984741211,43.54999923706055,576915,46.345688420792136,0.19963443936290304,1.5487453414752583,0.3439721096042532,45.692500305175784,45.58265666185792,-5356740,0.029657061719698508,0.02922579701475751,-0.034451921459566326,-0.03559865729235989,-0.013409984552018694,0.0065497051891163505,4,9
2016-09-06,44.83000183105469,46.529998779296875,43.84000015258789,44.150001525878906,932145,47.93537377242368,0.12480586191011156,1.6302634332776673,0.37612921337306676,45.78300037384033,45.466863610965106,-4424595,0.008775949963943264,0.008737665142461893,0.029657061719698508,-0.034451921459566326,-0.03559865729235989,-0.013853901256672074,1,9
2016-09-07,45.5,46.16999816894531,44.54999923706055,44.849998474121094,572884,50.640971777707975,0.11820434191955798,1.6295302546067458,0.44165338814226685,45.91950035095215,45.471961516970474,-3851711,0.014945307641749617,0.01483472694515215,0.008775949963943264,0.029657061719698508,-0.034451921459566326,-0.013409984552018694,2,9
2016-09-08,47.619998931884766,47.75,45.77000045776367,46.119998931884766,761943,58.066514297343055,0.28080187675628565,1.6738495221348355,0.7266318186422297,46.21500034332276,45.80242881157267,-3089768,0.04659338311834649,0.045540492671840405,0.014945307641749617,0.008775949963943264,0.029657061719698508,-0.03559865729235989,3,9
2016-09-09,45.880001068115234,47.36000061035156,45.560001373291016,47.36000061035156,688191,51.25151171508354,0.2661898379743164,1.701431524739044,0.42009625983049015,46.334500312805176,45.81436300488691,-3777959,-0.03653922517424679,-0.03722350308694696,0.04659338311834649,0.014945307641749617,0.008775949963943264,-0.034451921459566326,4,9
2016-09-12,46.290000915527344,46.5099983215332,44.720001220703125,45.56999969482422,745016,52.66137049210609,0.28441469754868365,1.707757637316975,0.4752385711242694,46.4245002746582,45.88753806806236,-3032943,0.00893635217670119,0.008896659279461162,-0.03653922517424679,0.04659338311834649,0.014945307641749617,0.029657061719698508,0,9
2016-09-13,44.900001525878906,46.130001068115234,44.77000045776367,46.060001373291016,657775,47.63184030747498,0.18456909835380486,1.6943464102060248,0.23356674841627803,46.38250026702881,45.73560936926491,-3690718,-0.030028070040114874,-0.030488146089111354,0.00893635217670119,-0.03653922517424679,0.04659338311834649,0.008775949963943264,1,9
2016-09-14,43.58000183105469,45.33000183105469,43.41999816894531,45.0,705861,43.393428674493485,-0.0010599832048399094,1.7097504996276929,0.0630617290668087,46.23250026702881,45.40397744030949,-4396579,-0.02939865590123447,-0.029839457199734545,-0.030028070040114874,0.00893635217670119,-0.03653922517424679,0.014945307641749617,2,9
2016-09-15,43.90999984741211,44.34000015258789,43.2599983215332,43.70000076293945,537185,44.71781043025268,-0.12015916564871532,1.6647684518724781,0.15805110110261208,46.08850021362305,45.17413473370989,-3859394,0.00757223502735771,0.007543709566198117,-0.02939865590123447,-0.030028070040114874,0.00893635217670119,0.04659338311834649,3,9
2016-09-16,43.029998779296875,43.75,42.7400016784668,43.709999084472656,231191,41.9023995412633,-0.2823006711093896,1.6294277173776806,0.07492711592207832,45.829000091552736,44.844267663800196,-4090585,-0.020041017334849753,-0.02024456261675634,0.00757223502735771,-0.02939865590123447,-0.030028070040114874,-0.03653922517424679,4,9
2016-09-19,43.29999923706055,44.150001525878906,43.119998931884766,43.18000030517578,129857,43.086377103177405,-0.3845790144138519,1.5930402194637057,0.14832998810138137,45.56800003051758,44.60668790584025,-3960728,0.006274702891545969,0.006255098906740064,-0.020041017334849753,0.00757223502735771,-0.02939865590123447,0.00893635217670119,0,9
2016-09-20,43.439998626708984,44.04999923706055,42.54999923706055,43.130001068115234,694130,43.72675095804935,-0.4491609102569072,1.5863944895020123,0.20279080821088585,45.3875,44.42719724751237,-3266598,0.003233242312129514,0.003228026623571096,0.006274702891545969,-0.020041017334849753,0.00757223502735771,-0.030028070040114874,1,9
2016-09-21,45.34000015258789,45.650001525878906,44.5,44.5,585987,51.673903794088496,-0.3430735455594842,1.6309379473354344,0.5149290619693921,45.24950008392334,44.567628463677835,-2680611,0.0437385263799408,0.042809004432631054,0.003233242312129514,0.006274702891545969,-0.020041017334849753,-0.02939865590123447,2,9
2016-09-22,46.31999969482422,46.52000045776367,45.52000045776367,45.619998931884766,521680,55.18910207711431,-0.17787039269154548,1.5987281157526019,0.6826567362140599,45.227000045776364,44.83722403770036,-2158931,0.021614458291535632,0.021384178231518856,0.0437385263799408,0.003233242312129514,0.006274702891545969,0.00757223502735771,3,9
2016-09-23,44.47999954223633,46.54999923706055,44.220001220703125,46.06999969482422,718395,48.11281348123703,-0.19319134899642876,1.6509616800815174,0.39378449078957545,45.08449993133545,44.78226642301358,-2877326,-0.03972366504124769,-0.040534187025438796,0.021614458291535632,0.0437385263799408,0.003233242312129514,-0.020041017334849753,4,9
2016-09-26,45.93000030517578,46.20000076293945,44.43000030517578,44.619998931884766,527119,53.20481402295704,-0.08732375989543328,1.659464449915957,0.6771456823866908,44.998999977111815,44.95884086642315,-2350207,0.03259893835121552,0.032078865331191815,-0.03972366504124769,0.021614458291535632,0.0437385263799408,0.006274702891545969,0,9
2016-09-27,44.66999816894531,45.959999084472656,44.189998626708984,45.619998931884766,630757,48.72964634644813,-0.10389691594129857,1.6673598790479365,0.4567375750551616,44.88349990844726,44.91440352834964,-2980964,-0.02743309662221971,-0.02781641060874533,0.03259893835121552,-0.03972366504124769,0.021614458291535632,0.003233242312129514,1,9
2016-09-28,47.04999923706055,47.45000076293945,44.349998474121094,44.959999084472656,1008434,56.220329468962824,0.07416006314240065,1.7696914797458239,0.9150824270538177,44.91849994659424,45.242956714305166,-1972530,0.05327963209476505,0.05190875544256091,-0.02743309662221971,0.03259893835121552,-0.03972366504124769,0.0437385263799408,2,9
2016-09-29,47.83000183105469,48.31999969482422,46.599998474121094,47.20000076293945,702649,58.36714573446366,0.27504069455916635,1.7661421755284883,0.981625333093471,45.075,45.640963655343555,-1269881,0.01657816379686028,0.016442246158876784,0.05327963209476505,-0.02743309662221971,0.03259893835121552,0.021614458291535632,3,9
2016-09-30,48.2400016784668,48.29999923706055,47.040000915527344,47.7599983215332,496515,59.49159499473089,0.4619979782882595,1.7299890431002536,0.9800689721651866,45.329000091552736,46.040815658900975,-773366,0.008572022406779567,0.008535491238255706,0.01657816379686028,0.05327963209476505,-0.02743309662221971,-0.03972366504124769,4,9
2016-10-03,48.810001373291016,49.02000045776367,47.779998779296875,48.040000915527344,458021,61.06597160667028,0.6486796095344829,1.6949899456264352,0.9859865177359919,45.54750022888184,46.46684423034559,-315345,0.011815913660688127,0.011746650821482279,0.008572022406779567,0.01657816379686028,0.05327963209476505,0.03259893835121552,0,10
2016-10-04,48.689998626708984,49.2599983215332,48.2599983215332,48.650001525878906,513710,60.53257057726488,0.7779749179398365,1.6453478066531184,0.9091839320850196,45.74050006866455,46.80886798363227,-829055,-0.0024585688015918983,-0.002461596044676157,0.011815913660688127,0.008572022406779567,0.01657816379686028,-0.02743309662221971,1,10
2016-10-05,49.83000183105469,49.970001220703125,49.099998474121094,49.2599983215332,520070,63.77015172566304,0.9613492765193072,1.6192517200346201,0.9820888973560412,45.957000160217284,47.27365780631264,-308985,0.02341349838774387,0.023143607049519312,-0.0024585688015918983,0.011815913660688127,0.008572022406779567,0.05327963209476505,2,10
2016-10-06,50.439998626708984,50.630001068115234,49.33000183105469,49.650001525878906,547915,65.40544530375054,1.1427238115096046,1.5964479712507578,0.9913540278599046,46.0980001449585,47.76078716329669,238930,0.012241556757763172,0.012167234831146208,0.02341349838774387,-0.0024585688015918983,0.011815913660688127,0.01657816379686028,3,10
2016-10-07,49.810001373291016,50.7400016784668,49.400001525878906,50.59000015258789,618809,62.27889171218133,1.221547682679379,1.5781302699176958,0.87378559457565,46.29450016021728,48.0760508879112,-379879,-0.012490033119952781,-0.012568689214708743,0.012241556757763172,0.02341349838774387,-0.0024585688015918983,0.008572022406779567,4,10
2016-10-11,50.790000915527344,51.540000915527344,50.38999938964844,51.099998474121094,765608,65.0756337152292,1.3475601072480075,1.5889780750833125,0.9191319581970899,46.519500160217284,48.49358166139061,385729,0.019674754370953007,0.019483708183113558,-0.012490033119952781,0.012241556757763172,0.02341349838774387,0.011815913660688127,1,10
2016-10-12,50.18000030517578,51.16999816894531,49.88999938964844,50.84000015258789,533884,61.99450232407276,1.3822699626256068,1.5669081253842811,0.8219177202144884,46.78350009918213,48.753030683511405,-148155,-0.01201025003653966,-0.012082955818995643,0.019674754370953007,-0.012490033119952781,0.012241556757763172,-0.0024585688015918983,2,10
2016-10-13,50.439998626708984,50.59000015258789,49.36000061035156,50.0,740676,62.802901451573064,1.4144525363614093,1.5428432265879988,0.8132028074773666,47.12649993896484,49.01256421323411,592521,0.005181313669828436,0.0051679368505909325,-0.01201025003653966,0.019674754370953007,-0.012490033119952781,0.02341349838774387,3,10
2016-10-14,50.349998474121094,51.13999938964844,49.900001525878906,50.58000183105469,519431,62.308833800092486,1.4163681869581026,1.5212114149581082,0.7762694611774871,47.448499870300296,49.21832333029364,73090,-0.0017843012497671396,-0.001785895011358129,0.005181313669828436,-0.01201025003653966,0.019674754370953007,0.012241556757763172,4,10
2016-10-17,49.939998626708984,50.58000183105469,49.470001220703125,50.22999954223633,418723,59.993384851782835,1.3690215642763874,1.491839214629069,0.7170684296964582,47.7939998626709,49.329350298972926,-345633,-0.008142996223184373,-0.008176331506322862,-0.0017843012497671396,0.005181313669828436,-0.01201025003653966,-0.012490033119952781,0,10
2016-10-18,50.290000915527344,50.779998779296875,49.7599983215332,50.040000915527344,192803,61.31498544342577,1.3442456571320491,1.4581364462815407,0.7333549384453305,48.14349994659424,49.47714270151976,-152830,0.007008456116199602,0.006984011036023436,-0.008142996223184373,-0.0017843012497671396,0.005181313669828436,0.019674754370953007,1,10
2016-10-19,51.599998474121094,51.93000030517578,50.689998626708984,50.77000045776367,132427,65.86074758924494,1.4140165247884653,1.4711266565220333,0.8548428169213208,48.551499938964845,49.80373589730458,-20403,0.026048867264770292,0.0257153745273886,0.007008456116199602,-0.008142996223184373,-0.0017843012497671396,-0.01201025003653966,2,10
2016-10-20,50.43000030517578,51.58000183105469,50.25,51.400001525878906,548947,59.17290264066968,1.3592329742924392,1.4624746434933946,0.6978971504839795,48.80599994659424,49.9000842677463,-569350,-0.02267438378960618,-0.022935400776113158,0.026048867264770292,0.007008456116199602,-0.008142996223184373,0.005181313669828436,3,10
2016-10-21,50.849998474121094,51.02000045776367,50.209999084472656,50.65999984741211,551300,60.715073125845436,1.3343256821183402,1.4158694099075102,0.725571013380999,49.03249988555908,50.04622491488089,-18050,0.008328339607450053,0.00829385034701021,-0.02267438378960618,0.026048867264770292,0.007008456116199602,-0.0017843012497671396,4,10
2016-10-24,50.52000045776367,50.97999954223633,49.619998931884766,50.849998474121094,623398,58.83460766888223,1.27328080310307,1.4118787813677998,0.6699633796133303,49.33449993133545,50.119113459939776,-641448,-0.006489636701274781,-0.006510785943788123,0.008328339607450053,-0.02267438378960618,0.026048867264770292,-0.008142996223184373,0,10
2016-10-25,49.959999084472656,50.93000030517578,49.27000045776367,50.4900016784668,553778,55.682850542072785,1.1662708219242717,1.429601714656679,0.5678576970283723,49.535999870300294,50.09463432525253,-1195226,-0.011084746005875279,-0.011146639611159187,-0.006489636701274781,0.008328339607450053,-0.02267438378960618,0.007008456116199602,1,10
2016-10-26,49.18000030517578,50.099998474121094,48.869998931884766,49.310001373291016,679320,51.54128412221984,1.0069181326588037,1.415344416626654,0.3679343685541736,49.76149997711182,49.95392139908687,-1874546,-0.015612465844485834,-0.015735623938840933,-0.011084746005875279,-0.006489636701274781,0.008328339607450053,0.026048867264770292,2,10
2016-10-27,49.720001220703125,50.060001373291016,49.0,49.220001220703125,543173,54.08730084907887,0.913671305183378,1.3899627706741084,0.4518729138907904,49.89500007629395,49.917933679335526,-1331373,0.010980091748200138,0.010920248200732448,-0.015612465844485834,-0.011084746005875279,-0.006489636701274781,-0.02267438378960618,3,10
2016-10-28,48.70000076293945,49.810001373291016,48.41999816894531,49.61000061035156,550081,48.864827037194296,0.7488349074800809,1.389965658793508,0.12525750913671072,49.938500022888185,49.73055938450536,-1881454,-0.02051489204990098,-0.02072824543940935,0.010980091748200138,-0.015612465844485834,-0.011084746005875279,0.008328339607450053,4,10
2016-10-31,46.86000061035156,48.7400016784668,46.630001068115234,48.25,649237,41.14660684394323,0.46437521155191064,1.4413967267619405,-0.24956401435880524,49.86949996948242,49.28893495771247,-2530691,-0.03778234340374231,-0.038514599650001015,-0.02051489204990098,0.010980091748200138,-0.015612465844485834,-0.006489636701274781,0,10
2016-11-01,46.66999816894531,47.349998474121094,46.20000076293945,46.77000045776367,834989,40.436344657648256,0.22105901330167654,1.4205825113633477,-0.14165228492389526,49.76249980926514,48.88602160559444,-3365680,-0.004054682862387304,-0.004062925377011126,-0.03778234340374231,-0.02051489204990098,0.010980091748200138,-0.011084746005875279,1,11
2016-11-02,45.34000015258789,46.470001220703125,44.959999084472656,46.31999969482422,674322,35.780413811687225,-0.07818923464711247,1.4412551237282984,-0.194781537177304,49.59499988555908,48.34047984359344,-4040002,-0.028497923045611273,-0.02891187228284239,-0.004054682862387304,-0.03778234340374231,-0.02051489204990098,-0.015612465844485834,2,11
2016-11-03,44.65999984741211,45.900001525878906,44.369998931884766,45.47999954223633,540439,33.64723708125396,-0.36599698334298125,1.4475942287472872,-0.1256155184410436,49.336499786376955,47.77425215187324,-4580441,-0.01499780112234883,-0.015111405449442256,-0.028497923045611273,-0.004054682862387304,-0.03778234340374231,0.010980091748200138,3,11
2016-11-04,44.06999969482422,44.869998931884766,43.56999969482422,44.630001068115234,736685,31.87175940309693,-0.634382018187587,1.4370517293410914,-0.0695724023385095,49.01799983978272,47.204367158481084,-5317126,-0.013210930465824444,-0.013298971066255966,-0.01499780112234883,-0.028497923045611273,-0.004054682862387304,-0.02051489204990098,4,11
2016-11-07,44.88999938964844,45.0099983215332,44.11000061035156,44.45000076293945,605733,36.85860829258772,-0.77201268785835,1.4015479362959409,0.08530468106571609,48.771999740600585,46.84831057866068,-4711393,0.018606755173645295,0.018435767268137306,-0.013210930465824444,-0.01499780112234883,-0.028497923045611273,-0.03778234340374231,0,11
2016-11-08,44.97999954223633,45.38999938964844,44.40999984741211,44.970001220703125,669639,37.40021757280175,-0.8638656198685055,1.3714373367202541,0.1398527735706326,48.481499671936035,46.56087811151847,-4041754,0.002004904295201282,0.002002897156883904,0.018606755173645295,-0.013210930465824444,-0.01499780112234883,-0.004054682862387304,1,11
2016-11-09,45.27000045776367,45.95000076293945,43.06999969482422,44.81999969482422,946512,39.20967034497152,-0.9028515691236407,1.4791918889627527,0.20266183963834994,48.23599967956543,46.36228154940235,-3095242,0.0064473303352312605,0.006426635205601789,0.002004904295201282,0.018606755173645295,-0.013210930465824444,-0.028497923045611273,2,11
2016-11-10,44.65999984741211,45.63999938964844,44.25,45.310001373291016,686338,36.80010311581621,-0.9717682268401973,1.4728209961545873,0.17847338495365767,47.94699974060059,46.100392056788465,-3781580,-0.013474720657904227,-0.013566328564367012,0.0064473303352312605,0.002004904295201282,0.018606755173645295,-0.01499780112234883,3,11
2016-11-14,43.31999969482422,43.810001373291016,42.20000076293945,43.20000076293945,704766,32.12916082987839,-1.1215830765186894,1.543333716748735,0.10138171781690275,47.59549980163574,45.67263938571705,-4486346,-0.030004481799512095,-0.030463827907250822,-0.013474720657904227,0.0064473303352312605,0.002004904295201282,-0.013210930465824444,0,11
2016-11-15,45.810001373291016,46.09000015258789,43.54999923706055,43.7599983215332,706177,45.87655469447864,-1.027545197198009,1.6309527696783734,0.35113957301837767,47.388999938964844,45.69377199918997,-3780169,0.057479263527425495,0.0558880227885206,-0.030004481799512095,-0.013474720657904227,0.0064473303352312605,0.018606755173645295,1,11
2016-11-16,45.56999969482422,46.40999984741211,45.029998779296875,45.77000045776367,658169,44.93186127884526,-0.9613043122837439,1.6130276481381494,0.3473480376763792,47.15299987792969,45.67473010621062,-4438338,-0.005239067261995967,-0.005252839297690956,0.057479263527425495,-0.030004481799512095,-0.013474720657904227,0.002004904295201282,2,11
2016-11-17,45.41999816894531,46.58000183105469,44.880001068115234,45.369998931884766,284874,44.31761497114441,-0.9104170818679336,1.6192400134810998,0.35201221983908654,46.8439998626709,45.63554057740057,-4723212,-0.0032916727426693937,-0.003297102215364018,-0.005239067261995967,0.057479263527425495,-0.030004481799512095,0.0064473303352312605,3,11
2016-11-18,45.689998626708984,45.77000045776367,44.54999923706055,44.93000030517578,155651,45.75509108352305,-0.8386345476536832,1.5907229568541015,0.3990232959172188,46.60699977874756,45.64391873883263,-4567561,0.0059445281516605775,0.005926929154901037,-0.0032916727426693937,-0.005239067261995967,0.057479263527425495,-0.013474720657904227,4,11
2016-11-21,47.4900016784668,47.79999923706055,45.77000045776367,45.83000183105469,665326,54.23695245262777,-0.6292475945233278,1.6278142178182058,0.627228355695179,46.43899993896484,45.92793149877635,-3902235,0.03939599706412733,0.03863977238614253,0.0059445281516605775,-0.0032916727426693937,-0.005239067261995967,-0.030004481799512095,0,11
2016-11-22,48.029998779296875,49.20000076293945,47.16999816894531,48.369998931884766,826208,56.43758245254664,-0.41495038280771723,1.6565419589736297,0.7278370336264894,46.314499855041504,46.25132646501028,-3076027,0.01137075345851013,0.011306592356688534,0.03939599706412733,0.0059445281516605775,-0.0032916727426693937,0.057479263527425495,1,11
2016-11-23,47.959999084472656,48.43000030517578,47.400001525878906,47.939998626708984,556861,56.061239155083065,-0.24790894891043536,1.6117888747110043,0.7517634423515268,46.2144998550415,46.514199175696795,-3632888,-0.001457416127488842,-0.0014584791913830263,0.01137075345851013,0.03939599706412733,0.0059445281516605775,-0.005239067261995967,2,11
2016-11-25,46.060001373291016,48.2599983215332,45.880001068115234,47.970001220703125,465977,46.91629413955708,-0.26577762639103497,1.6666609017615017,0.5002354615873875,46.05849990844727,46.444322590711295,-4098865,-0.03961629998856231,-0.040422386862117465,-0.001457416127488842,0.01137075345851013,0.03939599706412733,-0.0032916727426693937,4,11
2016-11-28,47.08000183105469,47.650001525878906,45.13999938964844,45.43000030517578,734381,51.49109167966738,-0.19538093973638837,1.726899561366428,0.7088907856371611,45.926499938964845,46.54211939691797,-3364484,0.022145037502216525,0.02190339707668405,-0.03961629998856231,-0.001457416127488842,0.01137075345851013,0.0059445281516605775,0,11
2016-11-29,45.22999954223633,46.97999954223633,44.81999969482422,46.880001068115234,732818,44.07230341168559,-0.28557880725188056,1.7649783167138595,0.39378478239299375,45.75299987792969,46.340254803890026,-4097302,-0.03929486441944163,-0.040087747915531484,0.022145037502216525,-0.03961629998856231,-0.001457416127488842,0.03939599706412733,1,11
2016-11-30,49.439998626708984,49.900001525878906,45.220001220703125,45.2400016784668,1311000,58.66692929887521,-0.017151810022603797,1.9731941730325684,1.1113254538542992,45.881999778747556,46.81713846893909,-2786302,0.09307979498300245,0.08899921200355881,-0.03929486441944163,0.022145037502216525,-0.03961629998856231,0.01137075345851013,2,11
2016-12-01,51.060001373291016,51.79999923706055,48.97999954223633,49.06999969482422,974805,62.70048158729818,0.3225806924914778,2.033680281731972,1.1744186240011723,46.10149993896484,47.469886608070155,-1811497,0.03276704675527342,0.03224165333645711,0.09307979498300245,-0.03929486441944163,0.022145037502216525,-0.001457416127488842,3,12
2016-12-02,51.68000030517578,51.72999954223633,50.18000030517578,51.0099983215332,667099,64.14268864462449,0.6345353520760284,1.999131635684013,1.1000724050652848,46.41849994659424,48.117596407624866,-1144398,0.012142556114561387,0.012069426670480256,0.03276704675527342,0.09307979498300245,-0.03929486441944163,-0.03961629998856231,4,12
2016-12-05,51.790000915527344,52.41999816894531,50.93000030517578,51.459999084472656,600782,64.40565142200639,0.8804880787634772,1.9627649376901213,1.0133009651241358,46.775,48.682581716532944,-543616,0.002128494769775502,0.0021262327340351543,0.012142556114561387,0.03276704675527342,0.09307979498300245,0.022145037502216525,0,12
2016-12-06,50.93000030517578,51.599998474121094,50.279998779296875,50.970001220703125,642746,60.66016285566259,0.9945479945302864,1.9304247375858605,0.8783168181205829,47.11800003051758,49.028338422478,-1186362,-0.016605533793179084,-0.01674495122490923,0.002128494769775502,0.012142556114561387,0.03276704675527342,-0.03929486441944163,1,12
2016-12-07,49.77000045776367,51.20000076293945,49.720001220703125,50.93000030517578,816879,55.93504800014085,0.9800416957559577,1.8982515093466081,0.7381559919557896,47.36200008392334,49.14244027406041,-2003241,-0.02277635657689603,-0.02303974482053135,-0.016605533793179084,0.002128494769775502,0.012142556114561387,0.09307979498300245,2,12
2016-12-08,50.84000015258789,50.97999954223633,49.61000061035156,49.880001068115234,780062,59.09983349046151,1.042863896636625,1.860519182385048,0.8093586084472066,47.65500011444092,49.403603332295404,-1223179,0.021498888587156983,0.021271047254543478,-0.02277635657689603,-0.016605533793179084,0.002128494769775502,0.03276704675527342,3,12
2016-12-09,51.5,51.65999984741211,50.86000061035156,50.91999816894531,652040,60.9622655856689,1.1328486413180343,1.7861963618449888,0.8343004861370208,47.96650009155273,49.72612589655765,-571139,0.012981900972290017,0.012898358347101709,0.021498888587156983,-0.02277635657689603,-0.016605533793179084,0.012142556114561387,4,12
2016-12-12,52.83000183105469,54.5099983215332,52.18000030517578,52.58000183105469,847025,64.47306634199464,1.2965365657956696,1.873610787537004,0.907998745492433,48.375000190734866,50.20364527109565,275886,0.025825278272906482,0.025497438165906557,0.012981900972290017,0.021498888587156983,-0.02277635657689603,0.002128494769775502,0,12
2016-12-13,52.97999954223633,53.40999984741211,52.349998474121094,52.5099983215332,638396,64.85693118456744,1.4219723745741675,1.8154958293765764,0.889461523492823,48.85800018310547,50.63077669742499,914282,0.0028392524320048906,0.0028352293680156933,0.025825278272906482,0.012981900972290017,0.021498888587156983,-0.016605533793179084,1,12
2016-12-14,51.040000915527344,52.779998779296875,50.66999816894531,52.45000076293945,677957,56.3730662792381,1.3492857545397925,1.8508176539418935,0.6854018574647761,49.119500160217285,50.69373426944073,236325,-0.03661756593943333,-0.0373048182296305,0.0028392524320048906,0.025825278272906482,0.012981900972290017,-0.02277635657689603,2,12
2016-12-15,50.900001525878906,51.47999954223633,49.95000076293945,50.790000915527344,551759,55.8057494111724,1.2657930296458773,1.827902020038678,0.652455034197334,49.38600025177002,50.72546769350815,-315434,-0.0027429347009640948,-0.0027467034395310774,-0.03661756593943333,0.0028392524320048906,0.025825278272906482,0.021498888587156983,3,12
2016-12-16,51.900001525878906,52.08000183105469,50.5,51.099998474121094,252567,58.981133300629736,1.265725589576327,1.8101948636826786,0.7316014773362495,49.7100004196167,50.906165206180575,-62867,0.019646364833438623,0.019455866037755606,-0.0027429347009640948,-0.03661756593943333,0.0028392524320048906,0.012981900972290017,4,12
2016-12-19,52.119998931884766,52.52000045776367,51.5099983215332,52.150001525878906,129990,59.66770460193293,1.268798179293512,1.753038240293235,0.7342661160518158,50.03150043487549,51.09290885628891,67123,0.004238870896683178,0.0042299121910522215,0.019646364833438623,-0.0027429347009640948,-0.03661756593943333,0.025825278272906482,0,12
2016-12-20,52.22999954223633,52.70000076293945,51.849998474121094,52.11000061035156,416592,60.027968240341266,1.265521217882963,1.6885356723307439,0.7231295738334704,50.268500328063965,51.267845884896204,483715,0.002110525951762199,0.002108301920566294,0.004238870896683178,0.019646364833438623,-0.0027429347009640948,0.0028392524320048906,1,12
2016-12-21,52.4900016784668,53.790000915527344,52.31999969482422,53.560001373291016,471993,60.9166090085301,1.2692728149058112,1.6793546509707633,0.7286088448993777,50.49150047302246,51.455869853137834,955708,0.004978022946759086,0.00496567355726954,0.002110525951762199,0.004238870896683178,0.019646364833438623,-0.03661756593943333,2,12
2016-12-22,52.95000076293945,53.189998626708984,52.08000183105469,52.52000045776367,393487,62.50482698051358,1.29444253652089,1.638686232733873,0.7548435326235025,50.7410005569458,51.68573614695347,1349195,0.008763556291928376,0.00872537921499766,0.004978022946759086,0.002110525951762199,0.004238870896683178,-0.0027429347009640948,3,12
2016-12-23,53.02000045776367,53.279998779296875,52.2599983215332,52.68000030517578,285166,62.752874276060595,1.3049949432249974,1.594494391664573,0.7496588099500142,51.08900051116943,51.89100757938581,1634361,0.001321996106055101,0.0013211230385793819,0.008763556291928376,0.004978022946759086,0.002110525951762199,0.019646364833438623,4,12
2016-12-27,53.900001525878906,54.099998474121094,53.029998779296875,53.290000915527344,277306,65.81463399030466,1.3685902764955316,1.5577446505712051,0.8444318581127286,51.43000049591065,52.200083571153975,1911667,0.016597530375659808,0.016461296729720833,0.001321996106055101,0.008763556291928376,0.004978022946759086,0.004238870896683178,1,12
2016-12-28,54.060001373291016,54.369998931884766,53.560001373291016,53.93000030517578,322535,66.35614236638196,1.415582730258926,1.5043341440013869,0.9554502876144291,51.87150058746338,52.486224771482746,2234202,0.0029684571963377593,0.0029640600269979682,0.016597530375659808,0.001321996106055101,0.008763556291928376,0.002110525951762199,2,12
2016-12-29,53.77000045776367,54.209999084472656,53.459999084472656,53.65999984741211,360194,64.36599197999502,1.4131342066952044,1.4504531337155735,0.8715545043086789,52.08800067901611,52.68372872321827,1874008,-0.005364426714029369,-0.005378866916438382,0.0029684571963377593,0.016597530375659808,0.001321996106055101,0.004978022946759086,3,12
2016-12-30,53.720001220703125,54.09000015258789,53.40999984741211,53.869998931884766,271094,64.00954234119862,1.391123211126832,1.3954207888198742,0.8233177348672978,52.22100067138672,52.843155261292864,1602914,-0.0009298723569812761,-0.0009303049564770813,-0.005364426714029369,0.0029684571963377593,0.016597530375659808,0.008763556291928376,4,12
2017-01-03,52.33000183105469,55.2400016784668,52.11000061035156,54.20000076293945,727793,54.906233440395816,1.2471417309673782,1.5193193801981142,0.5165939274306179,52.25350074768066,52.76420857971776,875121,-0.025874894975109308,-0.026215539003824565,-0.0009298723569812761,-0.005364426714029369,0.0029684571963377593,0.001321996106055101,1,1
2017-01-04,53.2599983215332,53.43000030517578,52.150001525878906,52.4900016784668,512641,59.097592022206605,1.1943110408411073,1.5022250515623112,0.699798940588399,52.32700061798096,52.84048392461244,1387762,0.017771764913767196,0.017615693496549928,-0.025874894975109308,-0.0009298723569812761,-0.005364426714029369,0.016597530375659808,2,1
2017-01-05,53.7599983215332,54.119998931884766,52.790000915527344,53.38999938964844,517362,61.18638672591797,1.1791951321571048,1.4899231204762475,0.7780980763603916,52.46850051879883,52.98194767798487,1905124,0.00938790866987027,0.009344116122212295,0.017771764913767196,-0.025874894975109308,-0.0009298723569812761,0.0029684571963377593,3,1
2017-01-06,53.9900016784668,54.31999969482422,53.31999969482422,53.72999954223633,528333,62.14408667358494,1.172261908730917,1.4549286118708014,0.8189596833312717,52.679500579833984,53.137032908828246,2433457,0.00427833638606101,0.004269210325257706,0.00938790866987027,0.017771764913767196,-0.025874894975109308,-0.005364426714029369,4,1
2017-01-09,51.959999084472656,53.83000183105469,51.7599983215332,53.75,564893,50.338385784472614,0.9915332571384425,1.5102910936610008,0.29661077167995864,52.735500526428225,52.95595078200431,1868564,-0.037599602350147365,-0.03832470113612088,0.00427833638606101,0.00938790866987027,0.017771764913767196,-0.0009298723569812761,0,1
2017-01-10,50.81999969482422,52.369998931884766,50.709999084472656,51.83000183105469,632573,45.1509624886254,0.7476970886864791,1.5209845760717944,0.03302434153536684,52.701500511169435,52.627342922438146,1235991,-0.02193994245063613,-0.022184202295564878,-0.037599602350147365,0.00427833638606101,0.00938790866987027,-0.025874894975109308,1,1
2017-01-11,52.25,52.779998779296875,50.75,50.810001373291016,815846,51.853419616362146,0.6622106894439739,1.5573427334450145,0.3955761099363013,52.672500419616696,52.56929016513997,2051837,0.02813853431253399,0.027749918957935403,-0.02193994245063613,-0.037599602350147365,0.00427833638606101,0.017771764913767196,2,1
2017-01-12,53.0099983215332,53.5,52.119998931884766,52.369998931884766,660703,55.00067658666359,0.6483142519894614,1.5446754716357447,0.5830050684946996,52.674000358581544,52.63709141996969,2712540,0.014545422421688103,0.014440652491583184,0.02813853431253399,-0.02193994245063613,-0.037599602350147365,0.00938790866987027,3,1
2017-01-13,52.369998931884766,53.16999816894531,52.27000045776367,53.04999923706055,477986,51.92263092957028,0.5789844507982806,1.4986270601747373,0.40186171415233024,52.74050025939941,52.596000267956626,2234554,-0.012073182605411681,-0.012146655440662813,0.014545422421688103,0.02813853431253399,-0.02193994245063613,0.00427833638606101,4,1
2017-01-17,52.47999954223633,53.52000045776367,52.119998931884766,52.54999923706055,606023,52.415546267254484,0.5268430945563338,1.4915823791536067,0.3998752509422355,52.81950016021729,52.5781540024612,2840577,0.0021004508801811816,0.002098248017361924,-0.012073182605411681,0.014545422421688103,0.02813853431253399,-0.037599602350147365,1,1
2017-01-18,51.08000183105469,52.790000915527344,50.90999984741211,52.52000045776367,236238,45.95745050644444,0.36830696561660403,1.5193265712222943,0.032765025397227615,52.778500175476076,52.347669053014044,2604339,-0.026676785887829735,-0.02703906890206192,0.0021004508801811816,-0.012073182605411681,0.014545422421688103,-0.02193994245063613,2,1
2017-01-19,51.369998931884766,51.869998931884766,51.02000045776367,51.38999938964844,122593,47.4030757599757,0.2630341892700159,1.4715174214293516,0.13911609498787383,52.741000175476074,52.197258265148,2726932,0.0056773118722515115,0.005661256675447733,-0.026676785887829735,0.0021004508801811816,-0.012073182605411681,0.02813853431253399,3,1
2017-01-20,52.41999816894531,52.900001525878906,51.38999938964844,51.45000076293945,567231,52.37096278204621,0.2613186006241648,1.475694933755408,0.41261503504550134,52.75050010681152,52.23152594265528,3294163,0.020439931066629224,0.020233839278211572,0.0056773118722515115,-0.026676785887829735,0.0021004508801811816,0.014545422421688103,4,1
2017-01-23,52.75,53.470001220703125,52.209999084472656,53.33000183105469,455333,53.846427190917765,0.2833214211068551,1.4602883053607694,0.49642345179493796,52.76350002288818,52.31129118224678,3749496,0.006295342285040029,0.006275609391375616,0.020439931066629224,0.0056773118722515115,-0.026676785887829735,-0.012073182605411681,0,1
2017-01-24,53.18000030517578,53.560001373291016,52.66999816894531,52.86000061035156,520285,55.76916120056141,0.3316333826260376,1.4195536552882646,0.6068888643555618,52.775,52.44493873962047,4269781,0.008151664553095461,0.008118619197242155,0.006295342285040029,0.020439931066629224,0.0056773118722515115,0.0021004508801811816,1,1
2017-01-25,52.75,53.470001220703125,52.560001373291016,52.95000076293945,589709,53.37456170118838,0.33140331807432943,1.383156954725682,0.49695954694594413,52.76149997711182,52.49187124121732,3680072,-0.008085752213392361,-0.008118619197242079,0.008151664553095461,0.006295342285040029,0.020439931066629224,-0.026676785887829735,2,1
2017-01-26,53.779998779296875,54.060001373291016,52.790000915527344,52.959999084472656,578065,58.02392257642155,0.4096115368671889,1.377931556051777,0.7728524483995008,52.755499839782715,52.69004470861417,4258137,0.01952604320941953,0.01933785578645546,-0.008085752213392361,0.008151664553095461,0.006295342285040029,0.0056773118722515115,3,1
2017-01-27,53.16999816894531,54.08000183105469,52.58000183105469,53.7400016784668,495556,54.55433511737191,0.4175568272681147,1.3866507306195073,0.628080512026111,52.71099967956543,52.763883702511265,3762581,-0.011342518114492606,-0.011407335064125739,0.01952604320941953,-0.008085752213392361,0.008151664553095461,0.020439931066629224,4,1
2017-01-30,52.630001068115234,53.459999084472656,52.40999984741211,53.150001525878906,486309,51.61215927518041,0.3759465957237822,1.3626041953652959,0.49304278474258845,52.653999710083006,52.74328637414264,3276272,-0.010156048888966707,-0.01020797341801988,-0.011342518114492606,0.01952604320941953,-0.008085752213392361,0.006295342285040029,0,1
2017-01-31,52.810001373291016,53.560001373291016,52.2400016784668,52.599998474121094,586676,52.53115713471344,0.35342069397830045,1.359561016755219,0.5608213158234403,52.608499717712405,52.753550220165465,3862948,0.0034201083321814263,0.0034142730627301815,-0.010156048888966707,-0.011342518114492606,0.01952604320941953,0.008151664553095461,1,1
2017-02-01,53.880001068115234,53.90999984741211,52.63999938964844,52.7599983215332,577243,57.676928979379284,0.417100710215216,1.3531638339701086,0.843091635731536,52.68599967956543,52.926850350619276,4440191,0.02026130783941582,0.020058778642912174,0.0034201083321814263,-0.010156048888966707,-0.011342518114492606,-0.008085752213392361,2,2
2017-02-02,53.540000915527344,54.34000015258789,53.349998474121094,53.56999969482422,492553,55.61389979029567,0.4351166570865246,1.3272236800055863,0.7382754062439275,52.69999980926514,53.021181206758975,3947638,-0.00631032193481329,-0.00633031617404607,0.02026130783941582,0.0034201083321814263,-0.010156048888966707,0.01952604320941953,3,2
2017-02-03,53.83000183105469,54.220001220703125,53.400001525878906,53.68000030517578,462616,57.02583771767679,0.46740709696125293,1.2909933953497743,0.817981782327193,52.703499984741214,53.14561514895831,4410254,0.005416528027051948,0.005401911396289289,-0.00631032193481329,0.02026130783941582,0.0034201083321814263,-0.011342518114492606,4,2
2017-02-06,53.0099983215332,54.130001068115234,52.90999984741211,53.810001373291016,425085,51.98981254656793,0.421965912662408,1.2859225257321565,0.6059274335642457,52.65449981689453,53.12475102166215,3985169,-0.015233206049203973,-0.015350423251867739,0.005416528027051948,-0.00631032193481329,0.02026130783941582,-0.010156048888966707,0,2
2017-02-07,52.16999816894531,53.2400016784668,51.630001068115234,53.13999938964844,624057,47.374421771110065,0.314546557661572,1.3090709603478283,0.35117887174200235,52.66499977111816,52.97786596739802,3361112,-0.015846070160064007,-0.015972961400050004,-0.015233206049203973,0.005416528027051948,-0.00631032193481329,0.0034201083321814263,1,2
2017-02-08,52.34000015258789,52.66999816894531,51.220001220703125,51.63999938964844,767379,48.373325613475,0.24036292998668785,1.3191371023402827,0.36107975717095453,52.74099979400635,52.879732765119535,4128491,0.003258615863700909,0.003253318080866931,-0.015846070160064007,-0.015233206049203973,0.005416528027051948,0.02026130783941582,2,2
2017-02-09,53.0,53.209999084472656,52.369998931884766,52.369998931884766,610196,52.1691768816584,0.2321522359610455,1.2870558044506029,0.5774909938167373,52.77849979400635,52.89823541663961,4738687,0.012609855664654113,0.012531013534801206,0.003258615863700909,-0.015846070160064007,-0.015233206049203973,-0.00631032193481329,3,2
2017-02-10,53.86000061035156,54.130001068115234,52.900001525878906,53.150001525878906,596449,56.64258037393363,0.2916777837927995,1.2829803571495833,0.8456737944611658,52.82099990844726,53.04619929259529,5335136,0.016226426610406852,0.01609618516351742,0.012609855664654113,0.003258615863700909,-0.015846070160064007,0.005416528027051948,4,2
2017-02-13,52.93000030517578,53.95000076293945,52.77000045776367,53.79999923706055,586034,51.079147260791196,0.26080258713651006,1.2756246391514545,0.5271993521870297,52.848999977111816,53.028322525299984,4749102,-0.017266993959094812,-0.017417807080094494,0.016226426610406852,0.012609855664654113,0.003258615863700909,-0.015233206049203973,0,2
2017-02-14,53.20000076293945,53.720001220703125,52.86000061035156,52.90999984741211,493022,52.53669865391737,0.2551790070463511,1.2459372085228908,0.6059610489880057,52.88500003814697,53.0547345618599,5242124,0.005101085513072867,0.005088119053021027,-0.017266993959094812,0.016226426610406852,0.012609855664654113,-0.015846070160064007,1,2
2017-02-15,53.11000061035156,53.5099983215332,52.72999954223633,53.0,463638,51.9807485494256,0.24068554600521708,1.212655892149604,0.5499762049559861,52.98649997711182,53.063237030858616,4778486,-0.0016917321672406116,-0.0016931647620425743,0.005101085513072867,-0.017266993959094812,0.016226426610406852,0.003258615863700909,2,2
2017-02-16,53.36000061035156,53.59000015258789,52.68000030517578,53.0099983215332,343363,53.45419721181902,0.2465304349786237,1.191037603239783,0.6375254032771052,53.08600006103516,53.10889296616522,5121849,0.0047072113938420035,0.004696167119217702,-0.0016917321672406116,0.005101085513072867,-0.017266993959094812,0.012609855664654113,3,2
2017-02-17,53.400001525878906,53.52000045776367,52.880001068115234,53.470001220703125,195352,53.69900462046621,0.2514912565243179,1.151677730840401,0.6386107309998557,53.135000228881836,53.153678898428865,5317201,0.0007496423363906324,0.0007493614949193845,0.0047072113938420035,-0.0016917321672406116,0.005101085513072867,0.016226426610406852,4,2
2017-02-21,54.060001373291016,54.68000030517578,53.349998474121094,53.47999954223633,665310,57.656241291759464,0.30516150332348957,1.1644151665699929,0.9217903914802482,53.200500297546384,53.293113125330734,5982511,0.012359547351178612,0.012283791710730595,0.0007496423363906324,0.0047072113938420035,-0.0016917321672406116,-0.017266993959094812,1,2
2017-02-22,53.59000015258789,54.599998474121094,53.349998474121094,54.2599983215332,499480,54.10961081429542,0.3062402431433995,1.1705283689578505,0.6786403663063786,53.221000289916994,53.33878805260107,5483031,-0.008694066014865776,-0.008732079897311599,0.012359547351178612,0.0007496423363906324,0.0047072113938420035,0.005101085513072867,2,2
2017-02-23,54.45000076293945,54.939998626708984,53.869998931884766,53.90999984741211,529880,59.070815688587714,0.3721995296612022,1.1833476621837964,1.0025483425306765,53.306000328063966,53.50974385419159,6012911,0.016047781449950893,0.015920377036634188,-0.008694066014865776,0.012359547351178612,0.0007496423363906324,-0.0016917321672406116,3,2
2017-02-24,53.9900016784668,54.5099983215332,53.7599983215332,54.33000183105469,395258,55.60787831713648,0.38294035959998496,1.1523942577420967,0.790508117937347,53.31650047302246,53.58362967331085,5617653,-0.008448100606561426,-0.008483988072042573,0.016047781449950893,-0.008694066014865776,0.012359547351178612,0.0047072113938420035,4,2
2017-02-27,54.04999923706055,54.61000061035156,53.939998626708984,54.02000045776367,394380,55.97043619560428,0.39177767707973743,1.1179376667349883,0.7873648770939448,53.360500526428225,53.65537883696465,6012033,0.0011112716563903557,0.0011106546511078898,-0.008448100606561426,0.016047781449950893,-0.008694066014865776,0.0007496423363906324,0,2
2017-02-28,54.0099983215332,54.22999954223633,53.18000030517578,54.040000915527344,593909,55.64414007074301,0.3910458422188938,1.1130849217582424,0.7454927901259384,53.42950038909912,53.70993568074442,5418124,-0.0007400724531354541,-0.0007403464419427852,0.0011112716563903557,-0.008448100606561426,0.016047781449950893,0.012359547351178612,1,2
2017-03-01,53.83000183105469,54.439998626708984,53.630001068115234,53.95000076293945,491289,54.11533414172046,0.37165741005649267,1.09143582438935,0.6508052064181878,53.48050041198731,53.72840739617677,4926835,-0.0033326512881366455,-0.0033382169394644817,-0.0007400724531354541,0.0011112716563903557,-0.008448100606561426,-0.008694066014865776,2,3
2017-03-02,52.61000061035156,53.79999923706055,52.540000915527344,53.689998626708984,638390,45.07560533046243,0.2549095961973151,1.105619045184921,0.1644816020475379,53.41700038909912,53.55634481374213,4288445,-0.022663963945832588,-0.02292473924421927,-0.0033326512881366455,-0.0007400724531354541,0.0011112716563903557,0.016047781449950893,3,3
2017-03-03,53.33000183105469,53.38999938964844,52.54999923706055,52.58000183105469,436360,50.34713901517015,0.2179715534156088,1.086646267142276,0.46817342771991843,53.40650043487549,53.5215228164056,4724805,0.013685634144650738,0.013592831602779453,-0.022663963945832588,-0.0033326512881366455,-0.0007400724531354541,-0.008448100606561426,4,3
2017-03-06,53.20000076293945,53.560001373291016,52.7599983215332,53.189998626708984,503692,49.42474908892816,0.1761770295242684,1.0661717517576714,0.426390696394301,53.375000381469725,53.47205788510311,4221113,-0.0024376722979884136,-0.002440648258365769,0.013685634144650738,-0.022663963945832588,-0.0033326512881366455,0.0011112716563903557,0,3
2017-03-07,53.13999938964844,53.79999923706055,52.709999084472656,53.16999816894531,494677,48.978737346549,0.13663788240072705,1.0678737803884013,0.3978468903354825,53.38150043487549,53.42097196272547,3726436,-0.0011278453464387272,-0.001128481842625985,-0.0024376722979884136,0.013685634144650738,-0.022663963945832588,-0.0007400724531354541,1,3
2017-03-08,50.279998779296875,52.91999816894531,50.04999923706055,52.790000915527344,963392,33.47315487801387,-0.12404540557197663,1.2123113784026505,-0.3692286513680307,53.287000465393064,52.93774531912107,2763044,-0.05382010995861408,-0.05532256940199859,-0.0011278453464387272,-0.0024376722979884136,0.013685634144650738,-0.0033326512881366455,2,3
2017-03-09,49.279998779296875,50.84000015258789,48.59000015258789,50.220001220703125,1073506,29.9079411129443,-0.4066429057719887,1.2864319942310325,-0.29132032749958886,53.13400039672852,52.37501508222504,1689538,-0.019888624190097515,-0.020089064989438646,-0.05382010995861408,-0.0011278453464387272,-0.0024376722979884136,-0.022663963945832588,3,3
2017-03-10,48.4900016784668,50.11000061035156,48.310001373291016,49.61000061035156,796960,27.42301064631816,-0.6864368082083416,1.3231153687188548,-0.19735749164242358,52.90850048065185,51.77732071241608,892578,-0.01603078572238048,-0.016160668722542418,-0.019888624190097515,-0.05382010995861408,-0.0011278453464387272,0.013685634144650738,4,3
2017-03-13,48.400001525878906,48.68000030517578,47.900001525878906,48.45000076293945,601362,27.146290582503113,-0.9050054127941607,1.2843213266172848,-0.07378018449019616,52.635500526428224,51.257733145256516,291216,-0.0018560558769347146,-0.0018577804829510134,-0.01603078572238048,-0.019888624190097515,-0.05382010995861408,-0.0024376722979884136,0,3
2017-03-14,47.720001220703125,48.790000915527344,47.09000015258789,48.45000076293945,857711,25.08653038298766,-1.120180208107115,1.3140127149260112,-0.04608195828303685,52.37500057220459,50.713466695325224,-566495,-0.014049592639210795,-0.014149222438759245,-0.0018560558769347146,-0.01603078572238048,-0.019888624190097515,-0.0011278453464387272,1,3
2017-03-15,48.86000061035156,49.040000915527344,48.15999984741211,48.7599983215332,655788,34.11241820154892,-1.185058740780839,1.3144403563473117,0.1341219476690875,52.1580005645752,50.42831806686774,89293,0.023889341166945632,0.023608455511189758,-0.014049592639210795,-0.0018560558769347146,-0.01603078572238048,-0.05382010995861408,2,3
2017-03-16,48.75,49.619998931884766,48.45000076293945,49.0099983215332,516853,33.69061092705539,-1.23115953454721,1.304123057247169,0.16196907668924668,51.94000053405762,50.170115287349624,-427560,-0.002251342795281497,-0.0022538808775835134,0.023889341166945632,-0.014049592639210795,-0.0018560558769347146,-0.019888624190097515,3,3
2017-03-17,48.779998779296875,49.20000076293945,48.599998474121094,48.790000915527344,172340,33.93054694174212,-1.250855016961026,1.2538287166451112,0.19864002395400984,51.71100044250488,49.95625120918766,-255220,0.0006153595753204399,0.0006151703192533459,-0.002251342795281497,0.023889341166945632,-0.014049592639210795,-0.01603078572238048,4,3
2017-03-20,48.220001220703125,48.7400016784668,47.84000015258789,48.70000076293945,142258,31.6297247327103,-1.29670336236439,1.2314122816496735,0.17838434276868867,51.45200042724609,49.689135826343886,-397478,-0.011480065039104148,-0.011546469694798205,0.0006153595753204399,-0.002251342795281497,0.023889341166945632,-0.0018560558769347146,0,3
2017-03-21,47.34000015258789,48.72999954223633,47.22999954223633,47.93000030517578,628119,28.373685022428802,-1.3880466998108076,1.250597118674697,0.1354145070799963,51.11600036621094,49.327730338073735,-1025597,-0.018249710614636205,-0.0184182907592397,-0.011480065039104148,0.0006153595753204399,-0.002251342795281497,-0.014049592639210795,1,3
2017-03-22,48.040000915527344,48.31999969482422,47.0099983215332,48.15999984741211,680849,34.17817661918953,-1.3879532799709722,1.2548402797187197,0.23159206140440677,50.83850040435791,49.129618119220446,-344748,0.01478666583614685,0.01467840896031598,-0.018249710614636205,-0.011480065039104148,0.0006153595753204399,0.023889341166945632,2,3
2017-03-23,47.70000076293945,48.47999954223633,47.58000183105469,48.150001525878906,499878,32.78830149999514,-1.399185475687844,1.2294943819660713,0.22577523924904055,50.50100040435791,48.90967698748491,-844626,-0.007077438511829737,-0.007102602380554361,0.01478666583614685,-0.018249710614636205,-0.011480065039104148,-0.002251342795281497,3,3
2017-03-24,47.970001220703125,48.20000076293945,47.540000915527344,47.66999816894531,421027,35.04719056586498,-1.3705019973459827,1.1888162009265026,0.27504288114402786,50.20000038146973,48.765111484903095,-423599,0.005660386864678069,0.005644427072358734,-0.007077438511829737,0.01478666583614685,-0.018249710614636205,0.0006153595753204399,4,3
2017-03-27,47.72999954223633,48.279998779296875,47.08000183105469,48.119998931884766,466176,33.954781161263185,-1.3515563633393555,1.1896148257347658,0.2725595437882287,49.88400039672852,48.60586349372359,-889775,-0.005003161816956925,-0.005015719534077545,0.005660386864678069,-0.007077438511829737,0.01478666583614685,-0.011480065039104148,0,3
2017-03-28,48.369998931884766,48.7400016784668,47.79999923706055,47.88999938964844,502377,39.38092715073916,-1.270256483808481,1.1767853479130304,0.35926628677930206,49.6020004272461,48.56957663805608,-387398,0.013408744935815564,0.013319643325593426,-0.005003161816956925,0.005660386864678069,-0.007077438511829737,-0.018249710614636205,1,3
2017-03-29,49.5099983215332,49.630001068115234,48.380001068115234,48.470001220703125,548615,47.633894211908384,-1.1011440173800509,1.1827294042214187,0.5157995475147047,49.38600025177002,48.71425689705256,161217,0.023568315377757276,0.02329487071905217,0.013408744935815564,-0.005003161816956925,0.005660386864678069,0.01478666583614685,2,3
2017-03-30,50.349998474121094,50.470001220703125,49.27000045776367,49.599998474121094,580668,52.73961972772558,-0.8890912862980045,1.1839630727012782,0.646808393375839,49.273000144958495,48.96590944737079,741885,0.01696627309766141,0.01682395338737102,0.023568315377757276,0.013408744935815564,-0.005003161816956925,-0.007077438511829737,3,3
2017-03-31,50.599998474121094,50.849998474121094,49.900001525878906,50.31999969482422,527607,54.17176042569662,-0.6928779923015469,1.167251206668486,0.7264671722185384,49.13649997711182,49.21730775917853,1269492,0.004965243447395462,0.0049529572785790245,0.01696627309766141,0.023568315377757276,0.013408744935815564,0.005660386864678069,4,3
2017-04-03,50.2400016784668,50.83000183105469,50.119998931884766,50.689998626708984,440724,51.740334641853224,-0.5599712756636279,1.1345906132757313,0.7316984641947775,48.98850002288818,49.374645285222876,828768,-0.007114561393483321,-0.00713999056879425,0.004965243447395462,0.01696627309766141,0.023568315377757276,-0.005003161816956925,0,4
2017-04-04,51.029998779296875,51.29999923706055,49.880001068115234,50.2400016784668,532054,56.36841223697597,-0.3864409309305046,1.15497686725213,0.9985810682027743,48.88299999237061,49.62931505354195,1360822,0.015724464061247723,0.01560211558568017,-0.007114561393483321,0.004965243447395462,0.01696627309766141,0.013408744935815564,1,4
2017-04-05,51.150001525878906,51.880001068115234,50.7400016784668,51.18000030517578,651398,57.042330781555485,-0.23650735420792302,1.1539070474232946,0.9844771221161567,48.926500129699704,49.86326681851686,2012220,0.0023516117862560915,0.002348851074493906,0.015724464061247723,-0.007114561393483321,0.004965243447395462,0.023568315377757276,2,4
2017-04-06,51.70000076293945,51.81999969482422,50.77000045776367,50.79999923706055,473019,60.08528232063139,-0.07246820419869948,1.1464850609688126,1.0115835144844567,49.04750022888184,50.14584127150495,2485239,0.010752672935547825,0.010695274042343033,0.0023516117862560915,0.015724464061247723,-0.007114561393483321,0.01696627309766141,3,4
2017-04-07,52.2400016784668,52.939998626708984,51.4900016784668,51.70000076293945,796437,62.866513839195534,0.09995534196681888,1.1681644814883394,1.013652815166373,49.23500022888184,50.46801979565292,3281676,0.010444891828985003,0.010390720826658116,0.010752672935547825,0.0023516117862560915,0.015724464061247723,0.004965243447395462,4,4
2017-04-10,53.08000183105469,53.18000030517578,52.290000915527344,52.310001373291016,565439,66.74794687945958,0.3009144818531837,1.151866920432671,1.0405904634899783,49.469000244140624,50.869863185714735,3847115,0.01607963486980779,0.015951726862047395,0.010444891828985003,0.010752672935547825,0.0023516117862560915,-0.007114561393483321,0,4
2017-04-11,53.400001525878906,53.45000076293945,52.70000076293945,53.130001068115234,598003,68.11524839590663,0.48045891774040683,1.123162140401766,0.9998078129431801,49.753000259399414,51.259115238047684,4445118,0.006028630063780405,0.006010530580521851,0.01607963486980779,0.010444891828985003,0.010752672935547825,0.015724464061247723,1,4
2017-04-12,53.11000061035156,53.7599983215332,52.709999084472656,53.400001525878906,629805,65.48718032744777,0.5925183438465567,1.117936218734536,0.9029473983053365,49.96550025939941,51.543866833786744,3815313,-0.005430728600013257,-0.005445528614136899,0.006028630063780405,0.01607963486980779,0.010444891828985003,0.0023516117862560915,2,4
2017-04-13,53.18000030517578,53.38999938964844,52.81999969482422,52.849998474121094,480835,65.82988510976071,0.6791458659516394,1.0787978955980848,0.8651141662820765,50.1870002746582,51.7955796755389,4296148,0.0013180134441681535,0.001317145626894845,-0.005430728600013257,0.006028630063780405,0.01607963486980779,0.010752672935547825,3,4
2017-04-17,52.650001525878906,53.209999084472656,52.54999923706055,52.970001220703125,326340,60.89912176992171,0.6969977727743739,1.0488837492990866,0.7715128827377434,50.380500411987306,51.92702919097583,3969808,-0.0099661296776129,-0.010016123991878198,0.0013180134441681535,-0.005430728600013257,0.006028630063780405,0.010444891828985003,0,4
2017-04-18,52.40999984741211,52.849998474121094,52.099998474121094,52.75,202043,58.75304366317025,0.6838958818572323,1.0275349100634374,0.71953707798906,50.59000034332276,52.00133236888911,3767765,-0.004558436306005276,-0.00456885765889196,-0.0099661296776129,0.0013180134441681535,-0.005430728600013257,0.01607963486980779,1,4
2017-04-19,50.439998626708984,52.650001525878906,50.09000015258789,52.36000061035156,133173,44.79802891476018,0.5086860878135582,1.1369968002939788,0.46059505830932446,50.74500026702881,51.76112717778447,3634592,-0.0375882699186918,-0.038312926032158856,-0.004558436306005276,-0.0099661296776129,0.0013180134441681535,0.006028630063780405,2,4
2017-04-20,50.27000045776367,50.970001220703125,50.18000030517578,50.630001068115234,606263,43.83055485344493,0.35205535720461967,1.112211379953505,0.42021590301358297,50.856500244140626,51.53172306701204,3028329,-0.0033703047893283156,-0.003375997059904586,-0.0375882699186918,-0.004558436306005276,-0.0099661296776129,-0.005430728600013257,3,4
2017-04-21,49.619998931884766,50.93000030517578,49.20000076293945,50.709999084472656,687474,40.251129484045684,0.17347497238728948,1.1563391058308494,0.30593049686650337,50.95250015258789,51.23761166160784,2340855,-0.01293020727988714,-0.013014530072831142,-0.0033703047893283156,-0.0375882699186918,-0.004558436306005276,0.0013180134441681535,4,4
2017-04-24,49.22999954223633,50.220001220703125,49.029998779296875,49.68000030517578,517897,38.23361817997068,0.0004735802947806178,1.1587436298005207,0.22559075619966276,51.01550006866455,50.928748258627614,1822958,-0.007859721846906975,-0.007890772266113831,-0.01293020727988714,-0.0033703047893283156,-0.0375882699186918,-0.0099661296776129,0,4
2017-04-25,49.560001373291016,49.83000183105469,48.869998931884766,49.220001220703125,587240,40.9315477143442,-0.10874928545191409,1.1445478633269066,0.23948439780207126,51.10700016021728,50.71817181472967,2410198,0.0067032669941742284,0.00668089999896733,-0.007859721846906975,-0.01293020727988714,-0.0033703047893283156,-0.004558436306005276,1,4
2017-04-26,49.619998931884766,50.20000076293945,48.939998626708984,49.36000061035156,655717,41.4324321562988,-0.18829731763968738,1.1527945971057325,0.22159333216798174,51.16950016021728,50.54922214044584,3065915,0.0012106044578539255,0.0012098722671465504,0.0067032669941742284,-0.007859721846906975,-0.01293020727988714,-0.0375882699186918,2,4
2017-04-27,48.970001220703125,49.43000030517578,48.20000076293945,49.220001220703125,771189,37.70238981090577,-0.30032710537234664,1.1718805665228456,0.11968627241012969,51.14250030517578,50.306265075870044,2294726,-0.013099510785437918,-0.013186066095957067,0.0012106044578539255,0.0067032669941742284,-0.007859721846906975,-0.0033703047893283156,3,4
2017-04-28,49.33000183105469,49.7599983215332,48.79999923706055,49.27000045776367,633992,40.877107421258636,-0.3559592025665026,1.156746174947832,0.20103447976109448,51.091500473022464,50.15607073051383,2928718,0.007351451937464226,0.0073245617223314675,-0.013099510785437918,0.0012106044578539255,0.0067032669941742284,-0.01293020727988714,4,4
2017-05-01,48.84000015258789,49.31999969482422,48.59000015258789,49.16999816894531,364386,38.03587878747901,-0.4345775413562407,1.1269787109134723,0.1511103037931368,51.0035005569458,49.95359833390984,2564332,-0.009933137244651946,-0.009982799997383506,0.007351451937464226,-0.013099510785437918,0.0012106044578539255,-0.007859721846906975,0,5
2017-05-02,47.65999984741211,49.279998779296875,47.349998474121094,48.779998779296875,702375,32.22674130708771,-0.5853517337969052,1.184337396217923,0.029433138135436472,50.87450046539307,49.6007370282948,1861957,-0.02416053033352128,-0.024457183897740434,-0.009933137244651946,0.007351451937464226,-0.013099510785437918,0.0067032669941742284,1,5
2017-05-03,47.81999969482422,48.22999954223633,47.29999923706055,48.119998931884766,691319,33.70523530462101,-0.6840454667269782,1.1661704611434847,0.10506580734211352,50.71400051116943,49.3267774385301,2553276,0.0033571096920763654,0.0033514871794144635,-0.02416053033352128,-0.009933137244651946,0.007351451937464226,0.0012106044578539255,2,5
2017-05-04,45.52000045776367,47.75,45.290000915527344,47.599998474121094,943959,25.19607219489032,-0.9370499491388244,1.2635867695830125,-0.07161181042236954,50.43250045776367,48.74111944148911,1609317,-0.04809701488370122,-0.04929215577402319,0.0033571096920763654,-0.02416053033352128,-0.009933137244651946,-0.013099510785437918,3,5
2017-05-05,46.220001220703125,46.68000030517578,43.7599983215332,45.5099983215332,1021610,30.912740033283356,-1.0687536856185957,1.3819021420158388,0.07423132932630433,50.15850048065185,48.353255099829724,2630927,0.015377872493409939,0.015260831382551533,-0.04809701488370122,0.0033571096920763654,-0.02416053033352128,0.007351451937464226,4,5
2017-05-08,46.43000030517578,46.97999954223633,45.72999954223633,46.349998474121094,785055,32.577407811993695,-1.1430087808443048,1.3724805604432788,0.14131713057278456,49.8680004119873,48.057369746806046,3415982,0.004543467739645868,0.004533177347698253,0.015377872493409939,-0.04809701488370122,0.0033571096920763654,-0.009933137244651946,0,5
2017-05-09,45.880001068115234,46.779998779296875,45.529998779296875,46.4900016784668,701944,30.504308273247446,-1.2320346916744853,1.3637319489830446,0.1263361056469124,49.50800037384033,47.72238995008438,2714038,-0.011845772850430869,-0.01191649306284679,0.004543467739645868,0.015377872493409939,-0.04809701488370122,-0.02416053033352128,1,5
2017-05-10,47.33000183105469,47.779998779296875,46.0099983215332,46.18000030517578,819796,41.13894168751823,-1.1720744789944177,1.4020366462829443,0.2960484990415346,49.204500389099124,47.66202254715673,3533834,0.03160420072324599,0.031115067063336145,-0.011845772850430869,0.004543467739645868,0.015377872493409939,0.0033571096920763654,2,5
2017-05-11,47.83000183105469,48.220001220703125,47.34000015258789,47.38999938964844,661783,44.30395441147932,-1.0718540903818834,1.3654625565233367,0.36972816364221034,48.94050045013428,47.68786551391027,4195617,0.010564123825407057,0.01050871336962733,0.03160420072324599,-0.011845772850430869,0.004543467739645868,-0.04809701488370122,3,5
2017-05-12,47.84000015258789,48.06999969482422,47.349998474121094,47.810001373291016,537490,44.36837295980497,-0.9803213945616491,1.3193581753933217,0.3906655108201644,48.67350044250488,47.711270842937594,4733107,0.00020903870270627678,0.0002090168571609855,0.010564123825407057,0.03160420072324599,-0.011845772850430869,0.015377872493409939,4,5
2017-05-15,48.849998474121094,49.65999984741211,47.75,47.849998474121094,687153,50.58587476872698,-0.8168663235310447,1.3615468662518067,0.5546869311830009,48.48350028991699,47.88645970927352,5420260,0.021112004981433286,0.02089223442086252,0.00020903870270627678,0.010564123825407057,0.03160420072324599,0.004543467739645868,0,5
2017-05-16,48.65999984741211,49.380001068115234,48.16999816894531,48.81999969482422,589212,49.465884041976494,-0.6946508013666914,1.3507222971745292,0.5643044867269182,48.29600028991699,48.00546588437176,4831048,-0.0038894295321142414,-0.0038970130332055732,0.021112004981433286,0.00020903870270627678,0.010564123825407057,-0.011845772850430869,1,5
2017-05-17,49.06999969482422,49.5,48.029998779296875,48.22999954223633,650107,51.93873681236999,-0.5582751104031445,1.3592422202837147,0.6570756798025015,48.22750034332275,48.16924031674906,5481155,0.00842580864565945,0.00839050966304009,-0.0038894295321142414,0.021112004981433286,0.00020903870270627678,0.03160420072324599,2,5
2017-05-18,49.349998474121094,49.599998474121094,48.04999923706055,48.93000030517578,242754,53.608330208025464,-0.42272986460001505,1.3728677214820597,0.7273951137637622,48.18150024414062,48.350895417883216,5723909,0.005706109252868075,0.0056898910773385694,0.00842580864565945,-0.0038894295321142414,0.021112004981433286,0.010564123825407057,3,5
2017-05-19,50.33000183105469,50.529998779296875,49.279998779296875,49.279998779296875,146452,58.979540615939875,-0.23353910662735444,1.3640914556619126,0.89633909682088,48.21700038909912,48.65537332760191,5870361,0.019858224665346258,0.01966362220928914,0.005706109252868075,0.00842580864565945,-0.0038894295321142414,0.00020903870270627678,4,5
2017-05-22,50.72999954223633,51.060001373291016,50.439998626708984,50.599998474121094,564310,60.966044201284674,-0.05074266565278407,1.3187991761315137,0.9272333753577665,48.29200038909912,48.974546591391814,6434671,0.007947500429750232,0.007916085385821359,0.019858224665346258,0.005706109252868075,0.00842580864565945,0.021112004981433286,0,5
2017-05-23,51.470001220703125,51.790000915527344,50.56999969482422,51.040000915527344,584139,64.40075014832925,0.15208365607853125,1.3117421793152002,0.9922622354108274,48.38750038146973,49.358462688208945,7018810,0.014587062589083821,0.014481694826383064,0.007947500429750232,0.019858224665346258,0.005706109252868075,-0.0038894295321142414,1,5
2017-05-24,51.36000061035156,51.880001068115234,51.029998779296875,51.439998626708984,736341,63.506188819892465,0.30048504286472166,1.278760758565426,0.9304140494126115,48.474500465393064,49.666391599307815,6282469,-0.00213717908961919,-0.0021394661159539826,0.014587062589083821,0.007947500429750232,0.019858224665346258,0.00842580864565945,2,5
2017-05-25,48.900001525878906,52.0,48.45000076293945,51.25,1147389,47.58669455659039,0.21709036146729943,1.4409920784579346,0.564028594775381,48.47100048065185,49.5484854341649,5135080,-0.04789717786679393,-0.04908224358060424,-0.00213717908961919,0.014587062589083821,0.007947500429750232,0.005706109252868075,3,5
2017-05-26,49.79999923706055,49.939998626708984,48.18000030517578,48.75,763920,52.297996900503556,0.2210733730995713,1.4637782386775966,0.6931037544230871,48.49450035095215,49.58717986537962,5899000,0.018404860595052197,0.018237541025644323,-0.04789717786679393,-0.00213717908961919,0.014587062589083821,0.019858224665346258,4,5
2017-05-30,49.65999984741211,50.279998779296875,49.029998779296875,49.93000030517578,663486,51.52217323947491,0.21050656910048104,1.4485083644863397,0.6646037360837852,48.53550033569336,49.59838293953846,5235514,-0.0028112327669325143,-0.002815191703169109,0.018404860595052197,-0.04789717786679393,-0.00213717908961919,0.007947500429750232,1,5
2017-05-31,48.31999969482422,49.709999084472656,47.72999954223633,49.650001525878906,779144,44.68873306027285,0.09293419973121786,1.4864720200399102,0.4633910782609944,48.56850032806396,49.40170859419781,4456370,-0.026983490872034777,-0.027354229696533214,-0.0028112327669325143,0.018404860595052197,-0.04789717786679393,0.014587062589083821,2,5
2017-06-01,48.36000061035156,49.16999816894531,47.900001525878906,48.630001068115234,774478,44.92356696325419,0.0029509725497121053,1.4710094931132314,0.4651452041376902,48.59550037384033,49.241445827452225,5230848,0.0008278335219367161,0.0008274910567564331,-0.026983490872034777,-0.0028112327669325143,0.018404860595052197,-0.00213717908961919,3,6
2017-06-02,47.65999984741211,48.189998626708984,46.7400016784668,48.040000915527344,802662,41.595395353277,-0.12342285288451649,1.4816515958826266,0.33220702183014095,48.702500343322754,48.998146445907594,4428186,-0.014474788132852412,-0.014580569898588152,0.0008278335219367161,-0.026983490872034777,-0.0028112327669325143,-0.04789717786679393,4,6
2017-06-05,47.400001525878906,48.41999816894531,46.86000061035156,47.709999084472656,710199,40.39823966058277,-0.24176776338538986,1.4872477360762784,0.26977533480048255,48.76150035858154,48.75227799667241,3717987,-0.005455273234695968,-0.005470207576435285,-0.014474788132852412,0.0008278335219367161,-0.026983490872034777,0.018404860595052197,0,6
2017-06-06,48.189998626708984,48.400001525878906,46.939998626708984,47.400001525878906,825056,45.5282295166057,-0.2687132349265795,1.4853016762972528,0.3810917286541086,48.849500274658205,48.665773478216494,4543043,0.016666604966220522,0.016529241262245302,-0.005455273234695968,-0.014474788132852412,0.0008278335219367161,-0.0028112327669325143,1,6
2017-06-07,45.720001220703125,48.22999954223633,45.650001525878906,47.97999954223633,1182327,35.298404992147624,-0.48379893037467525,1.5634942720158362,-0.05580750110965156,48.8415002822876,48.21257774629136,3360716,-0.05125539482038666,-0.05261563652866084,0.016666604966220522,-0.005455273234695968,-0.014474788132852412,-0.026983490872034777,2,6
2017-06-08,45.63999938964844,46.18000030517578,45.20000076293945,45.849998474121094,927695,35.023906401426984,-0.6531818984551805,1.5218160770315856,-0.006987615204632446,48.75700016021729,47.81679646065399,2433021,-0.001749821279936059,-0.0017513540054500312,-0.05125539482038666,0.016666604966220522,-0.005455273234695968,0.0008278335219367161,3,6
2017-06-09,45.83000183105469,46.18000030517578,45.27000045776367,45.709999084472656,735933,36.291060266540946,-0.7632887938083073,1.4781149177730517,0.07286784444607969,48.65700016021729,47.511135748407945,3168954,0.0041630684475719715,0.00415442685351869,-0.001749821279936059,-0.05125539482038666,0.016666604966220522,-0.014474788132852412,4,6
2017-06-12,46.08000183105469,46.709999084472656,45.65999984741211,45.79999923706055,666765,38.00424125034441,-0.8209134121754715,1.447535226293587,0.14245367197233672,48.569000244140625,47.29096129958437,3835719,0.005454941959670556,0.005440117649843162,0.0041630684475719715,-0.001749821279936059,-0.05125539482038666,-0.005455273234695968,0,6
2017-06-13,46.459999084472656,46.56999969482422,45.560001373291016,46.0099983215332,783320,40.618099851252786,-0.8263925953850588,1.4162825902392737,0.22337817448900676,48.449500274658206,47.163120958797954,4619039,0.008246467845447913,0.0082126515124869,0.005454941959670556,0.0041630684475719715,-0.001749821279936059,0.016666604966220522,1,6
2017-06-14,44.72999954223633,46.4900016784668,44.540000915527344,45.939998626708984,924408,33.66008258765925,-0.9592734847973503,1.4544053168607152,0.053087412292359255,48.253000259399414,46.78879458701924,3694631,-0.03723632320979764,-0.03794730042572455,0.008246467845447913,0.005454941959670556,0.0041630684475719715,-0.05125539482038666,2,6
2017-06-15,44.459999084472656,44.810001373291016,44.220001220703125,44.689998626708984,500938,32.71806986120592,-1.07398905022918,1.3926620908412277,0.0809306625908154,48.02250022888184,46.43051835585823,3193693,-0.006036227599526933,-0.006054519266934788,-0.03723632320979764,0.008246467845447913,0.005454941959670556,-0.001749821279936059,3,6
2017-06-16,44.7400016784668,44.939998626708984,44.2400016784668,44.25,191824,34.757252259968254,-1.1292903370126623,1.3431860092270107,0.1558090584014039,47.79200038909912,46.17043886702878,3385517,0.006297854245614021,0.006278105634111925,-0.006036227599526933,-0.03723632320979764,0.008246467845447913,0.0041630684475719715,4,6
2017-06-19,44.20000076293945,45.060001373291016,44.04999923706055,44.68000030517578,123943,32.69895261633752,-1.2028251465630078,1.3193871611558292,0.1378224074929936,47.48550033569336,45.86729454332273,3261574,-0.012069756264386666,-0.01214318723327836,0.006297854245614021,-0.006036227599526933,-0.03723632320979764,0.005454941959670556,0,6
2017-06-20,43.22999954223633,44.400001525878906,42.75,44.11000061035156,894104,29.33804342739819,-1.3241094947675194,1.3430024729217631,0.08181830531235004,47.11050033569336,45.46155685084789,2367470,-0.021945728596377,-0.022190118254213353,-0.012069756264386666,0.006297854245614021,-0.006036227599526933,0.008246467845447913,1,6
2017-06-21,42.529998779296875,44.20000076293945,42.04999923706055,43.380001068115234,1071747,27.167893132035317,-1.4598837943101728,1.400645262418702,0.050313171944198785,46.663500213623045,45.01054791676312,1295723,-0.016192476760392815,-0.01632500752713693,-0.021945728596377,-0.012069756264386666,0.006297854245614021,-0.03723632320979764,2,6
2017-06-22,42.7400016784668,43.31999969482422,42.2599983215332,42.54999923706055,668830,28.8678429611834,-1.532870449638473,1.3763135560524389,0.09988081594218112,46.23250026702881,44.66123311087138,1964553,0.004937759350986504,0.004925608599192601,-0.016192476760392815,-0.021945728596377,-0.012069756264386666,-0.006036227599526933,3,6
2017-06-23,43.0099983215332,43.20000076293945,42.529998779296875,42.79999923706055,690906,31.094656685420944,-1.5510469237435132,1.3258627294517347,0.1672225322730332,45.93800010681152,44.40719698943474,2655459,0.006317188405784213,0.0062973186080399314,0.004937759350986504,-0.016192476760392815,-0.021945728596377,0.006297854245614021,4,6
2017-06-26,43.380001068115234,43.650001525878906,42.630001068115234,43.15999984741211,661354,34.13755223206567,-1.5180961139988298,1.3040154243311588,0.23083488650879794,45.61700019836426,44.249166847693274,3316813,0.008602714741255513,0.008565922250416516,0.006317188405784213,0.004937759350986504,-0.016192476760392815,-0.012069756264386666,0,6
2017-06-27,44.2400016784668,44.439998626708984,43.31999969482422,43.4900016784668,759115,40.69322064875575,-1.4063756746095706,1.2908713891564165,0.3526459947884723,45.346000289916994,44.247756821658434,4075928,0.019824817638920633,0.019630865133080995,0.008602714741255513,0.006317188405784213,0.004937759350986504,-0.021945728596377,1,6
2017-06-28,44.7400016784668,44.900001525878906,43.66999816894531,43.70000076293945,753375,44.17245415392906,-1.2629323027278474,1.2865236725690719,0.43902587430194867,45.16700038909912,44.32348679962895,4829303,0.011301988721292622,0.011238598423898504,0.019824817638920633,0.008602714741255513,0.006317188405784213,-0.016192476760392815,2,6
2017-06-29,44.93000030517578,45.45000076293945,44.650001525878906,44.88999938964844,768946,45.48130403225544,-1.1209989180377207,1.2517719271756058,0.4897024992057169,44.99550037384033,44.41679656971308,5598249,0.004246728198055161,0.004237736296313981,0.011301988721292622,0.019824817638920633,0.008602714741255513,0.004937759350986504,3,6
2017-06-30,46.040000915527344,46.349998474121094,44.880001068115234,44.88999938964844,677408,52.48924832123508,-0.9084755745853528,1.2673594613777668,0.6887732877133977,44.9145004272461,44.66652031522297,6275657,0.024705110233967487,0.02440487386483997,0.004246728198055161,0.011301988721292622,0.019824817638920633,0.006317188405784213,4,6
2017-07-03,47.06999969482422,47.099998474121094,45.91999816894531,46.279998779296875,517621,57.89743762611098,-0.649450538778936,1.2611195216490536,0.8707649051905137,44.89800033569336,45.036286373623156,6793278,0.02237182360588319,0.02212524519044711,0.024705110233967487,0.004246728198055161,0.011301988721292622,0.008602714741255513,0,7
2017-07-05,45.130001068115234,47.31999969482422,44.5099983215332,47.040000915527344,1173581,47.03696610364756,-0.5938672753771357,1.3717539396234795,0.5765169466055737,44.74500045776367,45.05070401892963,5619697,-0.04121518247900702,-0.04208861142317458,0.02237182360588319,0.024705110233967487,0.004246728198055161,0.019824817638920633,2,7
2017-07-06,45.52000045776367,46.529998779296875,45.18000030517578,45.650001525878906,969676,49.10387458698554,-0.512440353875256,1.373771351877634,0.6568898259647622,44.735000419616696,45.122903471057946,6589373,0.00864168802167331,0.008604562367964263,-0.04121518247900702,0.02237182360588319,0.024705110233967487,0.011301988721292622,3,7
2017-07-07,44.22999954223633,45.41999816894531,43.779998779296875,45.349998474121094,975914,43.11085371131897,-0.5457106125825106,1.399930660919717,0.41222545528224847,44.6645004272461,44.98553363585462,5613459,-0.028339211391798846,-0.028748518343779332,0.00864168802167331,-0.04121518247900702,0.02237182360588319,0.004246728198055161,4,7
2017-07-10,44.400001525878906,44.84000015258789,43.650001525878906,44.349998474121094,848570,44.0794660388429,-0.5519967184291588,1.3849355156189505,0.46009545088824805,44.593000411987305,44.89545177278144,6462029,0.0038435899932631745,0.0038362222742046215,-0.028339211391798846,0.00864168802167331,-0.04121518247900702,0.024705110233967487,0,7
2017-07-11,45.040000915527344,45.810001373291016,43.83000183105469,44.58000183105469,1010691,47.69034309138254,-0.49957708687348656,1.4274400889487633,0.6070227685215763,44.54100036621094,44.917690102434655,7472720,0.014414400172383157,0.014311500353597961,0.0038435899932631745,-0.028339211391798846,0.00864168802167331,0.02237182360588319,1,7
2017-07-12,45.4900016784668,46.47999954223633,45.11000061035156,45.7400016784668,963505,50.128770549501624,-0.4169168920369799,1.4283371273602075,0.7260268815728859,44.49250049591065,45.005738037208836,8436225,0.009991135741391988,0.009941554320983138,0.014414400172383157,0.0038435899932631745,-0.028339211391798846,-0.04121518247900702,2,7
2017-07-13,46.08000183105469,46.279998779296875,44.9900016784668,45.439998626708984,748971,53.20853943737387,-0.3003379022345669,1.4184556968937696,0.8287735305290447,44.560000610351565,45.171009390108196,9185196,0.012969886366638095,0.012886497644663332,0.009991135741391988,0.014414400172383157,0.0038435899932631745,0.00864168802167331,3,7
2017-07-14,46.540000915527344,46.7400016784668,45.79999923706055,46.08000183105469,742895,55.515126941496234,-0.16888334904414393,1.3842804643589468,0.8803336175314375,44.6640007019043,45.38162347094192,9928091,0.009982618624000406,0.009933121421918755,0.012969886366638095,0.009991135741391988,0.014414400172383157,-0.028339211391798846,4,7
2017-07-17,46.02000045776367,46.880001068115234,45.88999938964844,46.68000030517578,560633,52.37219107534501,-0.10544881141976248,1.356117693938079,0.754705468908662,44.72800064086914,45.47983531506834,9367458,-0.011173193973663675,-0.011236082991704421,0.009982618624000406,0.012969886366638095,0.009991135741391988,0.0038435899932631745,0,7
2017-07-18,46.400001525878906,46.91999816894531,45.810001373291016,45.9900016784668,208420,54.40370369193761,-0.02423421597926989,1.3385376297749516,0.7975895662723831,44.83800067901611,45.62139934750074,9575878,0.008257302571389458,0.008223397563251198,-0.011173193973663675,0.009982618624000406,0.012969886366638095,0.014414400172383157,1,7
2017-07-19,47.119998931884766,47.2599983215332,46.13999938964844,46.25,140677,58.054403274127345,0.09710731672220163,1.3229277227827954,0.8873546629149787,45.032500648498534,45.85195312971367,9716555,0.015517184963976582,0.015398024557820342,0.008257302571389458,-0.011173193973663675,0.009982618624000406,0.009991135741391988,2,7
2017-07-20,46.790000915527344,47.54999923706055,46.65999984741211,47.09000015258789,720621,55.84734333293509,0.1647442049501393,1.2920042704160555,0.8042048223899628,45.24550075531006,45.996268173685,8995934,-0.007003353646812593,-0.007027992230494894,0.015517184963976582,0.008257302571389458,-0.011173193973663675,0.012969886366638095,3,7
2017-07-21,45.77000045776367,47.209999084472656,45.540000915527344,46.90999984741211,769438,49.57390268606855,0.1344910842250684,1.3190038345967168,0.5821647218091689,45.3970006942749,45.96145775585096,8226496,-0.02179953917088262,-0.022040659777913942,-0.007003353646812593,0.015517184963976582,0.008257302571389458,0.009982618624000406,4,7
2017-07-24,46.34000015258789,46.529998779296875,45.400001525878906,45.619998931884766,707910,52.76696963642101,0.15472589595948705,1.3055033645125207,0.6922233344081633,45.563500785827635,46.01969504765664,8934406,0.012453565416723267,0.012376657630078282,-0.02179953917088262,-0.007003353646812593,0.015517184963976582,-0.011173193973663675,0,7
2017-07-25,47.88999938964844,48.65999984741211,46.380001068115234,46.459999084472656,885700,60.15556502097302,0.2924627856484392,1.3779673881062136,1.0249142973719088,45.7890007019043,46.30743417719384,9820106,0.033448408113006645,0.03290117931263326,0.012453565416723267,-0.02179953917088262,-0.007003353646812593,0.008257302571389458,1,7
2017-07-26,48.75,48.869998931884766,47.86000061035156,48.5099983215332,887864,63.56144384983956,0.4656474312658574,1.3516838833509985,1.1071195693845266,46.01450061798096,46.683213534548635,10707970,0.01795783297791087,0.017798495834202753,0.033448408113006645,0.012453565416723267,-0.02179953917088262,0.015517184963976582,2,7
2017-07-27,49.040000915527344,49.2400016784668,48.25,48.70000076293945,880757,64.65850719107837,0.6191608599111333,1.325849440144984,1.055634675682056,46.22950057983398,47.045796208545354,11588727,0.0059487367287660575,0.005931112853091146,0.01795783297791087,0.033448408113006645,0.012453565416723267,-0.007003353646812593,3,7
2017-07-28,49.709999084472656,49.810001373291016,48.86000061035156,49.16999816894531,771225,67.12138564600069,0.7858260968577895,1.2990031060588747,1.064175144196927,46.46850051879883,47.455673574072634,12359952,0.013662278883301848,0.013569791392266162,0.0059487367287660575,0.01795783297791087,0.033448408113006645,-0.02179953917088262,4,7
2017-07-31,50.16999816894531,50.40999984741211,49.18000030517578,49.849998474121094,781539,68.73247500842257,0.9441440744593095,1.29407428007155,1.0320975765632705,46.67500038146973,47.87326197328382,13141491,0.00925365304656256,0.00921110030994347,0.013662278883301848,0.0059487367287660575,0.01795783297791087,0.012453565416723267,0,7
2017-08-01,49.15999984741211,50.43000030517578,48.369998931884766,50.209999084472656,1008583,61.595657563849926,0.9768532326919299,1.3487833581586546,0.8443722026445775,46.77950038909912,48.07122164622663,12132908,-0.020131519999902703,-0.020336920405226354,0.00925365304656256,0.013662278883301848,0.0059487367287660575,0.033448408113006645,1,8
2017-08-02,49.59000015258789,49.650001525878906,48.54999923706055,48.79999923706055,847722,63.34090550209327,1.0256498541395729,1.331013281777205,0.8618597396069101,47.00250034332275,48.304879877974514,12980630,0.008746954973768428,0.008708921984100847,-0.020131519999902703,0.00925365304656256,0.013662278883301848,0.01795783297791087,2,8
2017-08-03,49.029998779296875,49.959999084472656,48.779998779296875,49.59000015258789,837763,59.545725304020685,1.007520033710506,1.320226640591389,0.7564119651347665,47.17800025939941,48.41643663202411,12142867,-0.011292626972532749,-0.01135687281195565,0.008746954973768428,-0.020131519999902703,0.00925365304656256,0.0059487367287660575,3,8
2017-08-04,49.58000183105469,49.63999938964844,48.5,48.95000076293945,745664,61.95667052458247,1.0257089359794094,1.3073532655240354,0.8059096286249,47.44550037384033,48.5954466626442,12888531,0.011217684386116256,0.011155232772284676,-0.011292626972532749,0.008746954973768428,-0.020131519999902703,0.013662278883301848,4,8
2017-08-07,49.38999938964844,49.72999954223633,48.540000915527344,49.59000015258789,831374,60.612773943212666,1.0131136197989363,1.2989707913229602,0.7576025472656569,47.69500026702881,48.71768554372177,12057157,-0.0038322394995806697,-0.0038396013436235413,0.011217684386116256,-0.011292626972532749,0.008746954973768428,0.00925365304656256,0,8
2017-08-08,49.16999816894531,49.790000915527344,48.86000061035156,49.310001373291016,924240,59.0165200557262,0.9741500853017513,1.2726157565981617,0.7038709074718196,47.901500129699706,48.78727210144847,11132917,-0.004454367755048705,-0.004464318010155275,-0.0038322394995806697,0.011217684386116256,-0.011292626972532749,-0.020131519999902703,1,8
2017-08-09,49.560001373291016,49.720001220703125,48.900001525878906,49.0,858250,60.97839234967192,0.9636330408394898,1.2402860379000231,0.7438596612800658,48.10500011444092,48.90615352788579,11991167,0.00793173111387313,0.007900440286025032,-0.004454367755048705,-0.0038322394995806697,0.011217684386116256,0.008746954973768428,2,8
2017-08-10,48.59000015258789,50.220001220703125,48.349998474121094,49.68000030517578,1135440,54.048388999593506,0.8670326033176465,1.285265802805881,0.5632991225492516,48.230500030517575,48.857514547070735,10855727,-0.01957225976240351,-0.019766332912480405,0.00793173111387313,-0.004454367755048705,-0.0038322394995806697,-0.011292626972532749,3,8
2017-08-11,48.81999969482422,48.97999954223633,47.97999954223633,48.52000045776367,804237,55.34429586365093,0.7998153282488119,1.2648896740340323,0.586757221952812,48.34449996948242,48.851743031340504,11659964,0.0047334748202110255,0.004722307155647441,-0.01957225976240351,0.00793173111387313,-0.004454367755048705,0.011217684386116256,4,8
2017-08-14,47.59000015258789,49.15999984741211,47.43000030517578,48.790000915527344,763241,47.61133106611849,0.6399178948028208,1.2981118074770532,0.3368655450171274,48.422999954223634,48.65762874230164,10896723,-0.025194583161104123,-0.025517400374453155,0.0047334748202110255,-0.01957225976240351,0.00793173111387313,-0.0038322394995806697,0,8
2017-08-15,47.54999923706055,47.900001525878906,47.02000045776367,47.4900016784668,770358,47.379477861958016,0.5041586600118677,1.2682467546654947,0.307462520299947,48.480499839782716,48.487224203033776,10126365,-0.0008405319478690387,-0.0008408853929151805,-0.025194583161104123,0.0047334748202110255,-0.01957225976240351,-0.004454367755048705,1,8
2017-08-16,46.779998779296875,47.9900016784668,46.66999816894531,47.720001220703125,815544,43.035066029227075,0.3306246513937978,1.2719436657266368,0.15766797036715474,48.46349983215332,48.22457413784348,9310821,-0.01619349043361351,-0.01632603788492438,-0.0008405319478690387,-0.025194583161104123,0.0047334748202110255,0.00793173111387313,2,8
2017-08-17,47.09000015258789,47.189998626708984,46.459999084472656,46.79999923706055,608314,45.21314878230382,0.21562661001660643,1.2332333711916148,0.21326505110786328,48.478499794006346,48.05002429395801,9919135,0.006626793103470696,0.006604932434328077,-0.01619349043361351,-0.0008405319478690387,-0.025194583161104123,-0.01957225976240351,3,8
2017-08-18,48.5099983215332,48.7400016784668,46.779998779296875,46.93000030517578,253069,53.906973047162005,0.23634735335470936,1.2851454803329223,0.4746210772995756,48.61549968719483,48.12078952896958,10172204,0.03015498331586386,0.029709260160886743,0.006626793103470696,-0.01619349043361351,-0.0008405319478690387,0.0047334748202110255,4,8
2017-08-21,47.369998931884766,48.75,47.029998779296875,48.720001220703125,129192,47.403485539175634,0.1589480145923261,1.3162066046450798,0.15746376521150618,48.666999626159665,48.00528328326423,10043012,-0.023500297445741225,-0.023780833269383485,0.03015498331586386,0.006626793103470696,-0.01619349043361351,-0.025194583161104123,0,8
2017-08-22,47.63999938964844,48.029998779296875,47.20000076293945,47.45000076293945,864387,48.97363347791968,0.118034631684516,1.28147741976739,0.23535817217114405,48.65449962615967,47.94908576116949,10907399,0.005699819798432371,0.005683637288041358,-0.023500297445741225,0.03015498331586386,0.006626793103470696,-0.0008405319478690387,1,8
2017-08-23,48.40999984741211,48.5,47.529998779296875,47.63999938964844,701693,53.25904340535757,0.14605940088963365,1.259229119834228,0.44072693047291306,48.63749961853027,48.01999562059143,11609092,0.016162898145019255,0.01603366912425813,0.005699819798432371,-0.023500297445741225,0.03015498331586386,-0.01619349043361351,2,8
2017-08-24,47.43000030517578,48.43000030517578,47.060001373291016,48.36000061035156,831358,47.7611981366854,0.08817503264243243,1.2671412492664091,0.21525036072504614,48.556999588012694,47.929227110527485,10777734,-0.020243741898890222,-0.020451454475886165,0.016162898145019255,0.005699819798432371,-0.023500297445741225,0.006626793103470696,3,8
2017-08-25,47.869998931884766,47.90999984741211,47.38999938964844,47.619998931884766,646518,50.24461362741596,0.07691879375155253,1.2137740498733565,0.3455626120005003,48.4649995803833,47.92011508304399,11424252,0.009276799997426366,0.009234034767860529,-0.020243741898890222,0.016162898145019255,0.005699819798432371,0.03015498331586386,4,8
2017-08-28,46.56999969482422,48.20000076293945,46.150001525878906,47.88999938964844,921285,43.643037875202666,-0.03648040712506884,1.2735044203867272,0.05528871579382183,48.28499965667724,47.71240502331787,10502967,-0.027156867893612047,-0.027532430650355447,0.009276799997426366,-0.020243741898890222,0.016162898145019255,-0.023500297445741225,0,8
2017-08-29,46.439998626708984,46.959999084472656,45.7599983215332,46.86000061035156,895643,43.03411888014257,-0.13528065931822653,1.2682541591404934,0.08163550918286083,48.14899959564209,47.51665019307035,9607324,-0.0027915196256632635,-0.002795423182836922,-0.027156867893612047,0.009276799997426366,-0.020243741898890222,0.005699819798432371,1,8
2017-08-30,45.959999084472656,46.720001220703125,45.84000015258789,46.310001373291016,895643,40.772149395254885,-0.24943716615145206,1.240521795495832,0.031131727992157437,47.967499542236325,47.27716540713224,8711681,-0.010335907761208851,-0.010389694197929141,-0.0027915196256632635,-0.027156867893612047,0.009276799997426366,0.016162898145019255,2,8
2017-08-31,47.22999954223633,47.470001220703125,45.58000183105469,45.95000076293945,882983,48.48716820177917,-0.2347228581661085,1.2869130522210181,0.3462441488379803,47.8774995803833,47.26990912022518,9594664,0.027632734618411536,0.027257841155338518,-0.010335907761208851,-0.0027915196256632635,-0.027156867893612047,-0.020243741898890222,3,8
2017-09-01,47.290000915527344,47.349998474121094,46.560001373291016,47.08000183105469,915708,48.826324296428886,-0.21573321548581958,1.2514190556930938,0.37978817714634067,47.762999534606934,47.273000165656285,10510372,0.0012704080853813693,0.0012696017998318771,0.027632734618411536,-0.010335907761208851,-0.0027915196256632635,0.009276799997426366,4,9
2017-09-05,48.65999984741211,48.97999954223633,47.150001525878906,47.279998779296875,742808,55.95663443766687,-0.08910912804480375,1.2927461243119744,0.7496078515705249,47.72649955749512,47.48638473208026,11253180,0.02897016082389081,0.028558458203944467,0.0012704080853813693,0.027632734618411536,-0.010335907761208851,-0.027156867893612047,1,9
2017-09-06,49.15999984741211,49.41999816894531,48.52000045776367,48.59000015258789,788963,58.243398766833,0.05099930659466878,1.2646926662312363,0.8837519779418731,47.725999641418454,47.74386398059285,12042143,0.010275380221288488,0.01022294737435129,0.02897016082389081,0.0012704080853813693,0.027632734618411536,-0.0027915196256632635,2,9
2017-09-07,49.09000015258789,49.33000183105469,48.630001068115234,49.13999938964844,702514,57.79100978419348,0.15460566227672246,1.2243575302818233,0.888542768184873,47.702499580383304,47.950961853207474,11339629,-0.0014239156843265377,-0.0014249304156401822,0.010275380221288488,0.02897016082389081,0.0012704080853813693,-0.010335907761208851,3,9
2017-09-08,47.47999954223633,49.2599983215332,47.27000045776367,49.09000015258789,843760,48.466580373133006,0.10558374795653691,1.279046125530945,0.45201565197375115,47.646999549865725,47.878506113058066,10495869,-0.03279691597773782,-0.03334679107801265,-0.0014239156843265377,0.010275380221288488,0.02897016082389081,0.027632734618411536,4,9
2017-09-11,48.06999969482422,48.27000045776367,47.0,47.58000183105469,774468,51.55156164694245,0.11303857086987534,1.2784000064047112,0.6380178875233959,47.609499549865724,47.907966664099014,11270337,0.012426288085008341,0.012349715457021048,-0.03279691597773782,-0.0014239156843265377,0.010275380221288488,0.0012704080853813693,0,9
2017-09-12,48.22999954223633,48.439998626708984,47.72999954223633,48.119998931884766,676040,52.38403113300577,0.13035457584203414,1.2377999405524214,0.6741175558160357,47.641499519348145,47.957510183812445,11946377,0.0033284761478651337,0.0033229490323173536,0.012426288085008341,-0.03279691597773782,-0.0014239156843265377,0.02897016082389081,1,9
2017-09-13,49.29999923706055,49.400001525878906,48.119998931884766,48.34000015258789,706925,57.62752905124531,0.22779182518406316,1.2408144157982584,0.9276507410908151,47.72899951934814,48.16404696123523,12653302,0.02218535569106095,0.02194284098358275,0.0033284761478651337,0.012426288085008341,-0.03279691597773782,0.010275380221288488,2,9
2017-09-14,49.88999938964844,50.5,49.150001525878906,49.310001373291016,709035,60.2282644611512,0.3486011714540993,1.2486132771070324,0.9994495903934808,47.88449954986572,48.42957810406803,13362337,0.011967548919237458,0.011896504065801004,0.02218535569106095,0.0033284761478651337,0.012426288085008341,-0.0014239156843265377,3,9
2017-09-15,49.88999938964844,50.130001068115234,49.40999984741211,49.720001220703125,433597,60.2282644611512,0.43927970575166597,1.210855273078182,0.9334547929662861,48.02449951171875,48.65425830184963,13795934,0.0,0.0,0.011967548919237458,0.02218535569106095,0.0033284761478651337,-0.03279691597773782,4,9
2017-09-18,49.90999984741211,50.33000183105469,49.189998626708984,49.849998474121094,189605,60.32400533386627,0.5069135830343043,1.205794411025862,0.8952369722168402,48.094499588012695,48.84744930885925,13985539,0.0004008911206325738,0.00040081078525704817,0.0,0.011967548919237458,0.02218535569106095,0.012426288085008341,0,9
2017-09-19,49.47999954223633,50.41999816894531,49.33000183105469,49.90999984741211,143379,57.13928603313594,0.5198242764122654,1.1975231200876308,0.7726649710470533,48.19999961853027,48.9447647293788,13842160,-0.008615514055107298,-0.00865284215145882,0.0004008911206325738,0.0,0.011967548919237458,0.0033284761478651337,1,9
2017-09-20,50.40999984741211,50.650001525878906,49.75,49.84000015258789,754413,61.83253234060099,0.5982036271764102,1.19555732462727,0.9111307061288278,48.33849964141846,49.170185516768534,14596573,0.01879547925989633,0.018621026794804388,-0.008615514055107298,0.0004008911206325738,0.0,0.02218535569106095,2,9
2017-09-21,50.54999923706055,50.810001373291016,50.06999969482422,50.720001220703125,580569,62.49825472524542,0.6639628575513115,1.1630176356158075,0.8900417168382342,48.44549961090088,49.38246455065961,15177142,0.0027772146413846954,0.0027733653061090746,0.01879547925989633,-0.008615514055107298,0.0004008911206325738,0.011967548919237458,3,9
2017-09-22,50.65999984741211,50.779998779296875,50.290000915527344,50.72999954223633,473795,63.04368855172426,0.7166920712628126,1.114944794769645,0.8641013550162084,48.6069995880127,49.57900844246769,15650937,0.002176075410717626,0.0021737111878180316,0.0027772146413846954,0.01879547925989633,-0.008615514055107298,0.0,4,9
2017-09-25,52.220001220703125,52.279998779296875,50.38999938964844,50.68000030517578,701244,69.7607101617901,0.8742812562706703,1.1703058372609871,1.0299992321113172,48.824499702453615,49.98531502373468,16352181,0.030793552664621693,0.030328945085613655,0.002176075410717626,0.0027772146413846954,0.01879547925989633,0.0004008911206325738,0,9
2017-09-26,51.880001068115234,52.43000030517578,51.43000030517578,52.119998931884766,709515,66.90644134566695,0.9606627280074775,1.1581411345994879,0.92389910435132,49.089999771118165,50.27680518440861,15642666,-0.006510918127920151,-0.006532206610711715,0.030793552664621693,0.002176075410717626,0.0027772146413846954,-0.008615514055107298,1,9
2017-09-27,52.13999938964844,52.34000015258789,51.630001068115234,52.09000015258789,637035,67.98516779024413,1.0381334027041262,1.126130988161857,0.9175806145819811,49.374999809265134,50.5634504467532,16279701,0.005011532694300547,0.004999016762910106,-0.006510918127920151,0.030793552664621693,0.002176075410717626,0.01879547925989633,2,9
2017-09-28,51.560001373291016,52.86000061035156,51.220001220703125,52.04999923706055,801816,63.047979658011414,1.040731572142171,1.1628358739823272,0.8128459496328475,49.65499992370606,50.71676597391287,15477885,-0.011123859285517623,-0.011186192093541391,0.005011532694300547,-0.006510918127920151,0.030793552664621693,0.0027772146413846954,3,9
2017-09-29,51.66999816894531,51.77000045776367,51.25,51.58000183105469,551982,63.588046716779495,1.0396816592795162,1.1169190585381377,0.8037921756923707,49.876999855041504,50.86341708084093,16029867,0.0021333745679703586,0.0021311021558103422,-0.011123859285517623,0.005011532694300547,-0.006510918127920151,0.002176075410717626,4,9
2017-10-02,50.58000183105469,51.709999084472656,50.06999969482422,51.63999938964844,600933,55.008420572213915,0.9400595791220141,1.1542819393317305,0.5992428153798349,50.04149990081787,50.81981473471997,15428934,-0.02109534307175054,-0.021321029418632006,0.0021333745679703586,-0.011123859285517623,0.005011532694300547,0.030793552664621693,0,10
2017-10-03,50.41999816894531,50.72999954223633,50.13999938964844,50.59000015258789,462735,53.85961718108512,0.838531337244909,1.1139760974214563,0.5549909342088294,50.12949981689453,50.75830449383156,14966199,-0.0031633779422114428,-0.003168391999244596,-0.02109534307175054,0.0021333745679703586,-0.011123859285517623,-0.006510918127920151,1,10
2017-10-04,49.97999954223633,50.66999816894531,49.7599983215332,50.15999984741211,598836,50.72255085274672,0.7143309001707294,1.0994063652779316,0.4634366111671666,50.17049980163574,50.63856527050921,14367363,-0.008726668835541296,-0.008764969195864813,-0.0031633779422114428,-0.02109534307175054,0.0021333745679703586,0.005011532694300547,2,10
2017-10-05,50.790000915527344,51.220001220703125,49.849998474121094,49.880001068115234,654385,55.82370919858273,0.6734978365128086,1.1187346782282244,0.6040212845369276,50.255499839782715,50.661863062050465,15021748,0.016206510218282677,0.016076586591024407,-0.008726668835541296,-0.0031633779422114428,-0.02109534307175054,-0.011123859285517623,3,10
2017-10-06,49.290000915527344,50.81999969482422,49.099998474121094,50.75,743114,46.27112576711191,0.5141728112934913,1.161682288405003,0.2687621606768392,50.34599990844727,50.45080734720075,14278634,-0.029533372178802697,-0.02997826354730544,0.016206510218282677,-0.008726668835541296,-0.0031633779422114428,0.0021333745679703586,4,10
2017-10-09,49.58000183105469,49.790000915527344,49.130001068115234,49.25,505079,48.119537769104696,0.4066199692828931,1.125847828334082,0.29643892110815356,50.421500015258786,50.316837267793666,14783713,0.005883564823306431,0.005866324246772274,-0.029533372178802697,0.016206510218282677,-0.008726668835541296,-0.02109534307175054,0,10
2017-10-10,50.91999816894531,51.060001373291016,49.540000915527344,49.54999923706055,664839,55.702802475066484,0.4246153710803,1.1540015875790528,0.6003537480795478,50.55599994659424,50.40963125258622,15448552,0.027026952166252505,0.026668174191404527,0.005883564823306431,-0.029533372178802697,0.016206510218282677,-0.0031633779422114428,1,10
2017-10-11,51.29999923706055,51.41999816894531,50.61000061035156,50.939998626708984,651948,57.59570443705614,0.46418888651390233,1.1294298712229598,0.6845503230977545,50.655999946594235,50.54661094250535,16100500,0.007462707811858982,0.007434999574844551,0.027026952166252505,0.005883564823306431,-0.029533372178802697,-0.008726668835541296,2,10
2017-10-12,50.599998474121094,51.130001068115234,50.150001525878906,51.0,729273,53.094776626180774,0.4340633589807936,1.13089900264858,0.4732378321551919,50.691499900817874,50.55482440890778,15371227,-0.01364523924658756,-0.013739191166899794,0.007462707811858982,0.027026952166252505,0.005883564823306431,0.016206510218282677,3,10
2017-10-13,51.45000076293945,51.720001220703125,50.70000076293945,50.72999954223633,667497,57.44370294711336,0.4733205970987058,1.1301206986438264,0.7003297202813203,50.769499969482425,50.692543847989576,16038724,0.016798464712466155,0.01665893097110397,-0.01364523924658756,0.007462707811858982,0.027026952166252505,-0.029533372178802697,4,10
2017-10-16,51.869998931884766,52.369998931884766,51.349998474121094,51.43000030517578,520725,59.44458582431315,0.5321878530089492,1.1222549671523867,0.7922951583797474,50.867499923706056,50.873690783973444,16559449,0.008163229596059418,0.00813009066233686,0.016798464712466155,-0.01364523924658756,0.007462707811858982,0.005883564823306431,0,10
2017-10-17,51.880001068115234,52.25,51.209999084472656,51.93000030517578,471612,59.49343006434343,0.5730419948258643,1.1163796777505979,0.7714189036010088,50.9875,51.02850775076449,17031061,0.00019283085476073936,0.00019281226528117723,0.008163229596059418,0.016798464712466155,-0.01364523924658756,0.027026952166252505,1,10
2017-10-18,52.040000915527344,52.33000183105469,51.689998626708984,51.939998626708984,152620,60.3167771230602,0.6112833530819444,1.0823527867931053,0.7885248225114233,51.06900005340576,51.18412208380492,17183681,0.0030840370878566503,0.0030792912006348512,0.00019283085476073936,0.008163229596059418,0.016798464712466155,0.007462707811858982,2,10
2017-10-19,51.290000915527344,52.16999816894531,51.06999969482422,52.04999923706055,127413,54.7037053923344,0.5744492793158429,1.0836131930308188,0.5551593619048901,51.106000137329104,51.20041113483914,17056268,-0.014411990522779194,-0.01451685198587319,0.0030840370878566503,0.00019283085476073936,0.008163229596059418,-0.01364523924658756,3,10
2017-10-20,51.470001220703125,51.72999954223633,50.70000076293945,51.41999816894531,674142,55.76760244532079,0.5534032426833022,1.0797835920498229,0.5973262102420024,51.146500205993654,51.24188653266437,17730410,0.003509461921676227,0.0035033181302584243,-0.014411990522779194,0.0030840370878566503,0.00019283085476073936,0.016798464712466155,4,10
2017-10-23,51.900001525878906,52.29999923706055,51.68000030517578,52.06999969482422,583563,58.28804979807168,0.564909611629858,1.0619417652146514,0.7366140450448475,51.13050022125244,51.34313499315891,18313973,0.008354386923985935,0.008319682190755042,0.003509461921676227,-0.014411990522779194,0.0030840370878566503,0.008163229596059418,0,10
2017-10-24,52.470001220703125,52.619998931884766,51.54999923706055,51.88999938964844,709553,61.42584178858802,0.612956917808944,1.0625173316153347,0.8854865240356083,51.160000228881835,51.51649902816571,19023526,0.010982652756570621,0.010922781391195473,0.008354386923985935,0.003509461921676227,-0.014411990522779194,0.00019283085476073936,1,10
2017-10-25,52.18000030517578,52.56999969482422,51.88999938964844,52.560001373291016,681739,58.99429247988965,0.6204815784734663,1.0351946868696522,0.7987352427368485,51.162000274658205,51.61857614770572,18341787,-0.005526985111121374,-0.0055423154062999285,0.010982652756570621,0.008354386923985935,0.003509461921676227,0.0030840370878566503,2,10
2017-10-26,52.63999938964844,52.86000061035156,51.90999984741211,52.189998626708984,594647,61.59147166076635,0.6560010364053355,1.0291094065889237,0.8921416286430736,51.216000175476076,51.77571818492767,18936434,0.00881562057842733,0.008776989865134595,-0.005526985111121374,0.010982652756570621,0.008354386923985935,-0.014411990522779194,3,10
2017-10-27,53.900001525878906,54.20000076293945,52.25,52.79999923706055,730915,67.63783414567007,0.7768668671748458,1.0948873606139615,1.0967105472845367,51.327500343322754,52.10253100661248,19667349,0.023936211072187907,0.023654230802155545,0.00881562057842733,-0.005526985111121374,0.010982652756570621,0.003509461921676227,4,10
2017-10-30,54.150001525878906,54.459999084472656,53.75,54.15999984741211,565043,68.69098205288873,0.8826521549039512,1.0673953408895824,1.0396784315587184,51.50600032806396,52.41752647111501,20232392,0.004638218792627935,0.004627495401349084,0.023936211072187907,0.00881562057842733,-0.005526985111121374,0.008354386923985935,0,10
2017-10-31,54.380001068115234,54.849998474121094,53.93000030517578,54.08000183105469,497295,69.6689200266031,0.9738211939025376,1.0568669714649916,0.996583307899337,51.70400047302246,52.71944563988427,20729687,0.004247452183845368,0.004238457220275105,0.004638218792627935,0.023936211072187907,0.00881562057842733,0.010982652756570621,1,10
2017-11-01,54.29999923706055,55.220001220703125,53.88999938964844,54.650001525878906,671038,68.86319533267637,1.0277703382884908,1.076376604292827,0.9253623328232957,51.92000045776367,52.962607731757544,20058649,-0.0014711627341543743,-0.0014722459565775466,0.004247452183845368,0.004638218792627935,0.023936211072187907,-0.005526985111121374,2,11
2017-11-02,54.540000915527344,54.84000015258789,53.9900016784668,54.279998779296875,482846,69.98467071117014,1.0774711370065901,1.060206737851989,0.9099159684058262,52.10750045776367,53.20528360618366,20541495,0.004419920475855044,0.004410181314349612,-0.0014711627341543743,0.004247452183845368,0.004638218792627935,0.00881562057842733,3,11
2017-11-03,55.63999938964844,55.7599983215332,54.400001525878906,54.72999954223633,614159,74.51529278574299,1.1918808018921894,1.0816203134092968,1.0268836301404138,52.42500038146973,53.579855265178246,21155654,0.020168655219217735,0.019967961881798862,0.004419920475855044,-0.0014711627341543743,0.004247452183845368,0.023936211072187907,4,11
2017-11-06,57.349998474121094,57.61000061035156,55.65999984741211,55.970001220703125,861713,79.65615761957406,1.4043454999013107,1.145076092501713,1.1565146507412745,52.813500213623044,54.1598772973233,22017367,0.030733269288834464,0.030270460883358854,0.020168655219217735,0.004419920475855044,-0.0014711627341543743,0.004638218792627935,0,11
2017-11-07,57.20000076293945,57.689998626708984,56.83000183105469,57.27000045776367,750187,78.1666205673789,1.5428368789321354,1.1247132855840403,1.0315700854061431,53.12750034332275,54.62758859972578,21267180,-0.0026154789044907645,-0.002618905245092359,0.030733269288834464,0.020168655219217735,0.004419920475855044,0.004247452183845368,1,11
2017-11-08,56.810001373291016,57.91999816894531,56.40999984741211,56.959999084472656,919147,74.27748462495589,1.6026482715463573,1.1522336452946946,0.9204653764996306,53.40300045013428,54.963344411043515,20348033,-0.006818171056758526,-0.006841520981416415,-0.0026154789044907645,0.030733269288834464,0.020168655219217735,-0.0014711627341543743,2,11
2017-11-09,57.16999816894531,57.529998779296875,56.689998626708984,56.849998474121094,666949,75.48975324203576,1.6599629443698447,1.1299312529584944,0.913953630133851,53.731500434875485,55.30282960456687,21014982,0.006336855957612242,0.006316862505197752,-0.006818171056758526,-0.0026154789044907645,0.030733269288834464,0.004419920475855044,3,11
2017-11-10,56.7400016784668,57.349998474121094,56.54999923706055,57.02000045776367,541296,71.17492601474198,1.6516489315937193,1.1063646803943554,0.8257564521751073,53.99600048065186,55.523933000551466,20473686,-0.007521366175451294,-0.007549794285210902,0.006336855957612242,-0.006818171056758526,-0.0026154789044907645,0.020168655219217735,4,11
2017-11-13,56.7599983215332,57.150001525878906,56.29999923706055,56.900001525878906,631619,71.25720355336806,1.6279080676793356,1.08805308099607,0.7959116887713096,54.24050045013428,55.71409689608712,21105305,0.00035242584552119816,0.00035236375811994406,-0.007521366175451294,0.006336855957612242,-0.006818171056758526,0.030733269288834464,0,11
2017-11-14,55.70000076293945,56.77000045776367,54.810001373291016,56.720001220703125,707338,61.273019137281324,1.5061978070303397,1.1503349383872548,0.6525359089204019,54.43150043487549,55.71192826021825,20397967,-0.018675080865737326,-0.018851662090009366,0.00035242584552119816,-0.007521366175451294,0.006336855957612242,-0.0026154789044907645,1,11
2017-11-15,55.33000183105469,55.560001373291016,54.880001068115234,55.060001373291016,501385,58.20723831937926,1.3641605335278584,1.1267395638470379,0.5911858528789662,54.59600048065185,55.65317034803924,19896582,-0.006642709637644129,-0.0066648706271742,-0.018675080865737326,0.00035242584552119816,-0.007521366175451294,-0.006818171056758526,2,11
2017-11-16,55.13999938964844,55.619998931884766,54.93000030517578,55.29999923706055,213923,56.63998799096041,1.2221748904889154,1.0955437826228913,0.5470995754253467,54.78850040435791,55.57422096982527,19682659,-0.003433985814538798,-0.003439895476835699,-0.006642709637644129,-0.018675080865737326,0.00035242584552119816,0.006336855957612242,3,11
2017-11-17,56.54999923706055,56.68000030517578,55.18000030517578,55.25,184944,64.31809230615079,1.2094832788931242,1.1272907206874951,0.7168337537421746,55.04250030517578,55.724340703246085,19867603,0.025571270638730104,0.025249794544190143,-0.003433985814538798,-0.006642709637644129,-0.018675080865737326,-0.007521366175451294,4,11
2017-11-20,56.09000015258789,56.7599983215332,55.56999969482422,56.689998626708984,593241,60.55098156660817,1.1490613396633478,1.1317698568318872,0.6315002666520568,55.25200023651123,55.78059600314482,19274362,-0.00813437826133856,-0.008167642830058329,0.025571270638730104,-0.003433985814538798,-0.006642709637644129,0.00035242584552119816,0,11
2017-11-21,56.83000183105469,57.220001220703125,56.31999969482422,56.380001068115234,619066,64.18510242835731,1.1476589702907916,1.1316435147806978,0.7277761438370767,55.47000026702881,55.9420430535925,19893428,0.013193112434546128,0.01310684128823324,-0.00813437826133856,0.025571270638730104,-0.003433985814538798,-0.018675080865737326,1,11
2017-11-22,58.02000045776367,58.150001525878906,57.029998779296875,57.119998931884766,837411,69.11276181992685,1.2284101785222248,1.1450975276409494,0.9066737808607442,55.762000274658206,56.26172880808037,20730839,0.020939619714365643,0.02072339905412412,0.013193112434546128,-0.00813437826133856,0.025571270638730104,-0.006642709637644129,2,11
2017-11-24,58.95000076293945,59.04999923706055,57.75,58.04999923706055,577826,72.31823441598883,1.351865876797092,1.156161935456635,1.0282505459432814,56.077500343322754,56.675309108827925,21308665,0.016028960665948055,0.01590185334251053,0.020939619714365643,0.013193112434546128,-0.00813437826133856,-0.003433985814538798,4,11
2017-11-27,58.11000061035156,58.9900016784668,57.54999923706055,58.95000076293945,690078,65.68729130227088,1.3661759886088802,1.176436257310179,0.8420613505633926,56.28800029754639,56.896030878293104,20618587,-0.014249366271696151,-0.014351863335128223,0.016028960665948055,0.020939619714365643,0.013193112434546128,0.025571270638730104,0,11
2017-11-28,57.9900016784668,58.11000061035156,57.41999816894531,57.86000061035156,546526,64.77358188749915,1.3522460931702298,1.1416909847456125,0.793646116784986,56.48000030517578,57.064334078319824,20072061,-0.0020650306423054543,-0.0020671657579748575,-0.014249366271696151,0.016028960665948055,0.020939619714365643,-0.00813437826133856,1,11
2017-11-29,57.29999923706055,58.29999923706055,56.75,57.72999954223633,741564,59.63671415367513,1.2708792157409263,1.170855859910965,0.6401988260001293,56.626000213623044,57.10059025658763,19330497,-0.011898644963524219,-0.011970000426552734,-0.0020650306423054543,-0.014249366271696151,0.016028960665948055,0.013193112434546128,2,11
2017-11-30,57.400001525878906,57.97999954223633,56.81999969482422,57.40999984741211,735128,60.13021551394864,1.2006246742334952,1.1700804304467611,0.6424658945582373,56.78100032806397,57.14665352878629,20065625,0.0017452406657918473,0.0017437195029074669,-0.011898644963524219,-0.0020650306423054543,-0.014249366271696151,0.020939619714365643,3,11
2017-12-01,58.36000061035156,58.880001068115234,57.290000915527344,57.41999816894531,685215,64.60424263192809,1.2084807333610073,1.2000746963139848,0.8440933644637202,56.97200031280518,57.33332231056556,20750840,0.016724722281406867,0.0165864042041969,0.0017452406657918473,-0.011898644963524219,-0.0020650306423054543,0.016028960665948055,4,12
2017-12-04,57.470001220703125,58.34000015258789,57.349998474121094,58.31999969482422,529965,58.095450241417915,1.129866802923587,1.186498084879448,0.605251324607109,57.06350040435791,57.354349835202115,20220875,-0.015250160732359075,-0.01536764035262186,0.016724722281406867,0.0017452406657918473,-0.011898644963524219,-0.014249366271696151,0,12
2017-12-05,57.619998931884766,57.91999816894531,57.08000183105469,57.47999954223633,499245,58.84795696977344,1.0673643466019342,1.1617479600945322,0.6397565056389186,57.07700042724609,57.39521892699944,20720120,0.0026100175395089575,0.00260661735879985,-0.015250160732359075,0.016724722281406867,0.0017452406657918473,-0.0020650306423054543,1,12
2017-12-06,55.959999084472656,57.56999969482422,55.869998931884766,57.45000076293945,678992,48.47357254650998,0.8738098491592012,1.2037659629449229,0.2364163839921065,57.015000343322754,57.174415874303016,20041128,-0.028809439052133068,-0.029232577682259744,0.0026100175395089575,-0.015250160732359075,0.016724722281406867,-0.011898644963524219,2,12
2017-12-07,56.689998626708984,56.779998779296875,55.81999969482422,56.0,557325,52.44398500653658,0.7704402223478795,1.186354043054047,0.4204248491282514,57.00900020599365,57.099890143903934,20598453,0.013045024199060062,0.01296067067474773,-0.028809439052133068,0.0026100175395089575,-0.015250160732359075,0.0017452406657918473,3,12
2017-12-08,57.36000061035156,57.790000915527344,56.540000915527344,56.650001525878906,681599,55.80965239687431,0.7341201291270494,1.1909001828359007,0.5849857446042361,57.018500328063965,57.13990713874203,21280052,0.011818698180862341,0.011749402820442885,0.013045024199060062,-0.028809439052133068,0.0026100175395089575,0.016724722281406867,4,12
2017-12-11,57.9900016784668,58.08000183105469,56.90999984741211,57.25,606724,58.764828875929034,0.7475546697395643,1.1894074543220918,0.7219227236649511,57.081000328063965,57.270690914084305,21886776,0.010983282102712266,0.010923403900339464,0.011818698180862341,0.013045024199060062,-0.028809439052133068,-0.015250160732359075,0,12
2017-12-12,57.13999938964844,58.560001373291016,56.849998474121094,58.02000045776367,826488,53.56050670580597,0.6817547150460257,1.226592843239794,0.5097902759840236,57.10000038146973,57.250584525709556,21060288,-0.014657738648315766,-0.014766224711481327,0.010983282102712266,0.011818698180862341,0.013045024199060062,0.0026100175395089575,1,12
2017-12-13,56.599998474121094,57.83000183105469,56.54999923706055,57.45000076293945,658143,50.5006389645473,0.5793557633774356,1.230407825436533,0.36062935143019376,57.145000267028806,57.15049436392671,20402145,-0.009450488647102961,-0.0094954278707949,-0.014657738648315766,0.010983282102712266,0.011818698180862341,-0.028809439052133068,2,12
2017-12-14,57.040000915527344,57.220001220703125,56.09000015258789,56.70000076293945,580571,52.86361607145041,0.5276262294657741,1.2232359141992972,0.44622200938661716,57.23050022125244,57.13349537186527,20982716,0.007773894934068437,0.007743833906514411,-0.009450488647102961,-0.014657738648315766,0.010983282102712266,0.013045024199060062,3,12
2017-12-15,57.29999923706055,57.4900016784668,56.939998626708984,57.150001525878906,210054,54.25331179733648,0.5018251646776264,1.1751478525963341,0.4870720367006948,57.33850021362305,57.159111351126086,21192770,0.0045581752692858135,0.004547818249209022,0.007773894934068437,-0.009450488647102961,-0.014657738648315766,0.011818698180862341,4,12
2017-12-18,57.15999984741211,57.779998779296875,56.81999969482422,57.369998931884766,137151,53.34136837920634,0.4647238074536588,1.159780083444643,0.42781232483848763,57.36900024414062,57.159248042862394,21055619,-0.0024432703579844173,-0.0024462600136897555,0.0045581752692858135,0.007773894934068437,-0.009450488647102961,0.010983282102712266,0,12
2017-12-19,57.459999084472656,57.63999938964844,57.15999984741211,57.29999923706055,420784,55.08367484200829,0.4542913577992138,1.111224330501192,0.5085005829312064,57.437500190734866,57.20551743387935,21476403,0.005248412138932679,0.005234687225665261,-0.0024432703579844173,0.0045581752692858135,0.007773894934068437,-0.014657738648315766,1,12
2017-12-20,58.09000015258789,58.119998931884766,57.439998626708984,57.65999984741211,420844,58.58146017790343,0.4911971721042292,1.0804226144065197,0.7230152109554281,57.50050010681152,57.34159169829605,21897247,0.010964167736742692,0.010904497013346273,0.005248412138932679,-0.0024432703579844173,0.0045581752692858135,-0.009450488647102961,2,12
2017-12-21,58.36000061035156,58.380001068115234,57.630001068115234,58.02000045776367,405320,60.01845884197941,0.5360527933658901,1.0568209990917683,0.8106006035244929,57.51750011444092,57.49826999245843,22302567,0.004647967930012875,0.004637199481782661,0.010964167736742692,0.005248412138932679,-0.0024432703579844173,0.007773894934068437,3,12
2017-12-22,58.470001220703125,58.5,57.869998931884766,58.209999084472656,324554,60.61793966009985,0.5738622000990432,1.0263338611648731,0.8850184908195488,57.4935001373291,57.647767104496076,22627121,0.0018848630774697117,0.00188308895203185,0.004647967930012875,0.010964167736742692,0.005248412138932679,0.0045581752692858135,4,12
2017-12-26,59.970001220703125,60.0099983215332,58.31999969482422,58.400001525878906,437785,67.72463597374588,0.7166033341481111,1.0737384872751667,1.2220562430001405,57.58650016784668,58.00503389160485,23064906,0.025654181096012696,0.025330634470642526,0.0018848630774697117,0.004647967930012875,0.010964167736742692,-0.0024432703579844173,1,12
2017-12-27,59.63999938964844,59.93000030517578,59.33000183105469,59.790000915527344,402396,64.94784098578845,0.7939462038272325,1.0427571231589718,1.0261917849554525,57.66900005340576,58.25656704515002,22662510,-0.005502781796521972,-0.005517977873039849,0.025654181096012696,0.0018848630774697117,0.004647967930012875,0.005248412138932679,2,12
2017-12-28,59.84000015258789,59.939998626708984,59.439998626708984,59.529998779296875,345962,65.86141275005377,0.8614491260743904,1.0039887572190451,0.9895267630226295,57.79600009918213,58.500172138602004,23008472,0.0033534668844106275,0.00334785655354518,-0.005502781796521972,0.025654181096012696,0.0018848630774697117,0.010964167736742692,3,12
2017-12-29,60.41999816894531,60.5099983215332,59.81999969482422,59.90999984741211,464478,68.43102675979216,0.9507865949395722,0.9815608907540408,1.0219049651852656,57.94699993133545,58.795529989424054,23472950,0.009692480195161446,0.009645809436932199,0.0033534668844106275,-0.005502781796521972,0.025654181096012696,0.004647967930012875,4,12
2018-01-02,60.369998931884766,60.7400016784668,60.099998474121094,60.20000076293945,510313,67.95615895875602,1.005956620354027,0.9571639131534454,0.9482020539254935,58.04749984741211,59.03775598057186,22962637,-0.0008275279472987895,-0.0008278705375656227,0.009692480195161446,0.0033534668844106275,-0.005502781796521972,0.0018848630774697117,1,1
2018-01-03,61.630001068115234,61.970001220703125,60.279998779296875,60.38999938964844,673859,73.03448886289951,1.1382300970549153,1.00950952231436,1.061174256899839,58.255499839782715,59.436562917116994,23636496,0.020871329443820752,0.020656507189724515,-0.0008275279472987895,0.009692480195161446,0.0033534668844106275,0.025654181096012696,2,1
2018-01-04,62.0099983215332,62.209999084472656,61.59000015258789,61.959999084472656,654363,74.35451091734564,1.2592050509017128,0.9816873372836746,1.0192767104267981,58.474999809265135,59.832476056257946,24290859,0.006165783657832158,0.00614685298886259,0.020871329443820752,-0.0008275279472987895,0.009692480195161446,-0.005502781796521972,3,1
2018-01-05,61.439998626708984,62.040000915527344,61.09000015258789,61.900001525878906,563036,68.90564429577621,1.2941660214122095,0.9794240105448017,0.8920464473478836,58.748999786376956,60.07978722094272,23727823,-0.009192061123250883,-0.009234568806432161,0.006165783657832158,0.020871329443820752,-0.0008275279472987895,0.0033534668844106275,4,1
2018-01-08,61.72999954223633,61.970001220703125,61.34000015258789,61.61000061035156,616474,70.10595311343195,1.3299427406130704,0.9544652289426897,0.8866522864015498,59.00099983215332,60.33366603960327,24344297,0.004720067089996283,0.004708962502551161,-0.009192061123250883,0.006165783657832158,0.020871329443820752,0.009692480195161446,0,1
2018-01-09,62.959999084472656,63.47999954223633,61.79999923706055,61.91999816894531,844720,74.58680832064579,1.4409365126939875,1.011289141161069,0.9791847035120727,59.280999755859376,60.73771727727548,25189017,0.01992547466964978,0.019729560577509075,0.004720067089996283,-0.009192061123250883,0.006165783657832158,-0.0008275279472987895,1,1
2018-01-10,63.56999969482422,63.66999816894531,63.09000015258789,63.40999984741211,697844,76.47045615288955,1.5601375336664134,0.9897684228261824,0.9756198208315398,59.55999965667725,61.17345303382144,25886861,0.009688701067691152,0.009642066579956643,0.01992547466964978,0.004720067089996283,-0.009192061123250883,0.020871329443820752,2,1
2018-01-11,63.79999923706055,64.7699966430664,63.43000030517578,63.5,876642,77.15793178286232,1.6540968436817067,1.0147847024736427,0.9395544315700666,59.89299964904785,61.577537065089,26763503,0.0036180516492130277,0.0036115222447539275,0.009688701067691152,0.01992547466964978,0.004720067089996283,0.006165783657832158,3,1
2018-01-12,64.30000305175781,64.5,63.060001373291016,63.56999969482422,678727,78.62036207789923,1.7487479254224496,1.04515712563331,0.9401566228190914,60.27799987792969,61.996377986114965,27442230,0.007837050480822283,0.007806500312368358,0.0036180516492130277,0.009688701067691152,0.01992547466964978,-0.009192061123250883,4,1
2018-01-16,63.72999954223633,64.88999938964844,63.38999938964844,64.43000030517578,867771,72.89104543261695,1.757505639127345,1.0776459023737879,0.8424955753380639,60.61249980926514,62.263088994749026,26574459,-0.008864750893754492,-0.008904276561471199,0.007837050480822283,0.0036180516492130277,0.009688701067691152,0.004720067089996283,1,1
2018-01-17,63.970001220703125,64.16999816894531,63.310001373291016,63.88999938964844,444384,73.75817356657035,1.7634839744817725,1.06209953760811,0.8353537579632416,60.94599990844726,62.52569087566504,27018843,0.0037659137014074417,0.003758840401134642,-0.008864750893754492,0.007837050480822283,0.0036180516492130277,0.01992547466964978,2,1
2018-01-18,63.95000076293945,64.3499984741211,63.470001220703125,64.06999969482422,204504,73.54704544762123,1.7464756938753752,1.0490922315945284,0.8072186327870546,61.28549995422363,62.744815473707256,26814339,-0.0003126537030172516,-0.00031270258937618977,0.0037659137014074417,-0.008864750893754492,0.007837050480822283,0.009688701067691152,3,1
2018-01-19,63.369998931884766,63.77000045776367,62.849998474121094,63.7400016784668,142711,67.51186650099524,1.6669793086566003,1.0527286642533735,0.7208943966385425,61.58099994659424,62.84099754419611,26671628,-0.009069614138156656,-0.009110993474894684,-0.0003126537030172516,0.0037659137014074417,-0.008864750893754492,0.0036180516492130277,4,1
2018-01-22,63.4900016784668,64.13999938964844,63.16999816894531,63.61000061035156,625662,68.09521389644765,1.5952717694386749,1.0468195611426414,0.7159736415144655,61.851000022888186,62.940844334083906,27297290,0.001893683897817633,0.001891893138863068,-0.009069614138156656,-0.0003126537030172516,0.0037659137014074417,0.007837050480822283,0,1
2018-01-23,64.47000122070312,64.87999725341797,63.70000076293945,63.880001068115234,662456,72.4463356488654,1.5990875153644026,1.0713321335575363,0.8213328062180008,62.156500053405765,63.17609923971763,27959746,0.01543549403572797,0.015317578637895804,0.001893683897817633,-0.009069614138156656,-0.0003126537030172516,-0.008864750893754492,1,1
2018-01-24,65.61000061035156,66.05000305175781,64.33999633789062,64.41999816894531,887018,76.46690751531435,1.674793962595956,1.116951746436797,0.9447890118234981,62.51350002288818,63.55054560443054,28846764,0.01768263328778019,0.01752811440254249,0.01543549403572797,0.001893683897817633,-0.009069614138156656,0.0037659137014074417,2,1
2018-01-25,65.51000213623047,66.66000366210938,65.08000183105469,65.87999725341797,771758,75.42720305478004,1.707045073316479,1.150026752480932,0.8875298463900416,62.79050006866455,63.852000455476684,28075006,-0.0015241346317761417,-0.001525297306496073,0.01768263328778019,0.01543549403572797,0.001893683897817633,-0.0003126537030172516,3,1
2018-01-26,66.13999938964844,66.3499984741211,64.91000366210938,65.25,678186,77.50258907808481,1.7631157236030361,1.170738756733131,0.9338881190569785,63.11550006866455,64.2040002915031,28753192,0.00961681014920246,0.009570862972459189,-0.0015241346317761417,0.01768263328778019,0.01543549403572797,-0.009069614138156656,4,1
2018-01-29,65.55999755859375,66.45999908447266,64.9800033569336,66.18000030517578,656168,71.51417502683904,1.7406852810527838,1.1928285403621264,0.8273491723584175,63.40149993896485,64.4126152556709,28097024,-0.008769305056048449,-0.008807981689107937,0.00961681014920246,-0.0015241346317761417,0.01768263328778019,0.001893683897817633,0,1
2018-01-30,64.5,65.55999755859375,63.88999938964844,65.52999877929688,688380,62.07427397216343,1.6187164933999156,1.2269120852609254,0.647720867034585,63.605500030517575,64.42605906249076,27408644,-0.016168358725858534,-0.016300492834635933,-0.008769305056048449,0.00961681014920246,-0.0015241346317761417,0.01543549403572797,1,1
2018-01-31,64.7300033569336,64.94000244140625,63.66999816894531,64.02999877929688,613258,63.20910108008211,1.5230578364654548,1.2299900986323549,0.6696739108770444,63.82350025177002,64.47281972317428,28021902,0.0035659435183503785,0.0035596006162437266,-0.016168358725858534,-0.008769305056048449,0.00961681014920246,0.01768263328778019,2,1
2018-02-01,65.80000305175781,66.25,64.62999725341797,64.76000213623047,685750,68.00540387616513,1.5161109118279512,1.2578481449144745,0.8394728653715163,64.03200035095215,64.67700177372559,28707652,0.01653019680725243,0.01639506029259812,0.0035659435183503785,-0.016168358725858534,-0.008769305056048449,-0.0015241346317761417,3,2
2018-02-02,65.44999694824219,66.30000305175781,64.47000122070312,65.98999786376953,857572,65.01943003275434,1.4654698325656668,1.298716265353061,0.7492563806954239,64.2040002822876,64.7959241082666,27850080,-0.005319241448063616,-0.005333438981976317,0.01653019680725243,0.0035659435183503785,-0.016168358725858534,0.00961681014920246,4,2
2018-02-05,64.1500015258789,65.4000015258789,63.41999816894531,65.0999984741211,891063,55.306131334514575,1.305389923866052,1.3509507306347621,0.45604369405177325,64.3395004272461,64.69655140328388,26959017,-0.01986242143588357,-0.02006233088083776,-0.005319241448063616,0.01653019680725243,0.0035659435183503785,-0.008769305056048449,0,2
2018-02-06,63.38999938964844,64.29000091552734,63.119998931884766,63.43000030517578,797814,50.55151543031541,1.1044680024919487,1.3380258201353203,0.22154286199128592,64.4225004196167,64.49554340118611,26161203,-0.01184726606629738,-0.011918004180194362,-0.01986242143588357,-0.005319241448063616,0.01653019680725243,-0.016168358725858534,1,2
2018-02-07,61.790000915527344,64.18000030517578,61.25,63.91999816894531,1029408,42.30574969024152,0.8068288068701932,1.451738283352496,-0.11483048445683554,64.36400051116944,64.07930609570015,25131795,-0.025240550394805217,-0.025564556777916102,-0.01184726606629738,-0.01986242143588357,-0.005319241448063616,0.0035659435183503785,2,2
2018-02-08,61.150001525878906,62.09000015258789,60.27000045776367,61.70000076293945,929578,39.528279541636884,0.5133869922444916,1.4780426698861906,-0.11795539313929079,64.24300060272216,63.628643854189185,24202217,-0.010357653020969804,-0.010411666803414545,-0.025240550394805217,-0.01184726606629738,-0.01986242143588357,0.01653019680725243,3,2
2018-02-09,59.20000076293945,60.77000045776367,58.06999969482422,60.43000030517578,933307,32.52226952372497,0.12207625619506501,1.592468324255369,-0.22235803381575103,64.01300067901612,62.94731414784307,23268910,-0.03188880971841357,-0.032408332308778695,-0.010357653020969804,-0.025240550394805217,-0.01184726606629738,-0.005319241448063616,4,2
2018-02-12,59.290000915527344,60.83000183105469,59.099998474121094,59.119998931884766,736917,33.11152991827336,-0.1787179123687821,1.6022922551609564,-0.0718498926632571,63.76250057220459,62.384650573640656,24005827,0.001520272828176017,0.0015191183833392706,-0.03188880971841357,-0.010357653020969804,-0.025240550394805217,-0.01986242143588357,0,2
2018-02-13,59.189998626708984,59.72999954223633,58.38999938964844,59.349998474121094,580600,32.76910704294582,-0.4203235784442825,1.583557104977166,0.005011089147191496,63.53550052642822,61.89316565872809,23425227,-0.0016866636409879066,-0.001688087659558984,0.001520272828176017,-0.03188880971841357,-0.010357653020969804,-0.01184726606629738,1,2
2018-02-14,60.599998474121094,60.900001525878906,58.20000076293945,58.97999954223633,650324,41.89346490145143,-0.49234713436862165,1.6633030805459008,0.19693691411381298,63.36700038909912,61.694216861096244,24075551,0.023821589459808834,0.023542282394517684,-0.0016866636409879066,0.001520272828176017,-0.03188880971841357,-0.025240550394805217,2,2
2018-02-15,61.34000015258789,61.63999938964844,59.720001220703125,60.709999084472656,340401,46.03307489543571,-0.48413357979496396,1.6816384440030017,0.2956158808786484,63.236500358581544,61.639721982864195,24415952,0.0122112491270574,0.012137293277932485,0.023821589459808834,-0.0016866636409879066,0.001520272828176017,-0.010357653020969804,3,2
2018-02-16,61.68000030517578,61.9900016784668,60.880001068115234,61.45000076293945,181179,47.870661237352955,-0.44505874760297104,1.640807170170756,0.3430051236790814,63.152000427246094,61.6459186478352,24597131,0.005542878248159688,0.005527573029119597,0.0122112491270574,0.023821589459808834,-0.0016866636409879066,-0.03188880971841357,4,2
2018-02-20,61.900001525878906,62.7400016784668,61.58000183105469,61.630001068115234,794481,49.078888462653325,-0.391822713349697,1.6064637899737098,0.3756963609515214,63.0725004196167,61.68500832138039,25391612,0.003566816141611806,0.003560470138458665,0.005542878248159688,0.0122112491270574,0.023821589459808834,0.001520272828176017,1,2
2018-02-21,61.68000030517578,61.86000061035156,60.91999816894531,61.630001068115234,466924,47.88369357249878,-0.36319830852530544,1.5617166161851301,0.3669205235610233,62.93300037384033,61.684237857348904,24924688,-0.0035541391806128697,-0.003560470138458674,0.003566816141611806,0.005542878248159688,0.0122112491270574,-0.0016866636409879066,2,2
2018-02-22,62.77000045776367,63.09000015258789,60.75,61.34000015258789,592603,53.87677070958061,-0.24968118934219774,1.6173082973567559,0.49768960748147095,62.79100036621094,61.851278257412716,25517291,0.017671857120539425,0.01751752541935391,-0.0035541391806128697,0.003566816141611806,0.005542878248159688,0.023821589459808834,3,2
2018-02-23,63.54999923706055,63.72999954223633,62.33000183105469,62.599998474121094,460597,57.6314423776551,-0.09567578092899254,1.6017861126299617,0.5976586158998426,62.69300022125244,62.112619946589305,25977888,0.01242629876706336,0.012349726007966917,0.017671857120539425,-0.0035541391806128697,0.003566816141611806,0.0122112491270574,4,2
2018-02-26,63.90999984741211,64.23999786376953,63.060001373291016,63.599998474121094,469853,59.27908779469888,0.05479204678380967,1.571658282476287,0.6605278907278648,62.58150024414063,62.38913993133128,26447741,0.005664840514138403,0.005648855644525698,0.01242629876706336,0.017671857120539425,-0.0035541391806128697,0.005542878248159688,0,2
2018-02-27,63.0099983215332,64.08000183105469,62.63999938964844,64.05999755859375,562670,53.66082425861781,0.10026054168202592,1.5622542938284272,0.571026130103864,62.454000282287595,62.48465660674696,25885071,-0.01408232714798463,-0.01418242395878518,0.005664840514138403,0.01242629876706336,0.017671857120539425,0.003566816141611806,1,2
2018-02-28,61.63999938964844,63.439998626708984,61.36000061035156,62.790000915527344,768409,46.44478024662745,0.025453771988317442,1.5992359882947838,0.4119939619877621,62.31100025177002,62.354709342577955,25116662,-0.0217425641704323,-0.0219824167658218,-0.01408232714798463,0.005664840514138403,0.01242629876706336,-0.0035541391806128697,2,2
2018-03-01,60.9900016784668,61.83000183105469,60.18000030517578,61.54999923706055,812505,43.45874263846937,-0.08529726125046011,1.602862098122221,0.34609231344001495,62.12400016784668,62.14475431733008,24304157,-0.010545063556421708,-0.010601056721314872,-0.0217425641704323,-0.01408232714798463,0.005664840514138403,0.017671857120539425,3,3
2018-03-02,61.25,61.599998474121094,60.130001068115234,61.34000015258789,613514,44.98245492358518,-0.1503553583807431,1.5933717629710524,0.4017071444161019,61.89650001525879,62.00709980697161,24917671,0.004262966295752735,0.004253905596111183,-0.010545063556421708,-0.0217425641704323,-0.01408232714798463,0.01242629876706336,4,3
2018-03-05,62.56999969482422,62.790000915527344,61.099998474121094,61.54999923706055,599266,52.047809016851474,-0.09431422966913772,1.6002739542878521,0.6419007090168102,61.75250015258789,62.093699789718166,25516937,0.02155101542570148,0.021322075708085825,0.004262966295752735,-0.010545063556421708,-0.0217425641704323,0.005664840514138403,0,3
2018-03-06,62.599998474121094,63.279998779296875,62.16999816894531,62.58000183105469,634953,52.19805150225094,-0.0469394913936938,1.5652544297209743,0.6715610049741868,61.675,62.17159189501093,26151890,0.0004794434943773407,0.00047932859806791545,0.02155101542570148,0.004262966295752735,-0.010545063556421708,-0.01408232714798463,1,3
2018-03-07,61.150001525878906,62.58000183105469,60.58000183105469,62.29999923706055,879119,44.878697726863685,-0.1249568804519825,1.5977360163885053,0.42012814007196647,61.56300010681152,62.014424145913694,25272771,-0.02316289111159675,-0.023435366644760786,0.0004794434943773407,0.02155101542570148,0.004262966295752735,-0.0217425641704323,2,3
2018-03-08,60.119998931884766,61.400001525878906,59.95000076293945,61.33000183105469,720510,40.53097886334745,-0.26682305452907684,1.5871834982850017,0.24421701512040067,61.4795000076294,61.722974112986165,24552261,-0.016843868655640803,-0.016987339967843584,-0.02316289111159675,0.0004794434943773407,0.02155101542570148,-0.010545063556421708,3,3
2018-03-09,62.040000915527344,62.18000030517578,60.13999938964844,60.27000045776367,659722,50.213358003731315,-0.22176849644101537,1.6209562036425742,0.5968554955566141,61.523999977111814,61.77174746722327,25211983,0.03193616130662136,0.031436805947001524,-0.016843868655640803,-0.02316289111159675,0.0004794434943773407,0.004262966295752735,4,3
2018-03-12,61.36000061035156,62.33000183105469,60.66999816894531,62.099998474121094,537990,47.27748176534897,-0.238187103520616,1.6237453078187742,0.44435852686014243,61.63199996948242,61.70840179693532,24673993,-0.010960675292407851,-0.011021186059327283,0.03193616130662136,-0.016843868655640803,-0.02316289111159675,0.02155101542570148,0,3
2018-03-13,60.709999084472656,61.970001220703125,60.27000045776367,61.369998931884766,747738,44.593497497342845,-0.30018827519417357,1.62919212604168,0.27855634565617005,61.702999877929685,61.554801379633375,23926255,-0.010593245101259807,-0.010649752944055874,-0.010960675292407851,0.03193616130662136,-0.016843868655640803,0.0004794434943773407,1,3
2018-03-14,60.959999084472656,61.33000183105469,60.11000061035156,60.869998931884766,665017,45.86642209372483,-0.32540072279945065,1.5999642042317832,0.28792357846302247,61.79149990081787,61.46329333422403,24591272,0.004117937798881366,0.0041094822978934254,-0.010593245101259807,-0.010960675292407851,0.03193616130662136,-0.02316289111159675,2,3
2018-03-15,61.189998626708984,61.540000915527344,60.81999969482422,60.95000076293945,430201,47.071196314789475,-0.32309825276422544,1.5371097054083076,0.3343602703332435,61.82099990844726,61.42124799460633,25021473,0.003772958426682571,0.0037658586714884213,0.004117937798881366,-0.010593245101259807,-0.010960675292407851,-0.016843868655640803,3,3
2018-03-16,62.34000015258789,62.540000915527344,61.08000183105469,61.189998626708984,202493,52.7353090037336,-0.2258742784184875,1.531601803912904,0.6231547106737187,61.87099990844727,61.562594480449654,25223966,0.01879394593378758,0.018619521755477236,0.003772958426682571,0.004117937798881366,-0.010593245101259807,0.03193616130662136,4,3
2018-03-19,62.060001373291016,62.349998474121094,61.36000061035156,62.22999954223633,115962,51.29596237798199,-0.16946366805256474,1.4929158081883773,0.5446504754403433,61.88999996185303,61.639118617809864,25108004,-0.0044914786431108356,-0.0045015956381889415,0.01879394593378758,0.003772958426682571,0.004117937798881366,-0.010960675292407851,0,3
2018-03-20,63.400001525878906,63.810001373291016,62.08000183105469,62.099998474121094,717709,57.302203404039396,-0.01644151194059873,1.5112789647463505,0.856197581153307,61.964999961853025,61.91002368058972,25825713,0.021592009715368565,0.021362204361996144,-0.0044914786431108356,0.01879394593378758,0.003772958426682571,-0.010593245101259807,1,3
2018-03-21,65.16999816894531,65.55000305175781,63.58000183105469,63.720001220703125,763768,63.674570994878565,0.24483132277282493,1.5569020048272473,1.1199478876098037,62.13949985504151,62.41155821725981,26589481,0.027917927452161262,0.02753532673702921,0.021592009715368565,-0.0044914786431108356,0.01879394593378758,0.004117937798881366,2,3
2018-03-22,64.30000305175781,65.73999786376953,64.13999938964844,65.5,689172,59.012604036742864,0.3773408412168493,1.559980324062522,0.8994561224376165,62.21599998474121,62.70208819179797,25900309,-0.01334962623341096,-0.013439533542886002,0.027917927452161262,0.021592009715368565,-0.0044914786431108356,0.003772958426682571,3,3
2018-03-23,65.87999725341797,66.0,64.11000061035156,64.27999877929688,752994,64.14661394339097,0.6028980829653463,1.583553114461516,1.088661475536884,62.33249988555908,63.190997278201046,26653303,0.024572225920243662,0.02427518491394428,-0.01334962623341096,0.027917927452161262,0.021592009715368565,0.01879394593378758,4,3
2018-03-26,65.55000305175781,66.55000305175781,65.08000183105469,65.9000015258789,585899,62.388896044629654,0.7464217624596188,1.5754422649073452,0.9809601304729636,62.414500045776364,63.553921243363625,26067404,-0.005009019663294478,-0.005021606852867193,0.024572225920243662,-0.01334962623341096,0.027917927452161262,-0.0044914786431108356,0,3
2018-03-27,65.25,66.41000366210938,64.52999877929688,65.52999877929688,670811,60.758889627762606,0.8264309914108097,1.5971967376148564,0.8912801144178091,62.526500129699706,63.8148564366923,25396593,-0.004576705382010937,-0.004587210563088244,-0.005009019663294478,0.024572225920243662,-0.01334962623341096,0.021592009715368565,1,3
2018-03-28,64.37999725341797,65.12999725341797,63.720001220703125,64.69999694824219,697678,56.17528711914714,0.810296339250236,1.5923968834492863,0.7421020754102842,62.663500022888186,63.90180117772702,24698915,-0.013333375426544558,-0.01342306299418,-0.004576705382010937,-0.005009019663294478,0.024572225920243662,0.027917927452161262,2,3
2018-03-29,64.94000244140625,65.26000213623047,64.16000366210938,64.69000244140625,562819,58.35317314054762,0.833093862220359,1.5572255684972727,0.7895638799440374,62.861000061035156,64.06152444906229,25261734,0.008698434480882922,0.008660821060875384,-0.013333375426544558,-0.004576705382010937,-0.005009019663294478,-0.01334962623341096,3,3
2018-04-02,63.0099983215332,65.41999816894531,62.79999923706055,64.91000366210938,582742,49.26625726711792,0.687500779631911,1.6331379515963793,0.5086816233990149,62.94899997711182,63.8997511986732,24678992,-0.029719803623574514,-0.030170386953636243,0.008698434480882922,-0.013333375426544558,-0.004576705382010937,0.024572225920243662,0,4
2018-04-03,63.5099983215332,63.86000061035156,62.86000061035156,62.88999938964844,527289,51.378653869947776,0.6054833983488592,1.5879138121966379,0.5730800080680697,62.99599990844727,63.83978921757474,25206281,0.007935248584653998,0.007903930070635121,-0.029719803623574514,0.008698434480882922,-0.013333375426544558,-0.005009019663294478,1,4
2018-04-04,63.369998931884766,63.63999938964844,62.060001373291016,63.59000015258789,760596,50.74158931074607,0.5231566281027327,1.5873483982081225,0.5477190402450277,63.034499931335446,63.767513789007054,24445685,-0.00220436771135879,-0.002206800906290759,0.007935248584653998,-0.029719803623574514,0.008698434480882922,-0.004576705382010937,2,4
2018-04-05,63.540000915527344,64.12000274658203,63.06999969482422,63.599998474121094,588597,51.5275631791063,0.4662551101879089,1.5489665877473862,0.5565659058541339,63.15399990081787,63.73251180847171,25034282,0.002682688756635576,0.002679096769840704,-0.00220436771135879,0.007935248584653998,-0.029719803623574514,-0.013333375426544558,3,4
2018-04-06,62.060001373291016,63.790000915527344,61.810001373291016,63.70000076293945,753262,44.82232287281408,0.29829805876356374,1.5797546559251678,0.3117068848750459,63.251000022888185,63.47520251075161,24281020,-0.023292406687307143,-0.02356796210137278,0.002682688756635576,-0.00220436771135879,0.007935248584653998,0.008698434480882922,4,4
2018-04-09,63.41999816894531,63.61000061035156,61.93000030517578,62.0,655831,51.117258386160586,0.2717981411042203,1.5869150594430688,0.516057464315922,63.319999885559085,63.4667095350891,24936851,0.021914224388651204,0.021677559089645637,-0.023292406687307143,0.002682688756635576,-0.00220436771135879,-0.029719803623574514,0,4
2018-04-10,65.51000213623047,65.86000061035156,63.20000076293945,63.29999923706055,840280,58.880898523783415,0.4146626458428173,1.663563972869429,0.818038856971439,63.527499961853025,63.781062242957006,25777131,0.032954967323044926,0.03242359511469172,0.021914224388651204,-0.023292406687307143,0.002682688756635576,0.007935248584653998,1,4
2018-04-11,66.81999969482422,67.44999694824219,65.1500015258789,65.58999633789062,963017,62.86227458715151,0.6263692551316211,1.7090233621189896,0.9741549796643865,63.8329999923706,64.24859108170581,26740148,0.019996909111215766,0.019799597008466598,0.032954967323044926,0.021914224388651204,-0.023292406687307143,-0.00220436771135879,2,4
2018-04-12,67.06999969482422,67.33000183105469,66.0,66.75,687468,63.586880178780596,0.8050411654845888,1.6819503956143966,0.9636774753753374,64.13850002288818,64.68265394526249,27427616,0.003741394809065879,0.0037344132000591205,0.019996909111215766,0.032954967323044926,0.021914224388651204,0.002682688756635576,3,4
2018-04-13,67.38999938964844,67.76000213623047,66.69999694824219,67.18000030517578,624203,64.54058116663015,0.9613790633199386,1.6375257379268169,0.9654613877158157,64.44850006103516,65.09916862901417,28051819,0.0047711301070560985,0.004759784339583373,0.003741394809065879,0.019996909111215766,0.032954967323044926,-0.023292406687307143,4,4
2018-04-16,66.22000122070312,67.73999786376953,66.12999725341797,67.23999786376953,560076,58.50690788711578,0.9795769462856754,1.6355596573857272,0.7549392189251904,64.64250011444092,65.27160441235094,27491743,-0.017361599340287803,-0.017514079347965616,0.0047711301070560985,0.003741394809065879,0.019996909111215766,0.021914224388651204,0,4
2018-04-17,66.5199966430664,66.75,65.55999755859375,66.41999816894531,486076,59.55107504798268,1.006602535620729,1.6037341419586217,0.7797521747924161,64.8654998779297,65.46366475553793,27977819,0.0045302841563448215,0.004520053306543673,-0.017361599340287803,0.0047711301070560985,0.003741394809065879,0.032954967323044926,1,4
2018-04-18,68.47000122070312,68.91000366210938,66.55999755859375,66.68000030517578,221664,65.60924706811491,1.1718610971548742,1.6598964903217894,1.013267168123896,65.1189998626709,65.92617805787104,28199483,0.029314562177446657,0.028893107101564203,0.0045302841563448215,-0.017361599340287803,0.0047711301070560985,0.019996909111215766,2,4
2018-04-19,68.29000091552734,69.55999755859375,67.9800033569336,68.75,125993,64.64674084489735,1.2736236370077165,1.6541891839888156,0.9252070769745342,65.275,66.28984311289508,28073490,-0.0026288929745389433,-0.002632354581802357,0.029314562177446657,0.0045302841563448215,-0.017361599340287803,0.003741394809065879,3,4
2018-04-20,68.37999725341797,68.62000274658203,67.5,68.26000213623047,724906,64.9238093704621,1.346017088211255,1.616033009888331,0.8857246170055129,65.478999710083,66.61140528836015,28798396,0.0013178552743313698,0.0013169876652411522,-0.0026288929745389433,0.029314562177446657,0.0045302841563448215,0.0047711301070560985,4,4
2018-04-23,68.63999938964844,69.02999877929688,67.13999938964844,68.22000122070312,740941,65.75872844431215,1.408137289187266,1.635602037014053,0.8775088877482409,65.61699981689453,66.92349668855834,29539337,0.003802312762120952,0.0037951022429367686,0.0013178552743313698,-0.0026288929745389433,0.029314562177446657,-0.017361599340287803,0,4
2018-04-24,67.69999694824219,69.37999725341797,67.54000091552734,68.94999694824219,832296,60.18134387034713,1.3657738639800812,1.650201629933808,0.7406160806815956,65.72449951171875,67.04295826697124,28707041,-0.013694674384685523,-0.013789311447073672,0.003802312762120952,0.0013178552743313698,-0.0026288929745389433,0.0045302841563448215,1,4
2018-04-25,68.05000305175781,68.18000030517578,67.11000061035156,67.75,764049,61.49103927017242,1.3449394865172337,1.6087586345688372,0.7589352802968559,65.86449966430663,67.19788823386148,29471090,0.005169957448937668,0.005156639102725636,-0.013694674384685523,0.003802312762120952,0.0013178552743313698,0.029314562177446657,2,4
2018-04-26,68.19000244140625,68.77999877929688,67.70999908447266,68.02999877929688,660549,62.02902488298319,1.3244573530750756,1.5702758531585073,0.7495037601278608,66.05499992370605,67.35052118886836,30131639,0.0020573017394569515,0.0020551883922655494,0.005169957448937668,-0.013694674384685523,0.003802312762120952,-0.0026288929745389433,3,4
2018-04-27,68.0999984741211,68.36000061035156,67.63999938964844,68.20999908447266,542549,61.43480992955723,1.286136762781993,1.5095419508402657,0.7176398408021928,66.2129997253418,67.46582538659955,29589090,-0.0013198997516167266,-0.001320771586534787,0.0020573017394569515,0.005169957448937668,-0.013694674384685523,0.0013178552743313698,4,4
2018-04-30,68.56999969482422,69.33999633789062,67.16999816894531,68.1500015258789,755186,63.4062240527213,1.2789496539442666,1.5567173949906261,0.7481793551037451,66.49099979400634,67.63569835709565,30344276,0.006901633351456438,0.006877926096678816,-0.0013198997516167266,0.0020573017394569515,0.005169957448937668,0.003802312762120952,0,4
2018-05-01,67.25,68.9000015258789,66.8499984741211,68.55999755859375,694771,54.91563323851948,1.1534446824307736,1.5919520847597108,0.5720844144822904,66.6779998779297,67.5763601483117,29649505,-0.019250396685124294,-0.0194380983637517,0.006901633351456438,-0.0013198997516167266,0.0020573017394569515,-0.013694674384685523,1,5
2018-05-02,67.93000030517578,68.13999938964844,66.91999816894531,67.48999786376953,789367,58.033307405271486,1.0962149463880309,1.5653841658985261,0.6385373267543824,66.90599994659424,67.63076632629078,30438872,0.010111528701498562,0.010060749213765794,-0.019250396685124294,0.006901633351456438,-0.0013198997516167266,0.005169957448937668,2,5
2018-05-03,68.43000030517578,68.5999984741211,67.20999908447266,67.68000030517578,691219,60.212030831645215,1.0787703959683625,1.5528566818806626,0.6876914114625684,67.15049991607665,67.7537253999654,31130091,0.007360518147412787,0.007333561728370286,0.010111528701498562,-0.019250396685124294,0.006901633351456438,0.0020573017394569515,3,5
2018-05-04,69.72000122070312,69.97000122070312,68.12000274658203,68.5,690876,65.22776653401593,1.1557153893742935,1.574081095612122,0.9083077215276567,67.53349990844727,68.0562293723866,31820967,0.01885139426822091,0.018675908736386148,0.007360518147412787,0.010111528701498562,-0.019250396685124294,-0.0013198997516167266,4,5
2018-05-07,70.7300033569336,70.83999633789062,69.51000213623047,69.8499984741211,758916,68.56866067935947,1.2833993536010269,1.5566463174726959,1.115198261730186,67.89900016784668,68.46757921616306,32579883,0.014486547885064427,0.01438262034866796,0.01885139426822091,0.007360518147412787,0.010111528701498562,0.006901633351456438,0,5
2018-05-08,69.05999755859375,70.4000015258789,67.62999725341797,70.02999877929688,1253566,58.55142350057649,1.2355911780865938,1.6668863021900482,0.7372478409886154,68.07649993896484,68.55872049961394,31326317,-0.0236109956041185,-0.02389420189925151,0.014486547885064427,0.01885139426822091,0.007360518147412787,-0.019250396685124294,1,5
2018-05-09,71.13999938964844,71.36000061035156,69.8499984741211,70.05000305175781,863386,65.34264802178578,1.3499798911655603,1.7121089271591743,1.097876533046884,68.29249992370606,68.95584032885002,32189703,0.03011876490858434,0.029674101330838587,-0.0236109956041185,0.014486547885064427,0.01885139426822091,0.010111528701498562,2,5
2018-05-10,71.36000061035156,71.88999938964844,70.55999755859375,71.2300033569336,749808,65.97761233057182,1.441766246469669,1.684815563151711,1.0364994183225391,68.50699996948242,69.32571114138872,32939511,0.00309251086014406,0.0030877388841611363,0.03011876490858434,-0.0236109956041185,0.014486547885064427,0.007360518147412787,3,5
2018-05-11,70.69999694824219,71.62999725341797,70.44999694824219,71.44999694824219,634145,62.2905374844341,1.4445983837451308,1.6487573304391445,0.8659833293777841,68.67249984741211,69.53713972705849,32305366,-0.009248930163456737,-0.009291967087251862,0.00309251086014406,0.03011876490858434,-0.0236109956041185,0.01885139426822091,4,5
2018-05-14,70.95999908447266,71.26000213623047,70.26000213623047,70.54000091552734,592826,63.16386013960685,1.4510955462243942,1.6024175211220626,0.8796850635139847,68.90949974060058,69.75604116666067,32898192,0.003677540982368166,0.003670795361668975,-0.009248930163456737,0.00309251086014406,0.03011876490858434,0.014486547885064427,0,5
2018-05-15,71.30999755859375,71.91999816894531,70.41999816894531,71.1500015258789,815289,64.3604105360318,1.4675693205044382,1.595101983899058,0.9062911950211592,69.14899978637695,69.99511138080422,33713481,0.004932334817316475,0.004920210704387577,0.003677540982368166,-0.009248930163456737,0.00309251086014406,-0.0236109956041185,1,5
2018-05-16,71.48999786376953,71.58999633789062,70.66000366210938,71.0199966430664,574279,64.99026110690149,1.4781106857178656,1.5475941761763574,0.8875002996566597,69.29999961853028,70.22509391664504,34287760,0.002524194521642986,0.0025210140935399555,0.004932334817316475,0.003677540982368166,-0.009248930163456737,0.03011876490858434,2,5
2018-05-17,71.48999786376953,72.30000305175781,71.08999633789062,71.55999755859375,562639,64.99026110690149,1.469525023868357,1.5234807860114168,0.845350589977183,69.45999946594239,70.41969452389496,34850399,0.0,0.0,0.002524194521642986,0.004932334817316475,0.003677540982368166,0.00309251086014406,3,5
2018-05-18,71.27999877929688,71.75,70.98999786376953,71.5999984741211,211785,63.472498136903376,1.4292995780868125,1.468946596741349,0.7794297217952005,69.60499954223633,70.55204902472603,34638614,-0.002937461053962087,-0.0029417838601425387,0.0,0.002524194521642986,0.004932334817316475,-0.009248930163456737,4,5
2018-05-21,72.23999786376953,72.58999633789062,71.25,71.47000122070312,119892,67.23909905949795,1.4580767247049238,1.4597358639662974,0.8870898306849127,69.78499946594238,70.81173346150194,34758506,0.01346800085456068,0.01337811350034388,-0.002937461053962087,0.0,0.002524194521642986,0.003677540982368166,0,5
2018-05-22,72.12999725341797,72.83000183105469,71.9000015258789,72.52999877929688,723458,66.39426932256444,1.4552316857628256,1.4218976097669747,0.8342543737820093,70.00649948120117,71.01454327564288,34035048,-0.0015227105980678557,-0.0015238711000726678,0.01346800085456068,-0.002937461053962087,0.0,0.004932334817316475,1,5
2018-05-23,71.83999633789062,72.26000213623047,71.19000244140625,72.11000061035156,702791,64.10738434639342,1.4132848536064273,1.3967620444139206,0.7618695165166084,70.19599914550781,71.14153605445023,33332257,-0.004020531354083756,-0.004028635419327346,-0.0015227105980678557,0.01346800085456068,-0.002937461053962087,0.002524194521642986,2,5
2018-05-24,70.70999908447266,72.0,70.5199966430664,71.83000183105469,640725,56.011673690072016,1.2741724850789637,1.4027078524510401,0.5645319659274071,70.32199897766114,71.07514575137675,32691532,-0.01572936123358315,-0.01585438034951958,-0.004020531354083756,-0.0015227105980678557,0.01346800085456068,0.0,3,5
2018-05-25,67.87999725341797,70.80000305175781,67.41999816894531,70.6500015258789,955354,41.781139263456254,0.9249056971732728,1.5439433546197159,0.10018041702799753,70.31099891662598,70.58358444399848,31736178,-0.04002265404746885,-0.0408455927648049,-0.01572936123358315,-0.004020531354083756,-0.0015227105980678557,-0.002937461053962087,4,5
2018-05-29,66.7300033569336,67.3499984741211,65.91999816894531,66.48999786376953,1059750,37.60061186041684,0.5489859861637996,1.573661621037783,-0.022038456022381046,70.21899909973145,69.99072581521926,30676428,-0.016941572525276838,-0.017086722681981487,-0.04002265404746885,-0.01572936123358315,-0.004020531354083756,0.01346800085456068,1,5
2018-05-30,68.20999908447266,68.66999816894531,66.3499984741211,66.8499984741211,726886,45.200035930058185,0.36626808274168354,1.6269714834511,0.17799562199637856,70.26699905395508,69.71676785664286,31403314,0.022178864874660364,0.02193649102271442,-0.016941572525276838,-0.04002265404746885,-0.01572936123358315,-0.0015227105980678557,2,5
2018-05-31,67.04000091552734,68.30000305175781,66.55999755859375,68.23999786376953,917563,40.95380144536346,0.12560584769177296,1.6350453412877404,0.02419324847535032,70.22249908447266,69.3049575580097,30485751,-0.017152883516335482,-0.017301698414179657,0.022178864874660364,-0.016941572525276838,-0.04002265404746885,-0.004020531354083756,3,5
2018-06-01,65.80999755859375,67.33999633789062,65.51000213623047,67.06999969482422,781103,37.01676485457715,-0.16249851704792206,1.64897025988577,-0.06478009896706324,70.09149894714355,68.7672714042534,29704648,-0.01834730519296146,-0.018517704460035086,-0.017152883516335482,0.022178864874660364,-0.016941572525276838,-0.01572936123358315,4,6
2018-06-04,64.75,66.04000091552734,64.56999969482422,65.70999908447266,696050,33.984677972911086,-0.47092768478538005,1.63618675708701,-0.07229831867839522,69.8429988861084,68.14922964975288,29008598,-0.01610693812364883,-0.01623806479057945,-0.01834730519296146,-0.017152883516335482,0.022178864874660364,-0.04002265404746885,0,6
2018-06-05,65.5199966430664,65.56999969482422,64.22000122070312,64.94000244140625,714674,37.9600972546048,-0.6457835377278371,1.6157447368751587,0.07744422744301596,69.58249855041504,67.7447322641088,29723272,0.01189184004735755,0.011821687729915256,-0.01610693812364883,-0.01834730519296146,-0.017152883516335482,-0.016941572525276838,1,6
2018-06-06,64.7300033569336,65.95999908447266,64.2699966430664,65.51000213623047,708829,35.59194731903719,-0.83843891499275,1.6210488586273795,0.058577328353289874,69.36599884033203,67.28092781685108,29014443,-0.012057285204644663,-0.012130563891592018,0.01189184004735755,-0.01610693812364883,-0.01834730519296146,0.022178864874660364,2,6
2018-06-07,65.94999694824219,66.06999969482422,64.80999755859375,65.06999969482422,675041,41.64631760235573,-0.8825034521187831,1.6009736785747541,0.20697726481139414,69.10649871826172,67.07616922168047,29689484,0.01884742048569521,0.01867200847154138,-0.012057285204644663,0.01189184004735755,-0.01610693812364883,-0.017152883516335482,3,6
2018-06-08,65.73999786376953,66.23999786376953,65.1500015258789,65.9800033569336,571224,40.93305814684092,-0.9237219941883552,1.5644752970973161,0.21807638670208623,68.82549858093262,66.87060439738647,29118260,-0.003184216742837198,-0.0031892971485785113,0.01884742048569521,-0.012057285204644663,0.01189184004735755,-0.01834730519296146,4,6
2018-06-11,66.0999984741211,66.3499984741211,64.8499984741211,65.55999755859375,558281,42.743425914465284,-0.9167709799505559,1.5598699187332221,0.2741294998189269,68.59549865722656,66.75204963996103,29676541,0.005476127503039718,0.005461188032305954,-0.003184216742837198,0.01884742048569521,-0.012057285204644663,-0.01610693812364883,0,6
2018-06-12,66.36000061035156,66.69999694824219,65.87000274658203,66.05000305175781,524411,44.07656219058175,-0.8801365849373184,1.5077359389422889,0.31748978850098586,68.36549873352051,66.69173440463649,30200952,0.0039334665995833795,0.003925750746586666,0.005476127503039718,-0.003184216742837198,0.01884742048569521,0.01189184004735755,1,6
2018-06-13,66.63999938964844,66.88999938964844,65.5199966430664,66.01000213623047,626398,45.546961239912186,-0.8190682920920125,1.497897853773699,0.36106275091794143,68.13199882507324,66.68377517156141,30827350,0.004219390848727578,0.004210514179824164,0.0039334665995833795,0.005476127503039718,-0.003184216742837198,-0.012057285204644663,2,6
2018-06-14,66.88999938964844,67.16000366210938,66.36000061035156,66.62000274658203,460168,46.889691360925305,-0.7419456319756961,1.4480482250582785,0.4020222061725448,67.9019989013672,66.71550197434402,31287518,0.003751500634599836,0.0037444813059607446,0.004219390848727578,0.0039334665995833795,0.005476127503039718,0.01884742048569521,3,6
2018-06-15,65.05999755859375,67.16000366210938,64.29000091552734,66.62000274658203,512591,39.25843868781252,-0.8190497265900518,1.549616405167118,0.24944159422161225,67.5804988861084,66.46080898730553,30774927,-0.027358377152831737,-0.027739586485863523,0.003751500634599836,0.004219390848727578,0.0039334665995833795,-0.003184216742837198,4,6
2018-06-18,65.8499984741211,65.9800033569336,63.59000015258789,64.4000015258789,218933,43.53100920342152,-0.8071050014556533,1.609644033679874,0.34744158627765914,67.3089988708496,66.3668381391233,30993860,0.012142652093029449,0.012069521497501344,-0.027358377152831737,0.003751500634599836,0.004219390848727578,0.005476127503039718,0,6
2018-06-19,65.06999969482422,65.9000015258789,64.38999938964844,65.81999969482422,122646,40.501804171731,-0.8507709456224006,1.6025267552906308,0.28134302125669297,66.95049896240235,66.16732453230806,30871214,-0.011845084242536608,-0.01191579620031723,0.012142652093029449,-0.027358377152831737,0.003751500634599836,0.0039334665995833795,1,6
2018-06-20,66.22000122070312,66.52999877929688,65.01000213623047,65.11000061035156,801625,46.42162605470074,-0.7835487465875133,1.5966317472746148,0.43940327428250536,66.65499916076661,66.175428638215,31672839,0.017673298467379306,0.017518941736223727,-0.011845084242536608,0.012142652093029449,-0.027358377152831737,0.004219390848727578,2,6
2018-06-21,65.54000091552734,66.22000122070312,64.33999633789062,65.33999633789062,760719,43.65569635618841,-0.7761974896757664,1.6168726855273208,0.3525370710926105,66.33999938964844,66.07767052703228,30912120,-0.010268805385693414,-0.01032189331350062,0.017673298467379306,-0.011845084242536608,0.012142652093029449,0.003751500634599836,3,6
2018-06-22,68.58000183105469,69.37999725341797,65.70999908447266,65.93000030517578,1136232,56.215671328912336,-0.5190852069287644,1.7756672321246998,1.0532817326481008,66.23349952697754,66.46264457380497,32048352,0.046383901023216545,0.045340316494662865,-0.010268805385693414,0.017673298467379306,-0.011845084242536608,-0.027358377152831737,4,6
2018-06-25,68.08000183105469,69.44000244140625,67.77999877929688,68.75,816207,54.080368981237235,-0.35161449871468164,1.7674055485521765,0.9264723297899264,66.24349975585938,66.711468767228,31232145,-0.007290755127591586,-0.007317462573566154,0.046383901023216545,-0.010268805385693414,0.017673298467379306,0.012142652093029449,0,6
2018-06-26,70.52999877929688,70.91000366210938,67.72000122070312,68.20999908447266,848537,61.74763438497651,-0.020956899556537678,1.8690196123274674,1.2188366005603868,66.43349952697754,67.2989349229309,32080682,0.03598702823660349,0.03535462275176336,-0.007290755127591586,0.046383901023216545,-0.010268805385693414,-0.011845084242536608,1,6
2018-06-27,72.76000213623047,73.05999755859375,70.55999755859375,70.68000030517578,775155,67.12779882712499,0.4162361527535978,1.9162324099681391,1.2799831502391918,66.66099967956544,68.13909910959237,32855837,0.0316177994545519,0.03112824909736344,0.03598702823660349,-0.007290755127591586,0.046383901023216545,0.017673298467379306,2,6
2018-06-28,73.44999694824219,74.02999877929688,72.19999694824219,72.2699966430664,717347,68.59943257864636,0.8090652111883685,1.9100730829028925,1.1593062968441041,66.98149948120117,68.9561603155385,33573184,0.009483160964176784,0.009438478061228498,0.0316177994545519,0.03598702823660349,-0.007290755127591586,-0.010268805385693414,3,6
2018-06-29,74.1500015258789,74.45999908447266,72.93000030517578,73.33000183105469,602399,70.06366275953057,1.1634579701588166,1.8829249183596055,1.0843610311498793,67.39849967956543,69.75521280943701,34175583,0.00953035543527636,0.009485228091106789,0.009483160964176784,0.0316177994545519,0.03598702823660349,0.046383901023216545,4,6
2018-07-02,73.94000244140625,74.3499984741211,72.51000213623047,73.62000274658203,652167,69.02380966444976,1.4111052706460185,1.87985859118325,0.9827443719857125,67.85799980163574,70.39902659897074,33523416,-0.002832084695229109,-0.0028361026349797824,0.00953035543527636,0.009483160964176784,0.0316177994545519,-0.007290755127591586,0,7
2018-07-03,74.13999938964844,75.2699966430664,72.7300033569336,74.08000183105469,667235,69.48825736247261,1.6050041341849948,1.9270110693939329,0.9325708747788047,68.28899993896485,70.97456087445961,34190651,0.0027048544987631207,0.002701202962933401,-0.002832084695229109,0.00953035543527636,0.009483160964176784,0.03598702823660349,1,7
2018-07-05,72.94000244140625,74.80000305175781,72.52999877929688,74.3499984741211,841632,63.35062114233586,1.6429023005260035,1.9515105838987188,0.8097389631371404,68.69949989318847,71.2769365001437,33349019,-0.016185553791759677,-0.016317970638201288,0.0027048544987631207,-0.002832084695229109,0.00953035543527636,0.0316177994545519,3,7
2018-07-06,73.80000305175781,74.01000213623047,72.13999938964844,73.16000366210938,611419,65.68956223508746,1.722476100045995,1.9456885955189553,0.8331301298917572,69.09200019836426,71.66510058500741,33960438,0.01179052072341813,0.011721554106192323,-0.016185553791759677,0.0027048544987631207,-0.002832084695229109,0.009483160964176784,4,7
2018-07-09,73.8499984741211,74.27999877929688,72.98999786376953,73.87000274658203,533003,65.8261033149528,1.769179126524591,1.89885376123384,0.8030894467651739,69.49750022888183,72.00123872179412,34493441,0.0006774447194564104,0.0006772153573633642,0.01179052072341813,-0.016185553791759677,0.0027048544987631207,0.00953035543527636,0,7
2018-07-10,74.11000061035156,74.69999694824219,73.6500015258789,74.04000091552734,586829,66.57116070943671,1.806349142450415,1.838221022743086,0.7896631087173226,69.89800033569335,72.32566362772603,35080270,0.0035206789655057857,0.003514495883498062,0.0006774447194564104,0.01179052072341813,-0.016185553791759677,-0.002832084695229109,1,7
2018-07-11,70.37999725341797,74.26000213623047,70.0199966430664,74.19999694824219,861726,49.79773392410054,1.5173356490477516,2.0097770563445843,0.5198216298072263,70.09900016784668,72.02633033937094,34218544,-0.050330634546136954,-0.051641391330616813,0.0035206789655057857,0.0006774447194564104,0.01179052072341813,0.0027048544987631207,2,7
2018-07-12,70.33000183105469,71.23999786376953,69.2300033569336,70.5999984741211,707887,49.617276690945666,1.2696207626999012,2.009792588522538,0.5033656730437046,70.28350028991699,71.76535672270691,33510657,-0.0007103640851712223,-0.0007106165132889648,-0.050330634546136954,0.0035206789655057857,0.0006774447194564104,-0.016185553791759677,3,7
2018-07-13,71.01000213623047,71.66000366210938,69.83999633789062,70.37999725341797,530277,52.15677934216801,1.1153185739490823,1.9962364982151244,0.5386433564753582,70.4895004272461,71.64914832478746,34040934,0.009668708765417922,0.00962226592240436,-0.0007103640851712223,-0.050330634546136954,0.0035206789655057857,0.01179052072341813,4,7
2018-07-16,68.05999755859375,70.87000274658203,67.58000183105469,70.5199966430664,530480,42.21559341845026,0.7463883620513485,2.098648198712314,0.2974615639857654,70.63950042724609,71.09697128383458,33510454,-0.04154350780017202,-0.042431109076140665,0.009668708765417922,-0.0007103640851712223,-0.050330634546136954,0.0006774447194564104,0,7
2018-07-17,68.08000183105469,68.44000244140625,67.02999877929688,68.02999877929688,440727,42.295912505311364,0.45043040737564866,2.0494593032406754,0.281104490729751,70.75100059509278,70.63282213725306,33951181,0.00029392114573201233,0.00029387795937410675,-0.04154350780017202,0.009668708765417922,-0.0007103640851712223,0.0035206789655057857,1,7
2018-07-18,68.76000213623047,69.05999755859375,67.04000091552734,67.61000061035156,187313,45.0899423106818,0.2676664454941715,2.0473548275139417,0.30596034511143266,70.93550071716308,70.34469598324958,34138494,0.009988253332648966,0.009938700421820984,0.00029392114573201233,-0.04154350780017202,0.009668708765417922,-0.050330634546136954,2,7
2018-07-19,69.45999908447266,70.16999816894531,67.80000305175781,69.0,103220,47.88724958307116,0.1772651898001527,2.0704005624906245,0.3433234696571454,71.09750061035156,70.20858876805313,34241714,0.010180292706438943,0.010128822552714434,0.009988253332648966,0.00029392114573201233,-0.04154350780017202,-0.0007103640851712223,3,7
2018-07-20,70.45999908447266,71.0999984741211,69.37000274658203,69.38999938964844,500967,51.674735695948584,0.1841899588170861,2.0460859314226556,0.4035341098645101,71.34350051879883,70.24726727827152,34742681,0.014396775312131238,0.014294125784229126,0.010180292706438943,0.009988253332648966,0.00029392114573201233,0.009668708765417922,4,7
2018-07-23,67.88999938964844,69.30999755859375,67.5999984741211,68.16999816894531,555915,43.020972071145344,-0.01749790389142447,2.1042226942032918,0.13406324600656144,71.30900039672852,69.88461068002182,34186766,-0.036474591657929434,-0.03715642059626159,0.014396775312131238,0.010180292706438943,0.009988253332648966,-0.04154350780017202,0,7
2018-07-24,68.5199966430664,69.05000305175781,67.55999755859375,67.80000305175781,524591,45.43334456197744,-0.12505986267653668,2.060350036986204,0.19540534522227637,71.3310001373291,69.67467005895176,34711357,0.009279676816642102,0.009236885140638088,-0.036474591657929434,0.014396775312131238,0.010180292706438943,0.00029392114573201233,1,7
2018-07-25,69.30000305175781,69.69999694824219,68.19999694824219,68.7699966430664,622913,48.34910209021899,-0.14568413553080006,2.0203250343443324,0.2899249281493808,71.26950035095214,69.61702898092192,35334270,0.011383631741177735,0.011319325768873434,0.009279676816642102,-0.036474591657929434,0.014396775312131238,0.009988253332648966,2,7
2018-07-26,69.61000061035156,69.91999816894531,68.91999816894531,69.37999725341797,489059,49.503953823676724,-0.13545338582189004,1.9474446747483085,0.33981664139965695,71.1120002746582,69.61594769314186,35823329,0.004473269046788131,0.004463293715968441,0.011383631741177735,0.009279676816642102,-0.036474591657929434,0.010180292706438943,3,7
2018-07-27,68.69000244140625,69.7699966430664,68.26000213623047,69.58000183105469,460450,46.20234407908152,-0.19928438017296912,1.916198234183139,0.266303083332309,70.8740005493164,69.47349457749023,35362879,-0.01321646546298838,-0.013304580180562207,0.004473269046788131,0.011383631741177735,0.009279676816642102,0.014396775312131238,4,7
2018-07-30,70.12999725341797,70.43000030517578,68.80000305175781,69.01000213623047,463011,51.63908916274399,-0.13215199039953518,1.9036124934393097,0.43873174843258866,70.67300033569336,69.57449498917143,35825890,0.020963673909315306,0.020746959616493442,-0.01321646546298838,0.004473269046788131,0.011383631741177735,-0.036474591657929434,0,7
2018-07-31,68.76000213623047,70.22000122070312,67.9800033569336,70.05000305175781,519070,46.793931358358755,-0.1873367429122368,1.9276400198914685,0.30488932311363354,70.41400032043457,69.44918839641127,35306820,-0.01953508014889771,-0.01972841180209329,0.020963673909315306,-0.01321646546298838,0.004473269046788131,0.009279676816642102,1,7
2018-08-01,67.66000366210938,68.5199966430664,67.30999755859375,68.43000030517578,576561,43.282385916820616,-0.3161869344926771,1.8935232025875577,0.19893152498250094,70.09000053405762,69.17392920651868,34730259,-0.015997650377347683,-0.016126994104835788,-0.01953508014889771,0.020963673909315306,-0.01321646546298838,0.011383631741177735,2,8
2018-08-02,68.95999908447266,69.36000061035156,66.91999816894531,67.86000061035156,531071,48.22714666956139,-0.3098313308473166,1.93255743393175,0.3788297514964836,69.89100036621093,69.14101688005006,35261330,0.01921364694059724,0.01903139560149259,-0.015997650377347683,-0.01953508014889771,0.020963673909315306,0.004473269046788131,3,8
2018-08-03,68.48999786376953,69.23999786376953,67.87000274658203,68.98999786376953,476615,46.64384552791827,-0.3388140027955302,1.8923744113071608,0.3348140126816526,69.62550010681153,69.04086010831459,34784715,-0.006815563035715733,-0.00683889505981519,0.01921364694059724,-0.015997650377347683,-0.01953508014889771,-0.01321646546298838,4,8
2018-08-06,69.01000213623047,69.91999816894531,68.5,68.6500015258789,495605,48.65240490226113,-0.3161782738658161,1.8593476894406338,0.4343242123146068,69.383500289917,69.03611272799395,35280320,0.007592411865674942,0.007563734568471767,-0.006815563035715733,0.01921364694059724,-0.015997650377347683,0.020963673909315306,0,8
2018-08-07,69.16999816894531,69.83000183105469,68.80999755859375,68.9000015258789,485027,49.284996757668,-0.2820773409109876,1.7993945882277984,0.5091067407296501,69.13650016784668,69.05671048814031,35765347,0.002318447004232782,0.002315763552803334,0.007592411865674942,-0.006815563035715733,0.01921364694059724,-0.01953508014889771,1,8
2018-08-08,66.94000244140625,69.37000274658203,66.31999969482422,69.08999633789062,760313,41.5935359597323,-0.43003692622399114,1.888723764194228,-0.011267043967261652,68.9645004272461,68.73106309633508,35005034,-0.03223934923479943,-0.03277048388594873,0.002318447004232782,0.007592411865674942,-0.006815563035715733,-0.015997650377347683,2,8
2018-08-09,66.80999755859375,67.41000366210938,66.48999786376953,66.79000091552734,509401,41.189959542580986,-0.5514297324203881,1.8195296237760576,0.02577153641591882,68.78850021362305,68.43551455206718,34495633,-0.0019421105179416864,-0.0019439988598822337,-0.03223934923479943,0.002318447004232782,0.007592411865674942,0.01921364694059724,3,8
2018-08-10,67.62999725341797,67.87000274658203,66.13999938964844,66.73999786376953,524490,44.82634885543157,-0.5748408757800547,1.8131348904301672,0.23624635459920768,68.61949996948242,68.31158881381346,35020123,0.012273607615463034,0.012198897580101177,-0.0019421105179416864,-0.03223934923479943,0.002318447004232782,-0.006815563035715733,4,8
2018-08-13,67.19999694824219,67.94999694824219,65.70999908447266,67.77999877929688,578219,43.313882357249845,-0.6209340651410571,1.8436251028115505,0.1493097480411554,68.57649993896484,68.14057468064865,34441904,-0.0063581298630623895,-0.006378428858918981,0.012273607615463034,-0.0019421105179416864,-0.03223934923479943,0.007592411865674942,0,8
2018-08-14,67.04000091552734,68.37000274658203,66.58000183105469,67.41999816894531,538484,42.73608931366208,-0.6627340073910091,1.8397948037198213,0.14053497092599182,68.52449989318848,67.97125563986076,33903420,-0.002380893452094579,-0.002383732285778536,-0.0063581298630623895,0.012273607615463034,-0.0019421105179416864,0.002318447004232782,1,8
2018-08-15,65.01000213623047,66.9000015258789,64.51000213623047,66.62000274658203,573473,36.14747085605201,-0.8498679501530688,1.8890950876896109,-0.14838506177104555,68.33699989318848,67.51567817776379,33329947,-0.030280410972170824,-0.03074833275385607,-0.002380893452094579,-0.0063581298630623895,0.012273607615463034,-0.03223934923479943,2,8
2018-08-16,65.45999908447266,65.5199966430664,64.43000030517578,64.94999694824219,383380,38.41409435868463,-0.9509005652760578,1.8320166055611118,0.021522131776520067,68.13699989318847,67.199419855719,33713327,0.006921964827800053,0.006898118010571065,-0.030280410972170824,-0.002380893452094579,-0.0063581298630623895,-0.0019421105179416864,3,8
2018-08-17,65.91000366210938,66.38999938964844,65.30000305175781,65.47000122070312,171403,40.68177291067839,-0.9833228978227595,1.7790151578703628,0.1356989362319803,67.90950012207031,67.0010481336252,33884730,0.006874497157508541,0.006850975539922858,0.006921964827800053,-0.030280410972170824,-0.002380893452094579,0.012273607615463034,4,8
2018-08-20,66.43000030517578,66.68000030517578,65.58999633789062,65.91000366210938,112709,43.280729860147886,-0.956037837575451,1.7298000728285623,0.25054414255593976,67.83650016784668,66.91319462155606,33997439,0.007889494980643397,0.007858535644195514,0.006874497157508541,0.006921964827800053,-0.030280410972170824,-0.0063581298630623895,0,8
2018-08-21,67.3499984741211,68.0999984741211,66.5199966430664,66.62000274658203,437164,47.65083409750427,-0.8503754682056979,1.725528508265473,0.4238027551359889,67.77800025939942,66.98039521425837,34434603,0.013849136906802562,0.013754113929317757,0.007889494980643397,0.006874497157508541,0.006921964827800053,-0.002380893452094579,1,8
2018-08-22,67.86000061035156,68.1500015258789,65.9800033569336,66.08000183105469,581899,49.952859676591096,-0.7172167409579515,1.7572763411711758,0.5282961943558235,67.7060001373291,67.11571912134963,35016502,0.007572414963400886,0.007543888149947107,0.013849136906802562,0.007889494980643397,0.006874497157508541,-0.030280410972170824,2,8
2018-08-23,67.83000183105469,68.12000274658203,67.31999969482422,68.06999969482422,450690,49.81409819691866,-0.6071097576626556,1.68889967764165,0.5412949021436575,67.61700019836425,67.22560876899657,34565812,-0.0004420686564553522,-0.0004421663976104578,0.007572414963400886,0.013849136906802562,0.007889494980643397,0.006921964827800053,3,8
2018-08-24,68.72000122070312,69.30999755859375,67.77999877929688,67.9000015258789,517796,53.905122341672154,-0.4429278706341364,1.677549613474166,0.7133403129952356,67.61850013732911,67.45551530002834,35083608,0.013121028536386747,0.01303569348668333,-0.0004420686564553522,0.007572414963400886,0.013849136906802562,0.006874497157508541,4,8
2018-08-27,68.87000274658203,68.97000122070312,68.33999633789062,68.56999969482422,332612,54.57719299295307,-0.29728179331222293,1.6027249898554756,0.7752850319693583,67.55550041198731,67.67312875334429,35416220,0.0021827928290798493,0.0021804139978474028,0.013121028536386747,-0.0004420686564553522,0.007572414963400886,0.007889494980643397,0,8
2018-08-28,68.52999877929688,69.19999694824219,68.20999908447266,68.93000030517578,426833,52.701514699715055,-0.20690661566894164,1.5589587665636224,0.708338897816616,67.54400024414062,67.80495491118315,34989387,-0.004936894928496693,-0.004949121652230478,0.0021827928290798493,0.013121028536386747,-0.0004420686564553522,0.013849136906802562,1,8
2018-08-29,69.51000213623047,69.76000213623047,68.37000274658203,68.54000091552734,497095,57.26084779783029,-0.05556503644183408,1.5468902396411093,0.8721590493114199,67.63650016784668,68.06726986888273,35486482,0.014300355674742304,0.01419907006005148,-0.004936894928496693,0.0021827928290798493,0.013121028536386747,0.007572414963400886,2,8
2018-08-30,70.25,70.5,69.55000305175781,69.70999908447266,445584,60.36750337000475,0.12267181432389407,1.5071122127931393,0.9705946643477993,67.70100021362305,68.40307450443923,35932066,0.010645919163104534,0.01058965036875404,0.014300355674742304,-0.004936894928496693,0.0021827928290798493,-0.0004420686564553522,3,8
2018-08-31,69.80000305175781,70.36000061035156,69.63999938964844,70.05999755859375,419739,57.624428745338214,0.22502090877546266,1.4508899990724242,0.8578191309093317,67.76650047302246,68.6179865886421,35512327,-0.00640565050878561,-0.006426254724070705,0.010645919163104534,0.014300355674742304,-0.004936894928496693,0.013121028536386747,4,8
2018-09-04,69.87000274658203,71.4000015258789,69.08000183105469,70.12000274658203,785981,57.9445598342805,0.3082286261377334,1.5129692630546951,0.8504469996263352,67.80950050354004,68.81060445909439,36298308,0.0010028609135204203,0.0010023583844642559,-0.00640565050878561,0.010645919163104534,0.014300355674742304,0.0021827928290798493,1,9
2018-09-05,68.72000122070312,69.58999633789062,68.55999755859375,69.43000030517578,542104,51.11285104502693,0.2781692672928955,1.4984718291213799,0.6606128600468395,67.78700065612793,68.79666549934188,35756204,-0.01645915959170563,-0.016596116434815854,0.0010028609135204203,-0.00640565050878561,0.010645919163104534,-0.004936894928496693,2,9
2018-09-06,67.7699966430664,69.0199966430664,67.0,68.63999938964844,633824,46.26063396343714,0.1756646264799997,1.5357236015460245,0.4898378439632898,67.82850036621093,68.63871644453027,35122380,-0.01382428056986873,-0.013920725825625271,-0.01645915959170563,0.0010028609135204203,-0.00640565050878561,0.014300355674742304,3,9
2018-09-07,67.75,68.08000183105469,66.86000061035156,67.87999725341797,530895,46.16129852494327,0.09175767281809044,1.513172002914389,0.4779118848691392,67.87550048828125,68.50199083767946,34591485,-0.0002950663133676201,-0.0002951098539973883,-0.01382428056986873,-0.01645915959170563,0.0010028609135204203,0.010645919163104534,4,9
2018-09-10,67.54000091552734,68.5199966430664,67.33000183105469,67.81999969482422,571174,45.0668512633471,0.008220871355035797,1.4900879178499125,0.441781380069097,67.87100067138672,68.35399238811759,34020311,-0.003099617482991257,-0.003104431247053491,-0.0002950663133676201,-0.01382428056986873,-0.01645915959170563,-0.00640565050878561,0,9
2018-09-11,69.25,70.01000213623047,67.4800033569336,67.52999877929688,676869,54.522233846640084,0.07908830861279625,1.564367265096124,0.721148694940065,67.9735008239746,68.49183971302257,34697180,0.02531831598005696,0.02500311655469109,-0.003099617482991257,-0.0002950663133676201,-0.01382428056986873,0.0010028609135204203,1,9
2018-09-12,70.37000274658203,71.26000213623047,69.5,69.88999938964844,800543,59.44588660937932,0.22305488672029128,1.5961983273200058,0.8677479651411032,68.14000091552734,68.78078787203172,35497723,0.01617332486039036,0.016043929941590585,0.02531831598005696,-0.003099617482991257,-0.0002950663133676201,-0.01645915959170563,2,9
2018-09-13,68.58999633789062,70.27999877929688,68.3499984741211,70.23999786376953,684937,50.152607658796825,0.19131246503745558,1.626470180544358,0.5506882106897989,68.31900062561036,68.75143532831771,34812786,-0.025294960057080096,-0.02562037688911148,0.01617332486039036,0.02531831598005696,-0.003099617482991257,-0.01382428056986873,3,9
2018-09-14,68.98999786376953,69.91000366210938,67.94000244140625,68.79000091552734,611075,51.9697412481815,0.19617180093966624,1.6510081119842699,0.6056535027800137,68.4955005645752,68.78813725684876,35423861,0.005831776457727145,0.0058148374737403115,-0.025294960057080096,0.01617332486039036,0.02531831598005696,-0.0002950663133676201,4,9
2018-09-17,68.91000366210938,69.72000122070312,68.52999877929688,68.93000030517578,422294,51.564904272379316,0.19136209302760676,1.6180791355144113,0.565443279505778,68.6455005645752,68.80688593458116,35001567,-0.0011595043359490242,-0.001160177081185859,0.005831776457727145,-0.025294960057080096,0.01617332486039036,-0.003099617482991257,0,9
2018-09-18,69.8499984741211,70.41999816894531,68.52999877929688,68.80000305175781,234202,55.91111122191576,0.2603983798891534,1.637502010809699,0.7855282229052808,68.81650047302246,68.96736478681808,35235769,0.013640904978337476,0.013548705345408137,-0.0011595043359490242,0.005831776457727145,-0.025294960057080096,0.02531831598005696,1,9
2018-09-19,71.12000274658203,71.5,69.6500015258789,69.70999908447266,125208,61.002657141268955,0.4128300180551605,1.6526803296176558,1.0450496131960703,69.0050006866455,69.29853985755099,35360977,0.018181879745229557,0.01801856596674123,0.013640904978337476,-0.0011595043359490242,0.005831776457727145,0.01617332486039036,2,9
2018-09-20,70.80000305175781,71.80999755859375,70.7300033569336,71.38999938964844,607520,59.149134184382056,0.5020248584208531,1.6117741776206915,0.908939277492807,69.15200080871583,69.52953419512127,34753457,-0.004499433105542128,-0.004509586021033774,0.018181879745229557,0.013640904978337476,-0.0011595043359490242,-0.025294960057080096,3,9
2018-09-21,70.77999877929688,71.80000305175781,69.9800033569336,70.19999694824219,855943,59.028389496942545,0.5645899924321753,1.6266474288495147,0.8632153372084171,69.29950065612793,69.72191336191752,33897514,-0.0002825462090207953,-0.00028258613272128186,-0.004499433105542128,0.018181879745229557,0.013640904978337476,0.005831776457727145,4,9
2018-09-24,72.08000183105469,72.73999786376953,71.13999938964844,71.13999938964844,576894,64.1500881895904,0.7108781329809091,1.6504582613940249,1.0559870741575668,69.46750068664551,70.08469620332323,34474408,0.018366813706954588,0.018200181032295953,-0.0002825462090207953,-0.004499433105542128,0.018181879745229557,-0.0011595043359490242,0,9
2018-09-25,72.27999877929688,72.77999877929688,71.88999938964844,72.25,551280,64.87749957917795,0.8333443457152612,1.5961397705550542,1.0023808901093023,69.63800048828125,70.42243506116533,35025688,0.002774652374606612,0.00277081013232352,0.018366813706954588,-0.0002825462090207953,-0.004499433105542128,0.013640904978337476,1,9
2018-09-26,71.56999969482422,72.37999725341797,71.47000122070312,72.08999633789062,464463,60.20705230670425,0.8631587524213984,1.5471295035664678,0.8288920884542659,69.79000053405761,70.59898346634363,34561225,-0.009822898401542601,-0.009871461349007222,0.002774652374606612,0.018366813706954588,-0.0002825462090207953,0.018181879745229557,2,9
2018-09-27,72.12000274658203,72.5999984741211,71.70999908447266,72.01000213623047,454549,62.46146628472371,0.9205559384148927,1.5101915946900684,0.8811622942607573,69.92050056457519,70.83298643253414,35015774,0.007684826800377742,0.0076554489321280055,-0.009822898401542601,0.002774652374606612,0.018366813706954588,-0.004499433105542128,3,9
2018-09-28,73.25,73.7300033569336,71.87999725341797,72.18000030517578,544047,66.64279390918986,1.0451768087575175,1.5344640596061796,0.9922484940510441,70.0705005645752,71.20483467368274,35559821,0.015668291879973983,0.015546811478560787,0.007684826800377742,-0.009822898401542601,0.002774652374606612,-0.0002825462090207953,4,9
2018-10-01,75.30000305175781,75.7699966430664,72.94999694824219,73.29000091552734,601451,72.60458303872323,1.2944364029410025,1.6262880335503254,1.1275543263160077,70.34550056457519,71.83486057800198,36161272,0.027986389785089605,0.027601927436662597,0.015668291879973983,0.007684826800377742,-0.009822898401542601,0.018366813706954588,0,10
2018-10-02,75.2300033569336,75.91000366210938,74.93000030517578,75.41999816894531,463615,72.13052408594544,1.4693898255439137,1.580124842363416,1.0158613172270772,70.61350059509277,72.35719023629915,35697657,-0.0009296107833635103,-0.0009300431394371297,0.027986389785089605,0.015668291879973983,0.007684826800377742,0.002774652374606612,1,10
2018-10-03,76.41000366210938,76.9000015258789,74.30000305175781,75.12000274658203,698817,75.08390188487408,1.6838474906679721,1.652972958917536,1.0365721502273963,70.99800071716308,72.98069999411611,36396474,0.015685235311996282,0.015563493392167537,-0.0009296107833635103,0.027986389785089605,0.015668291879973983,-0.009822898401542601,2,10
2018-10-04,74.33000183105469,76.47000122070312,73.87999725341797,76.18000030517578,687949,62.509134240361796,1.6667546606876726,1.7199037452295087,0.799567027498212,71.3260009765625,73.18828489210667,35708525,-0.0272215905165063,-0.02759896221524061,0.015685235311996282,-0.0009296107833635103,0.027986389785089605,0.007684826800377742,3,10
2018-10-05,74.33999633789062,75.22000122070312,73.83999633789062,74.66999816894531,613218,62.5415969471599,1.6351657698160693,1.6956252550568653,0.7741895637791681,71.65550079345704,73.36547126838111,36321743,0.0001344612752554042,0.0001344522361483967,-0.0272215905165063,0.015685235311996282,-0.0009296107833635103,0.015668291879973983,4,10
2018-10-08,74.29000091552734,74.58000183105469,73.06999969482422,74.4000015258789,554938,62.251220966632665,1.5877940322231439,1.6823664608549798,0.7476385770677718,71.99300079345703,73.50770659871131,35766805,-0.0006725238744436091,-0.0006727501200671998,0.0001344612752554042,-0.0272215905165063,0.015685235311996282,0.027986389785089605,0,10
2018-10-09,74.95999908447266,75.27999877929688,74.0,74.20999908447266,623537,64.62180549544213,1.586032051492424,1.6536259121722579,0.7895643157851406,72.27850074768067,73.73113621190537,36390342,0.009018685700477258,0.00897826022921113,-0.0006725238744436091,0.0001344612752554042,-0.0272215905165063,-0.0009296107833635103,1,10
2018-10-10,73.16999816894531,75.08000183105469,72.37999725341797,74.66000366210938,652737,54.732570396709235,1.4237850471001678,1.7283672454197192,0.5824060043818687,72.41850051879882,73.6448072822192,35737605,-0.023879414853116288,-0.024169149845347494,0.009018685700477258,-0.0006725238744436091,0.0001344612752554042,0.015685235311996282,2,10
2018-10-11,70.97000122070312,72.76000213623047,70.51000213623047,72.68000030517578,783962,45.51367254232917,1.1049446455416074,1.7949121587979424,0.31640018222159816,72.53750076293946,73.23329865737058,34953643,-0.030066926380980963,-0.030528206134113146,-0.023879414853116288,0.009018685700477258,-0.0006725238744436091,-0.0272215905165063,3,10
2018-10-12,71.33999633789062,72.01000213623047,70.63999938964844,70.98999786376953,626668,47.12665103157305,0.8720642303577932,1.764561486496806,0.3353010402872395,72.65500068664551,72.94202137745059,35580311,0.005213401589734934,0.005199858860398922,-0.030066926380980963,-0.023879414853116288,0.009018685700477258,0.0001344612752554042,4,10
2018-10-15,71.77999877929688,72.69999694824219,70.8499984741211,71.8499984741211,568610,49.05800023964491,0.7147699205640379,1.7706641284699693,0.359849142673775,72.79850044250489,72.76324867004232,36148921,0.006167682422105081,0.006148740115727923,0.005213401589734934,-0.030066926380980963,-0.023879414853116288,-0.0006725238744436091,0,10
2018-10-16,71.91999816894531,72.29000091552734,71.0199966430664,71.72000122070312,535003,49.687729169863026,0.5945561542809088,1.7349027101836099,0.35568619173591287,72.9020004272461,72.6335178237197,36683924,0.0019503955423416652,0.0019484959904731772,0.006167682422105081,0.005213401589734934,-0.030066926380980963,0.009018685700477258,1,10
2018-10-17,69.75,72.43000030517578,69.43000030517578,72.16999816894531,651584,41.18862976164394,0.3204907438095148,1.825266802313352,0.07088928023118926,72.833500289917,72.18989969699359,36032340,-0.030172389101676966,-0.030636944002285952,0.0019503955423416652,0.006167682422105081,0.005213401589734934,-0.023879414853116288,2,10
2018-10-18,68.6500015258789,70.02999877929688,68.47000122070312,70.02999877929688,215337,37.67101347890373,0.01436564942130758,1.8063189991905233,-0.01705248362464941,72.72600021362305,71.64529997836055,35817003,-0.015770587442596296,-0.015896266260562814,-0.030172389101676966,0.0019503955423416652,0.006167682422105081,-0.030066926380980963,3,10
2018-10-19,69.12000274658203,69.7699966430664,68.55999755859375,68.68000030517578,108311,40.027760526128795,-0.18814668497969933,1.7637247195678185,0.07712551970775187,72.6430004119873,71.25679271193309,35925314,0.006846339552169622,0.006823009791317145,-0.015770587442596296,-0.030172389101676966,0.0019503955423416652,0.005213401589734934,4,10
2018-10-22,69.16999816894531,69.6500015258789,68.2699966430664,69.41000366210938,513770,40.28641025384117,-0.34067783425088294,1.7363161597995815,0.12434989591982204,72.49750022888183,70.93574739762728,36439084,0.0007233133735047304,0.0007230519084597641,0.006846339552169622,-0.015770587442596296,-0.030172389101676966,0.006167682422105081,0,10
2018-10-23,66.43000030517578,69.66000366210938,65.73999786376953,69.55000305175781,853265,32.112339814633856,-0.6748752556130455,1.8922939911238859,-0.059576331169522864,72.20500030517579,70.24255553725013,35585819,-0.039612518957672704,-0.040418449869593934,0.0007233133735047304,0.006846339552169622,-0.015770587442596296,0.0019503955423416652,1,10
2018-10-24,66.81999969482422,67.72000122070312,66.05000305175781,66.16999816894531,775963,34.16004631094039,-0.897908893624404,1.8764157181111307,0.045875612128771885,71.96750030517578,69.71600848456922,36361782,0.005870832272419024,0.005853666090383047,-0.039612518957672704,0.0007233133735047304,0.006846339552169622,-0.030172389101676966,2,10
2018-10-25,67.33000183105469,67.6500015258789,65.98999786376953,66.36000061035156,573096,36.842869246174985,-1.021733836827181,1.8609577141110054,0.13445211126867568,71.72800025939941,69.34893053787466,36934878,0.007632477380420832,0.00760349739093885,0.005870832272419024,-0.039612518957672704,0.0007233133735047304,-0.015770587442596296,3,10
2018-10-26,67.58999633789062,67.87999725341797,66.19999694824219,66.94999694824219,595211,38.22482251035013,-1.086363688229028,1.8480321849013464,0.19067265717425386,71.44500007629395,69.07832527633866,37530089,0.0038614956151095114,0.0038540591786137028,0.007632477380420832,0.005870832272419024,-0.039612518957672704,0.006846339552169622,4,10
2018-10-29,67.04000091552734,67.94999694824219,66.29000091552734,67.55000305175781,477487,36.40985243434974,-1.16849367742779,1.8346010311737388,0.1806095370480565,71.03199996948243,68.76473691313691,37052602,-0.008137231131272515,-0.008170519100769042,0.0038614956151095114,0.007632477380420832,0.005870832272419024,0.0007233133735047304,0,10
2018-10-30,66.18000030517578,67.26000213623047,65.33000183105469,66.68000030517578,680441,33.71421538634152,-1.2881284050910011,1.8414152650310276,0.1496384745110342,70.57949981689453,68.36708512729675,36372161,-0.0128281712202718,-0.012911162725496344,-0.008137231131272515,0.0038614956151095114,0.007632477380420832,-0.039612518957672704,1,10
2018-10-31,65.30999755859375,67.0,64.80999755859375,66.31999969482422,666487,31.197849955267174,-1.4365817195961768,1.8663143490578291,0.1121673474164465,70.02449951171874,67.8967639628809,35705674,-0.013146006989576686,-0.013233180572013841,-0.0128281712202718,-0.008137231131272515,0.0038614956151095114,0.005870832272419024,2,10
2018-11-01,63.689998626708984,65.38999938964844,63.11000061035156,64.87999725341797,790286,27.13631404125279,-1.6657506788648675,1.8958632369320465,0.04200325751769876,69.49249935150146,67.24956929577753,34915388,-0.02480476178905633,-0.02511758371159087,-0.013146006989576686,-0.0128281712202718,-0.008137231131272515,0.007632477380420832,3,11
2018-11-02,63.13999938964844,63.95000076293945,62.630001068115234,63.5,708906,25.903341333637158,-1.870190678070358,1.8547301267814873,0.05439476442346801,68.93249950408935,66.61732777175767,34206482,-0.008635566791014182,-0.008673069357953655,-0.02480476178905633,-0.013146006989576686,-0.0128281712202718,0.0038614956151095114,4,11
2018-11-05,63.099998474121094,64.13999938964844,62.52000045776367,62.9900016784668,609129,25.811485206765965,-2.0122427085660775,1.8379636128602928,0.0934477744689545,68.37299938201905,66.07620018750589,33597353,-0.0006335273347167769,-0.0006337280979558382,-0.008635566791014182,-0.02480476178905633,-0.013146006989576686,-0.008137231131272515,0,11
2018-11-06,62.209999084472656,63.31999969482422,61.310001373291016,62.70000076293945,761240,23.790082899207846,-2.1716025959228062,1.8502518063369293,0.059570468394682025,67.73549938201904,65.48140001780847,32836113,-0.014104586547865727,-0.014205001555045851,-0.0006335273347167769,-0.008635566791014182,-0.02480476178905633,-0.0128281712202718,1,11
2018-11-07,61.66999816894531,63.18000030517578,61.20000076293945,61.7400016784668,866628,22.63196824213999,-2.314786596703925,1.859519501758315,0.06307473406974973,67.16049938201904,64.89503050259876,31969485,-0.008680291327349154,-0.00871818449797804,-0.014104586547865727,-0.0006335273347167769,-0.008635566791014182,-0.013146006989576686,2,11
2018-11-08,60.66999816894531,62.41999816894531,60.400001525878906,61.63999938964844,764546,20.629210592250175,-2.480360539233814,1.870982154708893,0.04926948464880429,66.64549922943115,64.24502552819054,31204939,-0.01621534019281945,-0.016348247538583063,-0.008680291327349154,-0.014104586547865727,-0.0006335273347167769,-0.02480476178905633,3,11
2018-11-09,60.189998626708984,60.790000915527344,59.2599983215332,60.75,821729,19.7268317156269,-2.62010805838311,1.8466264718006964,0.06810971355285686,66.08799934387207,63.62117523565492,30383210,-0.007911645899505215,-0.007943109029898072,-0.01621534019281945,-0.008680291327349154,-0.014104586547865727,-0.008635566791014182,4,11
2018-11-12,59.93000030517578,61.279998779296875,58.68000030517578,60.70000076293945,806219,19.235996840701972,-2.720478680991249,1.9004387576807247,0.09114098006731003,65.49549942016601,63.053302169427354,29576991,-0.00431962664006158,-0.004328983181448226,-0.007911645899505215,-0.01621534019281945,-0.008680291327349154,-0.0006335273347167769,0,11
2018-11-13,55.689998626708984,59.349998474121094,54.75,58.880001068115234,1095643,13.38643652311714,-3.1063477792543353,2.1346931539303715,-0.10823573719502834,64.6839994430542,61.92048623977837,28481348,-0.07074923505549546,-0.073376646620283,-0.00431962664006158,-0.007911645899505215,-0.01621534019281945,-0.014104586547865727,1,11
2018-11-14,56.25,57.369998931884766,55.130001068115234,55.27000045776367,844696,16.977412802452847,-3.3285944244201033,2.142214918918883,0.0070452467510523226,64.0089994430542,61.04810374135093,29326044,0.010055690197529277,0.010005468142514734,-0.07074923505549546,-0.00431962664006158,-0.007911645899505215,-0.008680291327349154,2,11
2018-11-15,56.459999084472656,57.2599983215332,55.59000015258789,56.02000045776367,256499,18.344589317645386,-3.448034525154199,2.1084851510636278,0.0777971337728935,63.399499320983885,60.34224148644658,29582543,0.0037333170572917407,0.0037263655253099107,0.010055690197529277,-0.07074923505549546,-0.00431962664006158,-0.01621534019281945,3,11
2018-11-16,56.459999084472656,57.959999084472656,55.88999938964844,56.58000183105469,159001,18.344589317645386,-3.5023191109127794,2.10573618990367,0.12045560443706049,62.76649913787842,59.74497342460444,29741544,0.0,0.0,0.0037333170572917407,0.010055690197529277,-0.07074923505549546,-0.007911645899505215,4,11
2018-11-19,56.7599983215332,57.33000183105469,55.08000183105469,56.720001220703125,699684,20.513267386001942,-3.481005737699846,2.1160407477676935,0.16975620535604163,62.145999145507815,59.2857464856704,30441228,0.005313482853793516,0.005299416110705423,0.0,0.0037333170572917407,0.010055690197529277,-0.00431962664006158,0,11
2018-11-20,53.43000030517578,57.439998626708984,52.77000045776367,57.38999938964844,983120,15.570059282540399,-3.6902785122686623,2.298466277851809,0.0383856058240838,61.49599914550781,58.384862457901995,29458108,-0.05866804289693062,-0.06045943103917139,0.005313482853793516,0.0,0.0037333170572917407,-0.07074923505549546,1,11
2018-11-21,54.630001068115234,55.86000061035156,53.38999938964844,53.38999938964844,734277,22.790550435795723,-3.7164576507160874,2.3107187737697603,0.14715868875658533,60.88649921417236,57.80719147485787,30192385,0.022459306683238145,0.022210810278059955,-0.05866804289693062,0.005313482853793516,0.0,0.010055690197529277,2,11
2018-11-23,50.41999816894531,54.119998931884766,50.150001525878906,53.869998931884766,1014667,17.22493297672912,-4.030456265094813,2.4656674000888006,-0.008911918553752507,60.040999031066896,56.67070019702518,29177718,-0.07706393587510085,-0.08019531651569936,0.022459306683238145,-0.05866804289693062,0.005313482853793516,0.0037333170572917407,4,11
2018-11-26,51.630001068115234,52.25,50.099998474121094,50.619998931884766,663108,23.041961927002916,-4.134011002180316,2.443119837645237,0.09776285329036764,59.24299926757813,55.895208023346726,29840826,0.02399847169996905,0.023715034135703316,-0.07706393587510085,0.022459306683238145,-0.05866804289693062,0.0,0,11
2018-11-27,51.560001373291016,52.380001068115234,50.29999923706055,51.540000915527344,764010,22.941519250252497,-4.1736164156984685,2.4171828371744835,0.1292234585379298,58.46899929046631,55.228253154107385,29076816,-0.0013557949520836,-0.0013567148736369913,0.02399847169996905,-0.07706393587510085,0.022459306683238145,0.005313482853793516,1,11
2018-11-28,50.290000915527344,52.560001373291016,50.060001373291016,52.09000015258789,831688,21.140927429960044,-4.258394295675906,2.423098348804878,0.10131536810480242,57.674499320983884,54.468522040479684,28245128,-0.024631505506932605,-0.02493993631696902,-0.0013557949520836,0.02399847169996905,-0.07706393587510085,-0.05866804289693062,2,11
2018-11-29,51.45000076293945,52.20000076293945,49.40999984741211,50.310001373291016,812721,26.792718708246127,-4.183751401327051,2.44930567499934,0.19065464215621217,56.98149948120117,54.00413415162734,29057849,0.02306621249342533,0.0228042087199823,-0.024631505506932605,-0.0013557949520836,0.02399847169996905,0.022459306683238145,3,11
2018-11-30,50.93000030517578,51.790000915527344,49.650001525878906,51.27000045776367,796714,25.896715404514637,-4.119073940546819,2.427212368902847,0.19079432302813318,56.34349956512451,53.53119048294249,28261135,-0.010106908650198476,-0.010158330220237167,0.02306621249342533,-0.024631505506932605,-0.0013557949520836,-0.07706393587510085,4,11
2018-12-03,52.95000076293945,53.849998474121094,52.029998779296875,52.45000076293945,758010,34.991554737730326,-3.860320065064961,2.4624113546201656,0.32597026408975044,55.83399963378906,53.4417766798651,29019145,0.039662290313365434,0.038895939567516,-0.010106908650198476,0.02306621249342533,-0.024631505506932605,0.02399847169996905,0,12
2018-12-04,53.25,54.54999923706055,52.43000030517578,53.130001068115234,738130,36.2430761767111,-3.5896688552203244,2.4379533244247797,0.36323111765118393,55.341499710083006,53.41227257527047,29757275,0.005665707889290994,0.005649718133442082,0.039662290313365434,-0.010106908650198476,0.02306621249342533,-0.0013557949520836,1,12
2018-12-06,51.4900016784668,53.29999923706055,50.08000183105469,52.93000030517578,987266,32.312825621793436,-3.4771110058607064,2.4938136159662854,0.2675159621212558,54.80549983978271,53.11653859114683,28770009,-0.033051611671985004,-0.03361015793356702,0.005665707889290994,0.039662290313365434,-0.010106908650198476,-0.024631505506932605,3,12
2018-12-07,52.61000061035156,54.220001220703125,50.599998474121094,51.7599983215332,987717,36.99512700750097,-3.2599548158603895,2.574255696724553,0.3648604708197764,54.35249996185303,53.038609671024474,29757726,0.02175177501214076,0.02151858068818452,-0.033051611671985004,0.005665707889290994,0.039662290313365434,0.02306621249342533,4,12
2018-12-10,51.0,52.810001373291016,50.529998779296875,52.029998779296875,733225,33.41656980995279,-3.1811008146533126,2.553237617958095,0.2571603746431812,53.86900005340576,52.72497741394378,29024501,-0.030602558290690807,-0.031080594619826298,0.02175177501214076,-0.033051611671985004,0.005665707889290994,-0.010106908650198476,0,12
2018-12-11,51.650001525878906,52.43000030517578,50.70000076293945,50.88999938964844,665262,36.103839309639866,-3.031216779567359,2.4944348982636835,0.32807152916214016,53.442000198364255,52.55959650808765,29689763,0.012745127958409874,0.012664592383991308,-0.030602558290690807,0.02175177501214076,-0.033051611671985004,0.039662290313365434,1,12
2018-12-12,51.150001525878906,52.880001068115234,50.939998626708984,51.95000076293945,730810,34.935803635091176,-2.9191285266701925,2.4548325799167237,0.2875600030316453,53.003000259399414,52.342735741594,28958953,-0.009680541824369171,-0.009727702879227465,0.012745127958409874,-0.030602558290690807,0.02175177501214076,0.005665707889290994,2,12
2018-12-13,52.58000183105469,53.27000045776367,50.349998474121094,51.20000076293945,733627,40.831610857151325,-2.6839695745382173,2.488058965897142,0.4680418496746404,52.8475004196167,52.37923821689564,29692580,0.02795699437960497,0.0275733318968116,-0.009680541824369171,0.012745127958409874,-0.030602558290690807,-0.033051611671985004,3,12
2018-12-14,51.20000076293945,52.95000076293945,50.84000015258789,52.83000183105469,526839,37.317305766941445,-2.5792272377085226,2.4610547976438863,0.3227651662087758,52.595000457763675,52.19781707013315,29165741,-0.0262457402065015,-0.02659630717927811,0.02795699437960497,-0.009680541824369171,0.012745127958409874,0.02175177501214076,4,12
2018-12-17,49.880001068115234,51.869998931884766,49.0099983215332,51.25,211257,34.278237068187366,-2.573070371258602,2.4895509271230063,0.17580391253335115,52.2660005569458,51.84122999289963,28954484,-0.02578124365536505,-0.026119404721090145,-0.0262457402065015,0.02795699437960497,-0.009680541824369171,-0.030602558290690807,0,12
2018-12-18,46.2400016784668,49.59000015258789,45.790000915527344,49.15999984741211,120101,27.60260403166751,-2.829294197900758,2.6038687289419267,-0.1842288543561299,51.75500068664551,50.97950255990996,28834383,-0.07297512653774241,-0.07577488156238919,-0.02578124365536505,-0.0262457402065015,0.02795699437960497,0.012745127958409874,1,12
2018-12-19,47.20000076293945,48.0,45.93000030517578,45.93000030517578,817721,31.397237003502994,-2.9212155687547607,2.565735226504948,-0.035942047194529377,51.27700080871582,50.39804074499142,29652104,0.020761225121661564,0.020548648092337266,-0.07297512653774241,-0.02578124365536505,-0.0262457402065015,-0.009680541824369171,2,12
2018-12-20,45.880001068115234,47.5099983215332,45.66999816894531,47.38999938964844,794130,29.13591123764452,-3.065242651845672,2.5138970069394437,-0.07889750192206953,50.89950084686279,49.7029577177797,28857974,-0.027966094777283512,-0.028364593213682888,0.020761225121661564,-0.07297512653774241,-0.02578124365536505,0.02795699437960497,3,12
2018-12-21,45.59000015258789,46.77000045776367,45.130001068115234,46.25,694003,28.6477398894079,-3.166286819587505,2.4514757485615144,-0.0321132795530365,50.44750080108643,49.07019501544249,28163971,-0.006320856773669115,-0.006340917969488425,-0.027966094777283512,0.020761225121661564,-0.07297512653774241,-0.0262457402065015,4,12
2018-12-24,42.529998779296875,46.2400016784668,42.36000061035156,45.45000076293945,415859,24.065786418378153,-3.4534721110484767,2.55351327138678,-0.15730810743163492,50.053000831604,48.064010979112396,27748112,-0.06712001235028109,-0.06947871700893406,-0.006320856773669115,-0.027966094777283512,0.020761225121661564,-0.02578124365536505,0,12
2018-12-26,46.220001220703125,47.0,42.52000045776367,42.849998474121094,698408,37.12527385297926,-3.344759855630244,2.6911194335903192,0.1984667148766369,49.7825008392334,47.78031717012635,28446520,0.08676234534016736,0.08320295069357107,-0.06712001235028109,-0.006320856773669115,-0.027966094777283512,-0.07297512653774241,2,12
2018-12-27,44.61000061035156,46.70000076293945,44.369998931884766,46.58000183105469,665590,34.34944652814413,-3.3499026118334,2.6653253191234887,0.11434441974327635,49.435000801086424,47.29257616093023,27780930,-0.034833417737565986,-0.03545456843482844,0.08676234534016736,-0.06712001235028109,-0.006320856773669115,0.020761225121661564,3,12
2018-12-28,45.33000183105469,46.220001220703125,44.41999816894531,45.439998626708984,564385,36.631308626162884,-3.258320313624992,2.603516585740226,0.20281599876808065,49.187000846862794,46.990641648641684,28345315,0.016139906093972423,0.016011042524521263,-0.034833417737565986,0.08676234534016736,-0.06712001235028109,-0.027966094777283512,4,12
2018-12-31,45.40999984741211,46.529998779296875,44.72999954223633,45.220001220703125,476970,36.8937630850171,-3.14305433721524,2.5461224894059633,0.236785811522131,48.88500080108643,46.74746598691406,28822285,0.0017647918183540945,0.0017632364029936884,0.016139906093972423,-0.034833417737565986,0.08676234534016736,-0.006320856773669115,0,12
2019-01-02,46.540000915527344,47.779998779296875,44.349998474121094,45.79999923706055,850480,40.63401791606135,-2.9267854176461015,2.609256619103807,0.3391342736771165,48.66550083160401,46.71554828362379,29672765,0.024884410304168547,0.024579835796350404,0.0017647918183540945,0.016139906093972423,-0.034833417737565986,-0.06712001235028109,2,1
2019-01-03,47.09000015258789,47.4900016784668,45.349998474121094,46.2599983215332,788718,42.422759774331126,-2.680115693458653,2.575738518049657,0.3987696452009948,48.372500801086424,46.77315626346442,30461483,0.011817774521724278,0.011748489949825535,0.024884410304168547,0.0017647918183540945,0.016139906093972423,0.08676234534016736,3,1
2019-01-04,47.959999084472656,49.220001220703125,46.650001525878906,46.900001525878906,817277,45.23378077160867,-2.3869116848599248,2.5753286021049826,0.48751348154251156,48.10800075531006,46.95574746669646,31278760,0.018475237397869382,0.018306643574110024,0.011817774521724278,0.024884410304168547,0.0017647918183540945,-0.034833417737565986,4,1
2019-01-07,48.52000045776367,49.790000915527344,48.11000061035156,48.29999923706055,819939,47.02655866431291,-2.0853196975202053,2.5220909756013903,0.5489478818299898,47.9595006942749,47.19640177301449,32098699,0.011676425854485029,0.011608782440465858,0.018475237397869382,0.011817774521724278,0.024884410304168547,0.016139906093972423,0,1
2019-01-08,49.779998779296875,49.95000076293945,48.310001373291016,48.72999954223633,765981,50.91958641277924,-1.7247526652938987,2.459084433747608,0.6820465028846385,47.818000602722165,47.593878235519476,32864680,0.02596863787398407,0.02563717890710155,0.011676425854485029,0.018475237397869382,0.011817774521724278,0.0017647918183540945,1,1
2019-01-09,52.36000061035156,52.58000183105469,49.709999084472656,49.79999923706055,891922,57.76414348235478,-1.2167897143168531,2.4884357418072094,0.9009963782749386,47.886000633239746,48.327127831647495,33756602,0.0518280814447849,0.050529680281041586,0.02596863787398407,0.011676425854485029,0.018475237397869382,0.024884410304168547,2,1
2019-01-10,52.59000015258789,52.779998779296875,51.369998931884766,52.18000030517578,821782,58.322143421900726,-0.7865989520417216,2.411404606493274,0.9071701939948089,47.933000564575195,48.982954342561406,34578384,0.004392657363545993,0.004383037804186959,0.0518280814447849,0.02596863787398407,0.011676425854485029,0.011817774521724278,3,1
2019-01-11,51.59000015258789,53.310001373291016,51.18000030517578,52.279998779296875,812339,54.92450831420299,-0.5203628966746905,2.391304353751985,0.8149248974850132,47.955000495910646,49.38403831333471,33766045,-0.019015021812103794,-0.019198132288453507,0.004392657363545993,0.0518280814447849,0.02596863787398407,0.018475237397869382,4,1
2019-01-14,50.5099983215332,52.11000061035156,50.380001068115234,51.72999954223633,791527,51.439159131252005,-0.39199732532681963,2.3440682957865806,0.7415157525988713,47.85150032043457,49.55726292998064,32974518,-0.020934325021522815,-0.021156554964686724,-0.019015021812103794,0.004392657363545993,0.0518280814447849,0.011676425854485029,0,1
2019-01-15,52.11000061035156,52.29999923706055,50.63999938964844,50.779998779296875,664183,55.90357174197778,-0.15932329253798372,2.304492054339492,0.8743284300697747,47.897000312805176,49.949991803883854,33638701,0.03167694203102456,0.03118557738430152,-0.020934325021522815,-0.019015021812103794,0.004392657363545993,0.02596863787398407,1,1
2019-01-16,52.310001373291016,52.52000045776367,51.2599983215332,52.0,694182,56.44262976133655,0.04074130446881696,2.2298856316174187,0.8641724364657245,48.018500328063965,50.31307019917726,34332883,0.0038380495221050914,0.003830703001577877,0.03167694203102456,-0.020934325021522815,-0.019015021812103794,0.0518280814447849,2,1
2019-01-17,52.06999969482422,52.58000183105469,50.97999954223633,52.29999923706055,288560,55.56482216209695,0.17787734994439575,2.184893964274629,0.8089548472702336,48.31000022888183,50.583367044661415,34044323,-0.004588064847372397,-0.004598622321521806,0.0038380495221050914,0.03167694203102456,-0.020934325021522815,0.004392657363545993,3,1
2019-01-18,53.79999923706055,53.91999816894531,52.09000015258789,52.22999954223633,193099,60.351510341201916,0.42129868979802154,2.1609728578350906,0.8963437034308221,48.64000015258789,51.07823353579974,34237422,0.033224496876812726,0.032684491672775574,-0.004588064847372397,0.0038380495221050914,0.03167694203102456,-0.019015021812103794,4,1
2019-01-22,52.56999969482422,54.2400016784668,51.79999923706055,53.72999954223633,951158,55.75297130962509,0.5090926684816068,2.1809035423758876,0.7726007679034642,48.97450008392334,51.30773602180351,33286264,-0.022862445347193172,-0.023127843960483143,0.033224496876812726,-0.004588064847372397,0.0038380495221050914,-0.020934325021522815,1,1
2019-01-23,52.619998931884766,53.63999938964844,51.86000061035156,52.95000076293945,702866,55.90007132969974,0.5760640419908825,2.152267487870244,0.7501079665999614,49.32600002288818,51.509622623354474,33989130,0.0009510982946698832,0.0009506462872664309,-0.022862445347193172,0.033224496876812726,-0.004588064847372397,0.03167694203102456,2,1
2019-01-24,53.130001068115234,53.470001220703125,52.06999969482422,52.45000076293945,714415,57.45382595163132,0.662653590029457,2.098534204870863,0.7732222332607034,49.856000137329104,51.75891161485613,34703545,0.009692173063147624,0.009645505253166787,0.0009510982946698832,-0.022862445347193172,0.033224496876812726,0.0038380495221050914,3,1
2019-01-25,53.689998626708984,53.939998626708984,52.90999984741211,53.16999816894531,593385,59.155502169133726,0.7676149660725144,2.0222102459012925,0.7898463194805108,50.2295000076294,52.056001924371955,35296930,0.010540138289773626,0.010484978289667176,0.009692173063147624,0.0009510982946698832,-0.022862445347193172,-0.004588064847372397,4,1
2019-01-28,51.9900016784668,53.63999938964844,51.33000183105469,53.560001373291016,650667,52.31498115258584,0.7054896213339674,2.0463378565979355,0.6283269356992498,50.59850006103515,52.045848040386545,34646263,-0.03166319597178191,-0.03217531417628511,0.010540138289773626,0.009692173063147624,0.0009510982946698832,0.033224496876812726,0,1
2019-01-29,53.310001373291016,53.93000030517578,51.84000015258789,52.119998931884766,660527,56.519346706138656,0.7540752713813816,2.0494565920257894,0.7327580955738573,50.997500038146974,52.240333168525694,35306790,0.025389491290802146,0.025072531915106076,-0.03166319597178191,0.010540138289773626,0.009692173063147624,-0.022862445347193172,1,1
2019-01-30,54.22999954223633,54.93000030517578,53.09000015258789,53.2400016784668,731312,59.21822004538187,0.8569376685551191,2.0344954177802252,0.8141082272144081,51.438500022888185,52.546435687558095,36038102,0.017257515386338795,0.017110295816671183,0.025389491290802146,-0.03166319597178191,0.010540138289773626,0.0009510982946698832,2,1
2019-01-31,53.790000915527344,55.369998931884766,53.619998931884766,54.279998779296875,718650,57.38369357493772,0.8926625887850506,2.0141743165102093,0.7523901571809049,51.80100002288818,52.73775341493798,35319452,-0.008113565008723622,-0.008146659106265738,0.017257515386338795,0.025389491290802146,-0.03166319597178191,0.009692173063147624,3,1
2019-02-01,55.2599983215332,55.65999984741211,53.369998931884766,54.0099983215332,689566,61.65735960147629,1.0277441559538687,2.0338762164400044,0.9261047859185334,52.20949993133545,53.1257910928757,36009018,0.027328451031528367,0.026961695815726383,-0.008113565008723622,0.017257515386338795,0.025389491290802146,0.010540138289773626,4,2
2019-02-04,54.560001373291016,55.75,53.290000915527344,55.31999969482422,622472,58.641612366057814,1.0660248961157706,2.0643135641566226,0.8215555883568906,52.539500045776364,53.34643882832421,35386546,-0.01266733567687095,-0.012748250415781795,0.027328451031528367,-0.008113565008723622,0.017257515386338795,-0.03166319597178191,0,2
2019-02-05,53.65999984741211,55.209999084472656,53.470001220703125,54.86000061035156,609756,54.922076531206905,1.0120735036241726,2.041148156986116,0.6677246816096571,52.796500015258786,53.394678985106964,34776790,-0.016495628724809475,-0.016633196551623958,-0.01266733567687095,0.027328451031528367,-0.008113565008723622,0.025389491290802146,1,2
2019-02-06,54.0099983215332,54.29999923706055,52.86000061035156,53.72999954223633,606720,56.088532590048736,0.986190399138998,1.9982089048234637,0.7258214509254395,53.00799999237061,53.4893434984033,35383510,0.006522520967505718,0.0065013413739636915,-0.016495628724809475,-0.01266733567687095,0.027328451031528367,0.017257515386338795,2,2
2019-02-07,52.63999938964844,54.209999084472656,51.79999923706055,53.939998626708984,749010,50.57214678629948,0.8453853124645008,2.0276225435797954,0.4133992032669012,53.02199993133545,53.35867517397948,34634500,-0.025365654035552243,-0.025692908105598683,0.006522520967505718,-0.016495628724809475,-0.01266733567687095,-0.008113565008723622,3,2
2019-02-08,52.720001220703125,52.9900016784668,52.08000183105469,52.59000015258789,621003,50.87598249497287,0.7318158286587604,1.9477923509963893,0.42992348208845343,53.02849998474121,53.26041764270619,35255503,0.0015197916410010226,0.0015186379264741983,-0.025365654035552243,0.006522520967505718,-0.016495628724809475,0.027328451031528367,4,2
2019-02-11,52.40999984741211,52.779998779296875,51.22999954223633,52.65999984741211,750242,49.603568719833,0.6097676525523212,1.919378557143829,0.3445719104541995,53.06949996948242,53.12958413573787,34505261,-0.005880147308670369,-0.005897503446063548,0.0015197916410010226,-0.025365654035552243,0.006522520967505718,-0.01266733567687095,0,2
2019-02-12,53.099998474121094,54.04999923706055,52.290000915527344,52.470001220703125,708312,52.453927278495286,0.5622395685305861,1.907994254600213,0.47199327636670935,53.19899997711182,53.12503249548914,35213573,0.013165400280821693,0.01307948960929561,-0.005880147308670369,0.0015197916410010226,-0.025365654035552243,-0.016495628724809475,1,2
2019-02-13,53.900001525878906,54.599998474121094,53.27000045776367,53.349998474121094,706552,55.59015149342049,0.5824130843970252,1.8788518078430552,0.677925457245886,53.288500022888186,53.24425850016449,35920125,0.015065971275831647,0.014953606712449281,0.013165400280821693,-0.005880147308670369,0.0015197916410010226,0.006522520967505718,2,2
2019-02-14,54.40999984741211,54.68000030517578,53.08000183105469,53.959999084472656,623546,57.51412381101688,0.6322649861879412,1.8589337125772007,0.7949696974593911,53.39349994659424,53.42360332281797,36543671,0.009461935196575899,0.009417451469032376,0.015065971275831647,0.013165400280821693,-0.005880147308670369,-0.025365654035552243,3,2
2019-02-15,55.59000015258789,55.869998931884766,54.2400016784668,54.47999954223633,276907,61.65357241050406,0.7582485234889944,1.8425811083515413,1.043143835917041,53.56949996948242,53.75689514278257,36820578,0.02168719552444376,0.021455374016833284,0.009461935196575899,0.015065971275831647,0.013165400280821693,0.0015197916410010226,4,2
2019-02-19,56.09000015258789,56.33000183105469,55.290000915527344,55.779998779296875,153728,63.2858857803804,0.8881986051523469,1.7852539517212416,1.0568528970365896,53.68400001525879,54.11583437506032,36974306,0.008994423432767684,0.008954214530398831,0.02168719552444376,0.009461935196575899,0.015065971275831647,-0.005880147308670369,1,2
2019-02-20,56.91999816894531,57.54999923706055,55.47999954223633,55.939998626708984,685111,65.88216737719695,1.0461000937415719,1.8055929333714542,1.1001549249900684,53.90149993896485,54.54724418950416,37659417,0.014797611233722252,0.014689194812078006,0.008994423432767684,0.02168719552444376,0.009461935196575899,0.013165400280821693,2,2
2019-02-21,56.959999084472656,57.61000061035156,56.63999938964844,57.2400016784668,546202,66.00693062773152,1.1610816738607639,1.7459078110380022,1.0127314094754094,54.11849994659424,54.918437250268546,38205619,0.0007027567957507141,0.0007025099778222755,0.014797611233722252,0.008994423432767684,0.02168719552444376,0.015065971275831647,3,2
2019-02-22,57.2599983215332,57.810001373291016,56.709999084472656,56.84000015258789,513439,66.98212081625084,1.2618668205132693,1.6997717023080277,0.9815763026948695,54.32499980926514,55.27867741507849,38719058,0.005266840622936808,0.0052530193263338135,0.0007027567957507141,0.014797611233722252,0.008994423432767684,0.009461935196575899,4,2
2019-02-25,55.47999954223633,57.529998779296875,55.08000183105469,57.16999816894531,723012,56.605785423627374,1.1844550889664731,1.7533592198747532,0.6733948280872928,54.414499855041505,55.30965005002585,37996046,-0.031086252732695052,-0.03157968316122804,0.005266840622936808,0.0007027567957507141,0.014797611233722252,0.02168719552444376,0,2
2019-02-26,55.5,56.08000183105469,55.02000045776367,55.459999084472656,538919,56.68697654168793,1.1119022863629127,1.7038336594044863,0.6572064974861693,54.589999771118165,55.338934657714184,38534965,0.00036049852070463295,0.00036043355672539453,-0.031086252732695052,0.005266840622936808,0.0007027567957507141,0.008994423432767684,1,2
2019-02-27,56.939998626708984,57.38999938964844,55.720001220703125,55.95000076293945,577227,62.1744095503896,1.1572593566945812,1.7171312115647683,0.8609770599100132,54.77149963378906,55.58525219140569,39112192,0.025945921201963706,0.025615036979289976,0.00036049852070463295,-0.031086252732695052,0.005266840622936808,0.014797611233722252,2,2
2019-02-28,57.220001220703125,57.43000030517578,56.43000030517578,57.0,496678,63.15198325008801,1.2019437713563121,1.6659075535958563,0.8621860628034114,54.920999717712405,55.83675204206683,39608870,0.004917502647476368,0.004905451223789678,0.025945921201963706,0.00036049852070463295,-0.031086252732695052,0.0007027567957507141,3,2
2019-03-01,55.79999923706055,57.880001068115234,55.56999969482422,57.220001220703125,684186,55.34073728343342,1.1099790517111856,1.7119142550026534,0.6235171800131866,55.02149963378906,55.83109776437355,38924684,-0.0248165318655883,-0.025129653240953367,0.004917502647476368,0.025945921201963706,0.00036049852070463295,0.005266840622936808,4,3
2019-03-04,56.59000015258789,57.0,55.810001373291016,55.83000183105469,549396,58.42194393673798,1.0882976030659108,1.6753490055695675,0.7329404558989672,55.087999725341795,55.947851977944985,39474080,0.014157722694065011,0.014058438136292851,-0.0248165318655883,0.004917502647476368,0.025945921201963706,-0.031086252732695052,0,3
2019-03-05,56.560001373291016,57.189998626708984,56.09000015258789,56.45000076293945,538399,58.25757401618382,1.0565153961997424,1.6342525390375335,0.7094058008484821,55.1879997253418,56.04202880799822,38935681,-0.0005301074256226501,-0.0005302479822395995,0.014157722694065011,-0.0248165318655883,0.004917502647476368,0.00036049852070463295,1,3
2019-03-06,56.220001220703125,56.400001525878906,55.41999816894531,56.279998779296875,637677,56.32340054763186,0.9924522259847635,1.5989490151309742,0.6400766954130601,55.315999794006345,56.06940917918359,38298004,-0.0060113179691053675,-0.006029458677213597,-0.0005301074256226501,0.014157722694065011,-0.0248165318655883,0.025945921201963706,2,3
2019-03-07,56.65999984741211,56.9900016784668,56.08000183105469,56.20000076293945,628824,58.25494605708833,0.966049892180763,1.5497383602939123,0.6881773015640607,55.448499870300296,56.16026928198798,38926828,0.007826371703224977,0.007795904517971459,-0.0060113179691053675,-0.0005301074256226501,0.014157722694065011,0.004917502647476368,3,3
2019-03-08,56.06999969482422,56.5099983215332,54.52000045776367,56.43000030517578,747358,54.75799804858125,0.8872896481998964,1.591899862390664,0.5760887353280343,55.61999988555908,56.14638165319356,38179470,-0.010412992484588601,-0.010467587016509156,0.007826371703224977,-0.0060113179691053675,-0.0005301074256226501,-0.0248165318655883,4,3
2019-03-11,56.790000915527344,57.0099983215332,55.959999084472656,56.06999969482422,597156,58.066160244114755,0.8729073362117177,1.5531926748670841,0.680468046761635,55.823499870300296,56.24540000124491,38776626,0.012841113333724286,0.01275936531780135,-0.010412992484588601,0.007826371703224977,-0.0060113179691053675,0.014157722694065011,0,3
2019-03-12,56.869998931884766,57.54999923706055,56.7400016784668,56.7599983215332,652798,58.429871728008145,0.8580730892499275,1.5001073094189887,0.6867708864292191,56.04649982452393,56.34149214442027,39429424,0.0014086637624186604,0.0014076725263905405,0.012841113333724286,-0.010412992484588601,0.007826371703224977,-0.0005301074256226501,1,3
2019-03-13,58.2599983215332,58.47999954223633,57.0099983215332,57.09000015258789,610616,64.23452696822449,0.9475553474797422,1.5079568309141727,0.999123576950453,56.304499816894534,56.63664694089918,40040040,0.02444169888790193,0.024147780184344395,0.0014086637624186604,0.012841113333724286,-0.010412992484588601,-0.0060113179691053675,2,3
2019-03-14,58.61000061035156,58.7400016784668,58.0,58.349998474121094,567604,65.53937279734902,1.0347845888193206,1.453102891453646,1.0514754594017872,56.53999977111816,56.94023981312262,40607644,0.006007591810880619,0.0059896181807630134,0.02444169888790193,0.0014086637624186604,0.012841113333724286,0.007826371703224977,3,3
2019-03-15,58.52000045776367,58.95000076293945,57.7400016784668,58.5099983215332,507393,64.88384837903689,1.0841546707015084,1.4357383338121465,0.9936717665785598,56.745499801635745,57.18327991229817,40100251,-0.00153557672156035,-0.001536756927847183,0.006007591810880619,0.02444169888790193,0.0014086637624186604,-0.010412992484588601,4,3
2019-03-18,59.09000015258789,59.22999954223633,58.04999923706055,58.45000076293945,157241,67.12643611586944,1.1559499564276408,1.4174713317666918,1.0464962536029498,56.92049980163574,57.47662148772736,40257492,0.009740254449170926,0.00969312396561028,-0.00153557672156035,0.006007591810880619,0.02444169888790193,0.012841113333724286,0,3
2019-03-19,59.029998779296875,59.56999969482422,58.619998931884766,59.0099983215332,114822,66.64396137431055,1.1942401709485253,1.3840805768504605,0.9572359752419908,57.06749973297119,57.715602609507286,40142670,-0.0010154234749716329,-0.0010159393666503095,0.009740254449170926,-0.00153557672156035,0.006007591810880619,0.0014086637624186604,1,3
2019-03-20,59.83000183105469,60.119998931884766,58.38999938964844,59.02000045776367,786342,69.76439397362672,1.2744479594347595,1.4087890743780225,1.0322996524320671,57.21299991607666,58.04089479743766,40929012,0.013552482945982991,0.013461469433001087,-0.0010154234749716329,0.009740254449170926,-0.00153557672156035,0.02444169888790193,2,3
2019-03-21,59.97999954223633,60.38999938964844,59.65999984741211,59.9900016784668,655380,70.32493789413641,1.3347308252725298,1.3603041077964728,0.9785715646731019,57.363999938964845,58.33921860432976,41584392,0.0025070651277130374,0.0025039276826943103,0.013552482945982991,-0.0010154234749716329,0.009740254449170926,0.006007591810880619,3,3
2019-03-22,59.040000915527344,60.06999969482422,58.279998779296875,59.869998931884766,738840,62.50452475631135,1.2917647376840549,1.3909967369201064,0.7805804495740938,57.45300006866455,58.44703126759092,40845552,-0.01567186785400132,-0.01579596988980815,0.0025070651277130374,0.013552482945982991,-0.0010154234749716329,-0.00153557672156035,4,3
2019-03-25,58.81999969482422,59.349998474121094,58.16999816894531,58.97999954223633,705399,60.80036967438328,1.2258309279482873,1.3759255632240832,0.7193581890803571,57.62000007629395,58.504411025626816,40140153,-0.003726307880955071,-0.0037332678615669994,-0.01567186785400132,0.0025070651277130374,0.013552482945982991,0.009740254449170926,0,3
2019-03-26,59.939998626708984,60.380001068115234,59.040000915527344,59.119998931884766,685988,65.89786082336165,1.2495484456224801,1.3890738353717214,0.884012832508845,57.842000007629395,58.72527065656253,40826141,0.019041124408290644,0.018862111039872825,-0.003726307880955071,-0.01567186785400132,0.0025070651277130374,-0.0010154234749716329,1,3
2019-03-27,59.40999984741211,60.220001220703125,58.810001373291016,60.029998779296875,732150,61.80223180146387,1.21161157313702,1.3905685505174632,0.759774260553742,57.965500068664554,58.83061360900093,40093991,-0.008842155346008185,-0.008881479178159507,0.019041124408290644,-0.003726307880955071,-0.01567186785400132,0.013552482945982991,2,3
2019-03-28,59.29999923706055,59.560001373291016,58.20000076293945,59.400001525878906,712209,60.95545917321594,1.1593064354849005,1.3883851262198987,0.7184565161349257,58.06949996948242,58.90282678254856,39381782,-0.0018515504230615099,-0.0018532666613410818,-0.008842155346008185,0.019041124408290644,-0.003726307880955071,0.0025070651277130374,3,3
2019-03-29,60.13999938964844,60.72999954223633,59.40999984741211,59.529998779296875,705559,64.90933646048538,1.1721237166136405,1.3913576390024616,0.8368167039381582,58.286499977111816,59.093161029794686,40087341,0.014165264138197742,0.014065874273615876,-0.0018515504230615099,-0.008842155346008185,0.019041124408290644,-0.01567186785400132,4,3
2019-04-01,61.59000015258789,61.79999923706055,60.130001068115234,60.2400016784668,670808,70.4686343590496,1.2844777872867397,1.4112605339983795,1.0109724184908349,58.536499977111816,59.47729012560903,40758149,0.02411042197630997,0.023824354764892586,0.014165264138197742,-0.0018515504230615099,-0.008842155346008185,-0.003726307880955071,0,4
2019-04-02,62.58000183105469,62.75,61.599998474121094,61.810001373291016,793227,73.54976609068099,1.4368410502013305,1.3933133420993602,1.0628236741555026,58.8375,59.95463038798528,41551376,0.01607406520561927,0.01594624532372839,0.02411042197630997,0.014165264138197742,-0.0018515504230615099,0.019041124408290644,1,4
2019-04-03,62.459999084472656,62.9900016784668,62.04999923706055,62.63999938964844,799672,72.56150217260887,1.5302668513307154,1.3609339920498524,0.9794530780861621,59.14949989318848,60.34007172590642,40751704,-0.0019175893747335193,-0.0019194303030447386,0.01607406520561927,0.02411042197630997,0.014165264138197742,-0.008842155346008185,2,4
2019-04-04,62.099998474121094,62.77000045776367,61.88999938964844,62.5,684973,69.54266487773432,1.5573067681837358,1.3265816403402368,0.8846180563662835,59.42149982452393,60.61082968717021,40066731,-0.005763698617169188,-0.005780372829000089,-0.0019175893747335193,0.01607406520561927,0.02411042197630997,-0.0018515504230615099,3,4
2019-04-05,63.08000183105469,63.34000015258789,61.81999969482422,62.18000030517578,686862,72.85362734711524,1.6389217085141894,1.3403972701561966,0.976210497278887,59.77199993133545,60.9907023246909,40753593,0.015781052834356935,0.015657826754223118,-0.005763698617169188,-0.0019175893747335193,0.01607406520561927,0.014165264138197742,4,4
2019-04-08,64.4000015258789,64.4800033569336,63.130001068115234,63.33000183105469,895767,76.55117950530055,1.7894869883201565,1.344654716993533,1.0678071694147895,60.152499961853025,61.51520989410444,41649360,0.020925803051806025,0.020709865681742396,0.015781052834356935,-0.005763698617169188,-0.0019175893747335193,0.02411042197630997,0,4
2019-04-09,63.97999954223633,64.79000091552734,63.68000030517578,64.4000015258789,790677,73.13763470172324,1.8535537930249149,1.3278937093762495,0.9597313075857032,60.50799999237061,61.894408301509344,40858683,-0.006521769777812825,-0.0065431294375007925,0.020925803051806025,0.015781052834356935,-0.005763698617169188,0.01607406520561927,1,4
2019-04-10,64.61000061035156,64.69999694824219,64.05000305175781,64.22000122070312,722216,74.94258254442674,1.9328819583495118,1.2844725448497931,0.969982184637984,60.825500106811525,62.31219173363891,41580899,0.00984684389844892,0.009798679650199642,-0.006521769777812825,0.020925803051806025,0.015781052834356935,-0.0019175893747335193,2,4
2019-04-11,63.58000183105469,64.48999786376953,63.310001373291016,64.4800033569336,760504,67.01448152173552,1.8908413652171916,1.2855815942934183,0.8084751240207279,61.07400016784668,62.507239440933645,40820395,-0.015941785630193217,-0.01607022273489772,0.00984684389844892,-0.006521769777812825,0.020925803051806025,-0.005763698617169188,3,4
2019-04-12,63.88999938964844,64.6500015258789,63.65999984741211,63.709999084472656,625588,68.10800583464206,1.8610846788022855,1.2701828871884755,0.8136496194015735,61.34250011444092,62.71997174073592,41445983,0.004875708550897473,0.004863860779208567,-0.015941785630193217,0.00984684389844892,-0.006521769777812825,0.015781052834356935,4,4
2019-04-15,63.400001525878906,63.84000015258789,63.029998779296875,63.7599983215332,555858,64.46984137794612,1.7774739447143801,1.240884153128696,0.7292610981483394,61.55800018310547,62.824591707680995,40890125,-0.007669398473165723,-0.00769895955041857,0.004875708550897473,-0.015941785630193217,0.00984684389844892,0.020925803051806025,0,4
2019-04-16,64.05000305175781,64.37000274658203,62.9900016784668,63.56999969482422,547469,66.98895797073985,1.743562819562186,1.2508210756277347,0.7814459134448145,61.809000396728514,63.01311652984666,41437594,0.010252389751340685,0.010200190478563506,-0.007669398473165723,0.004875708550897473,-0.015941785630193217,-0.006521769777812825,1,4
2019-04-17,63.7599983215332,64.61000061035156,63.65999984741211,64.31999969482422,235376,64.78206486657467,1.6739903319798657,1.2293339104357146,0.7215830281980313,62.00550022125244,63.128021420875356,41202218,-0.004527786360763453,-0.0045380678320363745,0.010252389751340685,-0.007669398473165723,0.004875708550897473,0.00984684389844892,2,4
2019-04-18,64.0,64.16000366210938,63.459999084472656,63.75,148238,65.78660687649207,1.619550592902982,1.1915246723786435,0.7278686712474424,62.20650024414063,63.262171971509915,41350456,0.003764141856724912,0.003757075202474104,-0.004527786360763453,0.010252389751340685,-0.007669398473165723,-0.015941785630193217,3,4
2019-04-22,65.69999694824219,65.91999816894531,64.0,64.0,763527,71.90054058486348,1.694054250831833,1.243558493561977,0.9016527987559688,62.539500045776364,63.637221967930266,42113983,0.02656245231628418,0.02621579568100129,0.003764141856724912,-0.004527786360763453,0.010252389751340685,0.004875708550897473,0,4
2019-04-23,66.30000305175781,66.5999984741211,65.58000183105469,65.75,700598,73.68774742167926,1.780984335804888,1.2275897899551504,0.9374719389691277,62.913500213623045,64.04688059621142,42814581,0.00913251341530974,0.009091064180672303,0.02656245231628418,0.003764141856724912,-0.004527786360763453,-0.007669398473165723,1,4
2019-04-24,65.88999938964844,66.43000030517578,65.66000366210938,66.16999816894531,678386,70.39299311023008,1.7960889896091885,1.194904565177383,0.850196260725544,63.21100025177002,64.33043733366327,42136195,-0.006184067017150796,-0.006203267558806443,0.00913251341530974,0.02656245231628418,0.003764141856724912,0.010252389751340685,2,4
2019-04-25,65.20999908447266,66.27999877929688,64.9000015258789,65.80999755859375,603001,65.18709751789989,1.733209830899277,1.208125471480282,0.7446035949146502,63.501000213623044,64.46575452609548,41533194,-0.010320235414702617,-0.01037385829710521,-0.006184067017150796,0.00913251341530974,0.02656245231628418,-0.004527786360763453,3,4
2019-04-26,63.29999923706055,65.18000030517578,62.279998779296875,65.12999725341797,1000836,53.27028850295118,1.5118291935877082,1.3311165310299606,0.43131884291262007,63.70100021362305,64.28640755855164,40532358,-0.029289984269711522,-0.029727500268059214,-0.010320235414702617,-0.006184067017150796,0.00913251341530974,0.003764141856724912,4,4
2019-04-29,63.5,63.689998626708984,62.459999084472656,62.95000076293945,654076,54.21415926066617,1.3371084794203938,1.3238938889732725,0.4239219459147035,63.86900024414062,64.16542178031293,41186434,0.003159569752764879,0.003154588801271559,-0.029289984269711522,-0.010320235414702617,-0.006184067017150796,0.02656245231628418,0,4
2019-04-30,63.90999984741211,64.75,63.29999923706055,63.58000183105469,750494,56.16868182851025,1.217687868063834,1.3329015228279997,0.4828640441309555,63.98500022888184,64.12612609832819,41936928,0.006456690510426855,0.0064359353760011,0.003159569752764879,-0.029289984269711522,-0.010320235414702617,0.00913251341530974,1,4
2019-05-01,63.599998474121094,63.93000030517578,62.77000045776367,63.400001525878906,676872,54.281868687916976,1.0855184719172186,1.3205514031554362,0.3962312364588838,64.03600006103515,64.0451833869117,41260056,-0.00485059261510179,-0.004862394920377627,0.006456690510426855,0.003159569752764879,-0.029289984269711522,-0.006184067017150796,2,5
2019-05-02,61.810001373291016,63.68000030517578,60.95000076293945,63.61000061035156,914661,44.902411256756054,0.8268045783239799,1.4212262702326426,0.004717522285501627,64.00350017547608,63.701309230970054,40345395,-0.028144609178857638,-0.02854826046514547,-0.00485059261510179,0.006456690510426855,0.003159569752764879,-0.010320235414702617,3,5
2019-05-03,61.939998626708984,62.52000045776367,61.29999923706055,61.54999923706055,646866,45.63708112157296,0.6250563847179009,1.4068530524091056,0.041758531366761054,63.99550018310547,63.43033836877604,40992261,0.0021031750611502087,0.002100966484621207,-0.028144609178857638,-0.00485059261510179,0.006456690510426855,-0.029289984269711522,4,5
2019-05-06,62.25,62.95000076293945,60.040000915527344,61.43000030517578,768810,47.43700388583492,0.4845978652637939,1.5142206806236058,0.1355463526351648,63.954000091552736,63.24874785050281,41761071,0.005004865679111292,0.004992382971071717,0.0021031750611502087,-0.028144609178857638,-0.00485059261510179,0.003159569752764879,0,5
2019-05-07,61.400001525878906,62.4900016784668,60.65999984741211,62.16999816894531,842810,43.2122873928587,0.3012233878098698,1.5367764770829688,0.033528701670516074,63.80400009155274,62.96432533902221,40918261,-0.013654593961784589,-0.013748675340272491,0.005004865679111292,0.0021031750611502087,-0.028144609178857638,0.006456690510426855,1,5
2019-05-08,62.119998931884766,62.369998931884766,61.06999969482422,61.439998626708984,791769,47.47915795327062,0.21155687076456076,1.5198638170813672,0.2028368452917347,63.71100006103516,62.83442896869337,41710030,0.011726341825942788,0.011658121081556191,-0.013654593961784589,0.005004865679111292,0.0021031750611502087,-0.00485059261510179,2,5
2019-05-09,61.70000076293945,62.209999084472656,60.91999816894531,62.02000045776367,769583,45.33908305138732,0.10539029412356626,1.5034450383989368,0.16448586906574728,63.56550006866455,62.659901552423534,40940447,-0.006761078173968538,-0.006784037809451362,0.011726341825942788,-0.013654593961784589,0.005004865679111292,-0.028144609178857638,3,5
2019-05-10,61.65999984741211,62.4900016784668,61.41999816894531,61.63999938964844,786494,45.130440561639716,0.01781936709355847,1.4724849291934046,0.1881658276749975,63.46949996948242,62.50607052088331,40153953,-0.0006483130475318788,-0.0006485232933106442,-0.006761078173968538,0.011726341825942788,-0.013654593961784589,0.0021031750611502087,4,5
2019-05-13,61.040000915527344,63.33000183105469,60.63999938964844,61.650001525878906,1003106,41.91111476454282,-0.10045200753435779,1.5594504657800365,0.12864624734269486,63.327000045776366,62.28052135082855,39150847,-0.010055123798557553,-0.010106018008327439,-0.0006483130475318788,-0.006761078173968538,0.011726341825942788,0.005004865679111292,0,5
2019-05-14,61.779998779296875,62.11000061035156,60.689998626708984,60.86000061035156,751668,46.78991995206555,-0.13293884459132954,1.5494898599130753,0.26742741136877346,63.24599990844727,62.20351787828521,39902515,0.012123162723958858,0.012050265756552167,-0.010055123798557553,-0.0006483130475318788,-0.006761078173968538,-0.013654593961784589,1,5
2019-05-15,62.02000045776367,62.34000015258789,60.849998474121094,61.369998931884766,723001,48.30636271336101,-0.13773108907915343,1.5452407040954839,0.32276179273313405,63.14449977874756,62.17528442897421,40625516,0.0038847795922460904,0.003877253321643771,0.012123162723958858,-0.010055123798557553,-0.0006483130475318788,0.011726341825942788,2,5
2019-05-16,62.869998931884766,63.47999954223633,62.08000183105469,62.119998931884766,545679,53.37445570847633,-0.0721099654393953,1.5391520169795676,0.46362413213308695,63.099999809265135,62.282163583268144,41171195,0.013705231664742579,0.013612164352495307,0.0038847795922460904,0.012123162723958858,-0.010055123798557553,-0.006761078173968538,3,5
2019-05-17,62.7599983215332,63.63999938964844,62.52000045776367,63.119998931884766,215802,52.65499236715458,-0.028650615659202572,1.5092125109013674,0.45568932431169773,63.0379997253418,62.35567661992431,40955393,-0.001749651856535639,-0.0017511842850836798,0.013705231664742579,0.0038847795922460904,0.012123162723958858,-0.0006483130475318788,4,5
2019-05-20,63.099998474121094,63.810001373291016,62.45000076293945,63.529998779296875,131888,54.68808124450276,0.03284775449649402,1.4985545180049529,0.5332091666574038,62.90799980163574,62.470187674416124,41087281,0.005417465928631682,0.005402844244632368,-0.001749651856535639,0.013705231664742579,0.0038847795922460904,-0.010055123798557553,0,5
2019-05-21,62.9900016784668,63.599998474121094,62.75,63.279998779296875,641680,53.88194025382344,0.0718812316945261,1.452229086298963,0.5507454431406048,62.74249973297119,62.55015905965469,40445601,-0.001743213919401465,-0.0017447350848541015,0.005417465928631682,-0.001749651856535639,0.013705231664742579,0.012123162723958858,1,5
2019-05-22,61.41999816894531,62.779998779296875,61.029998779296875,62.63999938964844,766728,43.92856070152382,-0.023598588715501023,1.4884986443611743,0.2291394683487245,62.51899967193604,62.37628815339171,39678873,-0.024924646256331062,-0.025240525079747975,-0.001743213919401465,0.005417465928631682,-0.001749651856535639,0.0038847795922460904,2,5
2019-05-23,57.90999984741211,61.290000915527344,57.33000183105469,61.27000045776367,1108052,30.405597840607783,-0.3781356521366561,1.6743199081847064,-0.3399041951552449,62.153999710083006,61.68916687554869,38570821,-0.05714748333072894,-0.058845406597864997,-0.024924646256331062,-0.001743213919401465,0.005417465928631682,0.013705231664742579,3,5
2019-05-24,58.630001068115234,59.099998474121094,57.5,58.209999084472656,758099,34.83695981534261,-0.5941616226568414,1.6690112343230197,-0.06813673440827472,61.92049980163574,61.21852598209739,39328920,0.012433106934903515,0.012356450591235276,-0.05714748333072894,-0.024924646256331062,-0.001743213919401465,-0.001749651856535639,4,5
2019-05-28,59.13999938964844,59.56999969482422,58.130001068115234,58.939998626708984,1020323,37.85542610656982,-0.7159580397494096,1.652653190922017,0.07857332130487292,61.70249977111816,60.89875266018217,40349243,0.00869858966812398,0.008660974909859199,0.012433106934903515,-0.05714748333072894,-0.024924646256331062,0.005417465928631682,1,5
2019-05-29,58.810001373291016,59.13999938964844,56.880001068115234,59.06999969482422,1124959,36.67172092440527,-0.8295481451609916,1.6960349859656731,0.07617799802957681,61.44749984741211,60.577406308352764,39224284,-0.0055799462252815735,-0.005595572280696202,0.00869858966812398,0.012433106934903515,-0.05714748333072894,-0.001743213919401465,2,5
2019-05-30,56.59000015258789,59.70000076293945,56.33000183105469,59.119998931884766,842281,29.89854912864405,-1.0861838163496813,1.8156038392456082,-0.12542133785674353,61.096999931335446,59.96395920746586,38382003,-0.03774870207215053,-0.03847963797237444,-0.0055799462252815735,0.00869858966812398,0.012433106934903515,-0.024924646256331062,3,5
2019-05-31,53.5,56.61000061035156,53.04999923706055,56.459999084472656,1031488,23.415793501658897,-1.52136922542077,1.9402036631059942,-0.23706263637941818,60.6814998626709,58.96950394477881,37350515,-0.05460328934893255,-0.05615063994884718,-0.03774870207215053,-0.0055799462252815735,0.00869858966812398,-0.05714748333072894,4,5
2019-06-03,53.25,54.630001068115234,52.11000061035156,53.41999816894531,984308,22.981626816178675,-1.8649319336625538,1.9816177198672569,-0.1025898722137658,60.24699993133545,58.089580260966684,36366207,-0.004672897196261627,-0.004683849312426314,-0.05460328934893255,-0.03774870207215053,-0.0055799462252815735,0.012433106934903515,0,6
2019-06-04,53.47999954223633,53.779998779296875,52.43000030517578,52.88999938964844,831625,24.370964529146292,-2.0945046682757322,1.9365020594568167,0.007589029511284634,59.80849990844727,57.38041399654663,37197832,0.004319240229790244,0.0043099390846778034,-0.004672897196261627,-0.05460328934893255,-0.03774870207215053,0.00869858966812398,1,6
2019-06-05,51.68000030517578,53.40999984741211,50.599998474121094,52.86000061035156,943186,21.154708831931785,-2.3940900300512737,2.003894845789561,-0.024606660068358325,59.32249984741211,56.50342727479727,36254646,-0.033657428056613536,-0.03423687829476168,0.004319240229790244,-0.004672897196261627,-0.05460328934893255,-0.0055799462252815735,2,6
2019-06-06,52.59000015258789,53.29999923706055,51.16999816894531,51.65999984741211,790067,26.440049227307355,-2.528932248400359,2.0129024330985374,0.09499046032438559,58.84599990844727,55.901361563688134,37044713,0.01760835607659561,0.017455125123264293,-0.033657428056613536,0.004319240229790244,-0.004672897196261627,-0.03774870207215053,3,6
2019-06-07,53.9900016784668,54.31999969482422,52.619998931884766,53.099998474121094,828133,33.793172580657526,-2.4940770869410613,1.9926950837512367,0.21644671059304488,58.460499954223636,55.60730619673101,37872846,0.026621059551565907,0.026272884815955747,0.01760835607659561,-0.033657428056613536,0.004319240229790244,-0.05460328934893255,4,6
2019-06-10,53.2599983215332,54.84000015258789,53.04999923706055,54.2400016784668,687146,31.997107091514536,-2.496580267126454,1.9782169288781015,0.20306342189273813,58.04049987792969,55.24618190823904,37185700,-0.013521084168159003,-0.013613326447470066,0.026621059551565907,0.01760835607659561,-0.033657428056613536,-0.004672897196261627,0,6
2019-06-11,53.27000045776367,54.040000915527344,52.90999984741211,53.43000030517578,642940,32.05039549716669,-2.4692924997988897,1.9176300816807539,0.23221903996773052,57.6519998550415,54.942153992781286,37828640,0.00018779828287041056,0.00018778065098034392,-0.013521084168159003,0.026621059551565907,0.01760835607659561,0.004319240229790244,1,6
2019-06-12,51.13999938964844,53.04999923706055,50.720001220703125,53.040000915527344,786105,27.167982945743177,-2.589687724565124,1.9627993070650247,0.14486992359093528,57.11999988555908,54.35720713076085,37042535,-0.039985001873691584,-0.04080637159405574,0.00018779828287041056,-0.013521084168159003,0.026621059551565907,-0.033657428056613536,2,6
2019-06-13,52.279998779296875,53.45000076293945,50.91999816894531,51.06999969482422,945024,33.04669988685305,-2.563562234543177,2.0033138275599613,0.2395262995480485,56.63299980163574,54.03763661515101,37987559,0.022291736473489143,0.02204690747856272,-0.039985001873691584,0.00018779828287041056,-0.013521084168159003,0.01760835607659561,3,6
2019-06-14,52.5099983215332,52.97999954223633,51.70000076293945,52.18000030517578,574229,34.200654745614074,-2.4955316195094923,1.951648466969741,0.27533257556859336,56.114999771118164,53.80261533920981,38561788,0.00439937925796996,0.00438973027837189,0.022291736473489143,-0.039985001873691584,0.00018779828287041056,0.026621059551565907,4,6
2019-06-17,51.93000030517578,52.7400016784668,51.58000183105469,52.5,397868,32.671437136377776,-2.4600598213491125,1.8951021370013386,0.26051749467590735,55.573499870300296,53.51452071858919,38163920,-0.011045477716566166,-0.011106931952156299,0.00439937925796996,0.022291736473489143,-0.039985001873691584,-0.013521084168159003,0,6
2019-06-18,53.900001525878906,54.310001373291016,51.5,51.95000076293945,181640,42.135390041175846,-2.247082562206124,1.960452082450601,0.4107827198430678,55.11350002288818,53.57382545817222,38345560,0.037935705933488606,0.03723384249148919,-0.011045477716566166,0.00439937925796996,0.022291736473489143,0.00018779828287041056,1,6
2019-06-19,53.7599983215332,54.41999816894531,53.279998779296875,54.09000015258789,122838,41.686924329512436,-2.0657806055352737,1.901848318679018,0.422778441112092,54.6519998550415,53.602467437150835,38222722,-0.002597461973697368,-0.002600841230979677,0.037935705933488606,-0.011045477716566166,0.00439937925796996,-0.039985001873691584,2,6
2019-06-20,56.650001525878906,57.02000045776367,54.11000061035156,54.119998931884766,854514,52.84428747714426,-1.6696516875059189,1.9988593056469788,0.7246985304044188,54.413500022888186,54.07131883541669,39077236,0.053757501759224,0.05236234941579883,-0.002597461973697368,0.037935705933488606,-0.011045477716566166,0.022291736473489143,3,6
2019-06-21,57.43000030517578,57.97999954223633,56.65999984741211,57.2599983215332,676047,55.32859586615968,-1.2780447785930704,1.9510834992691533,0.8094204781679398,54.389500045776366,54.58803906153348,39753283,0.013768733597307126,0.013674805780867093,0.053757501759224,-0.002597461973697368,0.037935705933488606,0.00439937925796996,4,6
2019-06-24,57.900001525878906,58.220001220703125,56.75,57.720001220703125,597164,56.80529313544906,-0.919172661085689,1.91672047937158,0.8697785023808015,54.35300006866455,55.097571748355854,40350447,0.008183897234992132,0.008150590742564535,0.013768733597307126,0.053757501759224,-0.002597461973697368,-0.011045477716566166,0,6
2019-06-25,57.83000183105469,58.84000015258789,57.20000076293945,57.7400016784668,673140,56.50569717734195,-0.6331141667728915,1.8969546872484984,0.8881820563817795,54.28750019073486,55.51794560723259,39677307,-0.0012089756991272571,-0.0012097070998043228,0.008183897234992132,0.013768733597307126,0.053757501759224,0.037935705933488606,1,6
2019-06-26,59.380001068115234,59.93000030517578,58.650001525878906,58.84000015258789,686817,61.36474276774825,-0.2781326247762834,1.9114578148822552,1.0408915611465341,54.31600017547608,56.11210798582992,40364124,0.026802683520376513,0.02644978349056884,-0.0012089756991272571,0.008183897234992132,0.013768733597307126,-0.002597461973697368,2,6
2019-06-27,59.43000030517578,59.72999954223633,58.61000061035156,59.27000045776367,531405,61.51410361988682,0.00714496264784259,1.8549250375252915,0.9872730888485671,54.45800018310547,56.62255295803698,40895529,0.0008420214914308666,0.0008416671902070649,0.026802683520376513,-0.0012089756991272571,0.008183897234992132,0.053757501759224,3,6
2019-06-28,58.470001220703125,59.79999923706055,57.75,59.220001220703125,556101,56.960852725439594,0.1539904963396026,1.8688589089206669,0.8505360167110471,54.70650024414063,56.90677576767792,40339428,-0.016153442361484416,-0.016285331448609858,0.0008420214914308666,0.026802683520376513,-0.0012089756991272571,0.013768733597307126,4,6
2019-07-01,59.09000015258789,60.279998779296875,58.34000015258789,59.27000045776367,674887,59.068091191542955,0.31674414270042917,1.873940317334118,0.8622337427152832,54.99850025177002,57.242656442279454,41014315,0.010603709918604043,0.010547884874874095,-0.016153442361484416,0.0008420214914308666,0.026802683520376513,0.008183897234992132,0,7
2019-07-02,56.25,59.43000030517578,56.09000015258789,59.13999938964844,878938,47.577044427098336,0.21409534471172265,1.9786588769951017,0.5988863288251712,55.137000274658206,57.08994006654415,40135377,-0.04806228033938342,-0.04925566685535001,0.010603709918604043,-0.016153442361484416,0.0008420214914308666,-0.0012089756991272571,1,7
2019-07-03,57.34000015258789,57.47999954223633,56.040000915527344,56.4900016784668,600131,51.47855892385211,0.21818424342033893,1.9401831448318076,0.6754736678171168,55.42000026702881,57.128410849012425,40735508,0.019377780490451357,0.019192422031801496,-0.04806228033938342,0.010603709918604043,-0.016153442361484416,0.026802683520376513,2,7
2019-07-05,57.5099983215332,57.81999969482422,56.290000915527344,57.380001068115234,698015,52.07759461553994,0.23246247390937924,1.9108842615793125,0.67132739233456,55.66600017547607,57.18711661401562,41433523,0.002964739597016486,0.00296035342368015,0.019377780490451357,-0.04806228033938342,0.010603709918604043,0.0008420214914308666,4,7
2019-07-08,57.65999984741211,58.459999084472656,57.29999923706055,57.77000045776367,540861,52.63327932099233,0.2529659104149573,1.8572496605673694,0.6679290463734515,55.84950008392334,57.259867880692,41974384,0.0026082686533959176,0.0026048730239061554,0.002964739597016486,0.019377780490451357,-0.04806228033938342,-0.016153442361484416,0,7
2019-07-09,57.83000183105469,59.099998474121094,57.290000915527344,57.560001373291016,551872,53.294281494893454,0.27970846579777486,1.8538745104263967,0.6646867227203375,56.07800025939942,57.34758079613242,42526256,0.00294835213479816,0.0029440142689219125,0.0026082686533959176,0.002964739597016486,0.019377780490451357,0.010603709918604043,1,7
2019-07-10,60.43000030517578,60.529998779296875,58.349998474121094,58.400001525878906,690656,62.023057582177856,0.5048803351495508,1.9143118274132391,0.8646481380974733,56.43600025177002,57.821799182139095,43216912,0.04495933584295497,0.043977971590698606,0.00294835213479816,0.0026082686533959176,0.002964739597016486,-0.04806228033938342,2,7
2019-07-11,60.20000076293945,60.939998626708984,60.13999938964844,60.439998626708984,573019,60.93810489091716,0.6571958780228329,1.8347180709594755,0.8222295749527991,56.88900032043457,58.187676348416076,42643893,-0.0038060490000796365,-0.0038133104353498433,0.04495933584295497,0.00294835213479816,0.0026082686533959176,0.019377780490451357,3,7
2019-07-12,60.209999084472656,60.7400016784668,59.93000030517578,60.459999084472656,469029,60.97006735418301,0.7698395924985917,1.7615240211260141,0.8002132284473066,57.28550033569336,58.49880292319401,43112922,0.0001660850731974861,0.00016607128259863723,-0.0038060490000796365,0.04495933584295497,0.00294835213479816,0.002964739597016486,4,7
2019-07-15,59.58000183105469,60.91999816894531,59.20000076293945,60.25,566818,57.76282626321915,0.799063923026047,1.7585578343317174,0.7185692638081435,57.639000511169435,58.66514121671104,42546104,-0.010463332718774865,-0.010518458252943931,0.0001660850731974861,-0.0038060490000796365,0.04495933584295497,0.0026082686533959176,0,7
2019-07-16,57.619998931884766,60.060001373291016,57.06999969482422,59.2599983215332,712540,49.10780403131494,0.656500829083555,1.8465181089127947,0.4577056863460494,57.92350044250488,58.50435009596853,41833564,-0.03289699293275816,-0.03345026689869134,-0.010463332718774865,0.0001660850731974861,-0.0038060490000796365,0.00294835213479816,1,7
2019-07-17,56.779998779296875,58.36000061035156,56.209999084472656,57.52000045776367,504432,45.931392938429774,0.47031604725170695,1.8681954958389455,0.29451227626472537,58.067500305175784,58.23906527801905,41329132,-0.014578274351946696,-0.014685581573148858,-0.03289699293275816,-0.010463332718774865,0.0001660850731974861,0.04495933584295497,2,7
2019-07-18,55.29999923706055,57.31999969482422,54.720001220703125,56.599998474121094,215361,40.91042878473796,0.20102241085460548,1.9204671371448132,-0.015511855039114909,58.14450035095215,57.78690127171774,41113771,-0.026065508525089376,-0.026411234814087123,-0.014578274351946696,-0.03289699293275816,-0.010463332718774865,-0.0038060490000796365,3,7
2019-07-19,55.630001068115234,56.36000061035156,54.9900016784668,55.720001220703125,105217,42.42181320403145,0.014071446800215881,1.8811479796262383,0.07548617906855658,58.09350032806397,57.4550704711635,41218988,0.005967483464873746,0.005949748555631908,-0.026065508525089376,-0.014578274351946696,-0.03289699293275816,0.0001660850731974861,4,7
2019-07-22,56.220001220703125,56.84000015258789,55.720001220703125,56.220001220703125,619483,45.12430624181052,-0.08549492536415215,1.8332087728295539,0.19814064417063929,58.03300037384033,57.265059817246524,41838471,0.010605790783025038,0.010549943903807289,0.005967483464873746,-0.026065508525089376,-0.014578274351946696,-0.010463332718774865,0,7
2019-07-23,56.77000045776367,57.470001220703125,55.7400016784668,56.16999816894531,521876,47.59366958345327,-0.11865388264634902,1.8258366849300376,0.30241007649286705,57.97650032043457,57.18889683886455,42360347,0.009782981592288076,0.009735438054758645,0.010605790783025038,0.005967483464873746,-0.026065508525089376,-0.03289699293275816,1,7
2019-07-24,55.880001068115234,57.63999938964844,55.33000183105469,57.22999954223633,745248,44.13284783877854,-0.2142780439915768,1.8604196044774457,0.186395089449349,57.8790002822876,56.98752825874927,41615099,-0.015677283467886993,-0.015801471742906505,0.009782981592288076,0.010605790783025038,0.005967483464873746,-0.014578274351946696,2,7
2019-07-25,56.02000045776367,56.9900016784668,55.810001373291016,55.900001525878906,559282,44.81266261140037,-0.27558730121042174,1.8118182259558981,0.23636604470465664,57.71100025177002,56.83867782782841,42174381,0.0025053576766718155,0.002502224500188504,-0.015677283467886993,0.009782981592288076,0.010605790783025038,-0.026065508525089376,3,7
2019-07-26,56.20000076293945,56.56999969482422,55.68000030517578,55.93000030517578,476785,45.72708943944028,-0.3061220248156147,1.745974023362508,0.2871227251687084,57.5495002746582,56.74041981784549,42651166,0.003213143586306977,0.0032079924716849895,0.0025053576766718155,-0.015677283467886993,0.009782981592288076,0.005967483464873746,4,7
2019-07-29,56.869998931884766,57.099998474121094,55.810001373291016,56.20000076293945,529742,49.107346078858,-0.27310952385177956,1.71340424318162,0.4049442863060391,57.46950016021729,56.76035506615923,43180908,0.011921675442167157,0.011851172061928476,0.003213143586306977,0.0025053576766718155,-0.015677283467886993,0.010605790783025038,0,7
2019-07-30,58.04999923706055,58.470001220703125,56.959999084472656,57.06999969482422,547401,54.484130151730646,-0.15000159107291466,1.7053041035842444,0.6027378208397945,57.41750011444092,56.958761861682504,43728309,0.020749082597822932,0.02053675246409296,0.011921675442167157,0.003213143586306977,0.0025053576766718155,0.009782981592288076,1,7
2019-07-31,58.58000183105469,58.81999969482422,57.810001373291016,58.34000015258789,614001,56.697049299362426,-0.00956067793811144,1.655639404866313,0.6704135753672755,57.53400020599365,57.20818339543207,44342310,0.009130105098360985,0.009088677655820023,0.020749082597822932,0.011921675442167157,0.003213143586306977,-0.015677283467886993,2,7
2019-08-01,53.95000076293945,57.9900016784668,53.59000015258789,57.849998474121094,886748,38.90303421883515,-0.26876448444353684,1.893808138694919,0.004371529212208442,57.36450023651123,56.706924528894746,43455562,-0.07903722982918648,-0.08233566681117595,0.009130105098360985,0.020749082597822932,0.011921675442167157,0.0025053576766718155,3,8
2019-08-02,55.65999984741211,56.04999923706055,54.150001525878906,54.540000915527344,739810,45.683294800153654,-0.3323713633209806,1.9085360197967887,0.27118497106541284,57.272000312805176,56.54585919328203,44195372,0.031695997410389865,0.031204047510570605,-0.07903722982918648,0.009130105098360985,0.020749082597822932,0.003213143586306977,4,8
2019-08-05,54.689998626708984,55.61000061035156,54.220001220703125,55.380001068115234,823844,42.782894180931635,-0.45579711949675783,1.8750690631476596,0.17034090980521208,57.12350025177002,56.260342183040024,43371528,-0.01742725877402651,-0.017580901108094796,0.031695997410389865,-0.07903722982918648,0.009130105098360985,0.011921675442167157,0,8
2019-08-06,53.630001068115234,55.41999816894531,53.290000915527344,54.95000076293945,682794,39.80853104343536,-0.6318621511519709,1.8932782195955389,0.08681209984365192,56.913500213623045,55.85567431920544,42688734,-0.019381926955764794,-0.01957221933701239,-0.01742725877402651,0.031695997410389865,-0.07903722982918648,0.020749082597822932,1,8
2019-08-07,51.09000015258789,53.77000045776367,50.52000045776367,53.41999816894531,1063214,33.753027596512595,-0.9652252871500906,1.9901869181958574,-0.11082959694866612,56.44650020599365,55.122493678187354,41625520,-0.04736156749841003,-0.048519846581853925,-0.019381926955764794,-0.01742725877402651,0.031695997410389865,0.009130105098360985,2,8
2019-08-08,52.540000915527344,53.060001373291016,51.939998626708984,52.33000183105469,724762,39.41846466813926,-1.0997379364052904,1.988745082660662,0.09446339972529717,56.063500213623044,54.725187099316585,42350282,0.028381302771752104,0.027986015353377906,-0.04736156749841003,-0.019381926955764794,-0.01742725877402651,-0.07903722982918648,3,8
2019-08-09,54.5,54.91999816894531,52.369998931884766,52.880001068115234,726386,46.125395136273276,-1.036239510292262,2.0288346651177966,0.33819734836157694,55.77800025939941,54.69054293019096,43076668,0.037304892468957185,0.03662589998646518,0.028381302771752104,-0.04736156749841003,-0.019381926955764794,0.031695997410389865,4,8
2019-08-12,54.93000030517578,55.18000030517578,53.540000915527344,54.31999969482422,611027,47.49865133134817,-0.940379015229091,2.0010607168699854,0.41341519535342663,55.54550018310547,54.72738252634247,43687695,0.007889913856436337,0.007858951241052098,0.037304892468957185,0.028381302771752104,-0.04736156749841003,-0.01742725877402651,0,8
2019-08-13,57.099998474121094,57.470001220703125,54.209999084472656,54.72999954223633,783486,53.88670959135279,-0.6814528017426014,2.0909851039671628,0.725757304548053,55.519500160217284,55.09240036446226,44471181,0.039504790768057685,0.03874443702879064,0.007889913856436337,0.037304892468957185,0.028381302771752104,-0.019381926955764794,1,8
2019-08-14,55.22999954223633,56.849998474121094,53.970001220703125,56.7400016784668,718293,48.41927761182536,-0.6199982438423746,2.165200257499363,0.4693081564317787,55.442000198364255,55.113569468735186,43752888,-0.03274954434074617,-0.03329781431426064,0.039504790768057685,0.007889913856436337,0.037304892468957185,-0.04736156749841003,2,8
2019-08-15,54.470001220703125,55.33000183105469,53.77000045776367,54.900001525878906,527866,46.36051654280348,-0.6254112256229902,2.1219717657701955,0.36628362828329514,55.40050029754639,55.01455896903795,43225022,-0.013760607058343477,-0.01385616181863913,-0.03274954434074617,0.039504790768057685,0.007889913856436337,0.028381302771752104,3,8
2019-08-16,54.869998931884766,55.66999816894531,54.2599983215332,54.7400016784668,168345,47.622807337611114,-0.5906163229850705,2.071116628744618,0.4293422005575954,55.36250019073486,54.99231896332208,43393367,0.007343449645997202,0.007316617798454183,-0.013760607058343477,-0.03274954434074617,0.039504790768057685,0.037304892468957185,4,8
2019-08-19,56.209999084472656,56.40999984741211,54.84000015258789,54.959999084472656,113571,51.72163281098067,-0.4497300899656125,2.035322562036018,0.6216771718332138,55.36200008392334,55.17965436657602,43506938,0.02442136283347396,0.02412792912176381,0.007343449645997202,-0.013760607058343477,-0.03274954434074617,0.007889913856436337,0,8
2019-08-20,56.34000015258789,56.599998474121094,55.279998779296875,56.099998474121094,659258,52.11315840698936,-0.32385355336322874,1.9842280715208893,0.6446542283937242,55.340500068664554,55.35816910288553,44166196,0.0023127747773108442,0.0023101044302072968,0.02442136283347396,0.007343449645997202,-0.013760607058343477,0.039504790768057685,1,8
2019-08-21,55.68000030517578,57.130001068115234,55.54999923706055,56.04999923706055,704035,49.90059898850466,-0.27419125692000534,1.9553547686304462,0.5506574986420496,55.33050003051758,55.40768159554557,43462161,-0.011714587249282982,-0.0117837436495157,0.0023127747773108442,0.02442136283347396,0.007343449645997202,-0.03274954434074617,2,8
2019-08-22,55.349998474121094,56.459999084472656,54.849998474121094,55.939998626708984,621573,48.78529393185959,-0.25848229600823913,1.9306866144676689,0.5077140656958694,55.29699993133545,55.398807269172565,42840588,-0.005926756990768389,-0.005944389920226798,-0.011714587249282982,0.0023127747773108442,0.02442136283347396,-0.013760607058343477,3,8
2019-08-23,54.16999816894531,55.599998474121094,53.2400016784668,55.349998474121094,807151,44.919216579548355,-0.3373601168348799,1.9613516274095708,0.35104932407596995,55.19549980163574,55.20975971529145,42033437,-0.021318885956744693,-0.021549415719023725,-0.005926756990768389,-0.011714587249282982,0.0023127747773108442,0.007343449645997202,4,8
2019-08-26,53.63999938964844,55.2599983215332,52.959999084472656,53.25,679022,43.26094724079643,-0.4375935244710547,1.9855407423846405,0.29596011265066235,55.033999824523924,54.96825812673099,41354415,-0.009783991087537358,-0.009832168832987298,-0.021318885956744693,-0.005926756990768389,-0.011714587249282982,0.02442136283347396,0,8
2019-08-27,54.93000030517578,55.720001220703125,53.689998626708984,53.7599983215332,596624,48.266947152288324,-0.4082310953180581,1.9922879630039296,0.5083247588279245,54.87799987792969,54.96237230803019,41951039,0.024049234343882064,0.023764605875437318,-0.009783991087537358,-0.021318885956744693,-0.005926756990768389,0.0023127747773108442,1,8
2019-08-28,55.779998779296875,56.75,55.34000015258789,55.709999084472656,674048,51.31496201653612,-0.31276799083447315,1.9799816581339502,0.6955554582920583,54.737999725341794,55.08816099591738,42625087,0.01547421207716626,0.01535570740484831,0.024049234343882064,-0.009783991087537358,-0.021318885956744693,-0.011714587249282982,2,8
2019-08-29,56.709999084472656,56.88999938964844,55.43000030517578,55.880001068115234,630760,54.475382765410515,-0.16022259413577444,1.942840045729572,0.8309935177700005,54.87599964141846,55.3376745480028,43255847,0.016672648360131603,0.016535185566818395,0.01547421207716626,0.024049234343882064,-0.009783991087537358,-0.005926756990768389,3,8
2019-08-30,55.099998474121094,56.720001220703125,54.54999923706055,56.630001068115234,708268,48.59423883580336,-0.16731416855503056,1.959065898437644,0.5458275583407174,54.847999572753906,55.30110899817485,42547579,-0.028390065885089855,-0.028800857415950763,0.016672648360131603,0.01547421207716626,0.024049234343882064,-0.021318885956744693,4,8
2019-09-03,53.939998626708984,55.2400016784668,52.84000015258789,55.0,970804,44.838230418746114,-0.2634991315710167,1.990561300397734,0.34328510676184343,54.810499572753905,55.091707402564715,41576775,-0.02105262939266561,-0.021277396213986333,-0.028390065885089855,0.016672648360131603,0.01547421207716626,-0.009783991087537358,1,9
2019-09-04,56.2599983215332,56.58000183105469,53.84000015258789,53.91999816894531,682298,52.7108297008074,-0.150783680995616,2.044092755974096,0.7361726031308891,54.941999435424805,55.27144446702141,42259073,0.04301074812551886,0.04211148097562434,-0.02105262939266561,-0.028390065885089855,0.016672648360131603,0.024049234343882064,2,9
2019-09-05,56.29999923706055,57.7599983215332,55.75,55.95000076293945,712466,52.835815012489114,-0.05756456627486983,2.0416574392283175,0.7475024366801063,55.20249938964844,55.429683662412046,42971539,0.000711001008189438,0.0007107483667177496,0.04301074812551886,-0.02105262939266561,-0.028390065885089855,0.01547421207716626,3,9
2019-09-06,56.52000045776367,56.95000076293945,54.83000183105469,56.189998626708984,714294,53.562763261511996,0.033676314047049516,2.0472532601323494,0.7912632701272497,55.401499366760255,55.59742470785076,43685833,0.003907659390487206,0.0039000443211493754,0.000711001008189438,0.04301074812551886,-0.02105262939266561,0.016672648360131603,4,9
2019-09-09,57.849998474121094,58.15999984741211,56.58000183105469,56.79999923706055,646993,57.797619710323616,0.2108742664411949,2.018163697954927,1.03112630500417,55.56899929046631,55.9439745180462,44332826,0.02353145798983669,0.023258861347741525,0.003907659390487206,0.000711001008189438,0.04301074812551886,-0.028390065885089855,0,9
2019-09-10,57.400001525878906,58.7599983215332,57.20000076293945,58.029998779296875,755472,55.93883537718318,0.3114042530276464,1.9854375451434143,0.8766161158643183,55.69249935150147,56.16797867309738,43577354,-0.007778685568047061,-0.007809097354436675,0.02353145798983669,0.003907659390487206,0.000711001008189438,-0.02105262939266561,1,9
2019-09-11,55.75,58.29999923706055,55.61000061035156,57.88999938964844,858772,49.63549359926261,0.25499424326854125,2.035763336683812,0.5287526766553179,55.62499942779541,56.10367426185162,42718582,-0.02874567041840581,-0.029166919568548437,-0.007778685568047061,0.02353145798983669,0.003907659390487206,0.04301074812551886,2,9
2019-09-12,55.09000015258789,56.34000015258789,54.0,55.93000030517578,845977,47.33771137353783,0.15524288889712778,2.0574945378198177,0.3788801919848802,55.61799945831299,55.94772439888797,41872605,-0.011838562285419019,-0.0119091960858101,-0.02874567041840581,-0.007778685568047061,0.02353145798983669,0.000711001008189438,3,9
2019-09-13,54.849998474121094,55.68000030517578,54.439998626708984,55.150001525878906,599470,46.49481121315284,0.0561755356071032,1.9991021907231734,0.3166061386667543,55.63699932098389,55.77884348738537,41273135,-0.0043565379887827715,-0.004366055352302385,-0.011838562285419019,-0.02874567041840581,-0.007778685568047061,0.003907659390487206,4,9
2019-09-16,62.900001525878906,63.380001068115234,58.77000045776367,61.47999954223633,1404916,67.43810544324091,0.6200839719376958,2.4655950766710997,1.404345483243441,56.038499450683595,56.87440626253823,42678051,0.14676396127077207,0.13694402906308503,-0.0043565379887827715,-0.011838562285419019,-0.02874567041840581,0.02353145798983669,0,9
2019-09-17,59.34000015258789,62.59000015258789,58.459999084472656,61.959999084472656,993237,56.84177427487579,0.7708373783508264,2.6066241741521816,0.8875017098188624,56.19499950408935,57.25372839946894,41684814,-0.05659779470476367,-0.05826257053110785,0.14676396127077207,-0.0043565379887827715,-0.011838562285419019,-0.007778685568047061,1,9
2019-09-18,58.11000061035156,59.43000030517578,57.66999816894531,58.810001373291016,216961,53.702125244445675,0.7820449284009428,2.546151171443488,0.7204244035479833,56.283499526977536,57.385462585758575,41467853,-0.020728000321427187,-0.020945840843696155,-0.05659779470476367,0.14676396127077207,-0.0043565379887827715,-0.02874567041840581,2,9
2019-09-19,58.130001068115234,59.540000915527344,58.0099983215332,58.20000076293945,112327,53.74686301513559,0.7835090576532622,2.473569130197106,0.7048050474385098,56.40599956512451,57.5000069676596,41580180,0.0003441827147410148,0.00034412349745777213,-0.020728000321427187,-0.05659779470476367,0.14676396127077207,-0.011838562285419019,3,9
2019-09-20,58.09000015258789,59.099998474121094,57.790000915527344,58.650001525878906,576019,53.63523373092687,0.7725363330920345,2.3904568750825805,0.6823979820107359,56.54299964904785,57.590775149956265,41004161,-0.0006881285875166565,-0.0006883654566636566,0.0003441827147410148,-0.020728000321427187,-0.05659779470476367,-0.0043565379887827715,4,9
2019-09-23,58.63999938964844,59.38999938964844,57.369998931884766,59.25,526785,55.01859271912524,0.7990102192771786,2.3639957024169442,0.7236882897275355,56.76649971008301,57.75219426375506,41530946,0.00946805363428882,0.009423512538754246,-0.0006881285875166565,0.0003441827147410148,-0.020728000321427187,0.14676396127077207,0,9
2019-09-24,57.290000915527344,58.4900016784668,56.689998626708984,58.439998626708984,591529,50.996577360147356,0.7029541524635547,2.3344246353114095,0.5433018720572013,56.94899978637695,57.68108759479695,40939417,-0.02302180232217743,-0.023290942768880194,0.00946805363428882,-0.0006881285875166565,0.0003441827147410148,-0.05659779470476367,1,9
2019-09-25,56.4900016784668,57.02000045776367,55.54999923706055,56.70000076293945,563550,48.72350256535692,0.5558680737704051,2.2919658526796516,0.4299850767811938,57.0269998550415,57.49784360766924,40375867,-0.013964029050027915,-0.014062443351258782,-0.02302180232217743,0.00946805363428882,-0.0006881285875166565,-0.020728000321427187,2,9
2019-09-26,56.40999984741211,56.84000015258789,55.40999984741211,56.689998626708984,599653,48.4907328463755,0.4279131016757276,2.2303968850008036,0.41475217885069293,57.05849990844727,57.33048302916814,39776214,-0.0014162122265466426,-0.0014172160029007803,-0.013964029050027915,-0.02302180232217743,0.00946805363428882,0.0003441827147410148,3,9
2019-09-27,55.90999984741211,56.7599983215332,54.75,56.5099983215332,712966,46.98010756380303,0.2829009371949951,2.2146541304674034,0.3554434005235623,57.01849994659424,57.11194715505183,39063248,-0.00886367667705179,-0.0089031927375213,-0.0014162122265466426,-0.013964029050027915,-0.02302180232217743,-0.0006881285875166565,4,9
2019-09-30,54.06999969482422,56.56999969482422,53.97999954223633,56.540000915527344,532522,41.81729375519075,0.019282836757838595,2.2414645606188666,0.1343454909295658,56.967000007629395,56.64395523809374,38530726,-0.0329100368021743,-0.03346375455955752,-0.00886367667705179,-0.0014162122265466426,-0.013964029050027915,0.00946805363428882,0,9
2019-10-01,53.619998931884766,54.84000015258789,53.04999923706055,54.279998779296875,589176,40.64099703934798,-0.22337280520670788,2.2092171573980433,0.08491382423780174,56.95100002288818,56.178731190984664,37941550,-0.008322559006460062,-0.008357384862103622,-0.0329100368021743,-0.00886367667705179,-0.0014162122265466426,-0.02302180232217743,1,10
2019-10-02,52.63999938964844,54.41999816894531,52.16999816894531,54.0,590306,38.125771643970104,-0.489118667035882,2.2121302175838973,0.03344407685837975,56.77000007629395,55.63431091385601,37351244,-0.018276754228981895,-0.018445837465485726,-0.008322559006460062,-0.0329100368021743,-0.00886367667705179,-0.013964029050027915,2,10
2019-10-03,52.45000076293945,52.90999984741211,50.9900016784668,52.470001220703125,642466,37.63940412110312,-0.706906698040811,2.191263642681141,0.07088945383463814,56.57750015258789,55.144417044484236,36708778,-0.003609396445896418,-0.003615926033897722,-0.018276754228981895,-0.008322559006460062,-0.0329100368021743,-0.0014162122265466426,3,10
2019-10-04,52.810001373291016,53.349998474121094,52.040000915527344,52.290000915527344,541104,39.221501994625335,-0.8407644320702943,2.1283160652463273,0.1476056306488902,56.39200019836426,54.785276171992976,37249882,0.006863691231934865,0.006840243334876458,-0.003609396445896418,-0.018276754228981895,-0.008322559006460062,-0.00886367667705179,4,10
2019-10-07,52.75,54.060001373291016,52.59000015258789,52.689998626708984,549019,39.043708124027916,-0.9408437984007136,2.0812935763503844,0.17879836031028493,56.137000274658206,54.47215676091713,36700863,-0.0011361744315606659,-0.0011368203670400682,0.006863691231934865,-0.003609396445896418,-0.018276754228981895,-0.0329100368021743,0,10
2019-10-08,52.630001068115234,53.27000045776367,51.810001373291016,52.810001373291016,658324,38.66620118125848,-1.0181042560646318,2.036915398359118,0.2001822804061533,55.89850025177002,54.18874819279376,36042539,-0.0022748612679576175,-0.0022774526956901692,-0.0011361744315606659,0.006863691231934865,-0.003609396445896418,-0.008322559006460062,1,10
2019-10-09,52.59000015258789,53.7400016784668,52.310001373291016,52.56999969482422,632666,38.53245610200888,-1.0702245821845295,1.993564320274594,0.22064195448972165,55.74050025939941,53.94278695583901,35409873,-0.0007600401808005586,-0.000760329157770791,-0.0022748612679576175,-0.0011361744315606659,0.006863691231934865,-0.018276754228981895,2,10
2019-10-10,53.54999923706055,53.970001220703125,51.380001068115234,52.689998626708984,613944,43.57663904323616,-1.0222821804437814,2.036166879725544,0.31505324508408084,55.663500213623045,53.88235807602695,36023817,0.018254403530847174,0.01808979214380738,-0.0007600401808005586,-0.0022748612679576175,-0.0011361744315606659,-0.003609396445896418,3,10
2019-10-11,54.70000076293945,54.93000030517578,53.63999938964844,53.880001068115234,467643,48.978129647614914,-0.8813325168395423,1.9892978931819505,0.416410992609472,55.65600032806397,54.00814925862887,36491460,0.0214752855698086,0.021247940729117943,0.018254403530847174,-0.0007600401808005586,-0.0022748612679576175,0.006863691231934865,4,10
2019-10-14,53.59000015258789,54.900001525878906,52.77000045776367,54.900001525878906,467643,44.545439212392125,-0.849405250547008,1.9993481199628993,0.3301276894614591,55.190500259399414,53.94381862693026,36023817,-0.020292515445513692,-0.020501237021561078,0.0214752855698086,0.018254403530847174,-0.0007600401808005586,-0.0011361744315606659,0,10
2019-10-15,52.810001373291016,53.790000915527344,52.38999938964844,53.5099983215332,511249,41.69012570650751,-0.8769333035033497,1.9565376489568997,0.26716624884416534,54.86400032043457,53.76938520329345,35512568,-0.014554931462511078,-0.014661893630863183,-0.020292515445513692,0.0214752855698086,0.018254403530847174,-0.0022748612679576175,1,10
2019-10-16,53.36000061035156,53.7400016784668,52.52000045776367,52.91999816894531,451643,44.39660501268766,-0.8446327414272332,1.9039279040816302,0.34894874780566404,54.62650032043457,53.706402958225475,35964211,0.010414679469005206,0.010360820322524973,-0.014554931462511078,-0.020292515445513692,0.0214752855698086,-0.0007600401808005586,2,10
2019-10-17,53.93000030517578,54.15999984741211,52.619998931884766,52.9900016784668,418422,47.13519166501215,-0.7642305277756165,1.8779331191848954,0.43727872094196163,54.4165002822876,53.74080255006398,36382633,0.010682153079166978,0.010625501962133566,0.010414679469005206,-0.014554931462511078,-0.020292515445513692,0.018254403530847174,3,10
2019-10-18,53.779998779296875,54.619998931884766,53.349998474121094,54.09000015258789,174477,46.48632401865758,-0.704494094326364,1.834509357654808,0.4398257754512534,54.20100021362305,53.74683273917674,36208156,-0.0027814115525697236,-0.00278528686524312,0.010682153079166978,0.010414679469005206,-0.014554931462511078,0.0214752855698086,4,10
2019-10-21,53.310001373291016,54.029998779296875,52.709999084472656,53.709999084472656,95979,44.42283763696075,-0.6871562931648683,1.797758667452623,0.3907648227426249,53.93450031280518,53.67962791365586,36112177,-0.008739260257975112,-0.00877767154748516,-0.0027814115525697236,0.010682153079166978,0.010414679469005206,-0.020292515445513692,0,10
2019-10-22,54.15999984741211,54.619998931884766,53.099998474121094,53.38999938964844,506573,48.84534842923826,-0.5979355587846271,1.7779187953319835,0.5790946459750962,53.77800025939941,53.7535312880799,36618750,0.015944446674633905,0.015818669191519606,-0.008739260257975112,-0.0027814115525697236,0.010682153079166978,-0.014554931462511078,1,10
2019-10-23,55.970001220703125,56.06999969482422,53.619998931884766,54.29999923706055,620202,56.739562225387026,-0.37683161963406775,1.8259246501610884,0.9808731170781685,53.75200023651123,54.09452666232962,37238952,0.033419523234683,0.0328732289265564,0.015944446674633905,-0.008739260257975112,-0.0027814115525697236,0.010414679469005206,2,10
2019-10-24,56.22999954223633,56.5099983215332,55.40999984741211,55.900001525878906,480764,57.748222826166426,-0.17856705340081191,1.774072780443946,1.0488343782652572,53.743000221252444,54.423060951546034,37719716,0.004645315630920965,0.004634559449972859,0.033419523234683,0.015944446674633905,-0.008739260257975112,0.010682153079166978,3,10
2019-10-25,56.65999984741211,56.7400016784668,55.599998474121094,56.06999969482422,445020,59.4328788497502,0.013105403786283887,1.7287820964369287,1.0932175416952876,53.78050022125244,54.76720539706389,38164736,0.007647168925420278,0.007618077546131343,0.004645315630920965,0.033419523234683,0.015944446674633905,-0.0027814115525697236,4,10
2019-10-28,55.810001373291016,56.91999816894531,55.58000183105469,56.650001525878906,437020,54.78295561335308,0.09532063693703918,1.7010116851121926,0.8761499485005947,53.86750030517578,54.92763554725268,37727716,-0.015001738023476485,-0.015115402302443957,0.007647168925420278,0.004645315630920965,0.033419523234683,-0.008739260257975112,0,10
2019-10-29,55.540000915527344,55.90999984741211,54.61000061035156,55.79999923706055,521457,53.35496647192029,0.13710950802343547,1.6723679388227894,0.7942237979086475,53.96350040435791,55.021845603910315,37206259,-0.004837850763660501,-0.004849591044121093,-0.015001738023476485,0.007647168925420278,0.004645315630920965,0.015944446674633905,1,10
2019-10-30,55.060001373291016,55.72999954223633,54.41999816894531,55.529998779296875,659328,50.81887174724686,0.12999701324864787,1.6464846127133772,0.6842331676096518,54.08450050354004,55.027715722276575,36546931,-0.008642411493049451,-0.008679973706581781,-0.004837850763660501,-0.015001738023476485,0.007647168925420278,0.033419523234683,2,10
2019-10-31,54.18000030517578,55.59000015258789,53.709999084472656,54.900001525878906,677419,46.458873139661755,0.0527435829828633,1.6631643595277956,0.5017723009831212,54.171000480651855,54.897297965799524,35869512,-0.01598258347559922,-0.016111682366602334,-0.008642411493049451,-0.004837850763660501,-0.015001738023476485,0.004645315630920965,3,10
2019-11-01,56.20000076293945,56.33000183105469,54.06999969482422,54.150001525878906,538117,55.82732774307191,0.15275596236281785,1.7057956292922722,0.856946814257861,54.34050045013428,55.09771378074413,36407629,0.037283138545326056,0.036604928185503524,-0.01598258347559922,-0.008642411493049451,-0.004837850763660501,0.007647168925420278,4,11
2019-11-04,56.540000915527344,57.43000030517578,55.83000183105469,56.40999984741211,580350,57.18528419351001,0.25649495026166846,1.6982386896371882,0.877100801392702,54.53000049591064,55.31960410917232,36987979,0.006049824697014872,0.006031597982923683,0.037283138545326056,-0.01598258347559922,-0.008642411493049451,-0.015001738023476485,0,11
2019-11-05,57.22999954223633,57.5,56.29999923706055,56.560001373291016,435319,59.88077876417155,0.3898915411989492,1.6626502663016356,0.9471877783757325,54.7600004196167,55.61351109887447,37423298,0.012203725071385563,0.012129859964340392,0.006049824697014872,0.037283138545326056,-0.01598258347559922,-0.004837850763660501,1,11
2019-11-06,56.349998474121094,57.849998474121094,56.11000061035156,57.2599983215332,623258,55.114990040763516,0.41976181594463213,1.6681750946921994,0.7640215822837827,54.94800033569336,55.726816848912414,36800040,-0.015376569546637575,-0.015496015015156009,0.012203725071385563,0.006049824697014872,0.037283138545326056,-0.008642411493049451,2,11
2019-11-07,57.150001525878906,57.880001068115234,56.27000045776367,56.349998474121094,678165,58.35955057657607,0.5021987496782572,1.6640197743821539,0.8691961381537009,55.12800045013428,55.94576833767649,37478205,0.014197037682711189,0.014097203533174212,-0.015376569546637575,0.012203725071385563,0.006049824697014872,-0.01598258347559922,3,11
2019-11-08,57.2400016784668,57.47999954223633,55.7599983215332,57.08000183105469,636941,58.72105979789568,0.5682425275998924,1.6680184491193661,0.8447159383221621,55.25500049591064,56.14488115933654,38115146,0.00157480577751401,0.0015735670712062738,0.014197037682711189,-0.015376569546637575,0.012203725071385563,0.037283138545326056,4,11
2019-11-11,56.86000061035156,57.400001525878906,56.25,57.400001525878906,498981,56.4910346751366,0.5831970544113574,1.6310172403164762,0.7525679872575988,55.41850051879883,56.25489953641578,37616165,-0.006638732651508383,-0.006660867054428262,0.00157480577751401,0.014197037682711189,-0.015376569546637575,0.006049824697014872,0,11
2019-11-12,56.79999923706055,57.54999923706055,56.540000915527344,56.88999938964844,586568,56.128573966228444,0.5834810094066682,1.5866587461176709,0.7232941095326009,55.6180004119873,56.33876102882266,37029597,-0.0010552474964288239,-0.0010558046620677683,-0.006638732651508383,0.00157480577751401,0.014197037682711189,0.012203725071385563,1,11
2019-11-13,57.119998931884766,57.529998779296875,56.20000076293945,56.790000915527344,547635,57.68783806442772,0.6025811662191032,1.5683258368490818,0.761852569929508,55.806000328063966,56.4589514754476,37577232,0.005633797519761785,0.005617987036759496,-0.0010552474964288239,-0.006638732651508383,0.00157480577751401,-0.015376569546637575,2,11
2019-11-14,56.77000045776367,57.790000915527344,56.630001068115234,57.38999938964844,516832,55.36984308448634,0.582758548507293,1.539159694746441,0.6721999888322804,55.94800033569336,56.50680516503469,37060400,-0.006127424381405566,-0.006146274085719035,0.005633797519761785,-0.0010552474964288239,-0.006638732651508383,0.014197037682711189,3,11
2019-11-15,57.720001220703125,57.970001220703125,56.43000030517578,56.90999984741211,375993,60.0608834325969,0.6363704211498202,1.5392197819450768,0.8443716426002001,56.14500045776367,56.69345071206061,37436393,0.01673420389781821,0.016595729808259362,-0.006127424381405566,0.005633797519761785,-0.0010552474964288239,0.00157480577751401,4,11
2019-11-18,57.04999923706055,58.09000015258789,56.54999923706055,57.880001068115234,159328,55.62057586614599,0.6176744888139325,1.5392755772009532,0.6880164941918234,56.33200035095215,56.748304331291365,37277065,-0.011607795728913795,-0.011675692119459942,0.01673420389781821,-0.006127424381405566,0.005633797519761785,-0.006638732651508383,0,11
2019-11-19,55.209999084472656,57.11000061035156,55.040000915527344,56.900001525878906,121214,45.64117236848304,0.4492070141128295,1.577184442745472,0.1576865086771193,56.38450031280517,56.51164198562695,37155851,-0.03225241327247208,-0.032783983221595855,-0.011607795728913795,0.01673420389781821,-0.006127424381405566,-0.0010552474964288239,1,11
2019-11-20,57.11000061035156,57.25,54.7599983215332,55.15999984741211,674891,54.68290981554827,0.46366473241868533,1.6423856738684237,0.6929482001702074,56.4415002822876,56.603697158661504,37830742,0.03441408363314502,0.03383516365075204,-0.03225241327247208,-0.011607795728913795,0.01673420389781821,0.005633797519761785,2,11
2019-11-21,58.58000183105469,58.66999816894531,56.599998474121094,57.0,593533,60.198920409463256,0.5869731306640489,1.6729295325081233,1.0149027600827707,56.559000396728514,56.90774403133738,38424275,0.025739821484727532,0.02541412929285303,0.03441408363314502,-0.03225241327247208,-0.011607795728913795,-0.006127424381405566,3,11
2019-11-22,57.77000045776367,58.7400016784668,57.5,58.310001373291016,508244,56.14367922968203,0.6122776279366207,1.6420061143623141,0.7842791134713498,56.61450042724609,57.0403988661722,37916031,-0.013827267804242593,-0.013923754939848373,0.025739821484727532,0.03441408363314502,-0.03225241327247208,0.01673420389781821,4,11
2019-11-25,58.0099983215332,58.150001525878906,57.209999084472656,57.91999816894531,420642,57.0665275068271,0.6442706946709649,1.5918629948654526,0.8084576491086682,56.724500274658205,57.18956801315081,38336673,0.0041543683896108075,0.004145762826804945,-0.013827267804242593,0.025739821484727532,0.03441408363314502,-0.011607795728913795,0,11
2019-11-26,58.40999984741211,58.560001373291016,57.7599983215332,57.91999816894531,443816,58.629071779975995,0.6939033251492361,1.535301570357764,0.8615605800391198,56.868000221252444,57.37732675688332,38780489,0.006895389371704752,0.006871724895980583,0.0041543683896108075,-0.013827267804242593,0.025739821484727532,-0.03225241327247208,1,11
2019-11-27,58.11000061035156,58.68000030517578,57.5099983215332,58.27000045776367,454256,56.9548603879153,0.7009499959276653,1.5092087427352505,0.7687401027624315,57.02050018310547,57.490045811263045,38326233,-0.0051360937826442354,-0.005149328849462195,0.006895389371704752,0.0041543683896108075,-0.013827267804242593,0.03441408363314502,2,11
2019-11-29,55.16999816894531,58.29999923706055,55.02000045776367,58.130001068115234,718724,43.76508792088323,0.46395274840910616,1.6356937453467952,-0.03354649156153866,57.070000076293944,57.13311540475262,37607509,-0.050593743082537945,-0.051918482495376124,-0.0051360937826442354,0.006895389371704752,0.0041543683896108075,0.025739821484727532,4,11
2019-12-02,55.959999084472656,56.66999816894531,55.41999816894531,55.470001220703125,616423,47.29697372134816,0.3360039494732803,1.6260013349648812,0.1961598120208409,57.057999992370604,56.9526359708634,38223932,0.014319393542630676,0.014217839341871078,-0.050593743082537945,-0.0051360937826442354,0.006895389371704752,-0.013827267804242593,0,12
2019-12-03,56.099998474121094,56.79999923706055,55.349998474121094,55.959999084472656,560554,47.92120395465075,0.243098101624021,1.6134298655344936,0.24591959775093067,57.035999870300294,56.82146097136458,38784486,0.0025017761247119186,0.002498651892490984,0.014319393542630676,-0.050593743082537945,-0.0051360937826442354,0.0041543683896108075,1,12
2019-12-04,58.43000030517578,58.65999984741211,56.279998779296875,56.43000030517578,760541,57.040880238899625,0.35340736289037267,1.681042116088531,0.844003749030056,57.09599990844727,57.06892856118169,39545027,0.04153301059588288,0.04069367645989251,0.0025017761247119186,0.014319393542630676,-0.050593743082537945,0.006895389371704752,2,12
2019-12-05,58.43000030517578,59.119998931884766,58.099998474121094,58.36000061035156,649461,57.040880238899625,0.4358045634507235,1.6338248547796126,0.8090178119132586,57.2,57.27832421410386,40194488,0.0,0.0,0.04153301059588288,0.0025017761247119186,0.014319393542630676,-0.0051360937826442354,3,12
2019-12-06,59.20000076293945,59.849998474121094,57.70000076293945,58.31999969482422,679609,59.74276322620266,0.5568188788857,1.6706943445226146,0.9367773443346504,57.30249996185303,57.57396676007856,40874097,0.013178169668697892,0.013092092988175418,0.0,0.04153301059588288,0.0025017761247119186,-0.050593743082537945,4,12
2019-12-09,59.02000045776367,59.25,58.22999954223633,59.11000061035156,511561,58.81156774308222,0.6309261514901223,1.6242162097541186,0.8544987529940767,57.39149990081787,57.796433482799344,40362536,-0.003040545656351812,-0.003045177506580201,0.013178169668697892,0.0,0.04153301059588288,0.014319393542630676,0,12
2019-12-10,59.2400016784668,59.52000045776367,58.52000045776367,58.91999816894531,566822,59.63960054870415,0.6993473182705898,1.5796293376288244,0.8576519745552196,57.51049995422363,58.01852089751741,40929358,0.003727570637017674,0.0037206404620627933,-0.003040545656351812,0.013178169668697892,0.0,0.0025017761247119186,1,12
2019-12-11,58.7599983215332,59.220001220703125,58.11000061035156,59.060001373291016,589650,56.94951448333415,0.7066930094312909,1.547513032663568,0.7346793554101625,57.608499908447264,58.132594347365995,40339708,-0.008102689792935491,-0.00813569499204254,0.003727570637017674,-0.003040545656351812,0.013178169668697892,0.04153301059588288,2,12
2019-12-12,59.18000030517578,59.720001220703125,58.75,58.880001068115234,530851,58.70470309381944,0.7378991307231999,1.506262188952108,0.789725474050364,57.711499977111814,58.293733725490576,40870559,0.007147753499656906,0.007122329387911304,-0.008102689792935491,0.003727570637017674,-0.003040545656351812,0.0,3,12
2019-12-13,60.06999969482422,60.47999954223633,59.27000045776367,59.36000061035156,512288,62.21976844984386,0.8249363664569316,1.4915291209598536,0.9073514157681382,57.87649993896484,58.567005413080366,41382847,0.015038854090215326,0.014926891652932052,0.007147753499656906,-0.008102689792935491,0.003727570637017674,0.013178169668697892,4,12
2019-12-16,60.209999084472656,60.34000015258789,59.709999084472656,59.869998931884766,347395,62.75680136108491,0.8948949911609319,1.4299914028995235,0.8840461118137818,58.00099983215332,58.81977367021764,41730242,0.002330604134504366,0.0023278924890526263,0.015038854090215326,0.007147753499656906,-0.008102689792935491,-0.003040545656351812,0,12
2019-12-17,60.939998626708984,61.060001373291016,60.029998779296875,60.22999954223633,163744,65.50984186342367,0.9977412276611446,1.4014207736919961,0.9413663902659996,58.19549980163574,59.14596212506247,41893986,0.012124224436744546,0.012051314751642811,0.002330604134504366,0.015038854090215326,0.007147753499656906,0.003727570637017674,1,12
2019-12-18,60.93000030517578,61.18000030517578,60.31999969482422,60.54999923706055,131071,65.43849282736426,1.0661509060770484,1.3627479048819653,0.90690656115736,58.4814998626709,59.42042953738759,41762915,-0.00016406829272264112,-0.000164081753397313,0.012124224436744546,0.002330604134504366,0.015038854090215326,-0.008102689792935491,2,12
2019-12-19,61.220001220703125,61.470001220703125,60.790000915527344,60.86000061035156,426341,66.57560185698398,1.1307323407631813,1.3139802191886665,0.9003647872162523,58.68699989318848,59.697286719436136,42189256,0.004759575153041817,0.004748284187847286,-0.00016406829272264112,0.012124224436744546,0.002330604134504366,0.007147753499656906,3,12
2019-12-20,60.439998626708984,61.20000076293945,60.02000045776367,61.11000061035156,552517,60.783009149871916,1.1062220631101738,1.3058388294565797,0.7551176364293207,58.77999973297119,59.811550089785804,41636739,-0.012740976452812691,-0.01282283877389983,0.004759575153041817,-0.00016406829272264112,0.012124224436744546,0.015038854090215326,4,12
2019-12-23,60.52000045776367,60.77000045776367,60.099998474121094,60.40999984741211,314711,61.156316773524374,1.0807942473338628,1.2604219118984368,0.7425751460710537,58.917499732971194,59.92054245409009,41951450,0.0013236570627475075,0.0013227818010167394,-0.012740976452812691,0.004759575153041817,-0.00016406829272264112,0.002330604134504366,0,12
2019-12-24,61.11000061035156,61.15999984741211,60.470001220703125,60.630001068115234,204535,63.88654242772355,1.0956209651248656,1.2196773915277617,0.7989726531233989,59.07249984741211,60.10353601659186,42155985,0.009748845805109374,0.009701632410580266,0.0013236570627475075,-0.012740976452812691,0.004759575153041817,0.012124224436744546,1,12
2019-12-26,61.68000030517578,61.83000183105469,61.060001373291016,61.20000076293945,265091,66.34749222974857,1.1402216915838466,1.1875576105446124,0.8418776722858257,59.23599987030029,60.34606898406631,42421076,0.009327437230096658,0.009284205308224065,0.009748845805109374,0.0013236570627475075,-0.012740976452812691,-0.00016406829272264112,3,12
2019-12-27,61.720001220703125,61.970001220703125,61.2400016784668,61.72999954223633,351899,66.51991721572921,1.1653622575230216,1.154874891379735,0.8120102641025567,59.41649990081787,60.557443174318124,42772975,0.0006485232705808475,0.0006483130702395704,0.009327437230096658,0.009748845805109374,0.0013236570627475075,0.004759575153041817,4,12
2019-12-30,61.68000030517578,62.34000015258789,61.09000015258789,61.709999084472656,427149,66.15488652656207,1.1685878443276252,1.1616695419954683,0.797336285307974,59.74200000762939,60.73014427137315,42345826,-0.0006481029607291466,-0.0006483130702396348,0.0006485232705808475,0.009327437230096658,0.009748845805109374,-0.012740976452812691,0,12
2019-12-31,61.060001373291016,61.880001068115234,60.630001068115234,61.68000030517578,494535,60.603738748498444,1.1083391688324156,1.1679788604243637,0.6897334867980079,59.99700012207031,60.780891517822056,41851291,-0.010051863307671494,-0.010102724405223808,-0.0006481029607291466,0.0006485232705808475,0.009327437230096658,0.0013236570627475075,1,12
2020-01-02,61.18000030517578,61.599998474121094,60.63999938964844,61.599998474121094,486873,61.2809385221904,1.0580777091636406,1.153123162142099,0.7113155285778417,60.251000213623044,60.84229286972263,42338164,0.0019652625153272485,0.001963333913342911,-0.010051863307671494,-0.0006481029607291466,0.0006485232705808475,0.009748845805109374,3,1
2020-01-03,63.04999923706055,64.08999633789062,61.130001068115234,61.18000030517578,885861,69.94973432316024,1.155814911007539,1.282185455544477,1.0464063177832195,60.48200016021728,61.181940003159234,43224025,0.030565526684486866,0.030107706599462162,0.0019652625153272485,-0.010051863307671494,-0.0006481029607291466,0.009327437230096658,4,1
2020-01-06,63.27000045776367,64.72000122070312,62.63999938964844,63.709999084472656,724236,70.77863568934178,1.2367679168272758,1.339172339509492,1.0196907481614077,60.72400016784668,61.50318007309838,43948261,0.00348931361404059,0.003483240083493363,0.030565526684486866,0.0019652625153272485,-0.010051863307671494,0.0006485232705808475,0,1
2020-01-07,62.70000076293945,63.150001525878906,62.11000061035156,62.90999984741211,582649,65.7205093139176,1.2406283540866596,1.326374304359679,0.8618213083030736,60.89900016784668,61.687306333073934,43365612,-0.009009004120439812,-0.009049830586907184,0.00348931361404059,0.030565526684486866,0.0019652625153272485,-0.0006481029607291466,1,1
2020-01-08,59.61000061035156,65.6500015258789,59.150001525878906,62.84000015258789,1205710,46.373120141292475,0.9830189596636387,1.695918996905416,0.2266573113645236,60.928500175476074,61.36772083727049,42159902,-0.04928229848466481,-0.05053810433605316,-0.009009004120439812,0.00348931361404059,0.030565526684486866,-0.010051863307671494,2,1
2020-01-09,59.560001373291016,60.310001373291016,58.65999984741211,59.9900016784668,750933,46.13644365028797,0.7659971991431789,1.6926391775463796,0.2079958776482519,60.94450016021729,61.08961015050441,41408969,-0.0008387726312464316,-0.0008391245978369541,-0.04928229848466481,-0.009009004120439812,0.00348931361404059,0.0019652625153272485,3,1
2020-01-10,59.040000915527344,59.779998779296875,58.849998474121094,59.61000061035156,596186,43.641756675775554,0.545755074479132,1.6381649723770513,0.08683611713489638,60.95850028991699,60.774285652815635,40812783,-0.00873069922387304,-0.008769035073961774,-0.0008387726312464316,-0.04928229848466481,-0.009009004120439812,0.030565526684486866,4,1
2020-01-13,58.08000183105469,59.27000045776367,57.90999984741211,59.040000915527344,584002,39.40551499599471,0.29040014870771813,1.6182960893752305,-0.05792047417651953,60.903500366210935,60.35978044946779,40228781,-0.016260146842582146,-0.016393793756152603,-0.00873069922387304,-0.0008387726312464316,-0.04928229848466481,0.00348931361404059,0,1
2020-01-14,58.22999954223633,58.720001220703125,57.720001220703125,58.029998779296875,507714,40.37932424736792,0.09899197415250427,1.5741320829912855,0.03361860044734691,60.81150035858154,60.03212184835526,40736495,0.0025826051386492743,0.0025792759447617526,-0.016260146842582146,-0.00873069922387304,-0.0008387726312464316,-0.009009004120439812,1,1
2020-01-15,57.810001373291016,58.36000061035156,57.36000061035156,58.20000076293945,433169,38.51296517368212,-0.08560393647359632,1.5331226484919078,0.02835435407549432,60.69150047302246,59.69025715988384,40303326,-0.0072127455306035815,-0.007238883138090941,0.0025826051386492743,-0.016260146842582146,-0.00873069922387304,-0.04928229848466481,2,1
2020-01-16,58.52000045776367,58.869998931884766,57.560001373291016,58.099998474121094,182871,43.2852590911442,-0.17261671513755772,1.5171851420706108,0.17903739231937155,60.5705005645752,59.51021766724997,40486197,0.012281596049237953,0.012206789124634515,-0.0072127455306035815,0.0025826051386492743,-0.016260146842582146,-0.0008387726312464316,3,1
2020-01-17,58.540000915527344,58.97999954223633,58.27000045776367,58.59000015258789,122561,43.418483881059366,-0.2372264999086653,1.4595289950993282,0.21118503339588776,60.45100059509277,59.36095355160033,40608758,0.0003417713193305527,0.00034171292881695064,0.012281596049237953,-0.0072127455306035815,0.0025826051386492743,-0.00873069922387304,4,1
2020-01-21,58.34000015258789,59.72999954223633,57.68000030517578,59.16999816894531,648335,42.34723459273239,-0.30109774257168453,1.501705440953701,0.2116715495677871,60.30700054168701,59.203883797906116,39960423,-0.0034164803520938536,-0.003422329848017347,0.0003417713193305527,0.012281596049237953,-0.0072127455306035815,-0.016260146842582146,1,1
2020-01-22,56.7400016784668,58.380001068115234,56.029998779296875,58.2599983215332,620119,34.9237281398609,-0.4753432070658121,1.5622980729440337,0.04869694027489625,60.1220006942749,58.82482501030007,39340304,-0.02742541086623773,-0.02780850809264395,-0.0034164803520938536,0.0003417713193305527,0.012281596049237953,0.0025826051386492743,2,1
2020-01-23,55.59000015258789,56.27000045776367,54.77000045776367,56.11000061035156,703995,30.75111235095713,-0.6981813057331365,1.5914197263553973,-0.006848850552722382,59.87550067901611,58.327159647575115,38636309,-0.0202679149076469,-0.02047612725216664,-0.02742541086623773,-0.0034164803520938536,0.0003417713193305527,-0.0072127455306035815,3,1
2020-01-24,54.189998626708984,55.95000076293945,53.849998474121094,55.689998626708984,586195,26.58658987590489,-0.9764941109615961,1.6277470522456088,-0.05009754241035373,59.529500579833986,57.69067333667263,38050114,-0.025184413060551747,-0.025506967474384107,-0.0202679149076469,-0.02742541086623773,-0.0034164803520938536,0.012281596049237953,4,1
2020-01-27,53.13999938964844,53.709999084472656,52.130001068115234,53.70000076293945,712880,23.965205560564172,-1.2671779389720683,1.6586220884133331,-0.043712868318249304,59.10250053405762,56.99056965251506,37337234,-0.01937625509632379,-0.019566435389934456,-0.025184413060551747,-0.0202679149076469,-0.02742541086623773,0.0003417713193305527,0,1
2020-01-28,53.47999954223633,54.060001373291016,52.68000030517578,52.77000045776367,633963,26.492605110131052,-1.4533583853382552,1.638720586963469,0.055407814549794564,58.69050045013428,56.450481943241414,37971197,0.0063981963961805555,0.006377814828272337,-0.01937625509632379,-0.025184413060551747,-0.0202679149076469,-0.0034164803520938536,1,1
2020-01-29,53.33000183105469,54.369998931884766,52.810001373291016,53.970001220703125,624979,26.080724466985004,-1.5946293970830752,1.6330975135084889,0.09694486703254712,58.27300052642822,55.970408079828076,37346218,-0.002804744062557041,-0.002808684727280703,0.0063981963961805555,-0.01937625509632379,-0.025184413060551747,-0.02742541086623773,2,1
2020-01-30,52.13999938964844,53.20000076293945,51.65999984741211,53.09000015258789,720123,23.022638350073976,-1.7820683685955316,1.6357335470894954,0.06522602732331689,57.82700042724609,55.381114435185054,36626095,-0.022313939631505852,-0.02256666214758982,-0.002804744062557041,0.0063981963961805555,-0.01937625509632379,-0.0202679149076469,3,1
2020-01-31,51.560001373291016,53.36000061035156,50.970001220703125,52.91999816894531,827907,21.687857259228196,-1.954881440246666,1.6896096787008485,0.08004079138991556,57.34600048065185,54.79325088720136,35798188,-0.011123859285517623,-0.011186192093541391,-0.022313939631505852,-0.002804744062557041,0.0063981963961805555,-0.025184413060551747,4,1
2020-02-03,50.11000061035156,51.970001220703125,49.79999923706055,51.0099983215332,876044,18.759625047045162,-2.1836680223132774,1.7239234147681148,0.032896778584085004,56.69900054931641,54.07275084460908,34922144,-0.02812258968810999,-0.02852560355393241,-0.011123859285517623,-0.022313939631505852,-0.002804744062557041,-0.01937625509632379,0,2
2020-02-04,49.61000061035156,51.54999923706055,49.310001373291016,49.939998626708984,859357,17.863945396932593,-2.3779177031653163,1.7607858754110732,0.04379820513798862,56.0160005569458,53.38617388549254,34062787,-0.009978048172218812,-0.010028162535915923,-0.02812258968810999,-0.011123859285517623,-0.022313939631505852,0.0063981963961805555,1,2
2020-02-05,50.75,51.880001068115234,49.470001220703125,49.5099983215332,887946,26.482573608030336,-2.4120687245655787,1.8071583019825757,0.14999305697492343,55.41850051879883,52.98060867233984,34950733,0.0229792254711354,0.022719179305944578,-0.009978048172218812,-0.02812258968810999,-0.011123859285517623,-0.002804744062557041,2,2
2020-02-06,50.95000076293945,52.20000076293945,50.2400016784668,51.16999816894531,750659,27.911732817078885,-2.395382783324848,1.8180755007318672,0.19652723404854025,54.985500526428225,52.66820745550901,35701392,0.003940901732797153,0.003933156721114826,0.0229792254711354,-0.009978048172218812,-0.02812258968810999,-0.022313939631505852,3,2
2020-02-07,50.31999969482422,51.47999954223633,50.09000015258789,51.11000061035156,768345,26.184954983282594,-2.4052684384038443,1.7874986356544793,0.18141331018626614,54.52350044250488,52.30694472309597,34933047,-0.012365084566858142,-0.012442168315527937,0.003940901732797153,0.0229792254711354,-0.009978048172218812,-0.011123859285517623,4,2
2020-02-10,49.56999969482422,50.4900016784668,49.41999816894531,50.119998931884766,715894,24.260720384200454,-2.4454322030565763,1.7362489837878368,0.16018716950234546,54.05000038146973,51.885876257208004,34217153,-0.014904610583237776,-0.015016800451462193,-0.012365084566858142,0.003940901732797153,0.0229792254711354,-0.02812258968810999,0,2
2020-02-11,49.939998626708984,50.689998626708984,49.58000183105469,49.61000061035156,725733,27.106611104575563,-2.419515782471116,1.6922311229376175,0.21738684167247016,53.64300022125244,51.58651046790046,34942886,0.00746417054998294,0.007436451476786668,-0.014904610583237776,-0.012365084566858142,0.003940901732797153,-0.009978048172218812,1,2
2020-02-12,51.16999816894531,51.72999954223633,49.95000076293945,49.959999084472656,795256,35.74956654975274,-2.2735184435152576,1.6992146795511693,0.3312068848465228,53.29000015258789,51.522431652676595,35738142,0.02462954697757036,0.024331129680438008,0.00746417054998294,-0.014904610583237776,-0.012365084566858142,0.0229792254711354,2,2
2020-02-13,51.41999816894531,51.959999084472656,50.599998474121094,51.720001220703125,745400,37.37489939369524,-2.113281001957077,1.6749851031797687,0.3701440597320958,52.970499992370605,51.50667265517948,36483542,0.004885675375140508,0.004873779194720807,0.02462954697757036,0.00746417054998294,-0.014904610583237776,0.003940901732797153,3,2
2020-02-14,52.04999923706055,52.34000015258789,51.31999969482422,51.5099983215332,607343,41.39803254984551,-1.913399377046666,1.6282004856500476,0.4447915704918195,52.64699993133545,51.59026136008426,37090885,0.012252063215663744,0.012177614175192553,0.004885675375140508,0.02462954697757036,0.00746417054998294,-0.012365084566858142,4,2
2020-02-18,52.04999923706055,52.40999984741211,50.880001068115234,52.22999954223633,221774,41.39803254984551,-1.734991843261625,1.6211860780533924,0.470910291487937,52.32249984741211,51.660990264234464,37312659,0.0,0.0,0.012252063215663744,0.004885675375140508,0.02462954697757036,-0.014904610583237776,1,2
2020-02-19,53.290000915527344,53.65999984741211,51.93000030517578,52.119998931884766,113683,48.89265326711685,-1.4765243613214523,1.6289584683521736,0.659491108533079,52.069999885559085,51.911607287510286,37426342,0.023823279474399994,0.023543933085628042,0.0,0.012252063215663744,0.004885675375140508,0.00746417054998294,2,2
2020-02-20,53.779998779296875,54.5,53.220001220703125,53.5,676179,51.53057512179372,-1.218106711280484,1.6040327762767952,0.7831644009397153,51.92199974060058,52.199052132400524,38102521,0.009194930669005785,0.009152914653843927,0.023823279474399994,0.0,0.012252063215663744,0.02462954697757036,3,2
2020-02-21,53.380001068115234,53.86000061035156,52.54999923706055,53.7400016784668,707555,49.293816903780126,-1.0336698318123752,1.5830305332063825,0.7698068492116799,51.811499786376956,52.38073658404895,37394966,-0.007437666795478304,-0.007465464156601151,0.009194930669005785,0.023823279474399994,0.0,0.004885675375140508,4,2
2020-02-24,51.43000030517578,52.63999938964844,50.45000076293945,52.599998474121094,765515,40.145299600343904,-1.0329439064030481,1.6792426597756251,0.4548469093451907,51.67349987030029,52.23446946422231,36629451,-0.036530549342836616,-0.0372144982653966,-0.007437666795478304,0.009194930669005785,0.023823279474399994,0.012252063215663744,0,2
2020-02-25,49.900001525878906,52.02000045776367,49.689998626708984,51.369998931884766,764989,34.70317519540792,-1.1426549055686834,1.7257254577241297,0.20308586413550297,51.51149997711182,51.87532055063101,35864462,-0.029749149722305135,-0.030200632384425365,-0.036530549342836616,-0.007437666795478304,0.009194930669005785,0.0,1,2
2020-02-26,48.72999954223633,50.439998626708984,48.29999923706055,50.08000183105469,884482,31.218040274701266,-1.3089225998429441,1.7553164528615801,0.04776129870787321,51.273999977111814,51.39142501087798,34979980,-0.023446932822953848,-0.02372618587467126,-0.029749149722305135,-0.036530549342836616,-0.007437666795478304,0.023823279474399994,2,2
2020-02-27,47.09000015258789,48.779998779296875,45.880001068115234,48.630001068115234,1011915,27.10846383717768,-1.555098977154067,1.8370793998844415,-0.10685467096059417,50.96199989318848,50.72966734037181,33968065,-0.03365482054287694,-0.03423417996572771,-0.023446932822953848,-0.029749149722305135,-0.036530549342836616,0.009194930669005785,3,2
2020-02-28,44.7599983215332,47.029998779296875,43.849998474121094,46.4900016784668,1101659,22.563807295458346,-1.916119373511549,1.9372881340688954,-0.20635287466869737,50.59299983978271,49.81125672208895,32866406,-0.04947975840952801,-0.05074582155134353,-0.03365482054287694,-0.023446932822953848,-0.029749149722305135,-0.007437666795478304,4,2
2020-03-02,46.75,47.560001373291016,43.31999969482422,43.70000076293945,949471,32.909076432772835,-2.0183874205405843,2.10176767295446,0.09296918628042303,50.35249977111816,49.34029414945988,33815877,0.0444593778617155,0.043499409790230405,-0.04947975840952801,-0.03365482054287694,-0.023446932822953848,-0.036530549342836616,0,3
2020-03-03,47.18000030517578,48.65999984741211,46.470001220703125,47.720001220703125,1011933,34.93193580754976,-2.0412083741186464,2.108069883936926,0.1736903291559701,50.205999755859374,49.00794125033925,34827810,0.009197867490390976,0.009155824713162283,0.0444593778617155,-0.04947975840952801,-0.03365482054287694,-0.029749149722305135,1,3
2020-03-04,46.779998779296875,48.40999984741211,46.650001525878906,46.939998626708984,745856,33.90775066655752,-2.067735358341153,2.083207629479517,0.16262888524009936,50.06449966430664,48.66518087017889,34081954,-0.008478201002364627,-0.008514345386377319,0.009197867490390976,0.0444593778617155,-0.04947975840952801,-0.023446932822953848,2,3
2020-03-05,45.900001525878906,47.56999969482422,45.650001525878906,47.130001068115234,704591,31.70536711171536,-2.1351538834794113,2.0715498108699313,0.1214452783484901,49.82199974060059,48.239768663363506,33377363,-0.01881139966612022,-0.018990584751432945,-0.008478201002364627,0.009197867490390976,0.0444593778617155,-0.03365482054287694,3,3
2020-03-06,41.279998779296875,46.380001068115234,41.04999923706055,46.09000015258789,1276180,23.189470112648905,-2.532189654942094,2.3042963837402715,-0.13519090102877734,49.33849964141846,47.169034835045565,32101183,-0.10065365126354575,-0.1060870587080379,-0.01881139966612022,-0.008478201002364627,0.009197867490390976,-0.04947975840952801,4,3
2020-03-09,31.1299991607666,34.880001068115234,27.34000015258789,32.869998931884766,1774383,14.178946194865517,-3.624087284148125,3.135417972523751,-0.3511494215494216,48.378999614715575,44.70149088515649,30326800,-0.2458817809757493,-0.2822061341074851,-0.10065365126354575,-0.01881139966612022,-0.008478201002364627,0.0444593778617155,0,3
2020-03-10,34.36000061035156,35.02000045776367,30.200000762939453,30.3700008392334,1064632,24.264097096571476,-4.180598561375156,3.2557452384023557,-0.061513890203062506,47.61849966049194,43.11049238134034,31391432,0.10375848174309499,0.09872115738496252,-0.2458817809757493,-0.10065365126354575,-0.01881139966612022,0.009197867490390976,1,3
2020-03-11,32.97999954223633,36.349998474121094,32.560001373291016,34.619998931884766,874646,23.019453645822466,-4.679055076757379,3.2939060857186218,-0.016407330491719933,46.77049970626831,41.551955021478186,30516786,-0.04016301058212102,-0.040991811628073416,0.10375848174309499,-0.2458817809757493,-0.10065365126354575,-0.008478201002364627,2,3
2020-03-12,31.5,33.630001068115234,30.020000457763672,33.06999969482422,1025036,21.73195589263507,-5.134323762243703,3.316484266049546,0.015271538206806691,45.786999797821046,40.00550040278923,29491750,-0.04487566897449302,-0.045913757419826826,-0.04016301058212102,0.10375848174309499,-0.2458817809757493,-0.01881139966612022,3,3
2020-03-13,31.729999542236328,33.869998931884766,30.329999923706055,30.770000457763672,743129,22.457793882052556,-5.414157398360928,3.3324496047730574,0.0836693517762772,44.8024998664856,38.73234642424263,30234879,0.0073015727694072385,0.007275045336675495,-0.04487566897449302,-0.04016301058212102,0.10375848174309499,-0.10065365126354575,4,3
2020-03-16,28.700000762939453,33.75,28.100000381469727,33.75,698829,19.846587373880183,-5.813409780580599,3.4979888914700012,0.05561616667602205,43.634999942779544,37.18890863019599,29536050,-0.09549318698424791,-0.10036544181943158,0.0073015727694072385,-0.04487566897449302,-0.04016301058212102,-0.2458817809757493,0,3
2020-03-17,26.950000762939453,30.299999237060547,26.6299991607666,28.690000534057617,545820,18.508094352234963,-6.199565809036699,3.5102754046717117,0.06708873500869372,42.380000019073485,35.61369203523344,28990230,-0.060975608135167336,-0.06291382368438383,-0.09549318698424791,0.0073015727694072385,-0.04487566897449302,0.10375848174309499,1,3
2020-03-18,20.3700008392334,27.219999313354492,20.059999465942383,26.940000534057617,309481,14.537952389681521,-6.956359662179274,3.770970007724597,-0.022435274725192286,40.734000015258786,33.26850877431036,28680749,-0.2441558344129846,-0.27992005422625427,-0.060975608135167336,-0.09549318698424791,0.0073015727694072385,-0.04016301058212102,2,3
2020-03-19,25.219999313354492,27.709999084472656,21.360000610351562,22.299999237060547,136722,26.97252867768421,-7.0831201000428194,4.025900596118501,0.14141893737155137,39.30600004196167,32.03027654954792,28817471,0.23809515337769716,0.21357403187235055,-0.2441558344129846,-0.060975608135167336,-0.09549318698424791,-0.04487566897449302,3,3
2020-03-20,22.43000030517578,27.889999389648438,19.459999084472656,24.729999542236328,1133808,24.74232119844747,-7.324278539476733,4.34047914676545,0.1136581399186518,37.758500003814696,30.55331097349067,27683663,-0.11062645060031195,-0.11723794117272994,0.23809515337769716,-0.2441558344129846,-0.060975608135167336,0.0073015727694072385,4,3
2020-03-23,23.360000610351562,24.06999969482422,20.799999237060547,22.520000457763672,852951,26.911699022093586,-7.355564716518046,4.264016383265322,0.17088012146723355,36.355000019073486,29.446647840700038,28536614,0.04146234028187612,0.040625821950275774,-0.11062645060031195,0.23809515337769716,-0.2441558344129846,-0.09549318698424791,0,3
2020-03-24,24.010000228881836,25.15999984741211,23.09000015258789,23.8700008392334,659697,28.463817368973224,-7.244400757832686,4.107300905519529,0.21537166852727174,35.06049995422363,28.610240515804932,29196311,0.02782532540869198,0.02744523567784364,0.04146234028187612,-0.11062645060031195,0.23809515337769716,-0.060975608135167336,1,3
2020-03-25,24.489999771118164,25.239999771118164,22.90999984741211,24.3700008392334,618725,29.651886808419775,-7.036458652840036,3.980350835389995,0.25197659224371977,33.84849996566773,27.97635732431466,29815036,0.019991650881324485,0.019794441852212866,0.02782532540869198,0.04146234028187612,-0.11062645060031195,-0.2441558344129846,2,3
2020-03-26,22.600000381469727,24.649999618530273,22.3799991607666,24.25,633877,27.701063103526664,-6.944122668298199,3.8581829512738293,0.22825519270964365,32.623999977111815,27.149225486953902,29181159,-0.0771743326791442,-0.08031493846071446,0.019991650881324485,0.02782532540869198,0.04146234028187612,0.23809515337769716,3,3
2020-03-27,21.510000228881836,23.440000534057617,20.8799991607666,23.290000915527344,603124,26.6135895034801,-6.879595938526872,3.7654556957036283,0.2261001568534599,31.461500072479247,26.281652370327432,28578035,-0.04823009443316684,-0.04943196923707529,-0.0771743326791442,0.019991650881324485,0.02782532540869198,-0.11062645060031195,4,3
2020-03-30,20.09000015258789,20.93000030517578,19.270000457763672,20.93000030517578,758711,25.224314714507685,-6.863917214011231,3.6564945582332378,0.21118508265064267,30.128500080108644,25.329090490675192,27819324,-0.06601580944603092,-0.06829576749829713,-0.04823009443316684,-0.0771743326791442,0.019991650881324485,0.04146234028187612,0,3
2020-03-31,20.479999542236328,21.889999389648438,20.010000228881836,20.229999542236328,660082,26.361290235232772,-6.742300971823187,3.5296020298427635,0.23987824236930816,28.79350004196167,24.583076498607674,28479406,0.01941261257771565,0.019226591397505894,-0.06601580944603092,-0.04823009443316684,-0.0771743326791442,0.02782532540869198,1,3
2020-04-01,20.309999465942383,21.549999237060547,19.899999618530273,20.100000381469727,703286,26.174463778126977,-6.583743512128674,3.3953447147490143,0.2456096721215376,27.470000076293946,23.925680032043783,27776120,-0.008300785160827329,-0.0083354285225757,0.01941261257771565,-0.06601580944603092,-0.04823009443316684,0.019991650881324485,2,4
2020-04-02,25.31999969482422,27.389999389648438,20.760000228881836,21.219999313354492,1095972,39.73075217914172,-5.9848310281594514,3.6585343725316597,0.45022476511718534,26.44099998474121,24.140190749394616,28872092,0.24667653178834636,0.22048123592622998,-0.008300785160827329,0.01941261257771565,-0.06601580944603092,-0.0771743326791442,3,4
2020-04-03,28.34000015258789,29.1299991607666,23.520000457763672,24.809999465942383,1007577,46.14986399014763,-5.206482680519688,3.797924681851036,0.6407431301343031,25.79400005340576,24.78631527296281,29879669,0.119273321254463,0.11267965442350314,0.24667653178834636,-0.008300785160827329,0.01941261257771565,-0.04823009443316684,4,4
2020-04-06,26.079999923706055,28.239999771118164,25.280000686645508,26.09000015258789,752710,42.501721072740644,-4.717617381618481,3.745215737857561,0.5309103080019847,25.541500091552734,24.985343680769464,29126959,-0.07974594977817817,-0.08310550551365159,0.119273321254463,0.24667653178834636,-0.008300785160827329,-0.06601580944603092,0,4
2020-04-07,23.6299991607666,27.239999771118164,23.540000915527344,26.34000015258789,797707,38.91073839341541,-4.4762828934076495,3.7419859605527934,0.41117169468969,25.005000019073485,24.776829139230564,28329252,-0.0939417473200399,-0.09865167844984535,-0.07974594977817817,0.119273321254463,0.24667653178834636,0.01941261257771565,1,4
2020-04-08,25.09000015258789,26.450000762939453,23.739999771118164,24.299999237060547,823554,42.05277370117775,-4.119724079725017,3.676129934954226,0.5351355928369897,24.610500049591064,24.82500929513169,29152806,0.0617859095926403,0.059952310776727226,-0.0939417473200399,-0.07974594977817817,0.119273321254463,-0.008300785160827329,2,4
2020-04-09,22.760000228881836,28.360000610351562,22.56999969482422,26.280000686645508,1122149,38.6373762378949,-3.979289401041669,3.8271207192808774,0.38379377123381825,24.173500061035156,24.507315592631713,28030657,-0.09286567993367378,-0.09746474714550284,0.0617859095926403,-0.0939417473200399,-0.07974594977817817,0.24667653178834636,3,4
2020-04-13,22.40999984741211,24.739999771118164,22.030000686645508,24.600000381469727,775120,38.13632431646155,-3.85183446212163,3.747326316794576,0.37107818326317443,23.707500076293947,24.184651631828697,27255537,-0.015377872493409939,-0.015497338310533872,-0.09286567993367378,0.0617859095926403,-0.0939417473200399,0.119273321254463,0,4
2020-04-14,20.110000610351562,23.079999923706055,19.950000762939453,22.360000610351562,785478,34.9306078654337,-3.8915567771820214,3.7032315199354353,0.1637219379198042,23.27800006866455,23.557782243909138,26470059,-0.10263271988938227,-0.10829004686870611,-0.015377872493409939,-0.09286567993367378,0.0617859095926403,-0.07974594977817817,1,4
2020-04-15,19.8700008392334,20.889999389648438,19.200000762939453,20.719999313354492,544797,34.6037363421364,-3.8974753046013646,3.55942917041926,0.1692345281620782,22.92400007247925,22.990431258574407,25925262,-0.011934349270711797,-0.012006135335279871,-0.10263271988938227,-0.015377872493409939,-0.09286567993367378,-0.0939417473200399,2,4
2020-04-16,19.8700008392334,20.530000686645508,19.420000076293945,20.149999618530273,350942,34.6037363421364,-3.8576966545213445,3.384469987557282,0.17615640457946333,22.899000072479247,22.510365040214253,26276204,0.0,0.0,-0.011934349270711797,-0.10263271988938227,-0.015377872493409939,0.0617859095926403,3,4
2020-04-17,18.270000457763672,20.219999313354492,17.309999465942383,20.0,240628,32.26901387378862,-3.91020404851297,3.3505792632611984,0.06834850365717432,22.551500129699708,21.85800125829878,26035576,-0.08052341791101081,-0.08395070335453195,0.0,-0.011934349270711797,-0.10263271988938227,-0.09286567993367378,4,4
2020-04-20,-37.630001068115234,17.850000381469727,-40.31999969482422,17.729999542236328,247947,9.119231296135396,-8.366040971243041,7.2962521839273915,-0.5707631978322928,19.548500061035156,12.706000900388933,25787629,-3.059660652724544,,-0.08052341791101081,0.0,-0.011934349270711797,-0.015377872493409939,0,4
2020-04-21,10.010000228881836,13.859999656677246,-16.739999771118164,-14.0,2288230,45.20053240888145,-7.961399813265494,10.452948508274899,0.335427643781704,18.88100004196167,12.291231566310916,28075859,-1.2660111598392576,,-3.059660652724544,-0.08052341791101081,0.0,-0.10263271988938227,1,4
2020-04-22,13.779999732971191,16.18000030517578,10.260000228881836,13.119999885559082,1235218,46.99398365931375,-7.252904360811389,10.14702362027626,0.4147920840639885,18.36950001716614,12.520272822720191,29311077,0.37662331847024166,0.3196336300150674,-1.2660111598392576,-3.059660652724544,-0.08052341791101081,-0.011934349270711797,2,4
2020-04-23,16.5,18.260000228881836,13.350000381469727,14.199999809265137,833584,48.30843718803137,-6.398181072079392,9.772950493643107,0.4725673154188099,17.97000002861023,13.132538542301699,30144661,0.1973875413452082,0.18014213469902035,0.37662331847024166,-1.2660111598392576,-3.059660652724544,0.0,3,4
2020-04-24,16.940000534057617,17.969999313354492,15.640000343322754,16.780000686645508,600220,48.53078688374836,-5.6205125716713304,9.241311099099436,0.4860168507014248,17.687000036239624,13.718301925648763,30744881,0.026666699033794927,0.02631733984379654,0.1973875413452082,0.37662331847024166,-1.2660111598392576,-0.08052341791101081,4,4
2020-04-27,12.779999732971191,16.979999542236328,11.880000114440918,16.84000015258789,623201,46.49448028580442,-5.279028624467678,8.94550312257772,0.416382535541407,17.250500011444093,13.573947742159906,30121680,-0.24557264875658102,-0.281796292695216,0.026666699033794927,0.1973875413452082,0.37662331847024166,-3.059660652724544,0,4
2020-04-28,12.34000015258789,13.6899995803833,10.069999694824219,12.960000038146973,897087,46.27332360623549,-4.986424032649605,8.565110034219247,0.415554610036294,16.863000011444093,13.38410965145652,29224593,-0.03442876287768171,-0.03503539721256668,-0.24557264875658102,0.026666699033794927,0.1973875413452082,-1.2660111598392576,1,4
2020-04-29,15.0600004196167,16.780000686645508,12.670000076293945,13.350000381469727,554134,47.92243760752354,-4.483369997443408,8.270459355636273,0.47135205879516706,16.59200005531311,13.64193900040424,29778727,0.22042141275487603,0.19919621939219292,-0.03442876287768171,-0.24557264875658102,0.026666699033794927,0.37662331847024166,2,4
2020-04-30,18.84000015258789,19.440000534057617,15.449999809265137,15.640000343322754,545344,50.20968470875757,-3.7366083672591586,7.992569409836605,0.5434653746196959,16.518500089645386,14.441640716124802,30324071,0.25099599121175853,0.22394002701262022,0.22042141275487603,-0.03442876287768171,-0.24557264875658102,0.1973875413452082,3,4
2020-05-01,19.780000686645508,20.479999542236328,18.06999969482422,19.040000915527344,403201,50.788513251271084,-3.0339704848565443,7.5938144410919985,0.5668955973598392,16.24150013923645,15.262926865435679,30727272,0.0498938708303831,0.048689083661334426,0.25099599121175853,0.22042141275487603,-0.03442876287768171,0.026666699033794927,4,5
2020-05-04,20.389999389648438,21.420000076293945,18.049999237060547,19.110000610351562,311488,51.185104313240416,-2.4002346920239894,7.29211346953067,0.587615848690983,15.844000101089478,16.0517072537761,31038760,0.030839164905326344,0.030373193743799345,0.0498938708303831,0.25099599121175853,0.22042141275487603,-0.24557264875658102,0,5
2020-05-05,24.559999465942383,25.489999771118164,21.1299991607666,21.239999771118164,387240,53.919048885096345,-1.5437153645787483,7.1355339632406025,0.6701826772485027,15.768000078201293,17.360675286417067,31426000,0.204512025557537,0.18607452688142884,0.030839164905326344,0.0498938708303831,0.25099599121175853,-0.03442876287768171,1,5
2020-05-06,23.989999771118164,26.079999923706055,22.579999923706055,25.520000457763672,381165,53.47815205625103,-0.9005310766850769,6.875852965866273,0.6586635653676838,15.786000108718872,18.380571360986465,31044835,-0.02320845713431885,-0.02348201422303975,0.204512025557537,0.030839164905326344,0.0498938708303831,0.22042141275487603,2,5
2020-05-07,23.549999237060547,26.739999771118164,22.940000534057617,24.09000015258789,310261,53.1170813793896,-0.4214490580985064,6.656149128094436,0.6522458124780977,15.709000062942504,19.175867957305556,30734574,-0.018340997843082074,-0.018511279245038238,-0.02320845713431885,0.204512025557537,0.030839164905326344,0.25099599121175853,3,5
2020-05-08,24.739999771118164,24.989999771118164,23.260000228881836,23.350000381469727,205181,54.02125447943415,0.05363175756335892,6.304281300533142,0.6726075855430317,15.80800004005432,20.03188823635365,30939755,0.05053080987726388,0.04929556964700635,-0.018340997843082074,-0.02320845713431885,0.204512025557537,0.0498938708303831,4,5
2020-05-11,24.139999389648438,25.579999923706055,23.670000076293945,24.489999771118164,179591,53.46141127017757,0.37737160541409054,5.990404053881639,0.6587333388462274,15.894500017166138,20.663905336860545,30760164,-0.024252238763970202,-0.024551167327293844,0.05053080987726388,-0.018340997843082074,-0.02320845713431885,0.030839164905326344,0,5
2020-05-12,25.780000686645508,26.229999542236328,24.219999313354492,24.489999771118164,212335,54.839071004063584,0.7575397195258091,5.711803775217801,0.6827371260302539,16.178000020980836,21.450996929135155,30972499,0.06793708941435694,0.065728833760296,-0.024252238763970202,0.05053080987726388,-0.018340997843082074,0.204512025557537,1,5
2020-05-13,25.290000915527344,26.450000762939453,24.790000915527344,25.299999237060547,150864,54.3216570532813,1.0076709984754117,5.422389208945965,0.6666226608556699,16.44900002479553,22.041612927041644,30821635,-0.0190069727721921,-0.0191899272628217,0.06793708941435694,-0.024252238763970202,0.05053080987726388,-0.02320845713431885,2,5
2020-05-14,27.559999465942383,27.959999084472656,25.18000030517578,25.559999465942383,160507,56.37516428081929,1.3732418734864105,5.233647035399601,0.6991037040240458,16.833499956130982,22.890595471487913,30982142,0.08975873737597717,0.08595632988442657,-0.0190069727721921,0.06793708941435694,-0.024252238763970202,-0.018340997843082074,3,5
2020-05-15,29.43000030517578,29.920000076293945,27.239999771118164,27.639999389648438,108016,58.04831924021253,1.7931821772830325,5.051243697526472,0.7189648875297011,17.391499948501586,23.89665775359374,31090158,0.06785199112736828,0.06564914584746884,0.08975873737597717,-0.0190069727721921,0.06793708941435694,0.05053080987726388,4,5
2020-05-18,31.81999969482422,33.31999969482422,29.530000686645508,29.530000686645508,89376,60.15186071492448,2.292415333251963,4.968297675535183,0.9571249426511124,20.863999986648558,25.115633436859966,31179534,0.0812096284357875,0.07808044070402118,0.06785199112736828,0.08975873737597717,-0.0190069727721921,-0.024252238763970202,0,5
2020-05-19,32.5,33.439998626708984,31.34000015258789,32.83000183105469,430823,60.7548146031262,2.711673068589196,4.763419161148462,0.9409503300056015,21.98849997520447,26.2516898311892,31610357,0.021370217212365095,0.02114507601674194,0.0812096284357875,0.06785199112736828,0.08975873737597717,0.06793708941435694,1,5
2020-05-20,33.4900016784668,33.779998779296875,31.559999465942383,31.889999389648438,406431,61.66429023735855,3.088223586938067,4.581746314877464,0.9276604934904352,22.97400007247925,27.365276269231906,32016788,0.03046159010667071,0.030006847588867402,0.021370217212365095,0.0812096284357875,0.06785199112736828,-0.0190069727721921,2,5
2020-05-21,33.91999816894531,34.65999984741211,33.2599983215332,33.529998779296875,372814,62.0753827371407,3.382350082469653,4.354478829948996,0.8937132299936695,23.844999980926513,28.37369502303397,32389602,0.012839548191333483,0.012757820017576561,0.03046159010667071,0.021370217212365095,0.0812096284357875,0.08975873737597717,3,5
2020-05-22,33.25,34.0,30.719999313354492,33.95000076293945,429036,60.978137787798524,3.5207986215318705,4.2777303911416045,0.8301672901734337,24.66049995422363,29.123895788721054,31960566,-0.01975230557526131,-0.01994998984027262,0.012839548191333483,0.03046159010667071,0.021370217212365095,0.06785199112736828,4,5
2020-05-26,34.349998474121094,34.810001373291016,32.47999954223633,33.29999923706055,466737,62.16071698093608,3.6768958039574358,4.138606922563968,0.8457164979594922,25.73899989128113,29.927911586474906,32427303,0.033082660875822345,0.03254720714498309,-0.01975230557526131,0.012839548191333483,0.03046159010667071,0.0812096284357875,1,5
2020-05-27,32.810001373291016,34.31999969482422,31.75,34.13999938964844,415246,59.444607866580306,3.634443448196631,4.028706319103763,0.7704511965517198,26.762499952316283,30.371310015215847,32012057,-0.04483252312195285,-0.04586858541796931,0.033082660875822345,-0.01975230557526131,0.012839548191333483,0.021370217212365095,2,5
2020-05-28,33.709999084472656,34.209999084472656,31.139999389648438,32.099998474121094,440168,60.530043392593704,3.6315595857638066,3.960227274512367,0.7952123230969367,27.69499988555908,30.884954487409203,32452225,0.027430590475814087,0.027061113258167634,-0.04483252312195285,0.033082660875822345,-0.01975230557526131,0.03046159010667071,3,5
2020-05-29,35.4900016784668,35.77000045776367,32.36000061035156,33.68000030517578,443647,62.65871468414611,3.729909363882765,3.920925315433777,0.8525874680322875,28.527499961853028,31.59342328603345,32895872,0.05280340084061397,0.051456511865436545,0.027430590475814087,-0.04483252312195285,0.033082660875822345,0.012839548191333483,4,5
2020-06-01,35.439998626708984,35.900001525878906,34.27000045776367,35.209999084472656,385710,62.55664988252186,3.7604690962986105,3.757287869196738,0.8243434836183468,29.3104998588562,32.18520410767584,32510162,-0.0014089334852905866,-0.0014099269653480996,0.05280340084061397,0.027430590475814087,-0.04483252312195285,-0.01975230557526131,0,6
2020-06-02,36.810001373291016,37.060001373291016,35.279998779296875,35.560001373291016,343483,64.27373468119949,3.850845526308472,3.616053206682267,0.8689329464173016,30.13149995803833,32.89671137930894,32853645,0.03865696387328699,0.037928497711348784,-0.0014089334852905866,0.05280340084061397,0.027430590475814087,0.033082660875822345,1,6
2020-06-03,37.290000915527344,38.18000030517578,35.880001068115234,36.86000061035156,494253,64.88139155120838,3.916059552889937,3.522049351709287,0.8550812179313692,30.768000030517577,33.57260207718869,33347898,0.013039921877987526,0.012955634043798544,0.03865696387328699,-0.0014089334852905866,0.05280340084061397,-0.04483252312195285,2,6
2020-06-04,37.40999984741211,37.619998931884766,36.380001068115234,36.7599983215332,307612,65.04147452368282,3.9320982685341477,3.3590456739993044,0.8293390992737248,31.439000034332274,34.162970964915374,33655510,0.0032179921946529078,0.0032128255389749396,0.013039921877987526,0.03865696387328699,-0.0014089334852905866,0.027430590475814087,3,6
2020-06-05,39.54999923706055,39.68000030517578,37.04999923706055,37.33000183105469,396856,67.85554434667102,4.07056617918423,3.3069710592932995,0.9078648732685595,32.23900003433228,34.9917445452454,34052366,0.05720394007957941,0.05562763064190295,0.0032179921946529078,0.013039921877987526,0.03865696387328699,0.05280340084061397,4,6
2020-06-08,38.189998626708984,40.439998626708984,37.959999084472656,39.40999984741211,416639,64.31241723463451,4.0241741382218095,3.247901665217802,0.8060758393712818,32.911499977111816,35.48378363470134,33635727,-0.03438686818171077,-0.03499200964517405,0.05720394007957941,0.0032179921946529078,0.013039921877987526,-0.0014089334852905866,0,6
2020-06-09,38.939998626708984,39.099998474121094,37.06999969482422,38.220001220703125,396033,65.3858189831661,4.001796623072089,3.1609086019377357,0.8304174994906336,33.65149993896485,36.01550901808713,34031760,0.01963864956715322,0.019448299399222043,-0.03438686818171077,0.05720394007957941,0.0032179921946529078,0.03865696387328699,1,6
2020-06-10,39.599998474121094,39.90999984741211,37.72999954223633,38.5,385868,66.34513194594814,3.99130942241419,3.090843723597596,0.8487406649197137,34.342499828338624,36.56696893440005,34417628,0.01694914922157742,0.01680711505093236,0.01963864956715322,-0.03438686818171077,0.05720394007957941,0.013039921877987526,2,6
2020-06-11,36.34000015258789,39.09000015258789,35.40999984741211,39.09000015258789,513912,57.8210015060099,3.677551100837242,3.169354788105552,0.6142282079156357,34.89499979019165,36.532050660275104,33903716,-0.08232319310980873,-0.08591001256121708,0.01694914922157742,0.01963864956715322,-0.03438686818171077,0.0032179921946529078,3,6
2020-06-12,36.2599983215332,36.9900016784668,34.47999954223633,36.2599983215332,406508,57.62533265078463,3.3834377273143303,3.1222581701144745,0.5865548772288065,35.32999973297119,36.49019645431481,33497208,-0.0022014813076161044,-0.0022039081299802367,-0.08232319310980873,0.01694914922157742,0.01963864956715322,0.05720394007957941,4,6
2020-06-15,37.119998931884766,37.2599983215332,34.36000061035156,36.029998779296875,387546,59.222817772994595,3.1830533639575975,3.1063824230478434,0.6500002370821271,35.71449966430664,36.58708914317173,33884754,0.02371761307669029,0.023440720106402163,-0.0022014813076161044,-0.08232319310980873,0.01694914922157742,-0.03438686818171077,0,6
2020-06-16,38.380001068115234,39.060001373291016,36.380001068115234,37.04999923706055,366323,61.51216271218979,3.0902959463949813,3.075926557485553,0.7619546143284734,36.042499732971194,36.862921747009196,34251077,0.03394402404328112,0.03338063926620576,0.02371761307669029,-0.0022014813076161044,-0.08232319310980873,0.01963864956715322,1,6
2020-06-17,37.959999084472656,38.75,37.209999084472656,37.93000030517578,239516,60.296945047108814,2.9489012764311866,2.9662175830599664,0.6947074547469042,36.31549968719482,37.03170287584973,34011561,-0.01094325096284332,-0.011003568786034795,0.03394402404328112,0.02371761307669029,-0.0022014813076161044,0.01694914922157742,2,6
2020-06-18,38.84000015258789,38.970001220703125,37.11000061035156,37.7400016784668,113384,61.99125606974462,2.874715779455279,2.887202085009366,0.771904553556557,36.58299961090088,37.30990245688637,34124945,0.023182325851930585,0.022917697728237152,-0.01094325096284332,0.03394402404328112,0.02371761307669029,-0.08232319310980873,3,6
2020-06-19,39.75,40.4900016784668,38.400001525878906,38.849998474121094,64113,63.715630581660484,2.8564255257269195,2.8302590898364035,0.84395133700756,36.87449970245361,37.68530207890385,34189058,0.023429450150284747,0.023159193748589307,0.023182325851930585,-0.01094325096284332,0.03394402404328112,-0.0022014813076161044,4,6
2020-06-22,40.459999084472656,40.70000076293945,39.119998931884766,39.18000030517578,315264,65.04798996866386,2.866181800618733,2.740954999923424,0.8922772223224109,37.234999656677246,38.11217854129905,34504322,0.017861612187991316,0.01770396801129618,0.023429450150284747,0.023182325851930585,-0.01094325096284332,0.02371761307669029,0,6
2020-06-23,40.369998931884766,41.630001068115234,39.7599983215332,40.68000030517578,368730,64.72355005539282,2.8339830659187726,2.6787441246847528,0.8453454661540714,37.53599967956543,38.459535524466084,34135592,-0.0022244230010975974,-0.002226900704931012,0.017861612187991316,0.023429450150284747,0.023182325851930585,0.03394402404328112,1,6
2020-06-24,38.0099983215332,40.540000915527344,37.310001373291016,39.9900016784668,499490,56.73278999559759,2.588197876756354,2.7181195116527226,0.5307053324446056,37.79599952697754,38.3903759547841,33636102,-0.058459268585404955,-0.06023766956410786,-0.0022244230010975974,0.017861612187991316,0.023429450150284747,-0.01094325096284332,2,6
2020-06-25,38.720001220703125,39.22999954223633,37.08000183105469,38.04999923706055,451640,58.39690777946869,2.422774408522919,2.677539383047645,0.6140125321195666,38.04649963378906,38.44108753415625,34087742,0.018679372021116247,0.01850705509220127,-0.058459268585404955,-0.0022244230010975974,0.017861612187991316,0.023182325851930585,3,6
2020-06-26,38.4900016784668,39.349998474121094,37.790000915527344,39.09000015258789,356712,57.6237322735701,2.2472116205431405,2.597714967015224,0.554070630296091,38.19649963378906,38.448612787127104,33731030,-0.0059400706349500565,-0.005957783031278778,0.018679372021116247,-0.058459268585404955,-0.0022244230010975974,0.023429450150284747,4,6
2020-06-29,39.70000076293945,39.88999938964844,37.5,37.959999084472656,343913,60.58065764757127,2.180577321935232,2.582878140060454,0.7608889250879763,38.40949974060059,38.64113401417516,34074943,0.03143671165775985,0.030952696007242243,-0.0059400706349500565,0.018679372021116247,-0.058459268585404955,0.017861612187991316,0,6
2020-06-30,39.27000045776367,40.08000183105469,38.849998474121094,39.63999938964844,370059,59.0049539944867,2.0692190599698748,2.486244226979964,0.6545475304900608,38.53249969482422,38.73788269780415,33704884,-0.010831241735823616,-0.01089032666401585,0.03143671165775985,-0.0059400706349500565,0.018679372021116247,-0.0022244230010975974,1,6
2020-07-01,39.81999969482422,40.58000183105469,39.04999923706055,39.84000015258789,407170,60.42290895057922,2.0022662974551935,2.4179412531952624,0.7441802375833805,38.658999633789065,38.90436223580724,34112054,0.014005582649587511,0.013908410725421134,-0.010831241735823616,0.03143671165775985,-0.0059400706349500565,-0.058459268585404955,2,7
2020-07-02,40.650001525878906,40.7400016784668,39.459999084472656,39.779998779296875,347096,62.52923345929329,1.9932035521223526,2.336659920395182,0.8724877426151767,38.820999717712404,39.1729221265875,34459150,0.020843843229927828,0.020629582558647216,0.014005582649587511,-0.010831241735823616,0.03143671165775985,0.018679372021116247,3,7
2020-07-06,40.630001068115234,41.08000183105469,39.84000015258789,40.380001068115234,373236,62.44299307329901,1.961793062115504,2.258327188828869,0.8424982882586425,38.874999809265134,39.397088117591764,34085914,-0.000492016162679354,-0.0004921372423485878,0.020843843229927828,0.014005582649587511,-0.010831241735823616,-0.0059400706349500565,0,7
2020-07-07,40.619998931884766,40.95000076293945,39.900001525878906,40.68000030517578,256596,62.39664557014503,1.9140291965462737,2.172018049416846,0.8063695943343894,38.99649982452392,39.58522824286761,33829318,-0.00024617612521593557,-0.0002462064315321451,-0.000492016162679354,0.020843843229927828,0.014005582649587511,0.03143671165775985,1,7
2020-07-08,40.900001525878906,41.08000183105469,40.29999923706055,40.47999954223633,286740,63.21966907026518,1.8771314552759435,2.07258837402951,0.8252050191205195,39.09449996948242,39.78750105563858,34116058,0.006893220122030863,0.006869570499373449,-0.00024617612521593557,-0.000492016162679354,0.020843843229927828,-0.010831241735823616,2,7
2020-07-09,39.619998931884766,40.9900016784668,39.27000045776367,40.869998931884766,367386,57.07031632811088,1.7247226880329762,2.04740357736334,0.5944469453289494,39.095499992370605,39.76173149813799,33748672,-0.03129590577604835,-0.03179608604489484,0.006893220122030863,-0.00024617612521593557,-0.000492016162679354,0.014005582649587511,3,7
2020-07-10,40.54999923706055,40.77000045776367,38.540000915527344,39.58000183105469,393149,60.106553352785006,1.659847208833476,2.060446146282839,0.7451536015566833,39.30599994659424,39.88300345797223,34141821,0.02347300177303513,0.023201747435225455,-0.03129590577604835,0.006893220122030863,-0.00024617612521593557,0.020843843229927828,4,7
2020-07-13,40.099998474121094,40.720001220703125,39.470001220703125,40.349998474121094,370715,57.9700835814686,1.5542057074730735,2.002557135834065,0.6409511030686361,39.49799995422363,39.91638730661052,33771106,-0.01109742962777116,-0.011159465485958973,0.02347300177303513,-0.03129590577604835,0.006893220122030863,-0.000492016162679354,0,7
2020-07-14,40.290000915527344,40.56999969482422,39.06999969482422,39.599998474121094,426971,58.63858287400129,1.468883293385808,1.9666601975602032,0.6704267396976492,39.656500053405765,39.97386632336695,34198077,0.0047382156767130645,0.004727025666014587,-0.01109742962777116,0.02347300177303513,-0.03129590577604835,-0.00024617612521593557,1,7
2020-07-15,41.20000076293945,41.2599983215332,40.08000183105469,40.54999923706055,352542,61.77448561925403,1.4578884178302545,1.910469932768654,0.8734836484887133,39.79750003814697,40.16250239099349,34550619,0.022586245389272452,0.022334952946734196,0.0047382156767130645,-0.01109742962777116,0.02347300177303513,0.006893220122030863,2,7
2020-07-16,40.75,41.18000030517578,40.52000045776367,40.970001220703125,200101,59.37707412851774,1.396762589307734,1.822579245083449,0.7365257637302571,39.93700008392334,40.25288663853295,34350518,-0.01092234841277584,-0.01098243518655676,0.022586245389272452,0.0047382156767130645,-0.01109742962777116,-0.03129590577604835,3,7
2020-07-17,40.59000015258789,40.900001525878906,40.02000045776367,40.720001220703125,88220,58.5076393231235,1.3201909399388967,1.7552522324428623,0.6699598478476358,40.02450008392334,40.30475025607986,34262298,-0.003926376623610062,-0.003934105076817023,-0.01092234841277584,0.022586245389272452,0.0047382156767130645,0.02347300177303513,4,7
2020-07-20,40.810001373291016,40.90999984741211,39.83000183105469,40.63999938964844,60179,59.38820274944902,1.2627039508890405,1.7070197884367595,0.7163886836972586,40.07750015258789,40.382481197189264,34322477,0.005420084254153412,0.005405448458504835,-0.003926376623610062,-0.01092234841277584,0.022586245389272452,-0.01109742962777116,0,7
2020-07-21,41.959999084472656,42.400001525878906,40.63999938964844,40.650001525878906,389117,63.7222122882702,1.2950122076435093,1.710804241850596,0.981580027441382,40.15250015258789,40.625176256771326,34711594,0.028179310769008703,0.02778957864048651,0.005420084254153412,-0.003926376623610062,-0.01092234841277584,0.0047382156767130645,1,7
2020-07-22,41.900001525878906,42.029998779296875,41.13999938964844,41.540000915527344,333647,63.34241352467162,1.3007808405104058,1.652175323836156,0.9126426005938063,40.2290002822876,40.821303221249416,34377947,-0.0014298751168455581,-0.0014308983637969963,0.028179310769008703,0.005420084254153412,-0.003926376623610062,0.022586245389272452,2,7
2020-07-23,41.06999969482422,42.36000061035156,40.83000183105469,41.95000076293945,389412,58.17657303653131,1.2242657391053413,1.643448427797636,0.6934334391580026,40.38200035095215,40.859564217184,33988535,-0.01980911219160819,-0.020007942807407225,-0.0014298751168455581,0.028179310769008703,0.005420084254153412,-0.01092234841277584,3,7
2020-07-24,41.290000915527344,41.66999816894531,40.65999984741211,41.060001373291016,353159,59.12805896783635,1.1679162186975702,1.598201991635891,0.736797554263464,40.51050033569336,40.92578524769836,34341694,0.005356737821715862,0.005342441533257796,-0.01980911219160819,-0.0014298751168455581,0.028179310769008703,-0.003926376623610062,4,7
2020-07-27,41.599998474121094,41.81999969482422,40.47999954223633,41.2599983215332,377714,60.49196986225361,1.1351872974830357,1.5797590031324624,0.8275065605667958,40.66600017547607,41.0295103594557,34719408,0.007507811860502311,0.007479768516335761,0.005356737821715862,-0.01980911219160819,-0.0014298751168455581,0.005420084254153412,0,7
2020-07-28,41.040000915527344,41.93000030517578,40.849998474121094,41.650001525878906,276804,56.804280407936474,1.0519362029971333,1.5440620622697643,0.612653580218745,40.73300018310547,41.03112429115903,34442604,-0.01346148026765237,-0.013552907416750533,0.007507811860502311,0.005356737821715862,-0.01980911219160819,0.028179310769008703,1,7
2020-07-29,41.27000045776367,41.56999969482422,40.93000030517578,41.130001068115234,295855,57.93842306792874,0.9930706513931611,1.4794861570825266,0.681689893391145,40.83300018310547,41.06787447063667,34738459,0.005604277219918519,0.005588631685728557,-0.01346148026765237,0.007507811860502311,0.005356737821715862,-0.0014298751168455581,2,7
2020-07-30,39.91999816894531,41.38999938964844,38.720001220703125,41.31999969482422,487325,49.69134767059338,0.8279413824940676,1.56452272935844,0.1131255722355474,40.83800010681152,40.8912781165303,34251134,-0.032711467745195955,-0.03325844928125482,0.005604277219918519,-0.01346148026765237,0.007507811860502311,-0.01980911219160819,3,7
2020-07-31,40.27000045776367,40.54999923706055,39.65999984741211,40.34000015258789,318788,51.61431221203819,0.7170517802424712,1.5163424908077254,0.2731048319733149,40.81900005340576,40.795696938258516,34569922,0.008767592807422453,0.008729380655566133,-0.032711467745195955,0.005604277219918519,-0.01346148026765237,0.005356737821715862,4,7
2020-08-03,41.0099983215332,41.2400016784668,39.58000183105469,40.38999938964844,338326,55.48820802360715,0.6810321005997082,1.5266037305651814,0.571116343019359,40.83799991607666,40.82866638183924,34908248,0.018375908998204737,0.018209112245010078,0.008767592807422453,-0.032711467745195955,0.005604277219918519,0.007507811860502311,0,8
2020-08-04,41.70000076293945,42.08000183105469,40.13999938964844,40.779998779296875,451575,58.80049431729096,0.7000934340903484,1.556132209910972,0.8204147284527576,40.89200000762939,40.96271782508543,35359823,0.016825224814602135,0.01668524862493082,0.018375908998204737,0.008767592807422453,-0.032711467745195955,-0.01346148026765237,1,8
2020-08-05,42.189998626708984,43.52000045776367,41.470001220703125,41.560001373291016,491268,61.018871739621964,0.7461374032046209,1.5914084261359416,0.9462534311849679,40.956499862670896,41.15153025610444,35851091,0.011750548076848277,0.011682046485426563,0.016825224814602135,0.018375908998204737,0.008767592807422453,0.005604277219918519,2,8
2020-08-06,41.95000076293945,42.650001525878906,41.61000061035156,42.189998626708984,359610,59.333705403019536,0.7545636188971088,1.5520221753781844,0.8367143078142595,41.07299995422363,41.2743718725406,35491481,-0.005688501341111651,-0.00570474248600124,0.011750548076848277,0.016825224814602135,0.018375908998204737,-0.032711467745195955,3,8
2020-08-07,41.220001220703125,42.220001220703125,41.060001373291016,41.970001220703125,398997,54.41140164797778,0.6943327575216784,1.5240205805234648,0.5443000174950244,41.10650005340576,41.26600715687329,35092484,-0.01740165742455102,-0.017554846023437824,-0.005688501341111651,0.011750548076848277,0.016825224814602135,0.008767592807422453,4,8
2020-08-10,41.939998626708984,42.33000183105469,41.16999816894531,41.5,367796,58.10322225629636,0.6966664027063914,1.4980193720653154,0.7984125351502781,41.198500061035155,41.36969815223263,35460280,0.01746718546054371,0.017316387652937554,-0.01740165742455102,-0.005688501341111651,0.011750548076848277,0.018375908998204737,0,8
2020-08-11,41.61000061035156,42.939998626708984,41.47999954223633,41.97999954223633,432843,55.87001901216532,0.6642309108458875,1.4953036372372683,0.6462652462895798,41.264500045776366,41.406667761174006,35027437,-0.007868336365353779,-0.007899455066354505,0.01746718546054371,-0.01740165742455102,-0.005688501341111651,0.016825224814602135,1,8
2020-08-12,42.66999816894531,42.900001525878906,41.529998779296875,41.619998931884766,397831,61.04879524366533,0.7158071152208265,1.4863535736190372,1.0009377239977855,41.33799991607666,41.601026285446515,35425268,0.025474586470687344,0.025155516624679724,-0.007868336365353779,0.01746718546054371,-0.01740165742455102,0.011750548076848277,2,8
2020-08-13,42.2400016784668,42.84000015258789,42.09000015258789,42.56999969482422,329507,58.07163514374565,0.7137567619696199,1.433756889789106,0.8051078422122989,41.4125,41.69933019206502,35095761,-0.010077255892442571,-0.010128375153480898,0.025474586470687344,-0.007868336365353779,0.01746718546054371,-0.005688501341111651,3,8
2020-08-14,42.0099983215332,42.56999969482422,41.619998931884766,42.33000183105469,310866,56.48487525668189,0.6856685335191912,1.3992028807284165,0.6987202248644393,41.483499908447264,41.74712528890628,34784895,-0.005445155014064396,-0.005460033907127467,-0.010077255892442571,0.025474586470687344,-0.007868336365353779,-0.01740165742455102,4,8
2020-08-17,42.88999938964844,42.970001220703125,41.79999923706055,42.2400016784668,208429,60.88827248652281,0.7260477157108767,1.382831388079428,0.9586090320696657,41.58749980926514,41.92295207363584,34993324,0.020947419739937745,0.020731039070855134,-0.005445155014064396,-0.010077255892442571,0.025474586470687344,0.01746718546054371,0,8
2020-08-18,42.88999938964844,42.9900016784668,42.11000061035156,42.790000915527344,111628,60.88827248652281,0.7494097790723302,1.3469149366534143,0.9123504496797697,41.633999824523926,42.071728583791625,35104952,0.0,0.0,0.020947419739937745,-0.005445155014064396,-0.010077255892442571,-0.007868336365353779,1,8
2020-08-19,42.93000030517578,43.029998779296875,42.36000061035156,42.599998474121094,81299,61.095811663389505,0.7623640638098692,1.2985637389599785,0.8836508395908049,41.68549976348877,42.2037703870815,35186251,0.0009326396851616625,0.000932205046990039,0.0,0.020947419739937745,-0.005445155014064396,0.025474586470687344,2,8
2020-08-20,42.58000183105469,42.790000915527344,41.5,42.7400016784668,377070,58.18646184285061,0.7359054164371983,1.3079520651182501,0.7495808553085392,41.760999870300296,42.26165214769276,34809181,-0.008152771293572503,-0.008186186877126777,0.0009326396851616625,0.0,0.020947419739937745,-0.010077255892442571,3,8
2020-08-21,42.34000015258789,42.959999084472656,41.459999084472656,42.75,345368,56.2098132880061,0.6876438874049953,1.3216697747526607,0.6600983524407464,41.81349983215332,42.27370568690739,34463813,-0.005636488213858093,-0.005652433157436007,-0.008152771293572503,0.0009326396851616625,0.0,-0.005445155014064396,4,8
2020-08-24,42.619998931884766,42.88999938964844,42.22999954223633,42.47999954223633,294731,58.00231430558087,0.6643318355156396,1.2744076370854784,0.7251742975493142,41.8644998550415,42.326981570750064,34758544,0.006613102935469906,0.006591332298519188,-0.005636488213858093,-0.008152771293572503,0.0009326396851616625,0.020947419739937745,0,8
2020-08-25,43.349998474121094,43.56999969482422,42.310001373291016,42.36000061035156,330800,62.33155238374381,0.6967302559457877,1.273378400260316,0.8911843330963493,41.979999732971194,42.4843687866533,35089344,0.017128098557745552,0.016983066418389196,0.006613102935469906,-0.005636488213858093,-0.008152771293572503,0.0,1,8
2020-08-26,43.38999938964844,43.779998779296875,43.0,43.38999938964844,262243,62.559304304100635,0.7173646440633803,1.2381369987629274,0.8579297553121551,42.08599967956543,42.623696571729475,35351587,0.0009227431818994436,0.0009223177161198882,0.017128098557745552,0.006613102935469906,-0.005636488213858093,0.0009326396851616625,2,8
2020-08-27,43.040000915527344,43.5,42.36000061035156,43.45000076293945,320968,59.18725859530334,0.6974359856038177,1.2311271695404638,0.7541588941780033,42.241999816894534,42.68774339385222,35030619,-0.008066339687586965,-0.008099048618543214,0.0009227431818994436,0.017128098557745552,0.006613102935469906,-0.008152771293572503,3,8
2020-08-28,42.970001220703125,43.41999816894531,42.689998626708984,42.97999954223633,272800,58.50800567174552,0.6682903546241192,1.1953323390187396,0.7260872973881837,42.376999855041504,42.7311676749062,34757819,-0.0016263869269335096,-0.0016277109299070451,-0.008066339687586965,0.0009227431818994436,0.017128098557745552,-0.005636488213858093,4,8
2020-08-31,42.61000061035156,43.56999969482422,42.560001373291016,42.90999984741211,236877,55.01139163498231,0.6091216166533044,1.1820941949126298,0.5662992350979288,42.456999969482425,42.712526588051645,34520942,-0.008377952062475491,-0.008413244359208306,-0.0016263869269335096,-0.008066339687586965,0.0009227431818994436,0.006613102935469906,0,8
2020-09-01,42.7599983215332,43.43000030517578,42.720001220703125,42.83000183105469,285146,56.186311631346854,0.5677884158114139,1.156230302049172,0.6129876664868952,42.50999984741211,42.719829931664194,34806088,0.0035202466330217508,0.00351406506768507,-0.008377952062475491,-0.0016263869269335096,-0.008066339687586965,0.017128098557745552,1,9
2020-09-02,41.5099983215332,43.209999084472656,41.22999954223633,43.02000045776367,421771,45.51793476059817,0.4292192309260443,1.2150709620625402,0.09161703947096192,42.47599983215332,42.53370199164404,34384317,-0.029232929117551487,-0.029668725273937598,0.0035202466330217508,-0.008377952062475491,-0.0016263869269335096,0.0009227431818994436,2,9
2020-09-03,41.369998931884766,41.790000915527344,40.220001220703125,41.630001068115234,417634,44.498833670082554,0.30459420050627983,1.24042301440266,0.0722364808261913,42.44699974060059,42.35467075168107,33966683,-0.003372666714269945,-0.00337836697498113,-0.029232929117551487,0.0035202466330217508,-0.008377952062475491,-0.008066339687586965,3,9
2020-09-04,39.77000045776367,41.869998931884766,39.349998474121094,41.25,444184,34.885781778461734,0.0758471422645357,1.3318214032141609,-0.29312646502214235,42.37449970245361,41.95702916800147,33522499,-0.038675332739444235,-0.03944308392485077,-0.003372666714269945,-0.029232929117551487,0.0035202466330217508,-0.0016263869269335096,4,9
2020-09-08,36.7599983215332,39.59000015258789,36.130001068115234,39.47999954223633,720975,24.265537724613154,-0.3443491238322878,1.496691259388038,-0.40813786712198097,42.11549968719483,41.15748596085251,32801524,-0.07568524268505195,-0.07870261890253123,-0.038675332739444235,-0.003372666714269945,-0.029232929117551487,-0.008377952062475491,1,9
2020-09-09,38.04999923706055,38.45000076293945,36.15999984741211,36.790000915527344,455356,33.59571772320679,-0.5667324601472004,1.5533562348265597,-0.06531701714950543,41.937499618530275,40.67941108026913,33256880,0.03509251834681648,0.034490812429379666,-0.07568524268505195,-0.038675332739444235,-0.003372666714269945,0.0035202466330217508,2,9
2020-09-10,37.29999923706055,38.18000030517578,36.93000030517578,37.79999923706055,367555,31.189881142389027,-0.7943349890532261,1.5316879323389483,-0.0508313430516875,41.668999671936035,40.15950156592935,32889325,-0.01971090709693113,-0.019907758061094676,0.03509251834681648,-0.07568524268505195,-0.038675332739444235,-0.029232929117551487,3,9
2020-09-11,37.33000183105469,37.81999969482422,36.66999816894531,37.0099983215332,363787,31.40151198881655,-0.9612104387999736,1.5044246175918023,0.032735580663983764,41.42349967956543,39.724193914410165,33253112,0.0008043591047672827,0.0008040357813497115,-0.01971090709693113,0.03509251834681648,-0.07568524268505195,-0.003372666714269945,4,9
2020-09-14,37.2599983215332,37.68000030517578,36.81999969482422,37.31999969482422,347563,31.160699200357598,-1.0865836729645153,1.4583943313603567,0.08486382543535001,41.18599967956543,39.3450869001214,32905549,-0.0018752613471143542,-0.0018770218509551696,0.0008043591047672827,-0.01971090709693113,0.03509251834681648,-0.038675332739444235,0,9
2020-09-15,38.279998779296875,38.56999969482422,37.060001373291016,37.279998779296875,348861,38.554751656109815,-1.091060288024373,1.4620803306584171,0.2225939276819996,40.95549964904785,39.181227189225325,33254410,0.027375214807086934,0.027007214569933265,-0.0018752613471143542,0.0008043591047672827,-0.01971090709693113,-0.07568524268505195,1,9
2020-09-16,40.15999984741211,40.34000015258789,38.349998474121094,38.349998474121094,367612,49.35277259049605,-0.9321622768623641,1.5047889765607454,0.4306257252434126,40.818999671936034,39.33180759817714,33622022,0.049111837201311515,0.04794393688801778,0.027375214807086934,-0.0018752613471143542,0.0008043591047672827,0.03509251834681648,2,9
2020-09-17,40.970001220703125,41.220001220703125,39.41999816894531,40.189998626708984,280669,53.17117312433819,-0.7324311069787512,1.5258756962176787,0.5267675100908393,40.7209997177124,39.58383738625806,33902691,0.020169356981290187,0.019968649769852957,0.049111837201311515,0.027375214807086934,-0.0018752613471143542,-0.01971090709693113,3,9
2020-09-18,41.11000061035156,41.4900016784668,40.29999923706055,40.970001220703125,85906,53.819228416719234,-0.5564317364486513,1.501884749445434,0.5505219224482757,40.64749965667725,39.81863172842629,33988597,0.003417119489312892,0.0034112944027500885,0.020169356981290187,0.049111837201311515,0.027375214807086934,0.0008043591047672827,4,9
2020-09-21,39.310001373291016,41.27000045776367,38.65999984741211,40.97999954223633,66195,45.16494470718342,-0.555789072050139,1.5810358823673003,0.36948628966947294,40.4959997177124,39.74038090455932,33922402,-0.043784947952720366,-0.044772441387906724,0.003417119489312892,0.020169356981290187,0.049111837201311515,-0.0018752613471143542,0,9
2020-09-22,39.599998474121094,40.02000045776367,39.0,39.630001068115234,287807,46.653302076641225,-0.5258181095970542,1.540961923467041,0.4163103429263919,40.34499969482422,39.718783607568824,34210209,0.007377183686060995,0.007350105359467696,-0.043784947952720366,0.003417119489312892,0.020169356981290187,0.027375214807086934,1,9
2020-09-23,39.93000030517578,40.75,39.2599983215332,39.7599983215332,318754,48.37062964567843,-0.47001942474656744,1.5373219059670238,0.4711824090055841,40.17399978637695,39.751278484123745,34528963,0.008333379893192383,0.008298848989760854,0.007377183686060995,-0.043784947952720366,0.003417119489312892,0.049111837201311515,2,9
2020-09-24,40.310001373291016,40.369998931884766,39.119998931884766,39.599998474121094,269992,50.352591688774766,-0.3906326841764951,1.516798912683665,0.5365217246013412,40.01999988555908,39.83723585168794,34798955,0.00951668082171242,0.009471682479421088,0.008333379893192383,0.007377183686060995,-0.043784947952720366,0.020169356981290187,3,9
2020-09-25,40.25,40.63999938964844,39.709999084472656,40.150001525878906,229025,50.02603719651092,-0.32876987522684686,1.4748847264331018,0.5496044917659724,39.880499839782715,39.900738028351334,34569930,-0.0014884984184290184,-0.0014896073327479297,0.00951668082171242,0.008333379893192383,0.007377183686060995,0.003417119489312892,4,9
2020-09-28,40.599998474121094,40.79999923706055,39.779998779296875,40.06999969482422,226425,51.98228976003327,-0.2486350910745685,1.4423929929567139,0.6209044118261012,39.761999702453615,40.00831655846976,34796355,0.008695614263878104,0.00865802515988958,-0.0014884984184290184,0.00951668082171242,0.008333379893192383,-0.043784947952720366,0,9
2020-09-29,39.290000915527344,40.70000076293945,38.40999984741211,40.58000183105469,379599,44.89798826702594,-0.2875192096912329,1.5029364159974732,0.4523782026199347,39.5959997177124,39.89780645955554,34416756,-0.03226595093171636,-0.03279797215230347,0.008695614263878104,-0.0014884984184290184,0.00951668082171242,0.007377183686060995,1,9
2020-09-30,40.220001220703125,40.369998931884766,38.68000030517578,39.15999984741211,340294,50.09748545734176,-0.2405193442664313,1.5162980024768669,0.6300776800987453,39.4689998626709,39.947374884347475,34757050,0.02367015229078917,0.023394357822996505,-0.03226595093171636,0.008695614263878104,-0.0014884984184290184,0.008333379893192383,2,9
2020-10-01,38.720001220703125,40.470001220703125,37.61000061035156,39.900001525878906,443442,43.04266595335466,-0.3206132463493887,1.6122767601822023,0.38897633400805864,39.32950000762939,39.758548166863726,34313608,-0.03729487703814094,-0.03800812076035567,0.02367015229078917,-0.03226595093171636,0.008695614263878104,0.00951668082171242,3,10
2020-10-02,37.04999923706055,38.650001525878906,36.630001068115234,38.599998474121094,391428,36.82505193170737,-0.512930698285011,1.6463998596397516,0.1246163561321508,39.11350002288818,39.34184833150939,33922180,-0.0431302151599533,-0.04408796278486181,-0.03729487703814094,0.02367015229078917,-0.03226595093171636,-0.0014884984184290184,4,10
2020-10-05,39.220001220703125,39.720001220703125,37.0,37.0,378579,47.44793109281066,-0.48465582918861116,1.7230856711442784,0.5245184632120476,39.08600006103516,39.32310262215458,34300759,0.05856955542044817,0.056918520742768076,-0.0431302151599533,-0.03729487703814094,0.02367015229078917,0.008695614263878104,0,10
2020-10-06,40.66999816894531,40.86000061035156,39.099998474121094,39.349998474121094,400531,53.120408875575,-0.3413107383936165,1.7257225615075777,0.7675280302057648,39.281500053405765,39.530317321660846,34701290,0.03697085423538371,0.03630382300418181,0.05856955542044817,-0.0431302151599533,-0.03729487703814094,-0.03226595093171636,1,10
2020-10-07,39.95000076293945,40.349998474121094,39.279998779296875,39.83000183105469,433065,50.221584384418016,-0.28254944051887776,1.7017423349462106,0.6126092163224579,39.37650012969971,39.59488400493448,34268225,-0.017703403944474116,-0.0178619835872461,0.03697085423538371,0.05856955542044817,-0.0431302151599533,0.02367015229078917,2,10
2020-10-08,41.189998626708984,41.33000183105469,39.7599983215332,39.9900016784668,409787,54.79673127105903,-0.13437424147848986,1.6923324188444444,0.8269985907841492,39.57100009918213,39.84028625443825,34678012,0.031038744432762222,0.03056678379794882,-0.017703403944474116,0.03697085423538371,0.05856955542044817,-0.03729487703814094,3,10
2020-10-09,40.599998474121094,41.470001220703125,40.380001068115234,41.310001373291016,331703,52.33212140347153,-0.06381677016920406,1.6493086855404049,0.6892508400008283,39.73449993133545,39.957165057466376,34346309,-0.014323869197832795,-0.014427446083128355,0.031038744432762222,-0.017703403944474116,0.03697085423538371,-0.0431302151599533,4,10
2020-10-12,39.43000030517578,40.45000076293945,39.040000915527344,40.400001525878906,322035,47.74597381136493,-0.10114263068127372,1.6429293193299297,0.3964332318207932,39.84300003051758,39.87606278788321,34024274,-0.028817689973340332,-0.02924107339524113,-0.014323869197832795,0.031038744432762222,-0.017703403944474116,0.05856955542044817,0,10
2020-10-13,40.20000076293945,40.529998779296875,39.349998474121094,39.529998779296875,375470,50.801738633105394,-0.0678093779767508,1.6098629611760618,0.5699998330678051,39.93900012969971,39.92589939943032,34399744,0.01952828941932827,0.019340058974347804,-0.028817689973340332,-0.014323869197832795,0.031038744432762222,0.03697085423538371,1,10
2020-10-14,41.040000915527344,41.15999984741211,39.81999969482422,40.189998626708984,328295,53.96449776849606,0.026087733926701162,1.5905870462769067,0.7747348402516163,39.98300018310547,40.09729963267602,34728039,0.020895525787210767,0.020680208567116512,0.01952828941932827,-0.028817689973340332,-0.014323869197832795,-0.017703403944474116,2,10
2020-10-15,40.959999084472656,41.290000915527344,39.220001220703125,41.130001068115234,248251,53.611009023734155,0.09297463867944344,1.624830806887429,0.7542058266784049,39.982500076293945,40.23002262526012,34479788,-0.001949362311646996,-0.0019512647911746782,0.020895525787210767,0.01952828941932827,-0.028817689973340332,0.031038744432762222,3,10
2020-10-16,40.880001068115234,41.04999923706055,40.08000183105469,40.880001068115234,96488,53.23548936644628,0.13793776060046525,1.5780569925387458,0.7394458887749694,39.97100009918213,40.33001930877629,34383300,-0.0019530766148807555,-0.0019549863559981595,-0.001949362311646996,0.020895525787210767,0.01952828941932827,-0.014323869197832795,4,10
2020-10-19,40.83000183105469,41.220001220703125,40.540000915527344,40.689998626708984,75335,52.985681527700066,0.16760479435597375,1.513910086298534,0.7052021140615422,40.047000122070315,40.40693969681912,34307965,-0.001223073281657605,-0.0012238218462122124,-0.0019530766148807555,-0.001949362311646996,0.020895525787210767,-0.028817689973340332,0,10
2020-10-20,41.459999084472656,41.70000076293945,40.25,40.650001525878906,360574,55.80008408347135,0.2391943618803083,1.5093451346300282,0.8314631284666304,40.14000015258789,40.5689488333812,34668539,0.015429763045927691,0.015311934748149491,-0.001223073281657605,-0.0019530766148807555,-0.001949362311646996,0.01952828941932827,1,10
2020-10-21,40.029998779296875,41.59000015258789,39.779998779296875,41.220001220703125,366899,48.677086381390154,0.1784830942927016,1.5308205802486703,0.4710984807665509,40.14500007629395,40.48603344044515,34301640,-0.03449108385801525,-0.035099942415674726,0.015429763045927691,-0.001223073281657605,-0.0019530766148807555,0.020895525787210767,2,10
2020-10-22,40.63999938964844,41.02000045776367,39.709999084472656,40.040000915527344,307494,51.52003537494873,0.17754430832712131,1.515047779751695,0.6196139511431762,40.161499977111816,40.50972050955335,34609134,0.015238586783746122,0.015123645741958583,-0.03449108385801525,0.015429763045927691,-0.001223073281657605,-0.001949362311646996,3,10
2020-10-23,39.849998474121094,40.91999816894531,39.56999969482422,40.61000061035156,268931,47.825188352838325,0.11176547924277003,1.5032585436352235,0.42727873417253187,40.14149990081787,40.40822481179454,34340203,-0.01943899919763703,-0.01963042130607216,0.015238586783746122,-0.03449108385801525,0.015429763045927691,-0.0019530766148807555,4,10
2020-10-26,38.560001373291016,39.7400016784668,38.279998779296875,39.689998626708984,360184,42.46919355240959,-0.04395007271850915,1.5080257687201517,0.1486747003968204,40.039500045776364,40.12388274433246,33980019,-0.032371321210157955,-0.03290686158892326,-0.01943899919763703,0.015238586783746122,-0.03449108385801525,-0.001223073281657605,0,10
2020-10-27,39.56999969482422,39.83000183105469,38.5099983215332,38.59000015258789,339535,47.432983420939784,-0.08487891458617014,1.4945956073488185,0.3842822355724996,40.05349998474121,40.03866996748504,34319554,0.02619290159654364,0.025855742328293227,-0.032371321210157955,-0.01943899919763703,0.015238586783746122,0.015429763045927691,1,10
2020-10-28,37.38999938964844,39.0099983215332,36.970001220703125,38.970001220703125,489954,39.50921289378523,-0.2898815482049315,1.5735529549754097,-0.028281357942311368,39.91199989318848,39.63118218627941,33829600,-0.055092249734359444,-0.056667975019934126,0.02619290159654364,-0.032371321210157955,-0.01943899919763703,-0.03449108385801525,2,10
2020-10-29,36.16999816894531,37.7599983215332,34.91999816894531,37.38999938964844,568816,35.89530189555383,-0.5445146884671175,1.664013469090587,-0.13309037854970807,39.78449974060059,39.09869233745878,33260784,-0.032629078379736165,-0.03317327732466621,-0.055092249734359444,0.02619290159654364,-0.032371321210157955,0.015238586783746122,3,10
2020-10-30,35.790000915527344,36.599998474121094,35.209999084472656,36.06999969482422,388971,34.82674694414399,-0.7681214631506919,1.6444410348447192,-0.12701337437288246,39.721499824523924,38.589662887930864,32871813,-0.010505868749095648,-0.010561444981961874,-0.032629078379736165,-0.055092249734359444,0.02619290159654364,-0.01943899919763703,4,10
2020-11-02,36.810001373291016,37.150001525878906,33.63999938964844,35.2400016784668,489204,39.990701297075105,-0.8531908773045345,1.7776953992294156,0.08697552913232637,39.60099983215332,38.3158688087555,33361017,0.02849959294974891,0.028101034340012734,-0.010505868749095648,-0.032629078379736165,-0.055092249734359444,-0.032371321210157955,0,11
2020-11-03,37.65999984741211,38.31999969482422,36.56999969482422,37.029998779296875,410611,43.97453266136225,-0.8423115841640652,1.7757171564273144,0.23993499411714622,39.45049991607666,38.21496589162575,33771628,0.023091508894586665,0.022828934478801577,0.02849959294974891,-0.010505868749095648,-0.032629078379736165,0.02619290159654364,1,11
2020-11-04,39.150001525878906,39.25,37.2599983215332,38.150001525878906,437000,50.21394138789375,-0.7053283962798602,1.791023193715849,0.46210215219792616,39.41049995422363,38.3588175276647,34208628,0.039564569423894635,0.038801942234723656,0.023091508894586665,0.02849959294974891,-0.010505868749095648,-0.055092249734359444,2,11
2020-11-05,38.790000915527344,39.349998474121094,38.27000045776367,39.16999816894531,298366,48.799849618224606,-0.6186854527943026,1.7402356810473898,0.42521701941778817,39.29050006866455,38.425153433489726,33910262,-0.009195417530535654,-0.00923795635798285,0.039564569423894635,0.023091508894586665,0.02849959294974891,-0.032629078379736165,3,11
2020-11-06,37.13999938964844,38.61000061035156,37.060001373291016,38.540000915527344,411026,42.844417027081114,-0.6753763116401856,1.739504528275171,0.210444212344042,39.117500114440915,38.22743742674491,33499236,-0.04253677460519012,-0.043467965563270684,-0.009195417530535654,0.039564569423894635,0.023091508894586665,-0.010505868749095648,4,11
2020-11-09,40.290000915527344,41.33000183105469,37.15999984741211,37.34000015258789,622921,54.30854276005607,-0.46081345754174663,1.9145400934988197,0.6636558957310172,39.1605001449585,38.54475488655759,34122157,0.08481425895652728,0.08140878243594095,-0.04253677460519012,-0.009195417530535654,0.039564569423894635,0.02849959294974891,0,11
2020-11-10,41.36000061035156,41.84000015258789,39.40999984741211,39.90999984741211,457045,57.43191648642821,-0.20210112089696963,1.9513586800471743,0.8010971027247886,39.2185001373291,38.97786961329513,34579202,0.026557450248452463,0.026210923030528733,0.08481425895652728,-0.04253677460519012,-0.009195417530535654,0.023091508894586665,1,11
2020-11-11,41.45000076293945,43.060001373291016,41.31999969482422,41.790000915527344,443772,57.6938773676591,0.010076375779277669,1.9362617513628617,0.8068827228888643,39.239000129699704,39.358197482471176,35022974,0.002176019131038487,0.0021736550303402187,0.026557450248452463,0.08481425895652728,-0.04253677460519012,0.039564569423894635,2,11
2020-11-12,41.119998931884766,42.189998626708984,40.869998931884766,41.470001220703125,401031,56.325163729022684,0.14987254333858857,1.892243033038673,0.758824325746868,39.24700012207031,39.62924385930403,34621943,-0.007961443304718707,-0.007993304816218995,0.002176019131038487,0.026557450248452463,0.08481425895652728,-0.009195417530535654,3,11
2020-11-13,40.130001068115234,40.939998626708984,40.060001373291016,40.939998626708984,338187,52.31543236236392,0.1787173174693919,1.8327969277211784,0.6291039670169198,39.20950012207031,39.70628342989038,34283756,-0.024075824160634363,-0.024370384276141636,-0.007961443304718707,0.002176019131038487,0.026557450248452463,-0.04253677460519012,4,11
2020-11-16,41.34000015258789,42.09000015258789,40.150001525878906,40.16999816894531,378785,56.40076266214631,0.2958039783848463,1.8418827960605697,0.7909175348498286,39.23500003814697,39.95762446415153,34662541,0.03015198236398864,0.029706347049466734,-0.024075824160634363,-0.007961443304718707,0.002176019131038487,0.08481425895652728,0,11
2020-11-17,41.43000030517578,41.689998626708984,40.56999969482422,41.439998626708984,243677,56.69792986228414,0.39134705562322836,1.7903196629051552,0.8038712214873036,39.23350009918213,40.1841438243091,34906218,0.0021770718978155745,0.0021747055106989934,0.03015198236398864,-0.024075824160634363,-0.007961443304718707,0.026557450248452463,1,11
2020-11-18,41.81999969482422,42.459999084472656,41.08000183105469,41.349998474121094,107013,58.03279500135019,0.492854009834673,1.7610109193703563,0.8308345345714807,39.3230001449585,40.435813958234505,35013231,0.009413453699630203,0.009369423247754666,0.0021770718978155745,0.03015198236398864,-0.024075824160634363,0.002176019131038487,2,11
2020-11-19,41.7400016784668,41.97999954223633,41.08000183105469,41.61000061035156,88144,57.64028132065347,0.5603840722586071,1.699509975928305,0.8044173556956575,39.378000259399414,40.63645822288562,34925087,-0.0019129128871639978,-0.001914744841639954,0.009413453699630203,0.0021770718978155745,0.03015198236398864,-0.007961443304718707,3,11
2020-11-20,42.150001525878906,42.31999969482422,41.5099983215332,41.70000076293945,276340,59.16470663045983,0.6396126380850689,1.6359736471684985,0.8271513184387906,39.4930004119873,40.86931103873074,35201427,0.00982270797616236,0.009774778787540888,-0.0019129128871639978,0.009413453699630203,0.0021770718978155745,-0.024075824160634363,4,11
2020-11-23,43.060001373291016,43.36000061035156,42.290000915527344,42.459999084472656,300717,62.399105440757715,0.766989848277305,1.605546892690224,0.8868480629129115,39.718000411987305,41.20634032097078,35502144,0.02158955668965734,0.02135980317969149,0.00982270797616236,-0.0019129128871639978,0.009413453699630203,0.03015198236398864,0,11
2020-11-24,44.90999984741211,45.20000076293945,42.81999969482422,42.84000015258789,418527,67.95586031219698,1.0056244086338495,1.6608650480777247,1.0051864000810893,39.985000419616696,41.776134094269445,35920671,0.0429632702071534,0.042065959873293826,0.02158955668965734,0.00982270797616236,-0.0019129128871639978,0.0021770718978155745,1,11
2020-11-25,45.709999084472656,46.2599983215332,44.72999954223633,44.81999969482422,417182,70.0191930348108,1.2449463035090957,1.6515174574505214,0.9991968314778982,40.40100040435791,42.38134409276225,36337853,0.01781338765928875,0.017656588612605124,0.0429632702071534,0.02158955668965734,0.00982270797616236,0.009413453699630203,2,11
2020-11-27,45.529998779296875,46.09000015258789,44.54999923706055,45.900001525878906,365128,68.94351470104036,1.4039027916336977,1.6435519901702944,0.9321583141111651,40.86900043487549,42.86575250607527,35972725,-0.0039378759304531386,-0.003945649778886596,0.01781338765928875,0.0429632702071534,0.02158955668965734,-0.0019129128871639978,4,11
2020-11-30,45.34000015258789,45.79999923706055,44.41999816894531,45.34000015258789,370755,67.76019560031438,1.4972858728869056,1.6247269243092186,0.8842185960796386,41.346500396728516,43.24640599015413,35601970,-0.004173042648869529,-0.004181774090930417,-0.0039378759304531386,0.01781338765928875,0.0429632702071534,0.00982270797616236,0,11
2020-12-01,44.54999923706055,45.70000076293945,44.119998931884766,45.08000183105469,314919,62.92417852462536,1.4903661527111822,1.621532274791038,0.7854117221613409,41.73350028991699,43.446958797370506,35287051,-0.017423928382634846,-0.017577511653443928,-0.004173042648869529,-0.0039378759304531386,0.01781338765928875,0.02158955668965734,1,12
2020-12-02,45.279998779296875,45.91999816894531,43.91999816894531,44.380001068115234,368854,65.38276362198641,1.5261940715814006,1.6485656837345353,0.8303023811231642,42.11450023651123,43.7289649484361,35655905,0.016386073058090034,0.01625327014458243,-0.017423928382634846,-0.004173042648869529,-0.0039378759304531386,0.0429632702071534,2,12
2020-12-03,45.63999938964844,45.84000015258789,44.65999984741211,44.9900016784668,350768,66.56042529321385,1.5655898507632529,1.6150967281231956,0.8317961231032022,42.43900012969971,44.02297024708415,36006673,0.007950543729170034,0.00791910468476718,0.016386073058090034,-0.017423928382634846,-0.004173042648869529,0.01781338765928875,3,12
2020-12-04,46.2599983215332,46.68000030517578,45.61000061035156,45.63999938964844,335453,68.5450978867725,1.6280726141955242,1.576161225744697,0.8596810242626901,42.8125,44.367128412384005,36342126,0.013584551712886084,0.013493108899260618,0.007950543729170034,0.016386073058090034,-0.017423928382634846,-0.0039378759304531386,4,12
2020-12-07,45.7599983215332,46.540000915527344,45.36000061035156,46.150001525878906,348871,65.18509113080707,1.6185867722784053,1.5478640171326317,0.8005514491720155,43.24349994659424,44.58141609071465,35993255,-0.01080847423566067,-0.01086731012820308,0.013584551712886084,0.007950543729170034,0.016386073058090034,-0.004173042648869529,0,12
2020-12-08,45.599998474121094,45.93000030517578,45.13999938964844,45.65999984741211,332641,64.10223399610528,1.5799458909568784,1.4937309384465396,0.7565262605164108,43.508999824523926,44.73812107277718,35660614,-0.0034965002902287434,-0.003502627333677229,-0.01080847423566067,0.013584551712886084,0.007950543729170034,-0.017423928382634846,1,12
2020-12-09,45.52000045776367,46.2400016784668,44.95000076293945,45.599998474121094,434976,63.533940078832615,1.5252850066683976,1.4791787939523113,0.7231363086734014,43.71699981689453,44.85841020892895,35225638,-0.0017543425226828058,-0.0017558831836880042,-0.0034965002902287434,-0.01080847423566067,0.013584551712886084,0.016386073058090034,2,12
2020-12-10,46.779998779296875,47.7400016784668,45.52000045776367,45.689998626708984,447529,68.30071590470588,1.5655900488248733,1.5320946815773695,0.8402568594412282,43.983499717712405,45.154039219754786,35673167,0.027680103446007465,0.027303935187085942,-0.0017543425226828058,-0.0034965002902287434,-0.01080847423566067,0.007950543729170034,3,12
2020-12-11,46.56999969482422,47.290000915527344,46.34000015258789,46.970001220703125,367305,66.73496933001556,1.5625745275499412,1.490516544531804,0.7866799252605721,44.25599975585938,45.371879292842394,35305862,-0.00448907845131441,-0.004499184620250388,0.027680103446007465,-0.0017543425226828058,-0.0034965002902287434,0.013584551712886084,4,12
2020-12-14,46.9900016784668,47.439998626708984,45.689998626708984,46.72999954223633,403543,68.30017599679996,1.575909254276958,1.5090510770652465,0.8205689958946396,44.59899978637695,45.62082119832307,35709405,0.009018724208607942,0.008978298393152485,-0.00448907845131441,0.027680103446007465,-0.0017543425226828058,-0.01080847423566067,0,12
2020-12-15,47.619998931884766,47.72999954223633,46.540000915527344,46.9900016784668,311169,70.53939906751614,1.6186538010818765,1.4862616163255136,0.8723349658997241,44.9129997253418,45.92838700348641,36020574,0.013407048966049828,0.013317969794361985,0.009018724208607942,-0.00448907845131441,0.027680103446007465,-0.0034965002902287434,1,12
2020-12-16,47.81999969482422,47.939998626708984,47.16999816894531,47.599998474121094,275331,71.23409730292221,1.64965139803153,1.4351001049996677,0.8723890932884044,45.23249969482422,46.2194043406153,36295905,0.004199932117292304,0.00419113701967302,0.013407048966049828,0.009018724208607942,-0.00448907845131441,-0.0017543425226828058,2,12
2020-12-17,48.36000061035156,48.59000015258789,47.810001373291016,47.849998474121094,96536,73.07987420350776,1.6982148145665548,1.388307153163754,0.9171128182695962,45.559499740600586,46.54872684365164,36392441,0.011292365515966019,0.011229082719173514,0.004199932117292304,0.013407048966049828,0.009018724208607942,0.027680103446007465,3,12
2020-12-18,49.099998474121094,49.279998779296875,48.099998474121094,48.43000030517578,83711,75.40853511229028,1.7759413686247143,1.3734280925931848,0.9938470339747707,45.9274995803833,46.94123017141617,36476152,0.01530185803205164,0.01518596535591903,0.011292365515966019,0.004199932117292304,0.013407048966049828,-0.00448907845131441,4,12
2020-12-21,47.7400016784668,48.61000061035156,46.18000030517578,48.540000915527344,478098,64.3853233329531,1.7081098205141103,1.483897383761194,0.7743149161815951,46.20699958801269,47.06411809557781,35998054,-0.027698509937247873,-0.028089347654327416,0.01530185803205164,0.011292365515966019,0.004199932117292304,0.009018724208607942,0,12
2020-12-22,47.02000045776367,47.959999084472656,46.599998474121094,47.93000030517578,295737,59.432091114834236,1.578063811419625,1.4750476142319346,0.6276559621508584,46.404999542236325,47.05733076668333,35702317,-0.015081717540615047,-0.015196603221750324,-0.027698509937247873,0.01530185803205164,0.011292365515966019,0.013407048966049828,1,12
2020-12-23,48.119998931884766,48.5,46.15999984741211,46.790000915527344,344306,63.99002630490109,1.5459414454046083,1.536829938400217,0.8216111218779352,46.565499496459964,47.22081817671432,36046623,0.023394267618290998,0.0231248160621361,-0.015081717540615047,-0.027698509937247873,0.01530185803205164,0.004199932117292304,2,12
2020-12-24,48.22999954223633,48.619998931884766,47.560001373291016,48.09000015258789,167390,64.42052589627048,1.5119317606584488,1.5027704826997552,0.8093163124345124,46.69149951934814,47.37607684833309,36214013,0.0022859645218877844,0.002283355680046922,0.023394267618290998,-0.015081717540615047,-0.027698509937247873,0.011292365515966019,3,12
2020-12-28,47.619998931884766,48.959999084472656,47.5,48.22999954223633,238462,60.12768972390528,1.4193949873317564,1.499715382826391,0.6675879060900631,46.79599952697754,47.41360332272566,35975551,-0.012647742403923634,-0.012728405960871068,0.0022859645218877844,0.023394267618290998,-0.015081717540615047,0.01530185803205164,0,12
2020-12-29,48.0,48.349998474121094,47.68000030517578,47.720001220703125,213778,61.833916962896446,1.3610327004173897,1.4447356799271007,0.7216113488008129,46.928999519348146,47.50381819615249,36189329,0.007979863012151256,0.00794819227914568,-0.012647742403923634,0.0022859645218877844,0.023394267618290998,-0.027698509937247873,1,12
2020-12-30,48.400001525878906,48.65999984741211,47.61000061035156,48.130001068115234,266957,63.599679088502974,1.3317058714187766,1.416540219722347,0.7861229124079272,47.121499633789064,47.64169255457194,36456286,0.008333365122477288,0.008298834341118354,0.007979863012151256,-0.012647742403923634,0.0022859645218877844,-0.015081717540615047,2,12
2020-12-31,48.52000045776367,48.58000183105469,47.77000045776367,48.349998474121094,181894,64.13574335169224,1.3031254401722805,1.3732160164058234,0.7882753426848588,47.2834997177124,47.77681684737067,36638180,0.0024793166963146263,0.0024762482613758085,0.008333365122477288,0.007979863012151256,-0.012647742403923634,0.023394267618290998,3,12
2021-01-04,47.619998931884766,49.83000183105469,47.18000030517578,48.400001525878906,528525,57.31782362110279,1.1940879385253211,1.4644149813681864,0.5590599941664971,47.38249969482422,47.752691014218996,36109655,-0.018549083210795736,-0.018723274881639867,0.0024793166963146263,0.008333365122477288,0.007979863012151256,0.0022859645218877844,0,1
2021-01-05,49.93000030517578,50.20000076293945,47.2400016784668,47.380001068115234,643191,67.01114598310039,1.279325470562732,1.5712424173042199,1.0310541203099648,47.565999794006345,48.08766167436619,36752846,0.048509059745994954,0.04736921199584524,-0.018549083210795736,0.0024793166963146263,0.008333365122477288,-0.012647742403923634,1,1
2021-01-06,50.630001068115234,50.939998626708984,49.47999954223633,49.81999969482422,509365,69.2873654367846,1.38736832181727,1.5632964649591083,1.0785285561772993,47.80949993133545,48.47879081186604,37262211,0.014019642672962185,0.013922276453716168,0.048509059745994954,-0.018549083210795736,0.0024793166963146263,0.007979863012151256,2,1
2021-01-07,50.83000183105469,51.279998779296875,50.38999938964844,50.529998779296875,369292,69.92586106176827,1.47216129096266,1.5152038167226318,1.040381934253108,48.07100009918213,48.84051558404891,37631503,0.003950242123644809,0.003942460403614052,0.014019642672962185,0.048509059745994954,-0.018549083210795736,0.008333365122477288,3,1
2021-01-08,52.2400016784668,52.75,50.810001373291016,50.93000030517578,499416,74.02561852154685,1.6342963823548828,1.5455463031502283,1.167647524790304,48.40700016021729,49.36351344472858,38130919,0.027739519902017173,0.027361749616170234,0.003950242123644809,0.014019642672962185,0.048509059745994954,0.0024793166963146263,4,1
2021-01-11,52.25,52.70000076293945,51.5,52.58000183105469,394822,74.05263016581935,1.7434984268174816,1.5208644788494587,1.054360426873326,48.680500221252444,49.80758829938573,38525741,0.0001913920599532215,0.0001913737468295353,0.027739519902017173,0.003950242123644809,0.014019642672962185,-0.018549083210795736,0,1
2021-01-12,53.209999084472656,53.45000076293945,52.06999969482422,52.18000030517578,400200,76.57188215531953,1.8857677797667165,1.510802806654157,1.0790550026373686,49.01250019073486,50.33103611247603,38925941,0.018373188219572345,0.018206440557430974,0.0001913920599532215,0.027739519902017173,0.003950242123644809,0.048509059745994954,1,1
2021-01-13,52.90999984741211,53.93000030517578,52.58000183105469,53.310001373291016,429898,74.14907946754442,1.9518105783543973,1.4993167829017953,0.9648572021239066,49.308500099182126,50.72779976400466,38496043,-0.005638023721524332,-0.005653977370225007,0.018373188219572345,0.0001913920599532215,0.027739519902017173,0.014019642672962185,2,1
2021-01-14,53.56999969482422,53.75,52.2400016784668,52.84000015258789,390087,75.95184349058886,2.033960216604349,1.5000797499468956,0.9709188234820699,49.606000137329104,51.16506129182305,38886130,0.01247400962607248,0.012396850163976169,-0.005638023721524332,0.018373188219572345,0.0001913920599532215,0.003950242123644809,3,1
2021-01-15,52.36000061035156,53.83000183105469,51.83000183105469,53.79999923706055,165668,66.75995410879551,1.9786192914963365,1.5357883392364031,0.7946609958003856,49.83300018310547,51.34889811005821,38720462,-0.022587252032214677,-0.02284625149757445,0.01247400962607248,-0.005638023721524332,0.018373188219572345,0.027739519902017173,4,1
2021-01-19,52.97999954223633,53.130001068115234,51.7599983215332,52.0,125964,68.84081542490935,1.9621712530977078,1.5239465111896622,0.8283242143049219,50.06400012969971,51.599836791931764,38846426,0.011841079538914112,0.01177152250508464,-0.022587252032214677,0.01247400962607248,-0.005638023721524332,0.0001913920599532215,1,1
2021-01-20,53.2400016784668,53.790000915527344,53.04999923706055,53.130001068115234,400301,69.69751859434787,1.9476645985177683,1.4729504299111873,0.8210510815123976,50.27100028991699,51.8521698513987,39246727,0.0049075526326343155,0.00489554984972133,0.011841079538914112,-0.022587252032214677,0.01247400962607248,0.018373188219572345,2,1
2021-01-21,53.130001068115234,53.40999984741211,52.75,52.93000030517578,352397,68.83521965006001,1.9053284005308768,1.414882531161253,0.7796019592962522,50.540500259399415,52.04875926935509,38894330,-0.002066127101495785,-0.0020682644866759792,0.0049075526326343155,0.011841079538914112,-0.022587252032214677,-0.005638023721524332,3,1
2021-01-22,52.27000045776367,53.15999984741211,51.439998626708984,53.099998474121094,437484,62.341329392763754,1.781841833185112,1.4366767232713866,0.667019195201684,50.80300025939941,52.082796375264095,38456846,-0.01618672300136037,-0.01631915908415263,-0.002066127101495785,0.0049075526326343155,0.011841079538914112,0.01247400962607248,4,1
2021-01-25,52.77000045776367,52.95000076293945,51.81999969482422,52.16999816894531,349076,64.44167820996466,1.704673248134327,1.4147713193316616,0.7021511257304504,51.03550033569336,52.18852008026403,38805922,0.009565716388390433,0.009520254609766446,-0.01618672300136037,-0.002066127101495785,0.0049075526326343155,-0.022587252032214677,0,1
2021-01-26,52.61000061035156,53.25,52.290000915527344,52.90999984741211,314538,63.226445484847225,1.6120235341484488,1.382287588270304,0.6637305814024695,51.25450038909912,52.25336323873903,38491384,-0.003032022854352112,-0.0030366287481197332,0.009565716388390433,-0.01618672300136037,-0.002066127101495785,0.011841079538914112,1,1
2021-01-27,52.849998474121094,53.29999923706055,51.849998474121094,52.7599983215332,442376,64.31354308475673,1.5402092170625252,1.3871242436038147,0.6737985016732649,51.51600036621094,52.345153274951656,38933760,0.004561829708899623,0.004551456100213201,-0.003032022854352112,0.009565716388390433,-0.01618672300136037,0.0049075526326343155,2,1
2021-01-28,52.34000015258789,53.58000183105469,52.040000915527344,52.650001525878906,411406,60.238316098834865,1.4257085701399888,1.3980440058840669,0.5868793659238845,51.73300037384033,52.344360486895695,38522354,-0.00964992121585273,-0.009696783427044765,0.004561829708899623,-0.003032022854352112,0.009565716388390433,-0.002066127101495785,3,1
2021-01-29,52.20000076293945,53.25,51.93000030517578,52.150001525878906,410914,59.13066192795529,1.3085846524920797,1.3924694122369348,0.5440607267527386,51.92300033569336,52.32215129859473,38111440,-0.0026748068253782398,-0.0026783905130293812,-0.00964992121585273,0.004561829708899623,-0.003032022854352112,-0.01618672300136037,4,1
2021-02-01,53.54999923706055,53.7400016784668,51.63999938964844,51.9900016784668,416067,65.68345861682181,1.3096004397064647,1.4430074748498938,0.7456050963483547,52.1745002746582,52.51105098143563,38527507,0.025862039356128852,0.025533273142231104,-0.0026748068253782398,-0.00964992121585273,0.004561829708899623,0.009565716388390433,0,2
2021-02-02,54.7599983215332,55.2599983215332,53.45000076293945,53.47999954223633,463718,70.2825962083117,1.3919962063456808,1.4692210522601692,1.0241145164687873,52.531500244140624,52.85704287991218,38991225,0.022595688173889794,0.022344187122395973,0.025862039356128852,-0.0026748068253782398,-0.00964992121585273,-0.003032022854352112,1,2
2021-02-03,55.689998626708984,56.33000183105469,54.810001373291016,55.04999923706055,448693,73.25001699711676,1.5148761480702433,1.476419799207406,1.1530871951510173,52.81950016021729,53.29288222557322,39439918,0.01698320550915855,0.016840603173096404,0.022595688173889794,0.025862039356128852,-0.0026748068253782398,0.004561829708899623,2,2
2021-02-04,56.22999954223633,56.58000183105469,55.29999923706055,55.959999084472656,381404,74.82212858616599,1.6369630569498455,1.46238999883503,1.1453042792764832,53.09950008392334,53.74474642813678,39821322,0.009696551065604853,0.0096498412211802,0.01698320550915855,0.022595688173889794,0.025862039356128852,-0.00964992121585273,3,2
2021-02-05,56.849998474121094,57.290000915527344,56.43000030517578,56.459999084472656,400833,76.52779785211246,1.7634189481374918,1.4336479541533147,1.1381724984030046,53.40049991607666,54.22247751213436,40222155,0.011026123722783554,0.010965779192911567,0.009696551065604853,0.01698320550915855,0.022595688173889794,-0.0026748068253782398,4,2
2021-02-08,57.970001220703125,58.13999938964844,57.0,57.060001373291016,399724,79.26102613973356,1.9317430825772348,1.4233874513943168,1.1491589780018798,53.68699989318848,54.799019621144936,40621879,0.019701016299795926,0.019509463053032146,0.011026123722783554,0.009696551065604853,0.01698320550915855,0.025862039356128852,0,2
2021-02-09,58.36000061035156,58.619998931884766,57.27000045776367,58.11000061035156,514698,80.1287408887735,2.0727178619241755,1.4181453815890865,1.0741998675506506,53.992499923706056,55.34686285025364,41136577,0.006727607062894991,0.006705077703834748,0.019701016299795926,0.011026123722783554,0.009696551065604853,0.022595688173889794,1,2
2021-02-10,58.68000030517578,58.90999984741211,58.08000183105469,58.45000076293945,457535,80.83720662665745,2.1850745124307025,1.3761348555011104,1.0139989716536042,54.265999984741214,55.859653227933975,41594112,0.005483202389950925,0.005468224362485355,0.006727607062894991,0.019701016299795926,0.011026123722783554,0.01698320550915855,2,2
2021-02-11,58.2400016784668,58.709999084472656,57.84000015258789,58.400001525878906,380445,76.78353993478356,2.2131024876207945,1.3399822895285143,0.9050690356203184,54.53250007629394,56.2258606818621,41213667,-0.007498272399807271,-0.007526525767200488,0.005483202389950925,0.006727607062894991,0.019701016299795926,0.009696551065604853,3,2
2021-02-12,59.470001220703125,59.81999969482422,57.40999984741211,57.939998626708984,480822,79.82869277239213,2.3079608078755243,1.4164121150916282,0.9616201073172922,54.82750015258789,56.724959226299184,41694489,0.02111949702589211,0.020899571536612125,-0.007498272399807271,0.005483202389950925,0.006727607062894991,0.011026123722783554,4,2
2021-02-16,60.04999923706055,60.95000076293945,59.33000183105469,59.97999954223633,602332,81.08834014053811,2.402246105016701,1.4309540305768524,0.9497283607777629,55.21200008392334,57.23650384333939,42296821,0.00975278299061988,0.009705531576051956,0.02111949702589211,-0.007498272399807271,0.005483202389950925,0.019701016299795926,1,2
2021-02-17,61.13999938964844,61.72999954223633,59.43000030517578,60.2400016784668,335419,83.21032362061409,2.535691907199663,1.4930286881828305,0.9712785495771274,55.62000007629395,57.83704161969463,42632240,0.018151543154644845,0.01798877065891413,0.00975278299061988,0.02111949702589211,-0.007498272399807271,0.006727607062894991,2,2
2021-02-18,60.52000045776367,62.2599983215332,59.790000915527344,61.68000030517578,132035,77.85889597909873,2.56188808349237,1.5628121680273328,0.8706760767105135,55.984000015258786,58.2498045178591,42500205,-0.010140643409782824,-0.010192409995840137,0.018151543154644845,0.00975278299061988,0.02111949702589211,0.005483202389950925,3,2
2021-02-19,59.2400016784668,60.290000915527344,58.59000015258789,60.20000076293945,102427,68.11880988379711,2.451108682712352,1.589039892109365,0.7407323111435714,56.289500045776364,58.40214254256797,42397778,-0.021150012716708022,-0.02137687875106325,-0.010140643409782824,0.018151543154644845,0.00975278299061988,-0.007498272399807271,4,2
2021-02-22,61.4900016784668,61.84000015258789,58.81999969482422,58.880001068115234,505773,74.22318774813651,2.5158700218993815,1.6912513610846727,0.8800378755395474,56.75050010681152,58.877197794244715,42903551,0.037981092779372005,0.03727756952902632,-0.021150012716708022,-0.010140643409782824,0.018151543154644845,0.02111949702589211,0,2
2021-02-23,61.66999816894531,63.0,60.66999816894531,62.15999984741211,570677,74.64149626884262,2.552296773814575,1.7368763946539596,0.8547990883348312,57.19549999237061,59.3068593903525,43474228,0.0029272480983124627,0.002922972050267851,0.037981092779372005,-0.021150012716708022,-0.010140643409782824,0.00975278299061988,1,2
2021-02-24,63.220001220703125,63.5099983215332,60.970001220703125,61.290000915527344,489933,77.95860547774635,2.6753972157821977,1.7942421593808253,0.925447323716415,57.726000022888186,59.908881210406435,43964161,0.025133826784161206,0.02482316678405671,0.0029272480983124627,0.037981092779372005,-0.021150012716708022,0.018151543154644845,2,2
2021-02-25,63.529998779296875,63.810001373291016,62.650001525878906,63.38999938964844,510357,78.56258060435327,2.766083723812386,1.7489391370973455,0.9040431031789382,58.26000003814697,60.465976221004965,44474518,0.004903472834673517,0.004891489967564144,0.025133826784161206,0.0029272480983124627,0.037981092779372005,-0.010140643409782824,3,2
2021-02-26,61.5,63.56999969482422,61.34000015258789,63.459999084472656,472723,65.83958795561531,2.6436748605438325,1.7833005946072729,0.7293550692373117,58.71800003051758,60.62505680238881,44001795,-0.03195338923819424,-0.03247504125137606,0.004903472834673517,0.025133826784161206,0.0029272480983124627,-0.021150012716708022,4,2
2021-03-01,60.63999938964844,62.91999816894531,59.959999084472656,61.95000076293945,456679,61.309671515510594,2.4490390943590157,1.8673504867405146,0.6409539695728184,59.13999996185303,60.627355661967215,43545116,-0.013983749761814046,-0.01408244354352033,-0.03195338923819424,0.004903472834673517,0.025133826784161206,0.037981092779372005,0,3
2021-03-02,59.75,61.209999084472656,59.380001068115234,60.22999954223633,464133,56.94329377896063,2.197640305218229,1.864682453141722,0.5321617463610074,59.45,60.49237786781841,43080983,-0.014676771085198381,-0.014785540457331867,-0.013983749761814046,-0.03195338923819424,0.004903472834673517,0.0029272480983124627,1,3
2021-03-03,61.279998779296875,61.9900016784668,59.2400016784668,59.54999923706055,465311,61.95898170762566,2.0976822926419416,1.9279194207744563,0.6792627553939504,59.776000022888184,60.61355031573818,43546294,0.02560667413049167,0.02528431470062549,-0.014676771085198381,-0.013983749761814046,-0.03195338923819424,0.025133826784161206,2,3
2021-03-04,63.83000183105469,64.86000061035156,60.52000045776367,61.08000183105469,694628,68.53736400373036,2.198881445975765,2.100210901618273,0.9437941906322831,60.18300018310547,61.108389010402256,44240922,0.04161232216961652,0.040769822442147795,0.02560667413049167,-0.014676771085198381,-0.013983749761814046,0.004903472834673517,3,3
2021-03-05,66.08999633789062,66.41999816894531,63.81999969482422,64.16000366210938,573168,72.99462930527449,2.4333945159880344,2.135910013939903,1.1089056769472463,60.67600002288818,61.87479013770816,44814090,0.035406461569869485,0.034794066117021245,0.04161232216961652,0.02560667413049167,-0.014676771085198381,-0.03195338923819424,4,3
2021-03-08,65.05000305175781,67.9800033569336,64.56999969482422,66.68000030517578,533376,68.20607648839594,2.5064364082321973,2.2269167030948656,0.943295733523995,61.08600025177002,62.36328443217734,44280714,-0.01573601670085989,-0.015861142198869006,0.035406461569869485,0.04161232216961652,0.02560667413049167,-0.013983749761814046,0,3
2021-03-09,64.01000213623047,65.9800033569336,63.630001068115234,64.7300033569336,554564,63.70540296009924,2.4521365481166697,2.235708530646544,0.7976963788346331,61.388000297546384,62.616625617416275,43726150,-0.01598771509203245,-0.01611689734524773,-0.01573601670085989,0.035406461569869485,0.04161232216961652,-0.014676771085198381,1,3
2021-03-10,64.44000244140625,64.95999908447266,63.130001068115234,63.84000015258789,498488,64.74135531788228,2.4159513652696276,2.206729208197321,0.814777544097679,61.69200038909912,62.89714512879935,44224638,0.006717704902752919,0.006695241667977896,-0.01598771509203245,-0.01573601670085989,0.035406461569869485,0.02560667413049167,2,3
2021-03-11,66.0199966430664,66.20999908447266,64.54000091552734,64.69999694824219,441063,68.31952477664036,2.4861083649917575,2.175534024973684,0.9379932531069869,62.059000205993655,63.377583823301975,44665701,0.024518841430783755,0.024223079382547866,0.006717704902752919,-0.01598771509203245,-0.01573601670085989,0.04161232216961652,3,3
2021-03-12,65.61000061035156,66.23999786376953,65.41000366210938,65.95999908447266,321714,66.43542519293608,2.4800367198282345,2.0794240375941464,0.860272667589637,62.42750015258789,63.721032559771146,44343987,-0.006210179545016681,-0.006229542918315965,0.024518841430783755,0.006717704902752919,-0.01598771509203245,0.035406461569869485,4,3
2021-03-15,65.38999938964844,66.4000015258789,64.12999725341797,65.55999755859375,378009,65.3932941054725,2.429467251227173,2.093036911513203,0.8045606248898942,62.72350006103515,63.977796687444574,43965978,-0.0033531659603187602,-0.0033588004203430662,-0.006210179545016681,0.024518841430783755,0.006717704902752919,-0.01573601670085989,0,3
2021-03-16,64.80000305175781,65.43000030517578,63.79999923706055,65.33000183105469,317537,62.55914717895228,2.3150958257823504,2.059962922699062,0.7145304313702956,62.96100025177002,64.104289974262,43648441,-0.009022730438869253,-0.009063681785908707,-0.0033531659603187602,-0.006210179545016681,0.024518841430783755,-0.01598771509203245,1,3
2021-03-17,64.5999984741211,65.33999633789062,63.599998474121094,64.75,254724,61.58474643513725,2.1831509440892205,2.0371082756326673,0.6721723275364282,63.13400020599365,64.18055282039417,43393717,-0.0030864902502700797,-0.0030912632851165392,-0.009022730438869253,-0.0033531659603187602,-0.006210179545016681,0.006717704902752919,2,3
2021-03-18,60.0,64.81999969482422,58.20000076293945,64.41999816894531,143597,44.440222021908596,1.6879446662619983,2.3644576082221027,0.14083333444134177,63.10800018310547,63.53739084802584,43250120,-0.07120740840208939,-0.07386982494603866,-0.0030864902502700797,-0.009022730438869253,-0.0033531659603187602,0.024518841430783755,3,3
2021-03-19,61.41999816894531,61.720001220703125,58.939998626708984,59.560001373291016,84171,49.1466025417272,1.3940029103159404,2.394139392920106,0.2771110302857576,63.217000007629395,63.211638128167294,43334291,0.023666636149088482,0.0233909229785483,-0.07120740840208939,-0.0030864902502700797,-0.009022730438869253,-0.006210179545016681,4,3
2021-03-22,61.54999923706055,61.900001525878906,60.38999938964844,61.54999923706055,404370,49.56779281321043,1.1581910453039654,2.3309867317279886,0.2926031889408028,63.21999988555908,62.95600137568933,43738661,0.002116591859179895,0.00211435503437142,0.023666636149088482,-0.07120740840208939,-0.0030864902502700797,-0.0033531659603187602,0,3
2021-03-23,57.7599983215332,61.349998474121094,57.25,61.279998779296875,712317,39.338357526641275,0.6579031458900744,2.4716304821088855,-0.06717921635729796,63.02449989318848,62.15661629043454,43026344,-0.061575970146321324,-0.06355337470977825,0.002116591859179895,0.023666636149088482,-0.07120740840208939,-0.009022730438869253,1,3
2021-03-24,61.18000030517578,61.34000015258789,57.290000915527344,57.400001525878906,566291,49.471812164065156,0.531262891245099,2.5843711074625757,0.31496079330683036,62.92249984741211,62.00636767731781,43592635,0.05921056237925115,0.0575238781856778,-0.061575970146321324,0.002116591859179895,0.023666636149088482,-0.0030864902502700797,2,3
2021-03-25,58.560001373291016,60.86000061035156,57.439998626708984,60.79999923706055,580105,43.47958592744778,0.21698627675757365,2.6669161482485917,0.09388629582697594,62.67399997711182,61.476157476698305,43012530,-0.042824434763252484,-0.04376845060685628,0.05921056237925115,-0.061575970146321324,0.002116591859179895,-0.07120740840208939,3,3
2021-03-26,60.970001220703125,61.36000061035156,58.31999969482422,58.47999954223633,471996,49.53471863709825,0.16053608198959068,2.693565060197074,0.33537251846445265,62.64750003814697,61.39828728346828,43484526,0.041154368013920584,0.04033006683703419,-0.042824434763252484,0.05921056237925115,-0.061575970146321324,0.023666636149088482,4,3
2021-03-29,61.560001373291016,61.77000045776367,59.40999984741211,60.93000030517578,449360,50.92094550107041,0.16154478963434826,2.6697390280652518,0.3875004905538256,62.6935001373291,61.42316637421024,43933886,0.009676892582832108,0.009630371337751558,0.041154368013920584,-0.042824434763252484,0.05921056237925115,0.002116591859179895,0,3
2021-03-30,60.54999923706055,62.27000045776367,59.939998626708984,61.959999084472656,388188,48.4665821457379,0.0799241504016237,2.6454720854216403,0.27969843783759657,62.73350009918213,61.2888329684949,43545698,-0.01640679197042183,-0.0165428738799043,0.009676892582832108,0.041154368013920584,-0.042824434763252484,-0.061575970146321324,1,3
2021-03-31,59.15999984741211,61.16999816894531,58.849998474121094,60.45000076293945,414162,45.23514726746695,-0.09581760259199967,2.6222240575218243,0.16412774852839862,62.62750015258789,60.96132018063601,43131536,-0.022956224726055297,-0.023223822135586915,-0.01640679197042183,0.009676892582832108,0.041154368013920584,0.05921056237925115,2,3
2021-04-01,61.45000076293945,61.75,58.86000061035156,59.4900016784668,605567,51.028168139676445,-0.049736936005423615,2.6413508669594394,0.3973385168693734,62.50850009918213,61.03650180868269,43737103,0.0387086024583132,0.03797821316429917,-0.022956224726055297,-0.01640679197042183,0.009676892582832108,-0.042824434763252484,3,4
2021-04-05,58.650001525878906,61.5,57.630001068115234,61.5,438864,44.789570111188475,-0.23642880945945421,2.729111443025534,0.16094941426428108,62.13650035858154,60.66934791902057,43298239,-0.04556548742549782,-0.04663624731148257,0.0387086024583132,-0.022956224726055297,-0.01640679197042183,0.041154368013920584,0,4
2021-04-06,59.33000183105469,60.900001525878906,58.619998931884766,58.79999923706055,457348,46.500234375866896,-0.3257579872859466,2.6970322395232915,0.25277849384215995,61.85050029754639,60.46329467471812,43755587,0.011594207800246004,0.011527510016582785,-0.04556548742549782,0.0387086024583132,-0.022956224726055297,0.009676892582832108,1,4
2021-04-07,59.77000045776367,60.040000915527344,58.119998931884766,59.2599983215332,475537,47.630929238773255,-0.35693328758591747,2.641530078388955,0.31585293900143646,61.63850021362305,60.3566340259559,44231124,0.007416123599016666,0.007388759362158414,0.011594207800246004,-0.04556548742549782,0.0387086024583132,-0.01640679197042183,2,4
2021-04-08,59.599998474121094,59.93000030517578,58.81999969482422,59.52000045776367,419913,47.21571952689997,-0.39085217640113257,2.5321351163862835,0.31950475886567997,61.39650001525879,60.24022855644285,43811211,-0.0028442694050623274,-0.0028483220256071977,0.007416123599016666,0.011594207800246004,-0.04556548742549782,-0.022956224726055297,3,4
2021-04-09,59.31999969482422,59.95000076293945,59.099998474121094,59.7599983215332,351436,46.49678685023096,-0.4353087334919934,2.411982771560003,0.30955351817725546,61.06150016784668,60.0986548854246,43459775,-0.004697966215862492,-0.0047090363441455035,-0.0028442694050623274,0.007416123599016666,0.011594207800246004,0.0387086024583132,4,4
2021-04-12,59.70000076293945,60.77000045776367,58.72999954223633,59.349998474121094,410218,47.661545300046036,-0.43486511058257094,2.385412638986242,0.3699159135987231,60.76600017547607,60.037323481965345,43869993,0.0064059519566785905,0.006385521052948414,-0.004697966215862492,-0.0028442694050623274,0.007416123599016666,-0.04556548742549782,0,4
2021-04-13,60.18000030517578,60.59000015258789,59.63999938964844,59.63999938964844,349733,49.16691497140883,-0.39127125324628054,2.282883219268614,0.4536120052117449,60.50550022125244,60.059273762459256,44219726,0.008040193234541748,0.008008043094837287,0.0064059519566785905,-0.004697966215862492,-0.0028442694050623274,0.011594207800246004,1,4
2021-04-14,63.150001525878906,63.439998626708984,60.380001068115234,60.439998626708984,419813,57.34248916183898,-0.11573441575296073,2.3526771551446557,0.9313467069112019,60.42300014495849,60.534770341446894,44639539,0.04935196420143062,0.0481727966863204,0.008040193234541748,0.0064059519566785905,-0.004697966215862492,0.007416123599016666,2,4
2021-04-15,63.459999084472656,63.56999969482422,62.529998779296875,62.83000183105469,243370,58.0999713848482,0.1261900845726771,2.258914566600562,1.0358640929026894,60.366000175476074,60.98480553268163,44882909,0.004908908172657878,0.004896898768938579,0.04935196420143062,0.008040193234541748,0.0064059519566785905,-0.0028442694050623274,3,4
2021-04-16,63.130001068115234,63.880001068115234,62.83000183105469,63.31999969482422,87795,56.94082462187065,0.28796938027994656,2.172563471633418,0.917801861347848,60.52250022888184,61.314835615056026,44795114,-0.005200094880527084,-0.005213662429376805,0.004908908172657878,0.04935196420143062,0.008040193234541748,-0.004697966215862492,4,4
2021-04-19,63.380001068115234,63.630001068115234,62.630001068115234,62.97999954223633,74384,57.630475761777475,0.43138085833800943,2.0888089379453167,0.9128129286023321,60.62050037384033,61.632553377065136,44869498,0.003960082302711498,0.0039522618165029255,-0.005200094880527084,0.004908908172657878,0.04935196420143062,0.0064059519566785905,0,4
2021-04-20,62.439998626708984,64.25,61.5,63.470001220703125,476046,54.120537273265725,0.4638383075495156,2.136036870949223,0.7599914702410756,60.66500034332275,61.75677572316419,44393452,-0.014831215297645972,-0.01494229746187343,0.003960082302711498,-0.005200094880527084,0.004908908172657878,0.008040193234541748,1,4
2021-04-21,61.349998474121094,62.560001373291016,60.86000061035156,62.38999938964844,431486,50.29531158005888,0.39703044723756165,2.1048914346628105,0.580209033888626,60.844500350952146,61.69419460792679,43961966,-0.01745676131584084,-0.01761092736824245,-0.014831215297645972,0.003960082302711498,-0.005200094880527084,0.04935196420143062,2,4
2021-04-22,61.43000030517578,61.869998931884766,60.61000061035156,61.11000061035156,344700,50.571452561815505,0.3465454554848435,2.044541926582124,0.5907125149268515,60.85700035095215,61.65354933058048,44306666,0.0013040233585079886,0.0013031738584799437,-0.01745676131584084,-0.014831215297645972,0.003960082302711498,0.004908908172657878,3,4
2021-04-23,62.13999938964844,62.43000030517578,61.25,61.650001525878906,345407,53.06366592404837,0.35968055466233295,1.9827889536245282,0.6827767511164212,61.03600025177002,61.728387801206324,44652073,0.011557855786187288,0.011491573999002191,0.0013040233585079886,-0.01745676131584084,-0.014831215297645972,-0.005200094880527084,4,4
2021-04-26,61.90999984741211,62.310001373291016,60.65999984741211,62.060001373291016,366865,52.146420111676676,0.3475251212507757,1.9590184230712695,0.635855699253982,61.08300018310547,61.75632811600722,44285208,-0.00370131227060555,-0.0037081790762324026,0.011557855786187288,0.0013040233585079886,-0.01745676131584084,0.003960082302711498,0,4
2021-04-27,62.939998626708984,63.29999923706055,61.90999984741211,61.970001220703125,361536,55.82874926314381,0.41620637808020433,1.91837420639821,0.7842887175022678,61.15200004577637,61.9384312714998,44646744,0.016637034111379068,0.016500154750742322,-0.00370131227060555,0.011557855786187288,0.0013040233585079886,-0.014831215297645972,1,4
2021-04-28,63.86000061035156,64.52999877929688,62.66999816894531,63.040000915527344,387683,58.87294466811885,0.5386638585866592,1.9142046638234496,0.8803059022500332,61.31750011444092,62.23405732363084,45034427,0.014617127481985293,0.014511327027076103,0.016637034111379068,-0.00370131227060555,0.011557855786187288,-0.01745676131584084,2,4
2021-04-29,65.01000213623047,65.47000122070312,63.650001525878906,63.70000076293945,384489,62.36454360456047,0.720205723058271,1.9074757374663616,0.9784011138107039,61.61000022888184,62.66112575633848,45418916,0.01800816653441273,0.01784794023211919,0.014617127481985293,0.016637034111379068,-0.00370131227060555,0.0013040233585079886,3,4
2021-04-30,63.58000183105469,64.94999694824219,63.08000183105469,64.87999725341797,400515,55.998158845012014,0.7401578065127978,1.9090846351598916,0.7549815897276605,61.7165002822876,62.80249130629482,45018401,-0.02199661987672563,-0.02224215279452497,0.01800816653441273,0.014617127481985293,0.016637034111379068,0.011557855786187288,4,4
2021-05-03,64.48999786376953,64.68000030517578,62.90999984741211,63.63999938964844,285969,58.8752056367425,0.8199472100454415,1.8991500510601615,0.8485770591790048,62.00850009918213,63.06210769975247,45304370,0.014312614131922974,0.014211155615416915,-0.02199661987672563,0.01800816653441273,0.014617127481985293,-0.00370131227060555,0,5
2021-05-04,65.69000244140625,66.19000244140625,64.29000091552734,64.52999877929688,370208,62.36938709927744,0.9688430086355311,1.8992108706900719,0.957018899140828,62.32650012969971,63.46639919846843,45674578,0.01860760765059477,0.01843660417265264,0.014312614131922974,-0.02199661987672563,0.01800816653441273,0.016637034111379068,1,5
2021-05-05,65.62999725341797,66.76000213623047,64.91999816894531,66.44999694824219,460066,62.085319814660444,1.0696715764818663,1.8949818061611494,0.9012466943568403,62.61949996948242,63.79926043769144,45214512,-0.0009134599750061367,-0.0009138774338097392,0.01860760765059477,0.014312614131922974,-0.02199661987672563,0.014617127481985293,2,5
2021-05-06,64.70999908447266,65.9800033569336,64.5,65.2699966430664,389214,57.74290582980038,1.0630881608731642,1.865340488359181,0.7558235060778424,62.875,63.93937407565778,44825298,-0.014017952269492095,-0.014117131715124444,-0.0009134599750061367,0.01860760765059477,0.014312614131922974,0.01800816653441273,3,5
2021-05-07,64.9000015258789,65.23999786376953,63.900001525878906,64.9000015258789,431417,58.39018992714605,1.0609721392876637,1.8278159061828556,0.7651084077663864,63.15400009155273,64.08716291415334,45256715,0.0029362145587148447,0.0029319123002593084,-0.014017952269492095,-0.0009134599750061367,0.01860760765059477,-0.02199661987672563,4,5
2021-05-10,64.91999816894531,65.75,63.95000076293945,65.56999969482422,448337,58.462304047059966,1.0488186108338127,1.8258290012455478,0.753536897038514,63.41499996185303,64.21529141489057,45705052,0.0003081146779084776,0.0003080672203291072,0.0029362145587148447,-0.014017952269492095,-0.0009134599750061367,0.014312614131922974,0,5
2021-05-11,65.27999877929688,65.5,63.68000030517578,64.9000015258789,514949,59.81264916412728,1.0560622641719846,1.8254126222154528,0.8010198657678802,63.66999988555908,64.37909254787616,46220001,0.00554529606446863,0.0055299775147506355,0.0003081146779084776,0.0029362145587148447,-0.014017952269492095,0.01860760765059477,1,5
2021-05-12,66.08000183105469,66.62999725341797,64.97000122070312,65.45999908447266,508519,62.71351045291313,1.1135205008116742,1.8135971515368379,0.8958707099259094,63.816499900817874,64.6407708991344,46728520,0.012254948938686727,0.012180464966032653,0.00554529606446863,0.0003081146779084776,0.0029362145587148447,-0.0009134599750061367,2,5
2021-05-13,63.81999969482422,65.80999755859375,63.09000015258789,65.75,547691,51.42122405816161,0.9655628747666896,1.8976260463175494,0.49745985541498217,63.83449993133545,64.5144984061636,46180829,-0.0342009999032471,-0.03479954085411063,0.012254948938686727,0.00554529606446863,0.0003081146779084776,-0.014017952269492095,3,5
2021-05-14,65.37000274658203,65.62000274658203,63.33000183105469,63.83000183105469,383749,57.123502974957276,0.9622850593472663,1.9256528226896776,0.7445800679543705,63.94650001525879,64.64611445853566,46564578,0.024287105283134602,0.023996863572300863,-0.0342009999032471,0.012254948938686727,0.00554529606446863,0.0029362145587148447,4,5
2021-05-17,66.2699966430664,66.43000030517578,64.83000183105469,65.5,268476,60.05541853310757,1.0205451437456503,1.9023917977919216,0.8553423810376685,64.09099979400635,64.89594248692501,46833054,0.013767689439655673,0.0136737758041529,0.024287105283134602,-0.0342009999032471,0.012254948938686727,0.0003081146779084776,0,5
2021-05-18,65.48999786376953,67.01000213623047,64.11000061035156,66.33000183105469,167348,56.45250046140944,0.9923382400825744,1.9736496355124207,0.7059955297017553,64.24349975585938,64.98733562182417,46665706,-0.011770013864614959,-0.01183982883395468,0.013767689439655673,0.024287105283134602,-0.0342009999032471,0.00554529606446863,1,5
2021-05-19,63.36000061035156,65.3499984741211,61.95000076293945,65.27999877929688,101902,47.98628823780406,0.7890158054290666,2.085531597320825,0.3214762966584531,64.3439998626709,64.73697638928992,46563804,-0.032524008595155696,-0.03306466947153175,-0.011770013864614959,0.013767689439655673,0.024287105283134602,0.012254948938686727,2,5
2021-05-20,62.04999923706055,63.959999084472656,61.88999938964844,63.38999938964844,524168,43.650458964650326,0.5162244344786941,2.0844221757139243,0.058896946130304544,64.37499980926513,64.32359528894693,46039636,-0.02067552652575244,-0.020892257784187393,-0.032524008595155696,-0.011770013864614959,0.013767689439655673,-0.0342009999032471,3,5
2021-05-21,63.58000183105469,64.06999969482422,61.560001373291016,61.88999938964844,530831,49.40092083035573,0.4186675908392914,2.114820471843873,0.32378906710361166,64.44699993133545,64.20919629542504,46570467,0.024657576354655486,0.024358484926823683,-0.02067552652575244,-0.032524008595155696,-0.011770013864614959,0.024287105283134602,4,5
2021-05-24,66.05000305175781,66.13999938964844,63.630001068115234,63.869998931884766,466647,57.02545501434228,0.5345001601142059,2.14661883518315,0.8088557630463509,64.65400009155273,64.49239733486085,47037114,0.03884871263870715,0.03811309289020441,0.024657576354655486,-0.02067552652575244,-0.032524008595155696,0.013767689439655673,0,5
2021-05-25,66.06999969482422,66.51000213623047,65.41000366210938,66.0199966430664,497394,57.08183908367296,0.6207561769689249,2.0718602379644318,0.7867569660973482,64.8105001449585,64.73510539023984,47534508,0.0003027500702874608,0.00030270425073261365,0.03884871263870715,0.024657576354655486,-0.02067552652575244,-0.011770013864614959,1,5
2021-05-26,66.20999908447266,66.43000030517578,65.25,66.04000091552734,376207,57.50224119428302,0.692429575365864,2.0081559570509566,0.787276165965256,64.92800006866455,64.9620121124295,47910715,0.0021189555062068877,0.0021167136863074172,0.0003027500702874608,0.03884871263870715,0.024657576354655486,-0.032524008595155696,2,5
2021-05-27,66.8499984741211,66.91999816894531,65.47000122070312,66.16000366210938,337542,59.45736325031185,0.7917470943625773,1.968287456421759,0.8838468724827199,65.01999988555909,65.25247155268974,48248257,0.009666204478147034,0.009619785613413053,0.0021189555062068877,0.0003027500702874608,0.03884871263870715,-0.02067552652575244,3,5
2021-05-28,66.31999969482422,67.5199966430664,66.16999816894531,66.94999694824219,390461,57.11404766893116,0.8182581015601187,1.9241239576859972,0.7472672483072484,65.15699977874756,65.41670665147966,47857796,-0.007928179377626243,-0.007959774497063515,0.009666204478147034,0.0021189555062068877,0.0003027500702874608,0.024657576354655486,4,5
2021-06-01,67.72000122070312,68.87000274658203,66.41000366210938,66.68000030517578,570985,61.43748177557483,0.9413849884481209,1.9688296072625555,0.9655957514493315,65.31849994659424,65.77105966212942,48428781,0.02110979391316503,0.020890069065199926,-0.007928179377626243,0.009666204478147034,0.0021189555062068877,0.03884871263870715,1,6
2021-06-02,68.83000183105469,69.0,67.77999877929688,67.98999786376953,332995,64.49379223525828,1.1156709457992804,1.919627405265007,1.0593652449867597,65.47549991607666,66.24166614965638,48761776,0.016391030572105336,0.0162581477221648,0.02110979391316503,-0.007928179377626243,0.009666204478147034,0.0003027500702874608,2,6
2021-06-03,68.80999755859375,69.4000015258789,68.19000244140625,68.76000213623047,351367,64.394739448557,1.2379097915527382,1.8689396680655534,0.9763738074268979,65.63449993133545,66.63679405872367,48410409,-0.0002906330368847021,-0.000290675278850572,0.016391030572105336,0.02110979391316503,-0.007928179377626243,0.0021189555062068877,3,6
2021-06-04,69.62000274658203,69.76000213623047,68.33000183105469,68.91000366210938,326250,66.62964576858195,1.3841895313808408,1.8375868564305697,1.0020496404348505,65.88000011444092,67.09574924147111,48736659,0.011771620647109238,0.011702874100352086,-0.0002906330368847021,0.016391030572105336,0.02110979391316503,0.009666204478147034,4,6
2021-06-07,69.2300033569336,70.0,68.93000030517578,69.5199966430664,365621,64.52943056325063,1.4519108630533424,1.782759202030116,0.894927512237392,66.09650020599365,67.42409602846534,48371038,-0.005601829564242378,-0.005617578654828633,0.011771620647109238,-0.0002906330368847021,0.016391030572105336,-0.007928179377626243,0,6
2021-06-08,70.05000305175781,70.2699966430664,68.47000122070312,69.29000091552734,441302,66.89240170581132,1.5538359747707347,1.783990360625342,0.9318195872645384,66.35300045013427,67.8280817243565,48812340,0.01184457106836323,0.01177497316892472,-0.005601829564242378,0.011771620647109238,-0.0002906330368847021,0.02110979391316503,1,6
2021-06-09,69.95999908447266,70.62000274658203,69.45999908447266,70.01000213623047,410820,66.36977302950865,1.608804495395276,1.7394198821599158,0.8726907695907407,66.58700046539306,68.15606901052821,48401520,-0.001284853152949239,-0.0012856792844758449,0.01184457106836323,-0.005601829564242378,0.011771620647109238,0.016391030572105336,2,6
2021-06-10,70.29000091552734,70.6500015258789,68.68000030517578,69.76000213623047,492464,67.37621822188342,1.6598619781864414,1.755889977770145,0.8641879951756846,66.7975004196167,68.48436622668193,48893984,0.004717007366684234,0.004705917148853904,-0.001284853152949239,0.01184457106836323,-0.005601829564242378,-0.0002906330368847021,3,6
2021-06-11,70.91000366210938,71.23999786376953,69.68000030517578,70.0999984741211,563575,69.23884125591682,1.730407382058587,1.7418976621146882,0.8827692336692853,67.15200061798096,68.85754121674769,49457559,0.008820639330011204,0.008781964747558756,0.004717007366684234,-0.001284853152949239,0.01184457106836323,0.011771620647109238,4,6
2021-06-14,70.87999725341797,71.77999877929688,70.6500015258789,70.6500015258789,319639,69.03341539467353,1.7635645817544372,1.6981904900649225,0.8389440294155676,67.42750034332275,69.16868829931235,49137920,-0.0004231618550520899,-0.000423251413295855,0.008820639330011204,0.004717007366684234,-0.001284853152949239,-0.005601829564242378,0,6
2021-06-15,72.12000274658203,72.48999786376953,70.80999755859375,71.16000366210938,336035,72.64528300764144,1.8683626598112255,1.6968911911442695,0.9034657277153308,67.72000064849854,69.62273667581537,49473955,0.017494434836540007,0.017343168871537588,-0.0004231618550520899,0.008820639330011204,0.004717007366684234,0.01184457106836323,1,6
2021-06-16,72.1500015258789,72.98999786376953,71.61000061035156,72.44999694824219,426775,72.72815688574612,1.9315705989755685,1.6742559098781051,0.8608919713174534,68.05300083160401,70.01154665274822,49900730,0.0004159564358627854,0.0004158699499665965,0.017494434836540007,-0.0004231618550520899,0.008820639330011204,-0.001284853152949239,2,6
2021-06-17,71.04000091552734,72.30000305175781,69.7699966430664,71.6500015258789,373780,64.89396725531363,1.8705332308400955,1.7353809455076268,0.7416442704037971,68.43700084686279,70.16977038548347,49526950,-0.01538462351873171,-0.01550419479717718,0.0004159564358627854,0.017494434836540007,-0.0004231618550520899,0.004717007366684234,3,6
2021-06-18,71.63999938964844,72.16999816894531,70.16000366210938,71.0999984741211,139584,66.96540594725948,1.8492584391443074,1.7549961998882204,0.7904409631350361,68.91650085449218,70.39595946304732,49666534,0.008445924357947998,0.00841045710140223,-0.01538462351873171,0.0004159564358627854,0.017494434836540007,0.008820639330011204,4,6
2021-06-21,73.66000366210938,73.95999908447266,71.1500015258789,71.5199966430664,123662,72.78712874922616,1.9726559267681978,1.8303534397957582,0.9767275756242546,69.42050094604492,70.89812010905686,49790196,0.02819659812494102,0.027806392060501745,0.008445924357947998,-0.01538462351873171,0.0004159564358627854,-0.0004231618550520899,0,6
2021-06-22,73.05999755859375,73.94999694824219,72.94000244140625,73.41000366210938,498555,68.90287193542727,1.9989907258880208,1.771756373155771,0.8709175954005153,69.77100067138672,71.23071663975485,49291641,-0.008145615988127686,-0.008178972782628923,0.02819659812494102,0.008445924357947998,-0.01538462351873171,0.017494434836540007,1,6
2021-06-23,73.08000183105469,74.25,72.81999969482422,72.91000366210938,429207,68.96234140653891,1.9984386645868994,1.7473452254429147,0.8428475949347939,70.12150077819824,71.51522205380097,49720848,0.00027380609265548195,0.00027376861460828335,-0.008145615988127686,0.02819659812494102,0.008445924357947998,0.0004159564358627854,2,6
2021-06-24,73.30000305175781,73.61000061035156,72.31999969482422,73.27999877929688,334833,69.64976257191046,1.9927818630585108,1.7146777747346598,0.841720573336423,70.4760009765625,71.78980374579433,50055681,0.0030104161903514726,0.0030058939611201088,0.00027380609265548195,-0.008145615988127686,0.02819659812494102,-0.01538462351873171,3,6
2021-06-25,74.05000305175781,74.18000030517578,72.8499984741211,73.31999969482422,364721,71.93202648014369,2.025469191056956,1.687200921614662,0.8958511738947847,70.83600120544433,72.13752671594256,50420402,0.010231923175643143,0.010179931399522607,0.0030104161903514726,0.00027380609265548195,-0.008145615988127686,0.008445924357947998,4,6
2021-06-28,72.91000366210938,74.44999694824219,72.62000274658203,73.98999786376953,354701,64.04817284305932,1.9370565287355674,1.6974004416179116,0.7435393138779394,71.16550140380859,72.25636932304515,50065701,-0.01539499449921189,-0.015514727879787098,0.010231923175643143,0.0030104161903514726,0.00027380609265548195,0.02819659812494102,0,6
2021-06-29,72.9800033569336,73.80999755859375,71.97000122070312,72.77999877929688,321448,64.30686139348161,1.8512966518174778,1.7075858627802483,0.7356708491730564,71.42850151062012,72.36769763595106,50387149,0.0009600835455807477,0.000959622960150255,-0.01539499449921189,0.010231923175643143,0.0030104161903514726,-0.008145615988127686,1,6
2021-06-30,73.47000122070312,74.13999938964844,72.81999969482422,73.47000122070312,383626,66.14332877762428,1.8020966159935483,1.6799011364976748,0.7846461779004568,71.66050148010254,72.53728280283599,50770775,0.006714138684990489,0.00669169924087882,0.0009600835455807477,-0.01539499449921189,0.010231923175643143,0.00027380609265548195,2,6
2021-07-01,75.2300033569336,76.22000122070312,73.38999938964844,73.5,615678,71.7631059633904,1.8834118966172042,1.7620511861088899,0.9985570367153158,71.98150177001953,72.95154750346639,51386453,0.023955384605798935,0.023672955947228704,0.006714138684990489,0.0009600835455807477,-0.01539499449921189,0.0030104161903514726,3,7
2021-07-02,75.16000366210938,75.62000274658203,74.41000366210938,75.0199966430664,377531,71.25650386300083,1.9200730451355952,1.7226188931348732,0.9332576959938881,72.2585018157959,73.29130998941146,51008922,-0.0009304757636671157,-0.0009309089249587357,0.023955384605798935,0.006714138684990489,0.0009600835455807477,0.010231923175643143,4,7
2021-07-06,73.37000274658203,76.9800033569336,72.94000244140625,75.3499984741211,714044,59.658575361203624,1.7841228970650747,1.888146180448621,0.6470891574018011,72.46550178527832,73.3034165674377,50294878,-0.023815870520370153,-0.024104053108867266,-0.0009304757636671157,0.023955384605798935,0.006714138684990489,-0.01539499449921189,1,7
2021-07-07,72.19999694824219,74.86000061035156,71.06999969482422,73.8499984741211,607971,53.52603475056708,1.5639435675460902,2.0239929472399583,0.43508609155149564,72.57300148010253,73.13365970294608,49686907,-0.015946650600259793,-0.016075166529910305,-0.023815870520370153,-0.0009304757636671157,0.023955384605798935,0.0009600835455807477,2,7
2021-07-08,72.94000244140625,73.26000213623047,70.76000213623047,72.16999816894531,529690,56.56704932944914,1.4326474533600049,2.0579934510085325,0.5417166565291696,72.72200164794921,73.10386627809379,50216597,0.010249383995051264,0.010197215221299714,-0.015946650600259793,-0.023815870520370153,-0.0009304757636671157,0.006714138684990489,3,7
2021-07-09,74.55999755859375,74.76000213623047,72.72000122070312,73.26000213623047,422154,62.37182422400973,1.4426840404444334,2.056708269902733,0.8278632304512454,72.93550148010254,73.32788647509378,50638751,0.02220996795947272,0.021966918781187,0.010249383995051264,-0.015946650600259793,-0.023815870520370153,0.023955384605798935,4,7
2021-07-12,74.0999984741211,74.93000030517578,73.16000366210938,74.73999786376953,397931,59.92283786560697,1.3974115359464605,2.0362288679858525,0.7145309997962201,73.09500122070312,73.4466729364826,50240820,-0.006169515819942961,-0.006188625923269611,0.02220996795947272,0.010249383995051264,-0.015946650600259793,-0.0009304757636671157,0,7
2021-07-13,75.25,75.5199966430664,73.68000030517578,74.18000030517578,444078,63.7544277113462,1.4377547206868542,2.022212258693336,0.9228600969038854,73.31350135803223,73.72410786933143,50684898,0.015519589062886974,0.015400391919102164,-0.006169515819942961,0.02220996795947272,0.010249383995051264,-0.023815870520370153,1,7
2021-07-14,73.12999725341797,75.44000244140625,72.20999908447266,75.16999816894531,528360,53.58398710097002,1.2838609315602554,2.108483051424783,0.44743628508861705,73.36400108337402,73.63270623611398,50156538,-0.028172793974512,-0.028577261903654064,0.015519589062886974,-0.006169515819942961,0.02220996795947272,-0.015946650600259793,2,7
2021-07-15,71.6500015258789,72.95999908447266,71.4000015258789,72.95999908447266,368679,47.845714423528705,1.0305956435057055,2.0814482425758034,0.1312530277700593,73.33900108337403,73.32767474223166,49787859,-0.020237874786326326,-0.02044546615486415,-0.028172793974512,0.015519589062886974,-0.006169515819942961,0.010249383995051264,3,7
2021-07-16,71.80999755859375,72.30000305175781,70.41000366210938,71.4800033569336,133926,48.4879413325959,0.8331869601068291,2.067773324509563,0.1365251303720221,73.37750091552735,73.09418594474892,49921785,0.0022330220419752855,0.0022305325536214017,-0.020237874786326326,-0.028172793974512,0.015519589062886974,0.02220996795947272,4,7
2021-07-19,66.41999816894531,71.66999816894531,65.62999725341797,71.48999786376953,82565,33.515124300179465,0.23905556784107773,2.3615038231285785,-0.4128139781717054,73.11650085449219,72.06738782539452,49839220,-0.07505917801000395,-0.07802551974330925,0.0022330220419752855,-0.020237874786326326,-0.028172793974512,-0.006169515819942961,0,7
2021-07-20,67.41999816894531,67.6500015258789,65.20999908447266,66.5999984741211,561629,37.3786865320341,-0.14938419040521467,2.3671108672912697,-0.10973431722323666,72.80450057983398,71.3524048013254,50400849,0.015055706527669743,0.014943494266210987,-0.07505917801000395,0.0022330220419752855,-0.020237874786326326,0.015519589062886974,1,7
2021-07-21,70.30000305175781,70.51000213623047,66.44000244140625,66.44999694824219,503030,46.94172839324921,-0.2222709711384283,2.488745783543623,0.23968718905362743,72.66650085449218,71.19049683985347,50903879,0.04271736815530014,0.04183015958012362,0.015055706527669743,-0.07505917801000395,0.0022330220419752855,-0.028172793974512,2,7
2021-07-22,71.91000366210938,72.02999877929688,69.86000061035156,70.22000122070312,435181,51.409045811523654,-0.14840989913625435,2.4659780967866007,0.42334426766890315,72.60800094604492,71.3011901971236,51339060,0.022901856905556794,0.02264354581357599,0.04271736815530014,0.015055706527669743,-0.07505917801000395,-0.020237874786326326,3,7
2021-07-23,72.06999969482422,72.20999908447266,71.38999938964844,71.70999908447266,274778,51.84297733226073,-0.07608704069419048,2.348408210932145,0.44760246248398466,72.54650077819824,71.41946858138525,51613838,0.002224948193114251,0.0022224766612245848,0.022901856905556794,0.04271736815530014,0.015055706527669743,0.0022330220419752855,4,7
2021-07-26,71.91000366210938,72.43000030517578,70.55999755859375,72.18000030517578,395743,51.34914032571528,-0.0313199600151961,2.314236392049994,0.4411788204067935,72.43950080871582,71.49493551688127,51218095,-0.002220008788571315,-0.002222476661224478,0.002224948193114251,0.022901856905556794,0.04271736815530014,-0.07505917801000395,0,7
2021-07-27,71.6500015258789,72.33000183105469,71.08000183105469,72.22000122070312,333123,50.507165554079506,-0.016630024937327903,2.2382195069035657,0.4194223059975686,72.37650070190429,71.51879182595783,50884972,-0.00361566017229209,-0.003622212470222602,-0.002220008788571315,0.002224948193114251,0.022901856905556794,0.015055706527669743,1,7
2021-07-28,72.38999938964844,72.5999984741211,71.69999694824219,71.9000015258789,318911,52.87554080439048,0.05409986803050515,2.1462036098563244,0.5047780817935206,72.34700050354004,71.6528237588333,51203883,0.010327953217171393,0.010274984303148497,-0.00361566017229209,-0.002220008788571315,0.002224948193114251,0.04271736815530014,2,7
2021-07-29,73.62000274658203,73.68000030517578,72.26000213623047,72.4000015258789,294462,56.59364865413222,0.2070184295352675,2.094331792648395,0.6403757529151872,72.35450057983398,71.95546668002542,51498345,0.016991343656641567,0.016848605384811782,0.010327953217171393,-0.00361566017229209,-0.002220008788571315,0.022901856905556794,3,7
2021-07-30,73.94999694824219,74.2300033569336,72.93000030517578,73.41000366210938,303700,57.56108973060358,0.3507915587151871,2.037594025441925,0.6895753714648979,72.29050025939941,72.2623174905203,51802045,0.004482398659995557,0.0044723826305266305,0.016991343656641567,0.010327953217171393,-0.00361566017229209,0.002224948193114251,4,7
2021-08-02,71.26000213623047,73.94999694824219,70.55000305175781,73.91000366210938,448200,48.14170518121866,0.24485021841117316,2.134908301944957,0.40033953836694264,72.09550018310547,72.10811512832187,51353845,-0.036375861028019485,-0.03705395773328977,0.004482398659995557,0.016991343656641567,0.010327953217171393,-0.002220008788571315,0,8
2021-08-03,70.55999755859375,71.95999908447266,69.19000244140625,71.5199966430664,509938,46.03076543136548,0.10321660692662249,2.1802717548822033,0.3339201012564948,71.95499992370605,71.86994319451755,50843907,-0.009823246655234374,-0.009871813057557594,-0.036375861028019485,0.004482398659995557,0.016991343656641567,-0.00361566017229209,1,8
2021-08-04,68.1500015258789,70.80999755859375,67.8499984741211,70.31999969482422,582924,39.59379352225869,-0.20117655119865674,2.235966564138664,0.10078390127318906,71.75250015258788,71.29764447626545,50260983,-0.034155273754276405,-0.03475219656555923,-0.009823246655234374,-0.036375861028019485,0.004482398659995557,0.010327953217171393,2,8
2021-08-05,69.08999633789062,69.3499984741211,67.61000061035156,68.05999755859375,416331,42.945143965513495,-0.3623832678463401,2.2005402283980118,0.2326896221969021,71.55999984741212,70.95800630113085,50677314,0.01379302701342966,0.013698768963242736,-0.034155273754276405,-0.009823246655234374,-0.036375861028019485,0.016991343656641567,3,8
2021-08-06,68.27999877929688,70.18000030517578,67.80000305175781,69.13999938964844,537136,40.842372020536445,-0.5491702924826569,2.213358587328009,0.1786898963198294,71.24599990844726,70.54600514392563,50140178,-0.011723803756369944,-0.011793069447451964,0.01379302701342966,-0.034155273754276405,-0.009823246655234374,0.004482398659995557,4,8
2021-08-09,66.4800033569336,67.9000015258789,65.1500015258789,67.87999725341797,598381,36.55847911357345,-0.8328444304633678,2.278832777763006,0.049024239140707374,70.8650001525879,69.92046640746531,49541797,-0.026361972093488895,-0.02671567900575555,-0.011723803756369944,0.01379302701342966,-0.034155273754276405,-0.036375861028019485,0,8
2021-08-10,68.29000091552734,68.9000015258789,66.55999755859375,66.8499984741211,452126,43.029448483118685,-0.9012178737175418,2.2889160199903134,0.25485683702646295,70.51700019836426,69.66962556255177,49993923,0.027226195354952187,0.026862155336878128,-0.026361972093488895,-0.011723803756369944,0.01379302701342966,-0.009823246655234374,1,8
2021-08-11,69.25,69.44999694824219,66.66999816894531,68.51000213623047,513292,46.165846427458256,-0.8679353980331967,2.3239933599407823,0.3783096767239569,70.32300033569337,69.60506778369765,50507215,0.014057681528810484,0.013959788687987345,0.027226195354952187,-0.026361972093488895,-0.011723803756369944,-0.034155273754276405,2,8
2021-08-12,69.08999633789062,69.62000274658203,68.45999908447266,69.36000061035156,352465,45.71412062922279,-0.844732207531024,2.2408512386671102,0.3743120938077297,70.19500007629395,69.52582602280425,50154750,-0.0023105221965252776,-0.0023131955716578436,0.014057681528810484,0.027226195354952187,-0.026361972093488895,0.01379302701342966,3,8
2021-08-13,68.44000244140625,69.22000122070312,67.7699966430664,68.91000366210938,272033,43.837552112693636,-0.8687778567713025,2.1843621914506537,0.31945510742108685,70.02650032043456,69.35877624105072,49882717,-0.009407930683705934,-0.009452464799585019,-0.0023105221965252776,0.014057681528810484,0.027226195354952187,-0.011723803756369944,4,8
2021-08-16,67.29000091552734,68.13999938964844,65.7300033569336,68.12999725341797,334844,40.65753863520008,-0.9694544517530801,2.221907683809368,0.1741145784639354,70.07000045776367,69.04050311404713,49547873,-0.016803060854117646,-0.01694583389028159,-0.009407930683705934,-0.0023105221965252776,0.014057681528810484,-0.026361972093488895,0,8
2021-08-17,66.58999633789062,67.72000122070312,66.33000183105469,67.43000030517578,235303,38.81194850593895,-1.0931250329120559,2.1624856627978732,0.10767192309021585,70.02850036621093,68.66350207156151,49312570,-0.010402802319998017,-0.010457289678278662,-0.016803060854117646,-0.009407930683705934,-0.0023105221965252776,0.027226195354952187,1,8
2021-08-18,65.45999908447266,67.4800033569336,64.33999633789062,66.58000183105469,121197,35.97315443939537,-1.267702904088054,2.23230861681538,0.05018819005428275,69.78650016784668,68.17065545816322,49191373,-0.016969474629254244,-0.017115106040668182,-0.010402802319998017,-0.016803060854117646,-0.009407930683705934,0.014057681528810484,2,8
2021-08-19,63.689998626708984,64.76000213623047,62.630001068115234,64.58000183105469,88237,32.02221408672074,-1.5312302994567943,2.2750007167826687,-0.028025160919392188,69.37549991607666,67.4813236379395,49103136,-0.027039420753421917,-0.027411712265815937,-0.016969474629254244,-0.010402802319998017,-0.016803060854117646,-0.0023105221965252776,3,8
2021-08-20,62.31999969482422,64.0999984741211,62.11000061035156,64.05000305175781,365009,29.336488634440954,-1.8295353781500978,2.254643370138873,-0.0432888931176446,68.88799991607667,66.68727380053716,48738127,-0.02151042489283783,-0.021745146155583428,-0.027039420753421917,-0.016969474629254244,-0.010402802319998017,-0.009407930683705934,4,8
2021-08-23,65.63999938964844,66.0,61.7400016784668,61.959999084472656,397290,42.02602694308557,-1.7775574968765397,2.397883009524182,0.2569000124121702,68.57449970245361,66.52615466040044,49135417,0.053273422835076634,0.05190286025784301,-0.02151042489283783,-0.027039420753421917,-0.016969474629254244,-0.016803060854117646,0,8
2021-08-24,67.54000091552734,67.80000305175781,65.41000366210938,65.54000091552734,335888,47.8029568484959,-1.5650099468413572,2.397319893818772,0.42951428454751256,68.36899967193604,66.68213100734305,49471305,0.028945788292900954,0.028534771589336656,0.053273422835076634,-0.02151042489283783,-0.027039420753421917,-0.010402802319998017,1,8
2021-08-25,68.36000061035156,68.54000091552734,66.91999816894531,67.62999725341797,353742,50.11338513662357,-1.3152361362940184,2.341797240444719,0.5172355827235485,68.1674997329712,66.94026479242129,49825047,0.012140948826012021,0.01206783866312314,0.028945788292900954,0.053273422835076634,-0.02151042489283783,-0.016969474629254244,2,8
2021-08-26,67.41999816894531,68.30999755859375,67.0199966430664,68.0,344286,47.516849975836344,-1.1795419081278737,2.2702405780761787,0.45622091844331475,67.85749950408936,67.01406992727114,49480761,-0.013750767013069765,-0.013846184528890084,0.012140948826012021,0.028945788292900954,0.053273422835076634,-0.027039420753421917,3,8
2021-08-27,68.73999786376953,69.05000305175781,67.5199966430664,67.75,326056,51.33038639906736,-0.9544875724205326,2.224509456985916,0.636898045820323,67.59699954986573,67.27959730211704,49806817,0.01957875601711656,0.019389557697734143,-0.013750767013069765,0.012140948826012021,0.028945788292900954,-0.02151042489283783,4,8
2021-08-30,69.20999908447266,69.63999938964844,67.66999816894531,69.30000305175781,360797,52.649677949561585,-0.7297926243040251,2.206330297251431,0.7198464412292326,67.49449939727783,67.57658219171022,50167614,0.006837376131936912,0.0068141072807958,0.01957875601711656,-0.013750767013069765,0.012140948826012021,0.053273422835076634,0,8
2021-08-31,68.5,69.33999633789062,68.16000366210938,69.18000030517578,325853,50.42595586989461,-0.6020709523267556,2.133020467146418,0.6508327845376005,67.39149951934814,67.71864646990865,49841761,-0.010258620052950529,-0.010311602357340006,0.006837376131936912,0.01957875601711656,-0.013750767013069765,0.028945788292900954,1,8
2021-09-01,68.58999633789062,69.23999786376953,67.12000274658203,68.55000305175781,399497,50.710136281457174,-0.48796371282820417,2.1320900850064954,0.6590850859478564,67.41349925994874,67.85270029575203,50241258,0.001313815151688047,0.0013129528517474968,-0.010258620052950529,0.006837376131936912,0.01957875601711656,0.012140948826012021,2,9
2021-09-02,69.98999786376953,70.61000061035156,67.83999633789062,68.29000091552734,403314,55.02892006043565,-0.2813215805261393,2.177655384110384,0.8332025978957578,67.45849933624268,68.18151530621627,50644572,0.020411161986103155,0.020205646059582433,0.001313815151688047,-0.010258620052950529,0.006837376131936912,-0.013750767013069765,3,9
2021-09-03,69.29000091552734,70.52999877929688,69.05000305175781,69.76000213623047,313086,52.54963824081981,-0.17205674247945524,2.127822551498147,0.730263390798266,67.5089994430542,68.35205155380258,50331486,-0.010001385478031866,-0.010051735327240165,0.020411161986103155,0.001313815151688047,-0.010258620052950529,0.01957875601711656,4,9
2021-09-07,68.3499984741211,69.4800033569336,67.63999938964844,69.11000061035156,481704,49.33517059787285,-0.15947557702821769,2.107264081197219,0.596985173659527,67.60249919891358,68.35173569539005,49849782,-0.013566206220032018,-0.013659068006801153,-0.010001385478031866,0.020411161986103155,0.001313815151688047,0.006837376131936912,1,9
2021-09-08,69.30000305175781,69.75,68.30999755859375,68.37000274658203,389325,52.49770542016602,-0.07201731212499851,2.059602535497864,0.7103783820942075,67.6529993057251,68.49762298098508,50239107,0.013899116296197223,0.013803409387297648,-0.013566206220032018,-0.010001385478031866,0.020411161986103155,-0.010258620052950529,2,9
2021-09-09,68.13999938964844,69.88999938964844,67.55999755859375,69.36000061035156,556451,48.51546670058234,-0.0952110740685157,2.07891677089478,0.5703953709570883,67.59749927520753,68.44260396693329,49682656,-0.01673886884597986,-0.016880546957262165,0.013899116296197223,-0.013566206220032018,-0.010001385478031866,0.001313815151688047,3,9
2021-09-10,69.72000122070312,69.95999908447266,67.68000030517578,67.97000122070312,411079,53.670457495487284,0.01374223371307437,2.0932797714949296,0.7672965944496396,67.62899951934814,68.63912662135942,50093735,0.02318758211340266,0.02292283488496686,-0.01673886884597986,0.013899116296197223,-0.013566206220032018,0.020411161986103155,4,9
2021-09-13,70.44999694824219,70.97000122070312,69.51000213623047,69.73999786376953,390939,55.869035816914355,0.1571811826480598,2.0480454367076244,0.8326734585696014,67.72949924468995,68.91772205626447,50484674,0.010470391777937849,0.010415956866150763,0.02318758211340266,-0.01673886884597986,0.013899116296197223,-0.010001385478031866,0,9
2021-09-14,70.45999908447266,71.22000122070312,69.9800033569336,70.63999938964844,414231,55.899916043366645,0.2685687782064008,1.990327752926332,0.802520191164301,67.8879991531372,69.15499544521957,50898905,0.00014197497038659357,0.0001419648928943086,0.010470391777937849,0.02318758211340266,-0.01673886884597986,-0.013566206220032018,1,9
2021-09-15,72.61000061035156,73.13999938964844,70.6500015258789,70.76000213623047,418665,62.04754466998505,0.5242877422814161,2.0395900780870067,0.9731040114501114,68.18899936676026,69.68653470139373,51317570,0.030513788728570912,0.030057501878527924,0.00014197497038659357,0.010470391777937849,0.02318758211340266,0.013899116296197223,2,9
2021-09-16,72.61000061035156,72.98999786376953,71.52999877929688,72.6500015258789,298412,62.04754466998506,0.7186625689238753,1.9981907214002672,0.9170025222358653,68.5464994430542,70.13629868738724,51615982,0.0,0.0,0.030513788728570912,0.00014197497038659357,0.010470391777937849,-0.01673886884597986,3,9
2021-09-17,71.97000122070312,72.72000122070312,71.20999908447266,72.62000274658203,119933,59.198563776010445,0.8117065693250822,1.9633201081738532,0.8308909421063416,68.9604995727539,70.41840676943583,51496049,-0.008814204438351125,-0.008853279317053821,0.0,0.030513788728570912,0.00014197497038659357,0.02318758211340266,4,9
2021-09-20,70.29000091552734,72.08000183105469,69.86000061035156,71.91999816894531,75837,52.39731787257277,0.7413369547612945,1.9816544733545154,0.6367967359739325,69.35899963378907,70.39865202268068,51420212,-0.023343063452561208,-0.023619828268174783,-0.008814204438351125,0.0,0.030513788728570912,0.010470391777937849,0,9
2021-09-21,70.55999755859375,71.62999725341797,69.66999816894531,70.58999633789062,393403,53.325410874050704,0.6992939752221901,1.9801076598629541,0.6604216100606444,69.60499954223633,70.42347441282115,51813615,0.0038411813849723586,0.003833822885291427,-0.023343063452561208,-0.008814204438351125,0.0,0.00014197497038659357,1,9
2021-09-22,72.2300033569336,72.30000305175781,70.63999938964844,70.8499984741211,381061,58.69025257641861,0.7916049925423323,1.9629575050987476,0.8948139873958001,69.83949966430664,70.7014019426846,52194676,0.023667883448451832,0.02339214144026172,0.0038411813849723586,-0.023343063452561208,-0.008814204438351125,0.030513788728570912,2,9
2021-09-23,73.30000305175781,73.5,71.61000061035156,71.97000122070312,403405,61.725773230703034,0.9402634006561499,1.957746211138011,0.9871578840509829,70.08649978637695,71.10118672869586,52598081,0.01481378437069547,0.014705131988040446,0.023667883448451832,0.0038411813849723586,-0.023343063452561208,0.0,3,9
2021-09-24,73.9800033569336,74.2699966430664,72.80999755859375,73.23999786376953,350382,63.55845705478972,1.100263449583764,1.9221928449476287,1.0134029079164717,70.41450004577636,71.54408159457859,52948463,0.009276947842630001,0.009234181254129515,0.01481378437069547,0.023667883448451832,0.0038411813849723586,-0.008814204438351125,4,9
2021-09-27,75.44999694824219,75.75,74.16000366210938,74.19000244140625,417829,67.21330852289411,1.3303454444937302,1.9113216876703985,1.0853464060388458,70.75,72.14499164898837,53366292,0.019870147669719174,0.019675312985899165,0.009276947842630001,0.01481378437069547,0.023667883448451832,-0.023343063452561208,0,9
2021-09-28,75.29000091552734,76.66999816894531,74.23999786376953,75.43000030517578,476143,66.43234452954286,1.4826852675884794,1.9483701603493544,0.9809135036295678,71.05400009155274,72.6288392284559,52890149,-0.0021205571794071787,-0.0021228087443940684,0.019870147669719174,0.009276947842630001,0.01481378437069547,0.0038411813849723586,1,9
2021-09-29,74.83000183105469,75.79000091552734,73.73999786376953,74.37999725341797,424193,64.12539431293828,1.5484480479744178,1.9556296525928156,0.8816414241741383,71.37050018310546,72.96747962885571,52465956,-0.006109696890411187,-0.006128437460249712,-0.0021205571794071787,0.019870147669719174,0.009276947842630001,0.023667883448451832,2,9
2021-09-30,75.02999877929688,76.06999969482422,73.13999938964844,74.77999877929688,583189,64.69936829285221,1.5982796347693409,2.025227556348742,0.8619170408589739,71.69250030517578,73.28479026738512,53049145,0.002672683995033509,0.002669118726309774,-0.006109696890411187,-0.0021205571794071787,0.019870147669719174,0.01481378437069547,3,9
2021-10-01,75.87999725341797,75.98999786376953,74.2300033569336,75.12000274658203,388996,67.10802279864541,1.6869136094272221,2.0062823385263986,0.8986547183797331,71.9870002746582,73.68405288062094,53438141,0.01132878166000495,0.011265091582319942,0.002672683995033509,-0.006109696890411187,-0.0021205571794071787,0.009276947842630001,4,10
2021-10-04,77.62000274658203,78.37999725341797,75.31999969482422,75.9000015258789,458006,71.40875375731709,1.875935952452295,2.0815477113883523,0.992579567436065,72.40350036621093,74.28958362923034,53896147,0.022931016817949068,0.02267205245531469,0.01132878166000495,0.002672683995033509,-0.006109696890411187,0.019870147669719174,0,10
2021-10-05,78.93000030517578,79.4800033569336,77.47000122070312,77.58000183105469,449617,74.14925445947225,2.1071534230013214,2.0764373131627893,1.0288591941053677,72.93250045776367,75.00349388706809,54345764,0.01687706148208612,0.01673622626098354,0.022931016817949068,0.01132878166000495,0.002672683995033509,-0.0021205571794071787,1,10
2021-10-06,77.43000030517578,79.77999877929688,76.83000183105469,79.04000091552734,459055,66.31150829415103,2.1446354478132434,2.138834429954175,0.8566330510810923,73.33900032043456,75.37680256677697,53886709,-0.01900418084632438,-0.01918708124677745,0.01687706148208612,0.022931016817949068,0.01132878166000495,-0.006109696890411187,2,10
2021-10-07,78.30000305175781,78.88999938964844,74.95999908447266,77.0,545008,68.3979835935063,2.2189633450677206,2.2667748496128612,0.8974558745746674,73.84700050354004,75.82652571831248,54431717,0.011235990483702496,0.011173335632008194,-0.01900418084632438,0.01687706148208612,0.022931016817949068,0.002672683995033509,3,10
2021-10-08,79.3499984741211,80.11000061035156,78.62999725341797,78.86000061035156,662010,70.75235035336573,2.335670439628629,2.2341479002543534,0.9363789070395518,74.32850036621093,76.36859844997535,55093727,0.013409902700376897,0.013320785770737873,0.011235990483702496,-0.01900418084632438,0.01687706148208612,0.01132878166000495,4,10
2021-10-11,80.5199966430664,82.18000030517578,79.55000305175781,79.58999633789062,653756,73.15253710339279,2.4938234822958805,2.27670889531152,0.9691494209578144,74.83200035095214,77.00727509506628,55747483,0.014744778720152008,0.01463713133821937,0.013409902700376897,0.011235990483702496,-0.01900418084632438,0.022931016817949068,0,10
2021-10-12,80.63999938964844,81.62000274658203,79.47000122070312,80.5,598181,73.39371031401198,2.598885789158004,2.2676583689234766,0.9262556137576434,75.34100036621093,77.56615575577122,56345664,0.0014903471384131173,0.0014892376733052664,0.014744778720152008,0.013409902700376897,0.011235990483702496,0.01687706148208612,1,10
2021-10-13,80.44000244140625,81.04000091552734,79.41999816894531,80.58000183105469,487220,72.22916794970378,2.635628457761058,2.221397253041945,0.8643612935258261,75.73250045776368,78.00828601509969,55858444,-0.0024801209047115025,-0.0024832014991143163,0.0014903471384131173,0.014744778720152008,0.013409902700376897,-0.01900418084632438,2,10
2021-10-14,81.30999755859375,81.68000030517578,80.37999725341797,80.58999633789062,399813,74.15060006102051,2.70378111678113,2.1555833815216494,0.8822574805628722,76.16750030517578,78.5162416371757,56258257,0.01081545363976355,0.01075738493874133,-0.0024801209047115025,0.0014903471384131173,0.014744778720152008,0.011235990483702496,3,10
2021-10-15,82.27999877929688,82.66000366210938,81.38999938964844,81.4800033569336,277953,76.13334924377608,2.803743769040622,2.098042147378362,0.9033770570389413,76.68300018310546,79.09528119750203,56536210,0.01192966732048073,0.011859069754950442,0.01081545363976355,-0.0024801209047115025,0.0014903471384131173,0.013409902700376897,4,10
2021-10-18,82.44000244140625,83.87000274658203,81.83999633789062,82.5999984741211,134098,76.45417815146214,2.862874415292069,2.093182451757865,0.8833544660011357,77.29050025939941,79.60985369656422,56670308,0.0019446240214291421,0.0019427356878064283,0.01192966732048073,0.01081545363976355,-0.0024801209047115025,0.014744778720152008,0,10
2021-10-19,82.95999908447266,83.73999786376953,81.80000305175781,82.37000274658203,82607,77.51217591684374,2.918057708921239,2.082240477490283,0.8945847805867523,77.91050033569336,80.12526067931935,56752915,0.006307576754816191,0.006287767248904859,0.0019446240214291421,0.01192966732048073,0.01081545363976355,0.0014903471384131173,1,10
2021-10-20,83.87000274658203,84.25,81.30000305175781,83.33999633789062,530693,79.26784487256975,3.0006311489537154,2.1442230825439905,0.9238835148979613,78.49250030517578,80.7013748435136,57283608,0.010969186019189614,0.010909460858902913,0.006307576754816191,0.0019446240214291421,0.01192966732048073,-0.0024801209047115025,2,10
2021-10-21,82.5,83.95999908447266,80.79000091552734,83.58000183105469,567503,70.36161363871918,2.921842244420432,2.2174927315726563,0.7907841729659598,78.95250015258789,80.97808640604997,56716105,-0.016334836076273618,-0.01646972040377106,0.010969186019189614,0.006307576754816191,0.0019446240214291421,0.01081545363976355,3,10
2021-10-22,83.76000213623047,84.22000122070312,81.76000213623047,82.61000061035156,465355,73.3295942876202,2.9273286891216372,2.2348146139226563,0.8602286700592268,79.44150009155274,81.40607344146235,57181460,0.015272753166429842,0.01515729872582991,-0.016334836076273618,0.010969186019189614,0.006307576754816191,0.01192966732048073,4,10
2021-10-25,83.76000213623047,85.41000366210938,83.38999938964844,83.9800033569336,568725,73.3295942876202,2.898267314581304,2.2194710181039623,0.8262381059784554,79.85700035095215,81.76821631758052,57750185,0.0,0.0,0.015272753166429842,-0.016334836076273618,0.010969186019189614,0.0019446240214291421,0,10
2021-10-26,84.6500015258789,84.87999725341797,82.97000122070312,83.72000122070312,467716,75.35160283578568,2.9134668463569255,2.1973656620047395,0.8638219545069238,80.32500038146972,82.21156788808797,58217901,0.010625589385741652,0.010569534538418943,0.0,0.015272753166429842,-0.016334836076273618,0.006307576754816191,1,10
2021-10-27,82.66000366210938,84.51000213623047,82.01000213623047,84.38999938964844,529952,63.71915853466294,2.7334271417054197,2.228982356836432,0.6781078900195666,80.71650047302246,82.2805580071682,57687949,-0.023508539018291197,-0.02378927321801602,0.010625589385741652,0.0,0.015272753166429842,0.010969186019189614,2,10
2021-10-28,82.80999755859375,83.20999908447266,80.58000183105469,82.25,491585,64.16816561500983,2.5731855512654533,2.2576262780208274,0.6755381394366606,81.10550041198731,82.36201024584905,58179534,0.001814588553582741,0.001812944176717788,-0.023508539018291197,0.010625589385741652,0.0,-0.016334836076273618,3,10
2021-10-29,83.56999969482422,83.73999786376953,81.41000366210938,83.08999633789062,507309,66.43484651395056,2.4789430448221594,2.2627954154236365,0.7402811722417364,81.49000053405761,82.54785477646061,58686843,0.009177661618607225,0.009135802798020112,0.001814588553582741,-0.023508539018291197,0.010625589385741652,0.015272753166429842,4,10
2021-11-01,84.05000305175781,84.87999725341797,82.73999786376953,83.36000061035156,412309,67.81946078833744,2.415147126141079,2.254024270725408,0.7744141773895699,81.8115005493164,82.77895451112171,59099152,0.005743728116386793,0.005727295801855394,0.009177661618607225,0.001814588553582741,-0.023508539018291197,0.0,0,11
2021-11-02,83.91000366210938,84.41000366210938,82.91999816894531,83.87000274658203,429608,66.95195973302889,2.326473482118246,2.1994515008995976,0.7340740297239018,82.06050071716308,82.95296207281213,58669544,-0.0016656678710912365,-0.0016670566381836963,0.005743728116386793,0.009177661618607225,0.001814588553582741,0.010625589385741652,1,11
2021-11-03,80.86000061035156,83.08000183105469,79.69000244140625,83.06999969482422,546577,51.49731351486218,1.9871822243291462,2.343776480885564,0.29762295440697495,82.23200073242188,82.63096800166434,58122967,-0.036348503380355335,-0.03702556776440232,-0.0016656678710912365,0.005743728116386793,0.009177661618607225,-0.023508539018291197,2,11
2021-11-04,78.80999755859375,83.41999816894531,78.25,80.18000030517578,701119,44.12477289028234,1.5351767820541085,2.5456494586041174,-0.026046371102375326,82.25750045776367,82.04312639503809,57421848,-0.025352498593666506,-0.02567941037369944,-0.036348503380355335,-0.0016656678710912365,0.005743728116386793,0.001814588553582741,3,11
2021-11-05,81.2699966430664,81.80000305175781,78.95999908447266,79.37000274658203,531054,52.84835021279317,1.3597858151349698,2.577389175358399,0.32143731565041056,82.35350036621094,81.9241833562732,57952902,0.031214302254529258,0.030737042071998292,-0.025352498593666506,-0.036348503380355335,-0.0016656678710912365,0.009177661618607225,4,11
2021-11-08,81.93000030517578,82.66999816894531,81.05000305175781,81.12999725341797,393953,54.883546717015825,1.2595249700516717,2.5090038854890495,0.4155205735399303,82.4240005493164,81.92507827148899,58346855,0.008121123284993814,0.008088324419384512,0.031214302254529258,-0.025352498593666506,-0.036348503380355335,0.005743728116386793,0,11
2021-11-09,84.1500015258789,84.62999725341797,81.77999877929688,82.16000366210938,504832,60.98377701742215,1.3437135794578694,2.53336064181991,0.7677318350111921,82.59950065612793,82.26737415677974,58851687,0.02709631651939448,0.026735710891100963,0.008121123284993814,0.031214302254529258,-0.025352498593666506,-0.0016656678710912365,1,11
2021-11-10,81.33999633789062,84.97000122070312,80.80999755859375,84.52999877929688,555215,51.49306833950114,1.170200382891494,2.6495494289834434,0.26587200795607396,82.64450035095214,82.12470064618142,58296472,-0.03339281208597611,-0.03396308331282692,0.02709631651939448,0.008121123284993814,0.031214302254529258,-0.036348503380355335,2,11
2021-11-11,81.58999633789062,82.33000183105469,80.19999694824219,81.41000366210938,475436,52.20572083488973,1.0408643983122232,2.6124391042569473,0.3065440323213694,82.65850028991699,82.04243844490591,58771908,0.00307351870242889,0.003068805099583119,-0.03339281208597611,0.02709631651939448,0.008121123284993814,-0.025352498593666506,3,11
2021-11-12,80.79000091552734,81.62000274658203,79.77999877929688,81.20999908447266,390304,49.689929794811654,0.8638537852674375,2.557265165901819,0.18815713806419063,82.58400039672851,81.84975574807844,58381604,-0.009805067511588605,-0.009853453732612356,0.00307351870242889,-0.03339281208597611,0.02709631651939448,0.031214302254529258,4,11
2021-11-15,80.87999725341797,81.19999694824219,79.30000305175781,80.66000366210938,343484,49.981944881327145,0.7225049639926766,2.510317218086287,0.22634425606251876,82.5060001373291,81.70056213351529,58725088,0.0011139539159645828,0.0011133339296825187,-0.009805067511588605,0.00307351870242889,-0.03339281208597611,0.008121123284993814,0,11
2021-11-16,80.76000213623047,81.80999755859375,80.02999877929688,80.93000030517578,325668,49.56881904315635,0.5939556506371559,2.4581516153156144,0.23243237015204662,82.396000289917,81.55586059547147,58399420,-0.0014836192045299956,-0.0014847208572589398,0.0011139539159645828,-0.009805067511588605,0.00307351870242889,0.02709631651939448,1,11
2021-11-17,78.36000061035156,80.69000244140625,77.69000244140625,80.54000091552734,174471,42.0775956296594,0.2950185381017718,2.501855049566229,-0.0458376406180151,82.12050018310546,81.06418982852995,58224949,-0.02971770012871533,-0.0301682190308167,-0.0014836192045299956,0.0011139539159645828,-0.009805067511588605,-0.03339281208597611,2,11
2021-11-18,79.01000213623047,79.36000061035156,77.08000183105469,78.33999633789062,83984,44.52296765734772,0.1092984886002597,2.486008173118418,0.10266883362161625,81.946000289917,80.74816095279157,58308933,0.00829506790219492,0.00826085290670058,-0.02971770012871533,-0.0014836192045299956,0.0011139539159645828,0.00307351870242889,3,11
2021-11-19,76.0999984741211,79.91999816894531,75.37000274658203,78.76000213623047,623448,36.99316360440686,-0.2695912837825887,2.633435833778765,-0.12271726651823595,81.56300010681153,80.0330590329961,57685485,-0.03683082626794387,-0.037526208955442356,0.00829506790219492,-0.02971770012871533,-0.0014836192045299956,-0.009805067511588605,4,11
2021-11-22,76.75,77.16000366210938,74.76000213623047,75.75,465768,39.45622147631577,-0.5115180061345654,2.616761954643061,0.028740432447210345,81.2125,79.52797302791978,58151253,0.008541413126308406,0.008505141650637774,-0.03683082626794387,0.00829506790219492,-0.02971770012871533,0.0011139539159645828,0,11
2021-11-23,78.5,78.86000061035156,75.30000305175781,76.45999908447266,506987,45.619840348967486,-0.5556313298446867,2.6841359263538247,0.23850632427574084,80.90499992370606,79.36982333131674,58658240,0.0228013029315961,0.022545238321056222,0.008541413126308406,-0.03683082626794387,0.00829506790219492,-0.0014836192045299956,1,11
2021-11-24,78.38999938964844,79.2300033569336,77.9800033569336,78.4800033569336,328848,45.30760712731968,-0.5926360471972458,2.58169764589998,0.25247624260201795,80.69149971008301,79.2190811864447,58329392,-0.001401281660529441,-0.0014022643738215343,0.0228013029315961,0.008541413126308406,-0.03683082626794387,-0.02971770012871533,2,11
2021-11-26,68.1500015258789,78.6500015258789,67.4000015258789,78.33999633789062,844630,26.870556089972666,-1.431740586424354,3.2008620997642674,-0.3347804823322177,79.95849990844727,77.51614585404995,57484762,-0.1306288805140844,-0.1399851798819939,-0.001401281660529441,0.0228013029315961,0.008541413126308406,0.00829506790219492,4,11
2021-11-29,69.94999694824219,72.93000030517578,68.86000061035156,69.2300033569336,675090,32.10101541830487,-1.9292531622522375,3.3136575768737395,-0.07583704167143675,79.27749977111816,76.35212294546415,58159852,0.026412257990629184,0.026069476951239148,-0.1306288805140844,-0.001401281660529441,0.0228013029315961,-0.03683082626794387,0,11
2021-11-30,66.18000030517578,71.22000122070312,64.43000030517578,70.04000091552734,722475,27.641714485160918,-2.5977968993163927,3.561967815348997,-0.13564117359218417,78.38399963378906,74.7871810008044,57437377,-0.05389559410354117,-0.05540235037902108,0.026412257990629184,-0.1306288805140844,-0.001401281660529441,0.008541413126308406,1,11
2021-12-01,65.56999969482422,69.48999786376953,64.83999633789062,67.01000213623047,602447,26.98843399859831,-3.140641221781422,3.639684508958276,-0.0534407421054424,77.46699943542481,73.36915310757666,56834930,-0.009217295369275735,-0.009260037483435552,-0.05389559410354117,0.026412257990629184,-0.1306288805140844,0.0228013029315961,2,12
2021-12-02,66.5,67.48999786376953,62.43000030517578,65.62999725341797,668293,29.715718374026622,-3.4559677609433237,3.7411354410750954,0.059303332328208065,76.74899940490722,72.31236032179564,57503223,0.014183320260853893,0.014083678040478737,-0.009217295369275735,-0.05389559410354117,0.026412257990629184,-0.001401281660529441,3,12
2021-12-03,66.26000213623047,69.22000122070312,65.5999984741211,67.5,449974,29.410402978314423,-3.6827793490097065,3.7324831057541625,0.10368902028948628,76.12149963378906,71.38122829324715,57053249,-0.003608990432624526,-0.003615518549937394,0.014183320260853893,-0.009217295369275735,-0.05389559410354117,-0.1306288805140844,4,12
2021-12-06,69.48999786376953,70.1500015258789,66.72000122070312,67.0199966430664,401060,38.559834347589906,-3.5608482634003735,3.743734268889468,0.25880115084305777,75.53249969482422,71.0902697656352,57454309,0.04874729283736201,0.04759639747281211,-0.003608990432624526,0.014183320260853893,-0.009217295369275735,0.026412257990629184,0,12
2021-12-07,72.05000305175781,73.02999877929688,69.5199966430664,69.72000122070312,496528,44.67994894633135,-3.2205218051102236,3.729181886506459,0.378061721136911,75.03849983215332,71.23792104042329,57950837,0.03683990886007793,0.03617753821695816,0.04874729283736201,-0.003608990432624526,0.014183320260853893,-0.05389559410354117,1,12
2021-12-08,72.36000061035156,73.0,70.91000366210938,71.86000061035156,464846,45.38934162211881,-2.8924540133983783,3.612097204462471,0.4096356313141528,74.44899978637696,71.4105486665661,58415683,0.004302533594218838,0.004293304160383434,0.03683990886007793,0.04874729283736201,-0.003608990432624526,-0.009217295369275735,2,12
2021-12-09,70.94000244140625,73.33999633789062,70.38999938964844,72.5199966430664,393205,42.688908812162715,-2.71573461156396,3.5648043290181652,0.36658847935309913,73.92900009155274,71.33815693961843,58022478,-0.019624076243335065,-0.019819185201462836,0.004302533594218838,0.03683990886007793,0.04874729283736201,0.014183320260853893,3,12
2021-12-10,71.66999816894531,72.33000183105469,70.31999969482422,70.68000030517578,397883,44.51642464908443,-2.4880974197639034,3.4537470295333295,0.4173626452610277,73.43300018310546,71.38920943643795,58420361,0.010290325661350463,0.010237740696853731,-0.019624076243335065,0.004302533594218838,0.03683990886007793,-0.003608990432624526,4,12
2021-12-13,71.29000091552734,73.0,70.70999908447266,72.04000091552734,406604,43.734629898327015,-2.311707977232956,3.3706223071043304,0.4178147729603201,72.95800018310547,71.37394658706708,58013757,-0.005302040785911788,-0.005316146485581692,0.010290325661350463,-0.019624076243335065,0.004302533594218838,0.04874729283736201,0,12
2021-12-14,70.7300033569336,72.02999877929688,69.51000213623047,71.12000274658203,359454,42.548726273181074,-2.191839040012681,3.3098633311016212,0.4095171233721208,72.45050048828125,71.27487839781577,57654303,-0.007855204816974215,-0.007886219462695144,-0.005302040785911788,0.010290325661350463,-0.019624076243335065,0.03683990886007793,1,12
2021-12-15,70.87000274658203,71.66000366210938,69.38999938964844,70.3499984741211,294337,42.96510571048717,-2.0617783653523247,3.235587684055858,0.4377550260283071,71.95600051879883,71.2125898360875,57948640,0.0019793493991784317,0.0019773930682393704,-0.007855204816974215,-0.005302040785911788,0.010290325661350463,0.004302533594218838,2,12
2021-12-16,72.37999725341797,72.98999786376953,71.02999877929688,71.4800033569336,142541,47.39365656890435,-1.8159275243710908,3.1559025007081183,0.5439751413232476,71.65700035095215,71.39219097721526,58091181,0.021306539414643444,0.02108272861151917,0.0019793493991784317,-0.007855204816974215,-0.005302040785911788,-0.019624076243335065,3,12
2021-12-17,70.86000061035156,72.26000213623047,69.88999938964844,71.91999816894531,78125,43.71410783233174,-1.7238683068170673,3.1083378837839333,0.4740279089689165,71.2495002746582,71.31031553615931,58013056,-0.021000230737016623,-0.02122387213808613,0.021306539414643444,0.0019793493991784317,-0.007855204816974215,0.010290325661350463,4,12
2021-12-20,68.2300033569336,70.06999969482422,66.04000091552734,70.06999969482422,492217,38.18934208425181,-1.84189726704804,3.230599441715382,0.31917612627222497,70.85600051879882,70.83642135473997,57520839,-0.03711539981321654,-0.03782170802322218,-0.021000230737016623,0.021306539414643444,0.0019793493991784317,-0.005302040785911788,0,12
2021-12-21,71.12000274658203,71.55000305175781,68.55999755859375,69.20999908447266,358779,46.231092676242504,-1.682838555039993,3.236985174080299,0.5404467866670979,70.57450065612792,70.8800492611772,57879618,0.04235672354477105,0.041484229797041916,-0.03711539981321654,-0.021000230737016623,0.021306539414643444,-0.007855204816974215,1,12
2021-12-22,72.76000213623047,73.16000366210938,70.80000305175781,71.2699966430664,306709,50.19134338833254,-1.408216096542759,3.1743434195282463,0.7134728670421557,70.28750076293946,71.16927278041616,58186327,0.023059608075271854,0.02279775318524723,0.04235672354477105,-0.03711539981321654,-0.021000230737016623,0.0019793493991784317,2,12
2021-12-23,73.79000091552734,73.94999694824219,72.2699966430664,73.02999877929688,270223,52.55487166482824,-1.0948428592401314,3.0676046256459273,0.8921431045712008,70.0575008392334,71.57246172427942,58456550,0.014156112548875166,0.01405685046759793,0.023059608075271854,0.04235672354477105,-0.03711539981321654,0.021306539414643444,3,12
2021-12-27,75.56999969482422,76.08999633789062,72.56999969482422,73.37999725341797,268490,56.40487885495179,-0.6948514703070856,3.0999183411759614,0.9906838772579575,70.42850074768066,72.1874675659017,58725040,0.02412249298295266,0.02383614151683341,0.014156112548875166,0.023059608075271854,0.04235672354477105,-0.021000230737016623,0,12
2021-12-28,75.9800033569336,76.91999816894531,75.52999877929688,75.97000122070312,249728,57.26509069549321,-0.34084252336441523,2.9777812732097098,0.9555566378911265,70.73000106811523,72.77093461067584,58974768,0.005425481854771652,0.005410816946974785,0.02412249298295266,0.014156112548875166,0.023059608075271854,-0.03711539981321654,1,12
2021-12-29,76.55999755859375,77.37000274658203,75.36000061035156,76.04000091552734,283557,58.512211187724866,-0.013333497298390284,2.9086541919969067,0.950261761685428,71.24900093078614,73.35386737189398,59258325,0.00763351113496924,0.007604523314617708,0.005425481854771652,0.02412249298295266,0.014156112548875166,0.04235672354477105,2,12
2021-12-30,76.98999786376953,77.44000244140625,75.77999877929688,76.58000183105469,231163,59.45686514905551,0.27771586082774036,2.8194648684335113,0.9458217775007769,71.8200008392334,73.91327206295176,59489488,0.0056165140920581,0.005600800287199458,0.00763351113496924,0.005425481854771652,0.02412249298295266,0.023059608075271854,3,12
2021-12-31,75.20999908447266,77.08000183105469,74.94999694824219,76.66000366210938,237118,53.97783664191715,0.3605869269846238,2.770217726603439,0.7719867466412291,72.25550079345703,74.11276852780114,59252370,-0.023119870485598715,-0.023391326877736814,0.0056165140920581,0.00763351113496924,0.005425481854771652,0.014156112548875166,4,12
2022-01-03,76.08000183105469,76.45999908447266,74.2699966430664,75.69000244140625,317628,56.10687579972356,0.49080707624244724,2.7287737776607828,0.8383181981522764,72.74650077819824,74.41541980522476,59569998,0.011567647349721266,0.01150125363926067,-0.023119870485598715,0.0056165140920581,0.00763351113496924,0.02412249298295266,0,1
2022-01-04,76.98999786376953,77.63999938964844,75.69999694824219,76.0199966430664,372848,58.28085591763529,0.6598304427864718,2.6724329679283163,0.8853945200300615,73.12150077819824,74.81150873730857,59942846,0.011961041151597351,0.011890073238476307,0.011567647349721266,-0.023119870485598715,0.0056165140920581,0.005425481854771652,1,1
2022-01-05,77.8499984741211,78.58000183105469,76.51000213623047,77.18000030517578,397898,60.28293033651765,0.8533407593628226,2.629402019849452,0.9114317922528548,73.4115005493164,75.27896869681818,60340744,0.011170290092400004,0.011108363136662809,0.011961041151597351,0.011567647349721266,-0.023119870485598715,0.00763351113496924,2,1
2022-01-06,79.45999908447266,80.23999786376953,76.7300033569336,77.23999786376953,476665,63.78662162795057,1.1236598223567995,2.6923014832056293,0.9765376635832074,73.76650047302246,75.92220414107271,60817409,0.020680804648785633,0.02046986018482409,0.011170290092400004,0.011961041151597351,0.011567647349721266,0.0056165140920581,3,1
2022-01-07,78.9000015258789,80.47000122070312,78.5199966430664,79.62000274658203,414434,61.74627400125489,1.277970851967325,2.639280275664993,0.8804842402491153,74.1645004272461,76.38032681565828,60402975,-0.007047540461187607,-0.007072491673356959,0.020680804648785633,0.011170290092400004,0.011961041151597351,-0.023119870485598715,4,1
2022-01-10,78.2300033569336,79.44999694824219,77.83000183105469,78.87999725341797,389956,59.30218278147742,1.3308588890173354,2.566474192916601,0.7941677260895335,74.49250068664551,76.66489243739294,60013019,-0.008491738352191969,-0.008527998583165617,-0.007047540461187607,0.020680804648785633,0.011170290092400004,0.011567647349721266,0,1
2022-01-11,81.22000122070312,81.58999633789062,78.36000061035156,78.41999816894531,481815,65.8068830871589,1.5956472503228412,2.62315410634806,0.9575139089531697,74.9890007019043,77.36567840405604,60494834,0.038220602524166036,0.037508288679673644,-0.008491738352191969,-0.007047540461187607,0.020680804648785633,0.011961041151597351,1,1
2022-01-12,82.63999938964844,83.0999984741211,81.16999816894531,81.37999725341797,420619,68.39075998407577,1.8981947121125557,2.5736431205500403,0.9844259720888229,75.58450050354004,78.17711240183948,60915453,0.017483355671057854,0.01733228013797603,0.038220602524166036,-0.008491738352191969,-0.007047540461187607,0.011170290092400004,2,1
2022-01-13,82.12000274658203,82.94000244140625,81.38999938964844,82.81999969482422,364769,66.41162828406004,2.072120259513895,2.5005259727791667,0.8995736519279437,76.14700050354004,78.78371091641526,60550684,-0.006292311797034489,-0.006312191829025816,0.017483355671057854,0.038220602524166036,-0.008491738352191969,0.020680804648785633,3,1
2022-01-14,83.81999969482422,84.44999694824219,81.58000183105469,81.7300033569336,364442,69.51734825526249,2.3203851001067335,2.5269166259511904,0.9455838903617488,76.71900062561035,79.55852457463202,60915126,0.02070137471242295,0.02049001325938894,-0.006292311797034489,0.017483355671057854,0.038220602524166036,-0.007047540461187607,4,1
2022-01-18,85.43000030517578,86.62999725341797,83.5,84.31999969482422,163643,72.1442884345025,2.616884552677817,2.5699938136273888,0.9781396851664438,77.44750061035157,80.46182853317721,61078769,0.01920783364606682,0.01902569187968059,0.02070137471242295,-0.006292311797034489,0.017483355671057854,-0.008491738352191969,1,1
2022-01-19,86.95999908447266,87.91000366210938,85.7699966430664,86.61000061035156,113153,74.40192711356602,2.941413832069969,2.563565923863546,1.0227830742788273,78.38400039672851,81.46154707953035,61191922,0.017909385155464808,0.017750901549051262,0.01920783364606682,0.02070137471242295,-0.006292311797034489,0.038220602524166036,2,1
2022-01-20,86.9000015258789,87.81999969482422,86.0,86.2300033569336,532202,74.14814113405895,3.1573681479216447,2.5104540503607375,0.9659956865017514,79.17300033569336,82.29823237896859,60659720,-0.0006899443333189259,-0.0006901824544436454,0.017909385155464808,0.01920783364606682,0.02070137471242295,0.017483355671057854,3,1
2022-01-21,85.13999938964844,85.55999755859375,82.77999877929688,84.56999969482422,509103,66.93535114903332,3.150182690522996,2.625421814376544,0.8288943771831399,79.79200019836426,82.73542730368857,60150617,-0.02025318878396498,-0.020461096599159925,-0.0006899443333189259,0.017909385155464808,0.01920783364606682,-0.006292311797034489,4,1
2022-01-24,83.30999755859375,86.08999633789062,81.9000015258789,84.91000366210938,511695,60.36059644660891,2.962670488767273,2.7371770284933423,0.6956029083029972,80.26800003051758,82.82382272752012,59638922,-0.0214940315265868,-0.021728392549470024,-0.02025318878396498,-0.0006899443333189259,0.017909385155464808,0.02070137471242295,0,1
2022-01-25,85.5999984741211,85.70999908447266,82.98999786376953,84.1500015258789,507219,64.99433150871549,2.964674728644411,2.7359501850797554,0.8099245421716205,80.76949996948242,83.25092668853566,60146141,0.027487708349970053,0.027116704640271064,-0.0214940315265868,-0.02025318878396498,-0.0006899443333189259,0.01920783364606682,1,1
2022-01-26,87.3499984741211,87.94999694824219,85.01000213623047,85.26000213623047,459642,68.06645259808869,3.072060674660463,2.750524801289181,0.877193134653883,81.3379997253418,83.88155311708726,60605783,0.020443925598071955,0.020237753789495192,0.027487708349970053,-0.0214940315265868,-0.02025318878396498,0.017909385155464808,2,1
2022-01-27,86.61000061035156,88.54000091552734,86.19999694824219,87.1500015258789,427804,65.45073078136122,3.0621545557722385,2.721201884574608,0.7992790039515443,81.84049987792969,84.30131426989716,60177979,-0.00847164140465062,-0.008507729721424101,0.020443925598071955,0.027487708349970053,-0.0214940315265868,-0.0006899443333189259,3,1
2022-01-28,86.81999969482422,88.83999633789062,86.44000244140625,87.5,436172,65.8517804128993,3.036249067019753,2.6982584568538774,0.7832091425456779,82.33199996948242,84.68880433527056,60614151,0.0024246516914070426,0.0024217169663282062,-0.00847164140465062,0.020443925598071955,0.027487708349970053,-0.02025318878396498,4,1
2022-01-31,88.1500015258789,88.38999938964844,86.33999633789062,87.44999694824219,359080,68.3570568185755,3.087448627118107,2.6519544993470157,0.8402792743057359,82.97900009155273,85.22129621074876,60973231,0.015319072054016392,0.015202919797499057,0.0024246516914070426,-0.00847164140465062,0.020443925598071955,-0.0214940315265868,0,1
2022-02-01,88.19999694824219,88.87000274658203,86.55000305175781,88.1500015258789,376841,68.45075673764285,3.0963658816615407,2.6282434418811014,0.8193916838384154,83.5849998474121,85.67955786267083,61350072,0.0005671630345758238,0.0005670022584099223,0.015319072054016392,0.0024246516914070426,-0.00847164140465062,0.027487708349970053,1,2
2022-02-02,88.26000213623047,89.72000122070312,87.0999984741211,88.3499984741211,456863,68.57104838738502,3.0728528524207093,2.627654820788311,0.8011527756756068,84.14850006103515,86.07654928937231,61806935,0.0006803309531120405,0.0006800996329194048,0.0005671630345758238,0.015319072054016392,0.0024246516914070426,0.020443925598071955,2,2
2022-02-03,90.2699966430664,90.44999694824219,86.75,87.9800033569336,465771,72.37118758797057,3.1797541394306705,2.7042506870350165,0.9117444675414048,84.76949996948242,86.72169503609447,62272706,0.022773560595811926,0.022518114077128004,0.0006803309531120405,0.0005671630345758238,0.015319072054016392,-0.00847164140465062,3,2
2022-02-04,92.30999755859375,93.16999816894531,90.06999969482422,90.19000244140625,410926,75.59630398103249,3.390007310384462,2.7325183861125937,0.9942385516139011,85.41199989318848,87.58143388570974,62683632,0.02259888103899721,0.0223473094317894,0.022773560595811926,0.0006803309531120405,0.0005671630345758238,0.0024246516914070426,4,2
2022-02-07,91.31999969482422,92.7300033569336,90.7300033569336,91.81999969482422,497754,71.24965547471609,3.4371288277212386,2.6801956442474086,0.8912314078125392,86.03299980163574,88.15659785634274,62185878,-0.010724709023430812,-0.010782633234386996,0.02259888103899721,0.022773560595811926,0.0006803309531120405,0.015319072054016392,0,2
2022-02-08,89.36000061035156,91.68000030517578,88.51000213623047,91.63999938964844,467386,63.46890864385547,3.27852463282521,2.7151815388686873,0.736001627104296,86.58949966430664,88.34173674157486,61718492,-0.021462977343655654,-0.02169665672856624,-0.010724709023430812,0.02259888103899721,0.022773560595811926,0.0005671630345758238,1,2
2022-02-09,89.66000366210938,90.58000183105469,88.41000366210938,89.86000061035156,445618,64.11487144579633,3.140831850265428,2.6762398695884464,0.7423406409957191,87.01149978637696,88.54454703704172,62164110,0.0033572409322819574,0.003351617980497887,-0.021462977343655654,-0.010724709023430812,0.02259888103899721,0.0006803309531120405,2,2
2022-02-10,89.87999725341797,91.73999786376953,89.02999877929688,90.01000213623047,492091,64.6090749466461,3.014709280327068,2.6786512420801754,0.740479014856862,87.37349967956543,88.75000091648423,62656201,0.002453642452856286,0.0024506371871076305,0.0033572409322819574,-0.021462977343655654,-0.010724709023430812,0.022773560595811926,3,2
2022-02-11,93.0999984741211,94.66000366210938,89.19000244140625,90.0,554423,70.92147332641376,3.1384058339604763,2.878033383410386,0.9982741776624593,87.92249946594238,89.41923130996682,63210624,0.035825559847585176,0.035198751134539005,0.002453642452856286,0.0033572409322819574,-0.021462977343655654,0.02259888103899721,4,2
2022-02-14,95.45999908447266,95.81999969482422,92.08999633789062,93.91000366210938,467071,74.50997757763407,3.38781593653367,2.938888381519187,1.0996628902860246,88.5044994354248,90.34858019835232,63677695,0.025349093974556425,0.025033134093715086,0.035825559847585176,0.002453642452856286,0.0033572409322819574,-0.010724709023430812,0,2
2022-02-15,92.06999969482422,95.16999816894531,90.66000366210938,94.83000183105469,442641,62.56593843727261,3.274187821295328,3.0718245987223365,0.777902703974601,88.83649940490723,90.61341396704032,63235054,-0.035512250389282185,-0.03615814800191128,0.025349093974556425,0.035825559847585176,0.002453642452856286,-0.021462977343655654,1,2
2022-02-16,93.66000366210938,95.01000213623047,90.0,92.20999908447266,401453,65.36991042966761,3.274688186276123,3.2102658514014886,0.8672419430220722,89.17149963378907,91.08212007397402,63636507,0.017269512029492784,0.01712208887028263,-0.035512250389282185,0.025349093974556425,0.035825559847585176,0.0033572409322819574,2,2
2022-02-17,91.76000213623047,93.36000061035156,90.62000274658203,90.9000015258789,212552,59.62267964339963,3.086194752942788,3.1981040702676213,0.6917205654914534,89.41449966430665,91.18640962201347,63423955,-0.020286156860866766,-0.020494746753687516,0.017269512029492784,-0.035512250389282185,0.025349093974556425,0.002453642452856286,3,2
2022-02-18,91.06999969482422,92.66000366210938,89.02999877929688,91.62999725341797,150382,57.640734567896594,2.848301472208277,3.2289541283065413,0.6166024410462263,89.71099967956543,91.16850040244589,63273573,-0.0075196428219546085,-0.007548057873018512,-0.020286156860866766,0.017269512029492784,-0.035512250389282185,0.035825559847585176,4,2
2022-02-22,92.3499984741211,96.0,90.3499984741211,91.75,789041,60.278575200856714,2.7315667363948677,3.4018860852759962,0.7130611866958819,90.16299972534179,91.35026933654977,64062614,0.014055109076382521,0.013957251893742095,-0.0075196428219546085,-0.020286156860866766,0.017269512029492784,0.025349093974556425,1,2
2022-02-23,92.0999984741211,93.9000015258789,90.63999938964844,91.73999786376953,440574,59.49923575649158,2.5890359121946602,3.39175151748703,0.6699027402260272,90.4879997253418,91.4656122807915,63622040,-0.0027070926272950713,-0.002710763428837968,0.014055109076382521,-0.0075196428219546085,-0.020286156860866766,-0.035512250389282185,2,2
2022-02-24,92.80999755859375,100.54000091552734,91.44999694824219,92.5199966430664,872244,61.03982561514853,2.5044998838795607,3.7987695496154674,0.7219044873910678,90.76099967956543,91.67244078506877,64494284,0.007709002130680265,0.00767943960824961,-0.0027070926272950713,0.014055109076382521,-0.0075196428219546085,0.017269512029492784,3,2
2022-02-25,91.58999633789062,95.63999938964844,90.05999755859375,93.31999969482422,523793,57.02578080285201,2.312404608945485,3.926000426861126,0.5688163816439022,91.00999946594239,91.65975702396443,63970491,-0.01314514872099748,-0.013232310870708412,0.007709002130680265,-0.0027070926272950713,0.014055109076382521,-0.020286156860866766,4,2
2022-02-28,95.72000122070312,99.0999984741211,94.43000030517578,94.98999786376953,490796,65.3361560836154,2.4650095026095897,4.1820005489589365,1.004149159517021,91.45499954223632,92.28440997730885,64461287,0.045092314094830055,0.044105220361855504,-0.01314514872099748,0.007709002130680265,-0.0027070926272950713,-0.0075196428219546085,0,2
2022-03-01,103.41000366210938,106.77999877929688,95.31999969482422,96.08999633789062,698814,75.02189445424793,3.169927953055648,4.701857587209917,1.3638603419003161,92.21799964904785,93.99603977497048,65160101,0.08033851173565365,0.07727442881735072,0.045092314094830055,-0.01314514872099748,0.007709002130680265,0.014055109076382521,1,3
2022-03-02,110.5999984741211,112.51000213623047,105.18000030517578,107.12000274658203,651853,80.50637404340102,4.25965079293249,5.016010507703571,1.3575595148420843,93.3379997253418,96.5504949594552,65811954,0.06952900645381388,0.06721837068148417,0.08033851173565365,0.045092314094830055,-0.01314514872099748,-0.0027070926272950713,2,3
2022-03-03,107.66999816894531,116.56999969482422,106.43000030517578,111.33000183105469,592031,73.43055807551374,4.831147001620465,5.382009713556776,1.0783107168423811,94.30849952697754,98.26118776091522,65219923,-0.02649186569257833,-0.026849098470408818,0.06952900645381388,0.08033851173565365,0.045092314094830055,0.007709002130680265,3,3
2022-03-04,115.68000030517578,116.0199966430664,107.25,107.95999908447266,493875,78.89235644617028,5.862819164575342,5.624008779950322,1.1853069909725578,95.57899971008301,100.94100507541684,65713798,0.07439400271616936,0.0717567842271057,-0.02649186569257833,0.06952900645381388,0.08033851173565365,-0.01314514872099748,4,3
2022-03-07,119.4000015258789,130.5,115.54000091552734,121.33000183105469,576022,80.86018024491894,6.901048800854483,6.290865230273346,1.1288481151174188,96.93349990844726,103.78085068318023,66289820,0.0321576868161253,0.03165145268949915,0.07439400271616936,-0.02649186569257833,0.06952900645381388,0.045092314094830055,0,3
2022-03-08,123.69999694824219,129.44000244140625,117.06999969482422,120.66999816894531,583106,82.85043701046942,7.97885172563943,6.7250893385811095,1.0956536242486141,98.55249977111816,106.84533472395898,66872926,0.03601336153610757,0.03538004098974776,0.0321576868161253,0.07439400271616936,-0.02649186569257833,0.08033851173565365,1,3
2022-03-09,108.69999694824219,126.83999633789062,103.62999725341797,124.66000366210938,594773,59.57710325177242,7.535775934794131,7.902582891859077,0.7174642415419487,99.51949958801269,107.1306673738487,66278153,-0.12126111859385258,-0.12926748867569027,0.03601336153610757,0.0321576868161253,0.07439400271616936,0.06952900645381388,2,3
2022-03-10,106.0199966430664,114.87999725341797,105.52999877929688,110.41000366210938,437924,56.522108847960396,6.888969795858074,8.005969719163506,0.6367181340920316,100.33749923706054,106.95979495372833,65840229,-0.024655017299143767,-0.024964042155665663,-0.12126111859385258,0.03601336153610757,0.0321576868161253,-0.02649186569257833,3,3
2022-03-11,109.33000183105469,110.29000091552734,104.4800033569336,105.98999786376953,368194,59.29813683428496,6.567752069000036,7.849114564837095,0.6951110621511977,101.30999946594238,107.3244421656247,66208423,0.03122057435194936,0.030743124297906384,-0.024655017299143767,-0.12126111859385258,0.03601336153610757,0.07439400271616936,4,3
2022-03-14,103.01000213623047,109.72000122070312,99.76000213623047,109.41999816894531,344184,52.41643411141115,5.737080061544091,7.999892030525349,0.529797029789447,101.80549964904785,106.66068216110251,65864239,-0.05780663668688468,-0.05954475656066523,0.03122057435194936,-0.024655017299143767,-0.12126111859385258,0.0321576868161253,0,3
2022-03-15,96.44000244140625,102.58000183105469,93.52999877929688,102.27999877929688,401690,46.389363873304625,4.496786290171883,8.105614268125938,0.3656764693256929,101.85449981689453,105.08826989653386,65462549,-0.06378021122779332,-0.06590501300543337,-0.05780663668688468,0.03122057435194936,-0.024655017299143767,0.03601336153610757,1,3
2022-03-16,95.04000091552734,99.22000122070312,94.06999969482422,95.2300033569336,293947,45.19676612561737,3.3621196946942433,7.8944990722511506,0.32510621985941723,102.00299987792968,103.5423823609944,65168602,-0.014516813463681721,-0.014623213380848012,-0.06378021122779332,-0.05780663668688468,0.03122057435194936,-0.12126111859385258,2,3
2022-03-17,102.9800033569336,104.23999786376953,94.8499984741211,95.33999633789062,210763,52.63411322577478,3.068211648609477,8.001320523493813,0.5130783502627739,102.4689998626709,103.45586251421581,65379365,0.08354379592718453,0.08023696196850406,-0.014516813463681721,-0.06378021122779332,-0.05780663668688468,-0.024655017299143767,3,3
2022-03-18,104.69999694824219,106.27999877929688,102.30000305175781,103.62000274658203,74247,54.08767023989123,2.9401839029937804,7.714083038068474,0.541855562965777,103.11599960327149,103.64726781175833,65453612,0.01670220950903456,0.016564261512938844,0.08354379592718453,-0.014516813463681721,-0.06378021122779332,0.03122057435194936,4,3
2022-03-21,112.12000274658203,112.69000244140625,104.08000183105469,105.12999725341797,77217,59.816619406388426,3.3982801898804667,7.778077150374409,0.7153586343720489,104.16849975585937,104.9507654940389,65530829,0.07086920739842895,0.06847066206454293,0.01670220950903456,0.08354379592718453,-0.014516813463681721,-0.05780663668688468,0,3
2022-03-22,111.76000213623047,115.01000213623047,109.30000305175781,112.9000015258789,318629,59.42915760985759,3.68974269997868,7.630357288524283,0.6848794302322972,105.13899993896484,105.99834036206838,65212200,-0.0032108508877336517,-0.00321601673024245,0.07086920739842895,0.01670220950903456,0.08354379592718453,-0.06378021122779332,1,3
2022-03-23,114.93000030517578,115.4000015258789,108.37999725341797,108.8499984741211,289182,61.77701686668976,4.12892551538485,7.5867606445197575,0.7494435438013175,106.28050003051757,107.37244189177721,65501382,0.028364335257270445,0.02796951597283389,-0.0032108508877336517,0.07086920739842895,0.01670220950903456,-0.014516813463681721,2,3
2022-03-24,112.33999633789062,116.63999938964844,110.61000061035156,114.47000122070312,307238,58.78377633296743,4.2193513304594035,7.475563368432409,0.6552958379610581,107.25699996948242,108.13668103733312,65194144,-0.022535490824048265,-0.02279329553014544,0.028364335257270445,-0.0032108508877336517,0.07086920739842895,0.08354379592718453,3,3
2022-03-25,113.9000015258789,114.12000274658203,108.68000030517578,111.75,320304,60.03967330006963,4.366558849226749,7.330166159359112,0.6852456374694922,108.37250022888183,109.02334572787863,65514448,0.01388646287023354,0.013790929343950018,-0.022535490824048265,0.028364335257270445,-0.0032108508877336517,0.01670220950903456,4,3
2022-03-28,105.95999908447266,112.93000030517578,102.83000183105469,112.91999816894531,372251,51.44705348265625,3.7987405127730227,7.597297126178048,0.39410827276362126,108.8845001220703,108.55206162889311,65142197,-0.06971029266933082,-0.07225922808623245,0.01388646287023354,-0.022535490824048265,0.028364335257270445,0.07086920739842895,0,3
2022-03-29,104.23999786376953,107.83999633789062,98.44000244140625,103.47000122070312,387200,49.78487557789432,3.173370031987943,7.7260611811999285,0.32957160923612466,108.92599983215332,107.88866720348948,64754997,-0.01623255224202025,-0.01636574344035365,-0.06971029266933082,0.01388646287023354,-0.022535490824048265,-0.0032108508877336517,1,3
2022-03-30,107.81999969482422,108.75,104.55000305175781,105.23999786376953,284544,53.17586138601066,2.9328278351950274,7.496342677987824,0.46479388171684166,108.78699989318848,107.87810297138712,65039541,0.034343840218928,0.0337672548698994,-0.01623255224202025,-0.06971029266933082,0.01388646287023354,0.028364335257270445,2,3
2022-03-31,100.27999877929688,107.80000305175781,99.66000366210938,107.44999694824219,450845,46.11290189226636,2.1094647551562957,7.543746489039754,0.21392526187889682,108.41749992370606,106.7091638649117,64588696,-0.06993137578249586,-0.07249690607595803,0.034343840218928,-0.01623255224202025,-0.06971029266933082,-0.022535490824048265,3,3
2022-04-01,99.2699966430664,101.75,97.77999877929688,101.2300033569336,324777,45.245964746173435,1.359770265567306,7.288478969872853,0.2097589747580558,107.59699974060058,105.56467660001242,64263919,-0.010071820388164898,-0.010122884331709858,-0.06993137578249586,0.034343840218928,-0.01623255224202025,0.01388646287023354,4,4
2022-04-04,103.27999877929688,103.94000244140625,98.05000305175781,98.94999694824219,288131,49.31986087678798,1.0767930408243132,7.188587571285395,0.36880423619014185,106.79099960327149,105.21318770451771,64552050,0.04039490552869429,0.03960035793359485,-0.010071820388164898,-0.06993137578249586,0.034343840218928,-0.06971029266933082,0,4
2022-04-05,101.95999908447266,105.58999633789062,99.87999725341797,103.66000366210938,280283,48.05243340498564,0.7375169712439913,7.082974107941628,0.3303804843856655,105.70399971008301,104.71269714758769,64271767,-0.012780787281426842,-0.01286316419039552,0.04039490552869429,-0.010071820388164898,-0.06993137578249586,-0.01623255224202025,1,4
2022-04-06,96.2300033569336,104.0199966430664,95.7300033569336,101.23999786376953,366036,42.89882070479089,0.006203958735000015,7.169189763526712,0.12110146554593745,105.08050003051758,103.40766733364092,63905731,-0.05619846782061888,-0.05783937627584542,-0.012780787281426842,0.04039490552869429,-0.010071820388164898,0.034343840218928,2,4
2022-04-07,96.02999877929688,98.81999969482422,93.80999755859375,97.16000366210938,367318,42.72656852432184,-0.5827875582129991,7.014962075862695,0.15276823327582717,104.5810001373291,102.27264140220336,63538413,-0.0020784014409193086,-0.002080564314593593,-0.05619846782061888,-0.012780787281426842,0.04039490552869429,-0.06993137578249586,3,4
2022-04-08,98.26000213623047,98.76000213623047,95.29000091552734,97.16999816894531,310082,45.36091594406513,-0.8597146890782597,6.761750586208441,0.26752082593685095,104.02750015258789,101.65531228436137,63848495,0.023221945072172234,0.022956418542896817,-0.0020784014409193086,-0.05619846782061888,-0.012780787281426842,-0.010071820388164898,4,4
2022-04-11,94.29000091552734,98.5199966430664,92.93000030517578,98.4000015258789,315873,41.684969773456366,-1.3835783255777443,6.67805385418574,0.14524318372158038,103.59150009155273,100.52218745838691,63532622,-0.04040302396084827,-0.041241899293809864,0.023221945072172234,-0.0020784014409193086,-0.05619846782061888,0.04039490552869429,0,4
2022-04-12,100.5999984741211,101.3499984741211,94.83999633789062,95.16999816894531,329037,48.78855495437266,-1.2748838956473207,6.705335547357741,0.3747945163477269,103.79949989318848,100.53415838388449,63861659,0.06692117400917996,0.06477709331057327,-0.04040302396084827,0.023221945072172234,-0.0020784014409193086,-0.012780787281426842,1,4
2022-04-13,104.25,104.47000122070312,99.87000274658203,100.91000366210938,312502,52.40055320272525,-0.8840276377041221,6.554954327840838,0.4995877511464765,104.2599998474121,101.10582632482533,64174161,0.03628232188112657,0.03563961818105445,0.06692117400917996,-0.04040302396084827,0.023221945072172234,-0.05619846782061888,2,4
2022-04-14,106.94999694824219,107.63999938964844,102.12000274658203,104.19999694824219,244952,54.93274455787252,-0.35234246381244816,6.481028778928379,0.6023790611766136,104.45849952697753,102.0049294976587,64419113,0.02589925130208326,0.025569546315068425,0.03628232188112657,0.06692117400917996,-0.04040302396084827,-0.0020784014409193086,3,4
2022-04-18,108.20999908447266,109.80999755859375,106.0,107.02999877929688,68489,56.10626285799041,0.16874828402207243,6.290240834618762,0.645630699426302,104.63399963378906,102.95955558793777,64487602,0.011781226481383023,0.011712368128924148,0.02589925130208326,0.03628232188112657,0.06692117400917996,0.023221945072172234,0,4
2022-04-19,102.55999755859375,108.91999816894531,102.0999984741211,107.75,71792,49.83922903726647,0.12437483614114342,6.328080753204866,0.43243064593498737,104.15599937438965,102.89808512188485,64415810,-0.05221330351798925,-0.05362580575520705,0.011781226481383023,0.02589925130208326,0.03628232188112657,-0.04040302396084827,1,4
2022-04-20,102.75,104.16000366210938,100.69999694824219,103.05000305175781,299028,50.041324661593315,0.10334882715980598,6.123218321823603,0.4576894301208385,103.70549926757812,102.87530279544102,64714838,0.0018525979517276525,0.0018508840086474256,-0.05221330351798925,0.011781226481383023,0.02589925130208326,0.06692117400917996,2,4
2022-04-21,103.79000091552734,105.41999816894531,102.01000213623047,102.5,280321,51.200286675856496,0.1686607298841949,5.929416729744405,0.5319063545325932,103.1484992980957,103.0160255831466,64995159,0.01012166341145826,0.010070782421812615,0.0018525979517276525,-0.05221330351798925,0.011781226481383023,0.03628232188112657,3,4
2022-04-22,102.06999969482422,104.22000122070312,101.05999755859375,104.06999969482422,246116,49.168738748514414,0.08070088985566315,5.731601510627618,0.46905522501054664,102.63499946594239,102.87048313878931,64749043,-0.016571935692562545,-0.016710786372617224,0.01012166341145826,0.0018525979517276525,-0.05221330351798925,0.02589925130208326,4,4
2022-04-25,98.54000091552734,101.55000305175781,95.27999877929688,101.37999725341797,328153,45.20444099533485,-0.27072852720297647,5.807201468120455,0.28335016024557236,101.8669994354248,102.20425510444132,64420890,-0.03458409708877341,-0.035196283018801594,-0.016571935692562545,0.01012166341145826,0.0018525979517276525,0.011781226481383023,0,4
2022-04-26,101.69999694824219,102.77999877929688,97.05999755859375,98.63999938964844,351850,49.15638080192894,-0.29090028408701585,5.800972879019218,0.5030891169285505,101.65399932861328,102.12667692656453,64772740,0.03206815509798622,0.031564706640324416,-0.03458409708877341,-0.016571935692562545,0.01012166341145826,-0.05221330351798925,1,4
2022-04-27,102.0199966430664,102.98999786376953,99.80000305175781,101.76000213623047,278781,49.55315795243126,-0.2778622229807013,5.61447444566154,0.532434645302446,101.54299926757812,102.11026457525712,65051521,0.00314650643487302,0.003141566543055737,0.03206815509798622,-0.03458409708877341,-0.016571935692562545,0.0018525979517276525,2,4
2022-04-28,105.36000061035156,105.68000030517578,100.12999725341797,102.11000061035156,312064,53.621427121944706,0.0019583661365203398,5.609869346096988,0.7813055412257811,101.4199993133545,102.61022396527164,65363585,0.03273871865503697,0.03221422363791778,0.00314650643487302,0.03206815509798622,-0.03458409708877341,0.01012166341145826,3,4
2022-04-29,104.69000244140625,107.98999786376953,103.77999877929688,105.16999816894531,294386,52.703254278199175,0.16772155648470743,5.5098786131238215,0.7140814849456755,101.64049949645997,102.93018988467696,65069199,-0.006359132166514847,-0.0063794375764339144,0.03273871865503697,0.00314650643487302,0.03206815509798622,-0.016571935692562545,4,4
2022-05-02,105.16999816894531,105.94000244140625,100.27999877929688,104.0,261878,53.319942840628556,0.3339719026126602,5.520601830908504,0.7248205783839218,101.93549957275391,103.2747757745644,65331077,0.004584924217646336,0.004574445469907173,-0.006359132166514847,0.03273871865503697,0.00314650643487302,-0.03458409708877341,0,5
2022-05-03,102.41000366210938,105.80000305175781,102.0999984741211,105.08000183105469,239266,49.33650076180134,0.24024857322044113,5.390559169960519,0.5361182153292388,101.89199981689453,103.14173391110978,65091811,-0.026243173479971738,-0.026593671274868835,0.004584924217646336,-0.006359132166514847,0.03273871865503697,0.03206815509798622,1,5
2022-05-04,107.80999755859375,108.61000061035156,102.94999694824219,103.5,272909,56.226920346423334,0.5948494826957216,5.448376154123495,0.8690651345301089,102.18449974060059,103.85992831841502,65364720,0.052729164177174104,0.051385996058933216,-0.026243173479971738,0.004584924217646336,-0.006359132166514847,0.00314650643487302,2,5
2022-05-05,108.26000213623047,111.37000274658203,106.44999694824219,107.58000183105469,286916,56.75475415328429,0.9017895976493975,5.410635414424663,0.8627543331284094,102.78599967956544,104.53686275192509,65651636,0.004174052386858973,0.004165365195665697,0.052729164177174104,-0.026243173479971738,0.004584924217646336,0.03273871865503697,3,5
2022-05-06,109.7699966430664,111.18000030517578,107.23999786376953,108.69999694824219,294278,58.56046454553728,1.2524483424159882,5.305590202066205,0.921994232411126,103.4729995727539,105.34196027363913,65945914,0.013947852180307585,0.013851476016463813,0.004174052386858973,0.052729164177174104,-0.026243173479971738,-0.006359132166514847,4,5
2022-05-09,103.08999633789062,110.48999786376953,102.12999725341797,110.43000030517578,368183,48.84402840771905,0.9800305443995256,5.523762374086588,0.45585310630696163,103.71449928283691,104.99550428352397,65577731,-0.060854518624946285,-0.06278487953283066,0.013947852180307585,0.004174052386858973,0.052729164177174104,0.004584924217646336,0,5
2022-05-10,99.76000213623047,104.16000366210938,98.86000061035156,102.6500015258789,389750,44.84910931420523,0.4897887943180308,5.507779565348819,0.1431359669473203,103.98799934387208,104.1900424147096,65187981,-0.03230181705260393,-0.03283503479939427,-0.060854518624946285,0.013947852180307585,0.004174052386858973,-0.026243173479971738,1,5
2022-05-11,105.70999908447266,106.44000244140625,98.19999694824219,99.0,382701,52.34857548385171,0.5747582475975008,5.702938560192765,0.6273958171951365,104.24349937438964,104.42388190236545,65570682,0.05964311167633074,0.05793216433434838,-0.03230181705260393,-0.060854518624946285,0.013947852180307585,0.052729164177174104,2,5
2022-05-12,106.12999725341797,107.37000274658203,102.66000366210938,105.62999725341797,323547,52.83610711875582,0.6682839324747931,5.632014311927043,0.6541497070184458,104.33749923706054,104.68636118714275,65894229,0.003973116758895223,0.0039652447744917664,0.05964311167633074,-0.03230181705260393,-0.060854518624946285,0.004174052386858973,3,5
2022-05-13,110.48999786376953,110.63999938964844,106.29000091552734,106.6500015258789,240989,57.6770172174334,1.0817495868941904,5.5518705850915735,0.9730875360274936,104.51449928283691,105.57922836816226,66135218,0.04108169907835513,0.04026026789661295,0.003973116758895223,0.05964311167633074,-0.03230181705260393,0.013947852180307585,4,5
2022-05-16,114.19999694824219,114.9000015258789,108.11000061035156,110.9800033569336,289127,61.315545736192604,1.6893166267317667,5.640308465836986,1.1296280320601564,104.81399917602539,106.90550045740532,66424345,0.03357769170243774,0.03302627070805514,0.04108169907835513,0.003973116758895223,0.05964311167633074,-0.060854518624946285,0,5
2022-05-17,112.4000015258789,115.55999755859375,111.75,113.87000274658203,252630,58.67970178596374,2.0024898393307353,5.509571972462469,0.9396762600426289,105.30599937438964,107.75080831409358,66171715,-0.015761781702840816,-0.01588731946396071,0.03357769170243774,0.04108169907835513,0.003973116758895223,-0.03230181705260393,1,5
2022-05-18,109.58999633789062,115.41999816894531,108.45999908447266,113.66000366210938,103669,54.72464728322857,2.0008731123897547,5.613173909034626,0.7408364191018162,105.64799919128419,108.03376031775466,66068046,-0.02500004581709292,-0.025317854976181154,-0.015761781702840816,0.03357769170243774,0.04108169907835513,0.05964311167633074,2,5
2022-05-19,112.20999908447266,112.62000274658203,105.12999725341797,109.08999633789062,68511,57.5945399963188,2.1858075412956453,5.7472333079010145,0.8564810821058507,106.06899909973144,108.67625858955742,66136557,0.023907316672444834,0.02362601145887709,-0.02500004581709292,-0.015761781702840816,0.03357769170243774,0.003973116758895223,3,5
2022-05-20,113.2300033569336,114.04000091552734,110.8499984741211,111.44999694824219,229930,58.69233042809848,2.387157562414856,5.564573960294246,0.8691142685472472,106.62699928283692,109.37683470761529,66366487,0.009090137071412485,0.00904907045525924,0.023907316672444834,-0.02500004581709292,-0.015761781702840816,0.04108169907835513,4,5
2022-05-23,110.29000091552734,111.95999908447266,109.1500015258789,110.55999755859375,215623,54.326752072615704,2.2831762438927683,5.458533093919992,0.6861717929449683,107.21449928283691,109.51732181652483,66150864,-0.02596487109638701,-0.02630790935383447,0.009090137071412485,0.023907316672444834,-0.02500004581709292,0.03357769170243774,0,5
2022-05-24,109.7699966430664,111.43000030517578,108.61000061035156,110.41000366210938,224794,53.56781068842301,2.134208474097747,5.270066422556008,0.635780930928372,107.61799926757813,109.55619486676198,65926070,-0.004714881386747027,-0.004726031501443259,-0.02596487109638701,0.009090137071412485,0.023907316672444834,-0.015761781702840816,1,5
2022-05-25,110.33000183105469,111.68000030517578,109.2300033569336,110.38999938964844,191370,54.30810344548904,2.037847148381644,5.068632888676449,0.6516764674405354,108.03349952697754,109.67524209203778,66117440,0.005101623440959102,0.005088654250674318,-0.004714881386747027,-0.02596487109638701,0.009090137071412485,-0.02500004581709292,2,5
2022-05-26,114.08999633789062,114.83000183105469,110.2699966430664,110.69000244140625,234752,59.03110835647327,2.239069635635076,5.032302338627295,0.8555664201712591,108.46999931335449,110.35443505293821,66352192,0.0340795290894087,0.03351168714147415,0.005101623440959102,-0.004714881386747027,-0.02596487109638701,0.023907316672444834,3,5
2022-05-27,115.06999969482422,115.30000305175781,112.8499984741211,114.19999694824219,217281,60.18625540981003,2.4493830243709596,4.84785249855654,0.8708137154189627,108.98899917602539,111.07990653630529,66569473,0.008589739577440358,0.00855305767342729,0.0340795290894087,0.005101623440959102,-0.004714881386747027,0.009090137071412485,4,5
2022-05-31,114.66999816894531,119.9800033569336,114.1500015258789,114.95999908447266,440796,59.44945525699473,2.554336320895956,4.9180060223064075,0.8114124148715012,109.4639991760254,111.63222832594221,66128677,-0.0034761582249043244,-0.0034822141011021353,0.008589739577440358,0.0340795290894087,0.005101623440959102,-0.02596487109638701,1,5
2022-06-01,115.26000213623047,117.87000274658203,114.58000183105469,115.4000015258789,290530,60.222959706008794,2.654521284841195,4.80171994325076,0.8196474726870842,110.10649909973145,112.19034737367886,66419207,0.0051452339470337005,0.005132042460357287,-0.0034761582249043244,0.008589739577440358,0.0340795290894087,-0.004714881386747027,2,6
2022-06-02,116.87000274658203,117.7699966430664,111.19999694824219,114.80000305175781,327600,62.33434475688578,2.8311959202697494,4.928025639791721,0.8711886384666243,110.55949935913085,112.91029435412551,66746807,0.013968424262639223,0.013871764903703702,0.0051452339470337005,-0.0034761582249043244,0.008589739577440358,0.005101623440959102,3,6
2022-06-03,118.87000274658203,120.45999908447266,115.2300033569336,117.55000305175781,240831,64.83167136527442,3.096896037254851,4.949594931773674,0.9247212052716487,111.08999938964844,113.8271725683496,66987638,0.017113031171366977,0.01696825265205771,0.013968424262639223,0.0051452339470337005,-0.0034761582249043244,0.0340795290894087,4,6
2022-06-06,118.5,120.98999786376953,117.62999725341797,120.81999969482422,246825,63.98643654910809,3.240257493430306,4.836052480243523,0.8600957336330579,111.52649955749511,114.54606909629581,66740813,-0.003112667098787214,-0.0031175215231096917,0.017113031171366977,0.013968424262639223,0.0051452339470337005,0.008589739577440358,0,6
2022-06-07,119.41000366210938,120.36000061035156,117.13999938964844,119.0999984741211,341694,65.18852242073048,3.3882445960331324,4.720620247419208,0.8739702232923657,112.34249992370606,115.29436672180559,67082507,0.007679355798391407,0.00765001963847122,-0.003112667098787214,0.017113031171366977,0.013968424262639223,-0.0034761582249043244,1,6
2022-06-08,122.11000061035156,123.18000030517578,119.30000305175781,119.79000091552734,340591,68.54346503219567,3.680960805099872,4.660575747847692,1.0107330822335259,113.4599998474121,116.3429257815819,67423098,0.022611145343251815,0.022359302629648345,0.007679355798391407,-0.003112667098787214,0.017113031171366977,0.0051452339470337005,2,6
2022-06-09,121.51000213623047,122.72000122070312,120.79000091552734,122.43000030517578,293295,66.99821964243287,3.82048546891059,4.465534644799698,0.9333658132472957,114.25,117.13786060537399,67129803,-0.004913589969061327,-0.004925701342088371,0.022611145343251815,0.007679355798391407,-0.003112667098787214,0.013968424262639223,3,6
2022-06-10,120.66999816894531,122.75,118.33000183105469,121.45999908447266,352906,64.79582913028929,3.8192525047747665,4.4622820393815275,0.8583277321486493,114.97700004577636,117.68126638438497,66776897,-0.006913043803121521,-0.006937049589774876,-0.004913589969061327,0.022611145343251815,0.007679355798391407,0.017113031171366977,4,6
2022-06-13,120.93000030517578,122.25,117.47000122070312,120.19000244140625,372403,65.17739766209851,3.795503173316078,4.484976092232624,0.8366203665853506,115.49900016784667,118.18107160296817,67149300,0.002154654348021534,0.002152336409315797,-0.006913043803121521,-0.004913589969061327,0.022611145343251815,-0.003112667098787214,0,6
2022-06-14,118.93000030517578,123.68000030517578,116.62000274658203,121.08999633789062,366320,59.8074338148769,3.574098390283581,4.668906196972705,0.6953264193889751,115.73550033569336,118.2962914033078,66782980,-0.01653849330152035,-0.01667678101559221,0.002154654348021534,-0.006913043803121521,-0.004913589969061327,0.007679355798391407,1,6
2022-06-15,115.30999755859375,119.61000061035156,114.5999984741211,119.06999969482422,301750,51.53160329790998,3.0711274905702766,4.693270192633974,0.46447715493688974,115.8810001373291,117.8368615810441,66481230,-0.03043809583194368,-0.030910954694686854,-0.01653849330152035,0.002154654348021534,-0.006913043803121521,0.022611145343251815,2,6
2022-06-16,117.58999633789062,118.08000183105469,112.30999755859375,115.9800033569336,162543,55.6903733529352,2.823943611473055,4.770179769764471,0.5869777014100451,116.2810001373291,117.79888231286665,66643773,0.01977277623424034,0.01957983408181096,-0.03043809583194368,-0.01653849330152035,0.002154654348021534,-0.004913589969061327,3,6
2022-06-17,109.55999755859375,118.97000122070312,108.25,117.08000183105469,103149,42.01649710324449,1.957529631364963,5.195167016260088,0.08254970927323134,116.14850006103515,116.53136158144005,66540624,-0.06828811148376057,-0.07073164458114989,0.01977277623424034,-0.03043809583194368,-0.01653849330152035,-0.006913043803121521,4,6
2022-06-21,110.6500015258789,112.47000122070312,108.72000122070312,110.58000183105469,427262,44.02558242985051,1.3433591129284963,5.09194080081294,0.17089911719853118,116.01949996948242,115.62653695750757,66967886,0.009948922887682787,0.00989975817605793,-0.06828811148376057,0.01977277623424034,-0.03043809583194368,0.002154654348021534,1,6
2022-06-22,106.19000244140625,109.76000213623047,101.52999877929688,109.54000091552734,432724,38.19406951375687,0.4910790462989354,5.379659511225017,-0.04093957729166932,115.81450004577637,114.17476241656891,66535162,-0.040307266362120675,-0.04114211488051964,0.009948922887682787,-0.06828811148376057,0.01977277623424034,-0.01653849330152035,2,6
2022-06-23,104.2699966430664,107.05000305175781,102.31999969482422,104.41999816894531,346362,35.984325565512464,-0.33542094476044326,5.333255500204201,-0.06865684071769505,115.53950004577636,112.65095229756852,66188800,-0.018080852756353072,-0.018246308799802363,-0.040307266362120675,0.009948922887682787,-0.06828811148376057,-0.03043809583194368,3,6
2022-06-24,107.62000274658203,108.58000183105469,103.63999938964844,103.98999786376953,321591,42.26117488105409,-0.7119042577628818,5.305165996004347,0.12059215951934833,115.40400009155273,111.8769600589552,66510391,0.0321281884661726,0.03162287297550904,-0.018080852756353072,-0.040307266362120675,0.009948922887682787,0.01977277623424034,4,6
2022-06-27,109.56999969482422,110.54000091552734,105.5999984741211,107.22000122070312,282914,45.60459251597402,-0.8432016352381737,5.279082884961626,0.2344366115015889,115.17800025939941,111.52204307985814,66793305,0.018119279859469373,0.01795708204970407,0.0321281884661726,-0.018080852756353072,-0.040307266362120675,-0.06828811148376057,0,6
2022-06-28,111.76000213623047,112.22000122070312,109.62000274658203,110.18000030517578,306748,49.16485565632699,-0.7617597660227347,5.09129135931286,0.3474940401237549,115.01250038146972,111.55865216545388,67100053,0.019987245117330188,0.019790122431063026,0.018119279859469373,0.0321281884661726,-0.018080852756353072,0.009948922887682787,1,6
2022-06-29,109.77999877929688,114.05000305175781,109.22000122070312,111.86000061035156,322060,46.21941473436879,-0.847219996495113,5.0726278215801335,0.2713020084389093,114.7680004119873,111.28501318296819,66777993,-0.01771656513141484,-0.017875382060949133,0.019987245117330188,0.018119279859469373,0.0321281884661726,-0.040307266362120675,2,6
2022-06-30,105.76000213623047,110.44999694824219,105.0999984741211,109.69999694824219,362890,40.8663134908387,-1.2252045816796766,5.092440011047345,0.13170756726081767,114.29300041198731,110.43501148347008,66415103,-0.036618661757760296,-0.037305955699976086,-0.01771656513141484,0.019987245117330188,0.018119279859469373,-0.018080852756353072,3,6
2022-07-01,108.43000030517578,109.33999633789062,104.55999755859375,106.01000213623047,305338,45.39029482007915,-1.2943925983992415,5.070122780208026,0.2692801123779769,113.87100028991699,110.12654822527095,66720441,0.025245821813676406,0.024932409996359532,-0.036618661757760296,-0.01771656513141484,0.019987245117330188,0.0321281884661726,4,7
2022-07-05,99.5,111.44999694824219,97.43000030517578,108.80000305175781,594215,35.58469277791066,-2.0462135179126477,5.709399484697911,-0.011573835167320952,112.90250015258789,108.49169465215235,66126226,-0.08235728377794271,-0.08594716213403925,0.025245821813676406,-0.036618661757760296,-0.01771656513141484,0.018119279859469373,1,7
2022-07-06,98.52999877929688,102.13999938964844,95.0999984741211,100.36000061035156,444106,34.70760827503359,-2.689307344050036,5.80444244404287,0.03026007116233273,111.90400009155273,106.95912605632843,65682120,-0.009748755986966118,-0.009796586219315792,-0.08235728377794271,0.025245821813676406,-0.036618661757760296,0.019987245117330188,2,7
2022-07-07,102.7300033569336,104.4800033569336,96.56999969482422,98.22000122070312,379861,41.438221587485174,-2.827465305980951,5.954839673904764,0.20906159866320462,111.07000007629395,106.30849179488307,66061981,0.042626658171838194,0.04174316196018757,-0.009748755986966118,-0.08235728377794271,0.025245821813676406,-0.01771656513141484,3,7
2022-07-08,104.79000091552734,105.23999786376953,101.51000213623047,102.22000122070312,327461,44.462224258476205,-2.739156607024995,5.795922249164357,0.3014834219140095,110.20400009155273,106.07487781344372,66389442,0.02005254055561867,0.019854136318213016,0.042626658171838194,-0.009748755986966118,-0.08235728377794271,-0.036618661757760296,4,7
2022-07-11,104.08999633789062,105.05000305175781,100.88999938964844,104.79000091552734,348566,43.6376157995596,-2.694594241021676,5.679070921517572,0.2958054430201851,109.33299980163574,105.7695114325894,66040876,-0.0066800703456525445,-0.0067024818783995065,0.02005254055561867,0.042626658171838194,-0.009748755986966118,0.025245821813676406,0,7
2022-07-12,95.83999633789062,103.48999786376953,95.3499984741211,103.45999908447266,398552,35.32284893719354,-3.2870927378450574,5.897708560249854,0.0292924932558571,108.09149971008301,104.24189372571266,65642324,-0.07925833692240081,-0.08257577818875095,-0.0066800703456525445,0.02005254055561867,0.042626658171838194,-0.08235728377794271,1,7
2022-07-13,96.30000305175781,97.95999908447266,93.66999816894531,95.88999938964844,347193,36.05448325582453,-3.6771455232774457,5.782872299912532,0.08012961103905819,106.85999984741211,103.02006439125806,65989517,0.004799736346456029,0.004788254337710234,-0.07925833692240081,-0.0066800703456525445,0.02005254055561867,-0.009748755986966118,2,7
2022-07-14,95.77999877929688,97.0,90.55999755859375,96.56999969482422,387528,35.564715765599246,-3.9823194649574987,5.829810167162084,0.09245664485033622,105.70249977111817,101.90620814326404,65601989,-0.005399836510715961,-0.0054144683245929874,0.004799736346456029,-0.07925833692240081,-0.0066800703456525445,0.042626658171838194,3,7
2022-07-15,97.58999633789062,99.02999877929688,94.56999969482422,96.38999938964844,240766,38.686771310732084,-4.031646030375043,5.731966518398553,0.19435928126805097,104.81649971008301,101.24217555782198,65842755,0.018897448127604077,0.018721109458313057,-0.005399836510715961,0.004799736346456029,-0.07925833692240081,0.02005254055561867,4,7
2022-07-18,102.5999984741211,102.80000305175781,95.8499984741211,97.2699966430664,84669,46.42472133991493,-3.6246892256852306,5.818969236915565,0.4287091137323722,104.06699981689454,101.45107139109876,65927424,0.05133725099121933,0.05006292623664312,0.018897448127604077,-0.005399836510715961,0.004799736346456029,-0.0066800703456525445,0,7
2022-07-19,104.22000122070312,104.45999908447266,99.8499984741211,102.0,63149,48.68010294630976,-3.135310436235841,5.732614335018136,0.5210479794202827,103.8,101.87706059565328,65990573,0.01578950068883911,0.01566614332926657,0.05133725099121933,0.018897448127604077,-0.005399836510715961,-0.07925833692240081,1,7
2022-07-20,102.26000213623047,104.38999938964844,101.51000213623047,103.5999984741211,315620,46.148818318791,-2.8725171756139076,5.528855972046695,0.44092195319513505,103.38050003051758,101.93597467881901,65674953,-0.018806362133138244,-0.018985450651782098,0.01578950068883911,0.05133725099121933,0.018897448127604077,0.004799736346456029,2,7
2022-07-21,96.3499984741211,99.98999786376953,94.58999633789062,99.91000366210938,318911,39.48217621184111,-3.1053430649745337,5.6817952453533485,0.16851849533846575,102.88849983215331,101.0765937242501,65356042,-0.05779389339573926,-0.059531231518497624,-0.018806362133138244,0.01578950068883911,0.05133725099121933,-0.005399836510715961,3,7
2022-07-22,94.69999694824219,97.94999694824219,94.2300033569336,96.51000213623047,307568,37.83869775114318,-3.38399203944428,5.541666555778724,0.13140402897315878,102.40999984741211,100.0955788356335,65048474,-0.017125080975710527,-0.017273411057041062,-0.05779389339573926,-0.018806362133138244,0.01578950068883911,0.018897448127604077,4,7
2022-07-25,96.69999694824219,96.94000244140625,93.01000213623047,95.0999984741211,278998,41.042266490274116,-3.4041985916420288,5.4265475378785135,0.25300848694126743,101.86399955749512,99.57318162218868,65327472,0.02111932486220769,0.02089940293372144,-0.017125080975710527,-0.05779389339573926,-0.018806362133138244,0.05133725099121933,0,7
2022-07-26,94.9800033569336,99.0,94.76000213623047,96.33000183105469,310043,39.172543653232204,-3.5184431159851925,5.341793989727871,0.19934001953849742,101.13449974060059,98.86653881214944,65017429,-0.017786904297724115,-0.017946992435663202,0.02111932486220769,-0.017125080975710527,-0.05779389339573926,0.01578950068883911,1,7
2022-07-27,97.26000213623047,98.58999633789062,94.30000305175781,95.5999984741211,321903,42.886823974956734,-3.3859744718544675,5.26666536804251,0.3272262342144885,100.40949974060058,98.61937932354653,65339332,0.024005039994878352,0.02372144847520207,-0.017786904297724115,0.02111932486220769,-0.017125080975710527,-0.018806362133138244,2,7
2022-07-28,96.41999816894531,99.83999633789062,96.04000091552734,98.16999816894531,318403,41.872366299657315,-3.31061075692746,5.161903229065422,0.29697276536747247,99.741499710083,98.2810129920694,65020929,-0.008636684647699067,-0.008674196952688428,0.024005039994878352,-0.017786904297724115,0.02111932486220769,-0.05779389339573926,3,7
2022-07-29,98.62000274658203,101.87999725341797,96.41000366210938,97.30000305175781,349374,45.50791842442217,-3.0383384127494963,5.183909683511364,0.4504069619775357,99.38449974060059,98.33316526199442,65370303,0.022816890887945362,0.022560478659059337,-0.008636684647699067,0.024005039994878352,-0.017786904297724115,-0.017125080975710527,4,7
2022-08-01,93.88999938964844,98.6500015258789,92.41999816894531,98.45999908447266,365293,39.75136747164318,-3.1677168905107465,5.25863066018438,0.1521769411076623,98.65749969482422,97.64960128163351,65005010,-0.047961906562586476,-0.049150230876384905,0.022816890887945362,-0.008636684647699067,0.024005039994878352,0.02111932486220769,0,8
2022-08-02,94.41999816894531,96.47000122070312,92.58999633789062,93.75,328538,40.65718686794155,-3.190703352054882,5.160157390372103,0.21877224251413824,98.40349960327148,97.15273926429686,65333548,0.005644890645886136,0.005629017955736299,-0.047961906562586476,0.022816890887945362,-0.008636684647699067,-0.017786904297724115,1,8
2022-08-03,90.66000366210938,96.56999969482422,90.37999725341797,93.83000183105469,395099,36.46822789842834,-3.4722939780031084,5.233717751160257,0.03149303793647448,98.0099998474121,96.15385686396031,64938449,-0.03982201418928433,-0.040636609818898634,0.005644890645886136,-0.047961906562586476,0.022816890887945362,0.024005039994878352,2,8
2022-08-04,88.54000091552734,91.9000015258789,87.55000305175781,90.94999694824219,334931,34.3210722646314,-3.822460140761052,5.17059494565746,-0.01268258074201953,97.3004997253418,94.98249441035524,64603518,-0.02338410170909877,-0.02366184826232168,-0.03982201418928433,0.005644890645886136,-0.047961906562586476,-0.008636684647699067,3,8
2022-08-05,89.01000213623047,90.76000213623047,87.01000213623047,88.05999755859375,350016,35.231529913836894,-4.015753075278738,5.069123878110498,0.061110585533484134,96.51149978637696,94.06364944510527,64953534,0.005308348947856256,0.005294309326469751,-0.02338410170909877,-0.03982201418928433,0.005644890645886136,0.022816890887945362,4,8
2022-08-08,90.76000213623047,90.88999938964844,87.22000122070312,88.45999908447266,340157,38.64210706693159,-3.9818287011797224,4.9691863274558425,0.18795223823648458,95.84500007629394,93.55539601297069,65293691,0.019660711807664155,0.01946993647804398,0.005308348947856256,-0.02338410170909877,-0.03982201418928433,-0.047961906562586476,0,8
2022-08-09,90.5,92.6500015258789,89.05000305175781,90.69000244140625,347045,38.31925405889518,-3.930613721500265,4.871387195074789,0.2003909945095608,95.57800025939942,93.08533508789827,64946646,-0.002864721574600715,-0.0028688327428962974,0.019660711807664155,0.005308348947856256,-0.02338410170909877,0.005644890645886136,1,8
2022-08-10,91.93000030517578,92.43000030517578,87.66000366210938,90.51000213623047,383766,41.22769761104329,-3.7316206079880914,4.864145012788476,0.3009083059995295,95.35950012207032,92.90759127517173,65330412,0.015801108344483783,0.015677570489436722,-0.002864721574600715,0.019660711807664155,0.005308348947856256,-0.03982201418928433,2,8
2022-08-11,94.33999633789062,95.05000305175781,91.23999786376953,91.55000305175781,341234,45.860955654252464,-3.3409383357265057,4.788849311017033,0.44505104741405094,95.2875,93.12796128482078,65671646,0.026215555582665973,0.025877817842593524,0.015801108344483783,-0.002864721574600715,0.019660711807664155,-0.02338410170909877,3,8
2022-08-12,92.08999633789062,94.80999755859375,91.16000366210938,94.08999633789062,264953,42.49288728285932,-3.176262044516122,4.707502495693272,0.3312863032351846,95.0125,92.96827436990844,65406693,-0.02384990552619215,-0.02413891907127049,0.026215555582665973,0.015801108344483783,-0.002864721574600715,0.005308348947856256,4,8
2022-08-15,89.41000366210938,92.0999984741211,86.81999969482422,91.94000244140625,275443,38.83448760297916,-3.224834029305171,4.748395087379244,0.200372802124965,94.35300025939941,92.42084810717012,65131250,-0.029101887092578438,-0.029533746260803902,-0.02384990552619215,0.026215555582665973,0.015801108344483783,0.019660711807664155,0,8
2022-08-16,86.52999877929688,90.6500015258789,85.7300033569336,87.93000030517578,305366,35.315744392452416,-3.455882737050217,4.760652450348248,0.04319529760398607,93.4685001373291,91.51456359518963,64825884,-0.03221121535456328,-0.032741413194471235,-0.029101887092578438,-0.02384990552619215,0.026215555582665973,-0.002864721574600715,1,8
2022-08-17,88.11000061035156,89.16000366210938,85.87999725341797,87.0999984741211,230346,38.6025166636898,-3.4714804932102226,4.65489201880133,0.15697602215157297,92.76100006103516,90.99078467444531,65056230,0.0182595845758029,0.018094880294427504,-0.03221121535456328,-0.029101887092578438,-0.02384990552619215,0.015801108344483783,2,8
2022-08-18,90.5,91.45999908447266,87.31999969482422,87.38999938964844,80029,43.29614301503641,-3.253484704210237,4.6181139738618375,0.35172718702508543,92.4685001373291,90.91527933991526,65136259,0.027125177313500615,0.026763809900087754,0.0182595845758029,-0.03221121535456328,-0.029101887092578438,0.026215555582665973,3,8
2022-08-19,90.7699966430664,92.08999633789062,88.37999725341797,90.38999938964844,58714,43.818653899911716,-3.024075340114237,4.553248624619753,0.38612165184185615,92.27200012207031,90.89292815578466,65194973,0.0029833883211758394,0.0029789468498015374,0.027125177313500615,0.0182595845758029,-0.03221121535456328,-0.02384990552619215,4,8
2022-08-22,90.2300033569336,91.26000213623047,86.5999984741211,89.6500015258789,352665,42.96590458297972,-2.8529526493018835,4.56087398444044,0.36411527379468545,91.94850044250488,90.79093972519217,64842308,-0.005949028380558663,-0.005966794345088517,0.0029833883211758394,0.027125177313500615,0.0182595845758029,-0.029101887092578438,0,8
2022-08-23,93.73999786376953,94.22000122070312,90.41999816894531,90.55000305175781,285607,49.80398700578763,-2.4063703223445714,4.520097118678232,0.6488315047382053,91.88650016784668,91.244640977281,65127915,0.03890052506094932,0.03816296649507722,-0.005949028380558663,0.0029833883211758394,0.027125177313500615,-0.03221121535456328,1,8
2022-08-24,94.88999938964844,95.4000015258789,92.79000091552734,93.77999877929688,320388,51.84127045961578,-1.9373228467683674,4.383661653797756,0.764817597489895,91.76800003051758,91.80546534841444,65448303,0.012267991808045275,0.012193349847795385,0.03890052506094932,-0.005949028380558663,0.0029833883211758394,0.0182595845758029,2,8
2022-08-25,92.5199966430664,95.76000213623047,92.29000091552734,95.3499984741211,279877,47.5574079202479,-1.7368178032748318,4.318400194290997,0.5859071292000092,91.57299995422363,91.91539323989936,65168426,-0.02497631743941786,-0.02529351847355716,0.012267991808045275,0.03890052506094932,-0.005949028380558663,0.027125177313500615,3,8
2022-08-26,93.05999755859375,94.0199966430664,91.08000183105469,93.05999755859375,288392,48.599621053683755,-1.516857165643529,4.219942666985334,0.6945303168699083,91.29499969482421,92.09148621200619,65456818,0.005836585982710529,0.0058196191018388506,-0.02497631743941786,0.012267991808045275,0.03890052506094932,0.0029833883211758394,4,8
2022-08-29,97.01000213623047,97.37000274658203,92.29000091552734,92.95999908447266,283463,55.55724776382707,-1.0121371309284086,4.2813754644188595,1.048613648455032,91.45099983215331,92.84818096957915,65740281,0.042445784238815065,0.041569667812168705,0.005836585982710529,-0.02497631743941786,0.012267991808045275,-0.005949028380558663,0,8
2022-08-30,91.63999938964844,97.66000366210938,90.54000091552734,96.9000015258789,386272,46.36809185851757,-1.033543167492283,4.484134556001943,0.5335917188283511,91.31199989318847,92.66230688035904,65354009,-0.05535514512246864,-0.056946237068939747,0.042445784238815065,0.005836585982710529,-0.02497631743941786,0.03890052506094932,1,8
2022-08-31,89.55000305175781,92.7300033569336,88.2699966430664,92.30999755859375,344147,43.362015178412136,-1.2052593636348377,4.4824111387066035,0.3271194456692825,91.25649986267089,92.18349090672808,65009862,-0.022806594847344708,-0.023070688339442143,-0.05535514512246864,0.042445784238815065,0.005836585982710529,0.012267991808045275,2,8
2022-09-01,86.61000061035156,89.62999725341797,85.9800033569336,88.83000183105469,305106,39.4841681565458,-1.5605898047859341,4.422952764262159,0.06349837465391878,91.15999984741211,91.3260308611317,64704756,-0.03283084691473426,-0.033381873195455214,-0.022806594847344708,-0.05535514512246864,0.042445784238815065,-0.02497631743941786,3,9
2022-09-02,86.87000274658203,89.66000366210938,86.3499984741211,86.55999755859375,277533,39.99523868379278,-1.800457190207453,4.3434565088140245,0.11734414161249726,91.0529998779297,90.64048807427791,64982289,0.0030019874656297407,0.00299749049890181,-0.03283084691473426,-0.022806594847344708,-0.05535514512246864,0.005836585982710529,4,9
2022-09-06,86.87999725341797,90.38999938964844,86.18000030517578,86.83999633789062,420255,40.016209477690396,-1.9670721646766225,4.333923835646784,0.15466201074017397,90.85899963378907,90.06195102491485,65402544,0.00011505130102373862,0.00011504468313039828,0.0030019874656297407,-0.03283084691473426,-0.022806594847344708,0.042445784238815065,1,9
2022-09-07,81.94000244140625,87.76000213623047,81.5,86.93000030517578,380781,33.7396757024261,-2.469267845749698,4.471500857117047,-0.11062225927311194,90.43099975585938,88.81242047360583,65021763,-0.056859978915542286,-0.05854052265833876,0.00011505130102373862,0.0030019874656297407,-0.03283084691473426,-0.05535514512246864,2,9
2022-09-08,83.54000091552734,84.25,81.19999694824219,81.91000366210938,342763,37.176698682683224,-2.706950990013823,4.369965299591388,0.07022330662408927,90.01149978637696,88.00127900313221,65364526,0.019526463588589893,0.01933826811440578,-0.056859978915542286,0.00011505130102373862,0.0030019874656297407,-0.022806594847344708,3,9
2022-09-09,86.79000091552734,87.19999694824219,82.70999908447266,82.80000305175781,305188,43.57876201090781,-2.603062274095251,4.378539054175541,0.30727904694527297,89.63400001525879,87.81492852811607,65669714,0.03890351884585552,0.03816584817674012,0.019526463588589893,-0.056859978915542286,0.00011505130102373862,-0.03283084691473426,4,9
2022-09-12,87.77999877929688,89.0999984741211,85.16000366210938,86.25,275104,45.40390287492751,-2.413029265093712,4.347214465449555,0.3882428610635209,89.4185001373291,87.80955472060543,65944818,0.011406819372350219,0.011342252148776735,0.03890351884585552,0.019526463588589893,-0.056859978915542286,0.0030019874656297407,0,9
2022-09-13,87.30999755859375,89.30999755859375,85.05999755859375,88.08999633789062,347998,44.665195510248175,-2.274137070346981,4.340270575060301,0.3644092063158709,89.31349983215333,87.73269977260362,65596820,-0.005354308808830588,-0.0053686944934838755,0.011406819372350219,0.03890351884585552,0.019526463588589893,0.00011505130102373862,1,9
2022-09-14,88.4800033569336,90.19000244140625,86.18000030517578,87.94000244140625,335381,46.977847623532426,-2.046068511400364,4.3166799722867415,0.43613990993437834,89.41100006103515,87.84766955480823,65932201,0.013400593643982717,0.01331159985383934,-0.005354308808830588,0.011406819372350219,0.03890351884585552,-0.056859978915542286,2,9
2022-09-15,85.0999984741211,89.1500015258789,84.52999877929688,88.91000366210938,235358,41.57240706329335,-2.113695317562275,4.3383458847364045,0.22305732077686571,89.26049995422363,87.42495092701022,65696843,-0.03820077706346103,-0.03894955806514469,0.013400593643982717,-0.005354308808830588,0.011406819372350219,0.019526463588589893,3,9
2022-09-16,85.11000061035156,86.58999633789062,84.2699966430664,85.16000366210938,87829,41.59382397643122,-2.1417936953680368,4.194178299742677,0.2479444115132572,88.99099998474121,87.06880472444735,65784672,0.00011753391785918055,0.00011752701128942239,-0.03820077706346103,0.013400593643982717,-0.005354308808830588,0.03890351884585552,4,9
2022-09-19,85.7300033569336,86.22000122070312,82.0999984741211,85.20999908447266,59626,42.988855969838234,-2.08994128001423,4.188880045945488,0.30658998021922357,88.73900032043457,86.86283528329139,65844298,0.007284722619384176,0.007258317187514524,0.00011753391785918055,-0.03820077706346103,0.013400593643982717,0.011406819372350219,0,9
2022-09-20,84.44999694824219,86.44999694824219,83.5199966430664,85.61000061035156,279813,40.8210861537987,-2.1276079469686664,4.098960064461937,0.24883980497120745,88.45,86.49162938559151,65564485,-0.014930670227109921,-0.015043254730761624,0.007284722619384176,0.00011753391785918055,-0.03820077706346103,-0.005354308808830588,1,9
2022-09-21,82.94000244140625,86.68000030517578,82.48999786376953,84.25,339683,38.36342206469834,-2.253328026216522,4.105463091386531,0.18621897072219232,87.91000022888184,85.94522524033225,65224802,-0.017880338204883328,-0.018042122862901723,-0.014930670227109921,0.007284722619384176,0.00011753391785918055,0.013400593643982717,2,9
2022-09-22,83.48999786376953,86.0,82.4000015258789,83.06999969482422,303492,39.78544896193791,-2.2822734332311256,4.069358475867571,0.24179681743511425,87.34000015258789,85.56749795163029,65528294,0.006631244347404364,0.006609354365199205,-0.017880338204883328,-0.014930670227109921,0.007284722619384176,-0.03820077706346103,3,9
2022-09-23,78.73999786376953,83.91999816894531,78.04000091552734,83.54000091552734,334271,32.75655846806549,-2.657860023533388,4.1986898171211715,0.002085208627274524,86.65100021362305,84.51711332272863,65194023,-0.0568930425384675,-0.0585755802338362,0.006631244347404364,-0.017880338204883328,-0.014930670227109921,0.00011753391785918055,4,9
2022-09-26,76.70999908447266,80.30999755859375,76.25,79.2300033569336,280927,30.29337361283983,-3.083771243075546,4.188783227226356,-0.03766096743390341,85.833500289917,83.3160188245354,64913096,-0.025781036758586673,-0.026119192349120236,-0.0568930425384675,0.006631244347404364,-0.017880338204883328,0.007284722619384176,0,9
2022-09-27,78.5,79.51000213623047,76.41999816894531,76.47000122070312,283614,34.93917325552927,-3.2395275814431415,4.110298994373413,0.0653276927583979,84.90800018310547,82.57509285152996,65196710,0.023334649157747966,0.023066558752072978,-0.025781036758586673,-0.0568930425384675,0.006631244347404364,-0.014930670227109921,1,9
2022-09-28,82.1500015258789,82.33999633789062,76.55000305175781,78.08000183105469,324678,43.24553635550882,-3.0334729945505643,4.230277158070513,0.33145553997618743,84.43350028991699,82.50969418604518,65521388,0.046496834724572,0.045448238269216075,0.023334649157747966,-0.025781036758586673,-0.0568930425384675,-0.017880338204883328,2,9
2022-09-29,81.2300033569336,82.94000244140625,80.33999633789062,81.9000015258789,286126,41.79704627189958,-2.910854890154013,4.113829225602307,0.2849756695040754,84.01750030517579,82.31281867387418,65235262,-0.01119900367446125,-0.011262184668438886,0.046496834724572,0.023334649157747966,-0.025781036758586673,0.006631244347404364,3,9
2022-09-30,79.48999786376953,82.55999755859375,79.13999938964844,81.73999786376953,253154,39.12768858755782,-2.9204182962478313,4.0642698644125215,0.18649481532698703,83.66150016784668,81.87853854924269,64982108,-0.021420724132169333,-0.021653477678323034,-0.01119900367446125,0.046496834724572,0.023334649157747966,-0.0568930425384675,4,9
2022-10-03,83.62999725341797,84.55999755859375,80.87000274658203,81.0199966430664,287168,47.68812333453007,-2.5643735115773154,4.136107709441928,0.5100562708683103,83.49949989318847,82.14799373450043,65269276,0.052082016617280624,0.050771073840550345,-0.021420724132169333,-0.01119900367446125,0.046496834724572,-0.025781036758586673,0,10
2022-10-04,86.5199966430664,86.9800033569336,83.22000122070312,83.22000122070312,302549,52.68977246477581,-2.0256561533412594,4.10924302564111,0.7354458726954476,83.4814998626709,82.8206095665875,65571825,0.034556970997991154,0.03397328773398024,0.052082016617280624,-0.021420724132169333,-0.01119900367446125,0.023334649157747966,1,10
2022-10-05,87.76000213623047,88.41999816894531,85.41999816894531,86.37000274658203,329790,54.691491986504374,-1.4815819312988765,4.030011380952459,0.7989304715298855,83.7724998474121,83.58051611576334,65901615,0.014332010416963303,0.014230278023359837,0.034556970997991154,0.052082016617280624,-0.021420724132169333,0.046496834724572,2,10
2022-10-06,88.44999694824219,89.06999969482422,87.04000091552734,88.08000183105469,235296,55.81186027072106,-0.983386508155931,3.88715333797706,0.8178462555841093,84.01799964904785,84.32966701306778,66136911,0.007862292561714224,0.007831545794454152,0.014332010416963303,0.034556970997991154,0.052082016617280624,-0.01119900367446125,3,10
2022-10-07,92.63999938964844,93.30999755859375,88.0,88.93000030517578,429162,61.962815208174234,-0.247610565830243,3.988785068021109,1.030653690922702,84.31049957275391,85.60817968638788,66566073,0.04737142550562323,0.046283621133100014,0.007862292561714224,0.014332010416963303,0.034556970997991154,-0.021420724132169333,4,10
2022-10-10,91.12999725341797,93.63999938964844,90.54000091552734,93.4800033569336,289508,58.78692458798452,0.21121782900858932,3.9253003113139653,0.9022207500119173,84.47799949645996,86.45769008131559,66276565,-0.016299677743728425,-0.016433978867390647,0.04737142550562323,0.007862292561714224,0.014332010416963303,0.052082016617280624,0,10
2022-10-11,89.3499984741211,91.3499984741211,87.91000366210938,91.13999938964844,333158,55.19551442788537,0.42629751973318264,3.890635632792376,0.7820965179692746,84.57999954223632,86.90266060328567,65943407,-0.019532523131181256,-0.019725803840981798,-0.016299677743728425,0.04737142550562323,0.007862292561714224,0.034556970997991154,1,10
2022-10-12,87.2699966430664,90.06999969482422,86.27999877929688,88.66999816894531,332271,51.255031358928235,0.4240230855474323,3.8834474387020164,0.664526499323366,84.51949920654297,86.95917384017501,65611136,-0.0232792598385676,-0.023554501818735887,-0.019532523131181256,-0.016299677743728425,0.04737142550562323,0.014332010416963303,2,10
2022-10-13,89.11000061035156,89.66000366210938,85.55999755859375,87.08000183105469,298032,54.35915547469889,0.5641898927859188,3.8989159147601313,0.7554116674524503,84.71999931335449,87.29007026635603,65909168,0.021084038479006306,0.020864845764892608,-0.0232792598385676,-0.019532523131181256,-0.016299677743728425,0.007862292561714224,3,10
2022-10-14,85.61000061035156,89.7300033569336,85.19999694824219,89.2699966430664,237026,48.08630855050992,0.3883753982544249,3.943993807183794,0.5502833459305864,84.7449993133545,87.03159801158611,65672142,-0.0392772974528901,-0.0400694625902089,0.021084038479006306,-0.0232792598385676,-0.019532523131181256,0.04737142550562323,4,10
2022-10-17,85.45999908447266,87.12000274658203,84.61000061035156,85.58999633789062,172020,47.83155584073147,0.23423713525217238,3.8415658306871276,0.5423749030543051,84.73149909973145,86.78981356126097,65500122,-0.0017521495714224455,-0.0017536863808918246,-0.0392772974528901,0.021084038479006306,-0.0232792598385676,-0.016299677743728425,0,10
2022-10-18,82.81999969482422,86.51000213623047,82.08999633789062,85.69999694824219,97304,43.46691032268824,-0.09979407208908242,3.8828829712337503,0.39404618810913394,84.64999923706054,86.17907296642456,65402818,-0.03089163840311937,-0.03137884507033144,-0.0017521495714224455,-0.0392772974528901,0.021084038479006306,-0.019532523131181256,1,10
2022-10-19,85.55000305175781,86.19999694824219,82.58999633789062,83.69000244140625,71309,48.681852294872336,-0.14258413401600478,3.86339137402788,0.5447003114833586,84.78049926757812,86.08229297955275,65474127,0.03296309305714962,0.032431461577801336,-0.03089163840311937,-0.0017521495714224455,-0.0392772974528901,-0.0232792598385676,2,10
2022-10-20,85.9800033569336,88.16999816894531,85.22000122070312,85.94000244140625,338344,49.472467415105925,-0.14018220224654954,3.7981489150431877,0.5624920210946025,84.90499954223633,86.06655611453442,65812471,0.005026303797039278,0.005013714100911246,0.03296309305714962,-0.03089163840311937,-0.0017521495714224455,0.021084038479006306,3,10
2022-10-21,85.05000305175781,85.9000015258789,83.1500015258789,85.06999969482422,272803,47.75872373362267,-0.21089088742982653,3.728995551901152,0.48950537882135114,85.22049980163574,85.91016333564572,65539668,-0.010816472073338024,-0.010875395387529897,0.005026303797039278,0.03296309305714962,-0.03089163840311937,-0.0392772974528901,4,10
2022-10-24,84.58000183105469,85.91999816894531,82.62999725341797,85.23999786376953,250726,46.874984749966494,-0.3013790898667992,3.697638792160166,0.4275779279875824,85.61399993896484,85.70552310417017,65288942,-0.0055261752361972505,-0.005541501030663559,-0.010816472073338024,0.005026303797039278,0.03296309305714962,-0.0017521495714224455,0,10
2022-10-25,85.31999969482422,86.02999877929688,83.05999755859375,84.87999725341797,240441,48.49109065896103,-0.30980871700398893,3.6456646799132346,0.45004259887506565,85.95499992370605,85.64621181042463,65529383,0.008749087819218238,0.008711036333179677,-0.0055261752361972505,-0.010816472073338024,0.005026303797039278,-0.03089163840311937,1,10
2022-10-26,87.91000366210938,88.41000366210938,84.13999938964844,85.06999969482422,287182,53.78972500340453,-0.10627253897185085,3.6902603650952135,0.6353394954761331,86.24300003051758,85.9944874799146,65816565,0.03035635228022948,0.029904715494257612,0.008749087819218238,-0.0055261752361972505,-0.010816472073338024,0.03296309305714962,2,10
2022-10-27,89.08000183105469,89.79000091552734,87.33000183105469,88.26000213623047,292556,55.992053682570216,0.14773739790902596,3.6023845593364596,0.7099361947335334,86.63549995422363,86.4691819954746,66109121,0.013309044707156659,0.013221257423768493,0.03035635228022948,0.008749087819218238,-0.0055261752361972505,0.005026303797039278,3,10
2022-10-28,87.9000015258789,88.76000213623047,87.08000183105469,88.66999816894531,263404,53.23634422483034,0.25093333667167883,3.4879285193838556,0.5874311245175131,87.05600013732911,86.68930807707527,65845717,-0.013246523135616028,-0.013335040893947693,0.013309044707156659,0.03035635228022948,0.008749087819218238,-0.010816472073338024,4,10
2022-10-31,86.52999877929688,88.6500015258789,85.30000305175781,88.38999938964844,285342,50.15028379190106,0.21963724809259588,3.4780763732936584,0.4266486352524759,87.20100021362305,86.66479895434013,65560375,-0.015585924036402687,-0.015708661539025393,-0.013246523135616028,0.013309044707156659,0.03035635228022948,-0.0055261752361972505,0,10
2022-11-01,88.37000274658203,89.44999694824219,85.91999816894531,86.43000030517578,274321,54.00660888467527,0.33939547525034186,3.4817851165796023,0.6172697666099307,87.29350051879882,86.92713799930043,65834696,0.02126434754700801,0.021041416099027432,-0.015585924036402687,-0.013246523135616028,0.013309044707156659,0.008749087819218238,1,11
2022-11-02,90.0,90.36000061035156,87.72000122070312,88.62000274658203,280961,57.167687298608655,0.5593836623246204,3.421657564655948,0.7738613167228954,87.4055004119873,87.39988599940804,66115657,0.0184451420477183,0.018277093719872264,0.02126434754700801,-0.015585924036402687,-0.013246523135616028,0.03035635228022948,2,11
2022-11-03,88.16999816894531,89.66999816894531,87.5999984741211,89.3499984741211,239816,52.78165172878784,0.5793812849075266,3.348682133314731,0.5823615730869888,87.39150047302246,87.51836479472146,65875841,-0.020333353678385402,-0.020542921998650533,0.0184451420477183,0.02126434754700801,-0.015585924036402687,0.013309044707156659,3,11
2022-11-04,92.61000061035156,92.87000274658203,87.81999969482422,87.9000015258789,354060,60.66660808010173,0.9426345311469788,3.470205056060665,1.0530307565809922,87.39000053405762,88.30169338174147,66229901,0.05035729311118531,0.049130385441120944,-0.020333353678385402,0.0184451420477183,0.02126434754700801,-0.013246523135616028,4,11
2022-11-07,91.79000091552734,93.73999786376953,90.4000015258789,91.0,322419,58.716477635860315,1.1510792979167235,3.460904433334233,0.9519307493123494,87.42300071716309,88.83835607924699,65907482,-0.008854332031313694,-0.008893764567584613,0.05035729311118531,-0.020333353678385402,0.0184451420477183,-0.015585924036402687,0,11
2022-11-08,88.91000366210938,92.16999816894531,88.5199966430664,91.87000274658203,344223,52.35137896565882,1.0715296414332869,3.4744113685159954,0.6571845157697194,87.4010009765625,88.84937878430274,65563259,-0.03137593664552174,-0.03187870588315595,-0.008854332031313694,0.05035729311118531,-0.020333353678385402,0.02126434754700801,1,11
2022-11-09,85.83000183105469,89.23999786376953,85.5,88.56999969482422,388301,46.540762333026,0.7512950962247089,3.493381832462677,0.345424204482284,87.32900123596191,88.38485925303381,65174958,-0.034641791746627515,-0.03525604625836199,-0.03137593664552174,-0.008854332031313694,0.05035729311118531,0.0184451420477183,2,11
2022-11-10,86.47000122070312,87.3499984741211,84.69999694824219,85.8499984741211,340007,47.83637483825386,0.5428913999081857,3.433140381992408,0.4241289063548167,87.19700126647949,88.09026570959833,65514965,0.0074565929860772595,0.007428930025776933,-0.034641791746627515,-0.03137593664552174,-0.008854332031313694,-0.020333353678385402,3,11
2022-11-11,88.95999908447266,90.0999984741211,86.18000030517578,86.2699966430664,301664,52.645013913243695,0.5720576622981213,3.4679159382033298,0.6664885189972446,87.36450119018555,88.22407084419437,65816629,0.028796089147890003,0.028389273121412952,0.0074565929860772595,-0.034641791746627515,-0.03137593664552174,0.05035729311118531,4,11
2022-11-14,85.87000274658203,89.83999633789062,85.1500015258789,89.0199966430664,315450,46.87071019375438,0.34189411257476365,3.5552072863325006,0.3409372067308898,87.38500137329102,87.86190652148478,65501179,-0.03473467142188813,-0.03535226354107958,0.028796089147890003,0.0074565929860772595,-0.034641791746627515,-0.008854332031313694,0,11
2022-11-15,86.91999816894531,88.68000030517578,84.05999755859375,85.25,331709,48.920925731963145,0.24143063451764135,3.6312641049217524,0.4218736366872469,87.59000129699707,87.71699754417102,65832888,0.012227732488398813,0.012153577652508817,-0.03473467142188813,0.028796089147890003,0.0074565929860772595,-0.03137593664552174,1,11
2022-11-16,85.58999633789062,87.51000213623047,84.19999694824219,86.88999938964844,225668,46.47451221957017,0.05387157390991604,3.6083170394265047,0.26634879756192426,87.59200096130371,87.38976658935864,65607220,-0.015301447987488226,-0.015419723215384675,0.012227732488398813,-0.03473467142188813,0.028796089147890003,-0.034641791746627515,2,11
2022-11-17,81.63999938964844,85.44999694824219,81.4000015258789,85.22000122070312,138476,40.06621403729132,-0.4087898007725528,3.64986545175402,-0.07660667888880977,87.37500076293945,86.50518702017246,65468744,-0.04615021751664128,-0.047249080641357105,-0.015301447987488226,0.012227732488398813,-0.03473467142188813,0.0074565929860772595,3,11
2022-11-18,80.08000183105469,82.63999938964844,77.23999786376953,82.08999633789062,96583,37.84665252161826,-0.8910594602460833,3.774875171334369,-0.10381851553713045,87.12650070190429,85.51669699107742,65372161,-0.019108250493097723,-0.019293172593227038,-0.04615021751664128,-0.015301447987488226,0.012227732488398813,0.028796089147890003,4,11
2022-11-21,79.7300033569336,80.30000305175781,75.08000183105469,80.30000305175781,475104,37.34676898892086,-1.2866716419829345,3.878098460574994,-0.042617063125071464,86.88400077819824,84.62643643197836,64897057,-0.004370610216262061,-0.004380189254109803,-0.019108250493097723,-0.04615021751664128,-0.015301447987488226,-0.03473467142188813,0,11
2022-11-22,80.94999694824219,82.36000061035156,79.8499984741211,80.22000122070312,269615,40.30644961298469,-1.484639855239493,3.7889483743494923,0.09511685589873645,86.66550064086914,84.06083035755742,65166672,0.015301562021099446,0.015185673806176454,-0.004370610216262061,-0.019108250493097723,-0.04615021751664128,0.012227732488398813,1,11
2022-11-23,77.94000244140625,81.94999694824219,76.83000183105469,81.08000183105469,379145,35.81157449891751,-1.862937705427541,3.884023141695064,-0.015229035035234048,86.16700057983398,83.1191645243034,64787527,-0.03718338011501676,-0.03789231118961153,0.015301562021099446,-0.004370610216262061,-0.019108250493097723,-0.015301447987488226,2,11
2022-11-25,76.27999877929688,79.9000015258789,76.22000122070312,77.51000213623047,266451,33.58702223798109,-2.2705167952254612,3.8694500819436866,-0.017063619588217737,85.5270004272461,82.06698517891778,64521076,-0.021298481012460013,-0.021528566505445258,-0.03718338011501676,0.015301562021099446,-0.004370610216262061,-0.04615021751664128,4,11
2022-11-28,77.23999786376953,77.83999633789062,73.5999984741211,75.93000030517578,405033,36.060647389355154,-2.487389183112313,3.8959177806455325,0.09453407100823918,84.99400024414062,81.32437174581806,64926109,0.012585200574664945,0.012506665173971046,-0.021298481012460013,-0.03718338011501676,0.015301562021099446,-0.019108250493097723,0,11
2022-11-29,78.19999694824219,79.6500015258789,76.29000091552734,76.54000091552734,381869,38.5264260029231,-2.55237600810149,3.857637982767392,0.18031625273992516,84.57750015258789,80.84369870003715,65307978,0.012428781862032556,0.012352178622964359,0.012585200574664945,-0.021298481012460013,-0.03718338011501676,-0.004370610216262061,1,11
2022-11-30,80.55000305175781,81.37999725341797,78.4000015258789,79.0,287534,44.199361789191606,-2.3867398312957278,3.8092352915108485,0.31749015897674787,84.18650016784667,80.79851475414803,65595512,0.030051230117962957,0.029608538983256973,0.012428781862032556,0.012585200574664945,-0.021298481012460013,0.015301562021099446,2,11
2022-12-01,81.22000122070312,83.33999633789062,79.93000030517578,80.4000015258789,321432,45.73685661060981,-2.1763214362039065,3.780718201596848,0.3692925515408903,83.74750022888183,80.86335882592573,65916944,0.008317791974691735,0.008283389778253769,0.030051230117962957,0.012428781862032556,0.012585200574664945,-0.03718338011501676,3,12
2022-12-02,79.9800033569336,82.22000122070312,79.6500015258789,81.47000122070312,280235,43.35588324041969,-2.0855795438690876,3.694238308255946,0.32470147354808154,83.33800048828125,80.72745798454233,65636709,-0.015267149041281347,-0.015384891896905036,0.008317791974691735,0.030051230117962957,0.012428781862032556,-0.021298481012460013,4,12
2022-12-05,76.93000030517578,82.72000122070312,76.7699966430664,79.98999786376953,346657,38.101791609660566,-2.234023267178685,3.855364470354573,0.18619038038381042,82.55400047302246,80.14323372617824,65290052,-0.03813457018932975,-0.03888072395306297,-0.015267149041281347,0.008317791974691735,0.030051230117962957,0.012585200574664945,0,12
2022-12-06,74.25,77.87999725341797,73.41000366210938,77.3499984741211,380598,34.18197288782797,-2.5386555731226963,3.899266550422717,0.06817082588832749,81.6770004272461,79.23658238368927,64909454,-0.03483686851091139,-0.03545814375496243,-0.03813457018932975,-0.015267149041281347,0.008317791974691735,0.012428781862032556,1,12
2022-12-07,72.01000213623047,75.37999725341797,71.75,74.55000305175781,392236,31.28494042463491,-2.927086348130274,3.8800330292080925,0.004730944018031063,80.83200035095214,78.12480080715714,64517218,-0.03016832139756942,-0.030632749756286597,-0.03483686851091139,-0.03813457018932975,-0.015267149041281347,0.030051230117962957,2,12
2022-12-08,71.45999908447266,75.44000244140625,71.12000274658203,72.37999725341797,474459,30.59918650972692,-3.241930231844748,3.9114592196092444,0.043482799220073656,80.11350021362304,77.0994466959749,64042759,-0.007637870232489408,-0.00766718814300438,-0.03016832139756942,-0.03483686851091139,-0.03813457018932975,0.008317791974691735,3,12
2022-12-09,71.0199966430664,72.91999816894531,70.08000183105469,71.8499984741211,356722,30.032043584025104,-3.486757626299081,3.834926156629343,0.07514445219985902,79.34099998474122,76.16414668783514,63686037,-0.006157325035592631,-0.006176359536017363,-0.007637870232489408,-0.03016832139756942,-0.03483686851091139,-0.015267149041281347,4,12
2022-12-12,73.16999816894531,73.98999786376953,70.25,71.79000091552734,323553,36.24978501239633,-3.4673287381086055,3.8281455642822135,0.20378647706655648,78.55149993896484,75.70350845415977,64009590,0.030273185405575553,0.02982399562377329,-0.006157325035592631,-0.007637870232489408,-0.03016832139756942,-0.03813457018932975,0,12
2022-12-13,75.38999938964844,76.37000274658203,73.20999908447266,73.29000091552734,352858,41.9828755011689,-3.235498842426253,3.7832783509503924,0.3453385488897501,78.02749977111816,75.6552762903888,64362448,0.030340320845399837,0.029889156256414372,0.030273185405575553,-0.006157325035592631,-0.007637870232489408,-0.03483686851091139,1,12
2022-12-14,77.27999877929688,77.75,74.9000015258789,75.2699966430664,292488,46.402118674115556,-2.8662247695131384,3.7166155026054426,0.48227179432849965,77.54549980163574,75.90523359637464,64654936,0.025069629990048137,0.02476054198072616,0.030340320845399837,0.030273185405575553,-0.006157325035592631,-0.03016832139756942,2,12
2022-12-15,76.11000061035156,77.7699966430664,75.33000183105469,77.37000274658203,224663,44.15965423190556,-2.637577133049618,3.6254283104201765,0.4263794475478858,77.07150001525879,75.93673621390955,64430273,-0.015139728098167993,-0.015255503809779651,0.025069629990048137,0.030340320845399837,0.030273185405575553,-0.007637870232489408,3,12
2022-12-16,74.29000091552734,76.56999969482422,73.33000183105469,76.37000274658203,99205,40.85233965215925,-2.5735645487060737,3.597897564230845,0.3078920134799097,76.70400009155273,75.68339232185075,64331068,-0.02391275364904788,-0.024203304811224517,-0.015139728098167993,0.025069629990048137,0.030340320845399837,-0.006157325035592631,4,12
2022-12-19,75.19000244140625,76.41000366210938,73.80999755859375,74.5,69348,43.120944376747886,-2.4222888745923683,3.5266196027511865,0.39622821028546984,76.45950012207031,75.60748618639775,64400416,0.012114706081404858,0.01204191037235116,-0.02391275364904788,-0.015139728098167993,0.025069629990048137,0.030273185405575553,0,12
2022-12-20,76.08999633789062,76.75,74.30999755859375,75.69999694824219,254792,45.37713973527606,-2.2043692307712774,3.449004091226548,0.4841915315655336,76.27749977111816,75.68171851739666,64655208,0.011969595255509224,0.011898526200013675,0.012114706081404858,-0.02391275364904788,-0.015139728098167993,0.030340320845399837,1,12
2022-12-21,78.29000091552734,78.61000061035156,75.80000305175781,75.98999786376953,234624,50.54168775793825,-1.8330145095527257,3.4033607674670625,0.6910050117576075,76.14449996948242,76.0829927324937,64889832,0.028913190741490125,0.02850309055409988,0.011969595255509224,0.012114706081404858,-0.02391275364904788,0.025069629990048137,2,12
2022-12-22,77.48999786376953,79.9000015258789,77.02999877929688,78.43000030517578,219142,48.73713084494172,-1.5849959314214033,3.3652637659752744,0.6223405635810396,76.12199974060059,76.29945506038229,64670690,-0.010218457560384864,-0.010271024405837678,0.028913190741490125,0.011969595255509224,0.012114706081404858,-0.015139728098167993,3,12
2022-12-23,79.55999755859375,80.33000183105469,77.9800033569336,78.18000030517578,237711,53.375820973949544,-1.207488569122603,3.3277452089259802,0.7827880185982441,76.28599967956544,76.80107698318405,64908401,0.026713121072262203,0.02636255509138068,-0.010218457560384864,0.028913190741490125,0.011969595255509224,-0.02391275364904788,4,12
2022-12-27,79.52999877929688,81.18000030517578,79.16000366210938,79.9000015258789,199601,53.300547474467066,-0.9003532041985238,3.2343345970788677,0.7630657185889521,76.4004997253418,77.22091110566295,64708800,-0.0003770585748796851,-0.0003771296793383892,0.026713121072262203,-0.010218457560384864,0.028913190741490125,0.012114706081404858,1,12
2022-12-28,78.95999908447266,79.91999816894531,77.30000305175781,79.88999938964844,207717,51.80558649414149,-0.6949297092816238,3.1904532056580557,0.7100168551123321,76.43849983215333,77.4884631024029,64501083,-0.007167103024935506,-0.007192910089677919,-0.0003770585748796851,0.026713121072262203,-0.010218457560384864,0.011969595255509224,2,12
2022-12-29,78.4000015258789,78.81999969482422,76.79000091552734,78.81999969482422,199858,50.31254904053158,-0.5707381186871743,3.1175635601785743,0.6790570044529799,76.33099975585938,77.62869978293767,64301225,-0.007092167744260691,-0.007117436711298444,-0.007167103024935506,-0.0003770585748796851,0.026713121072262203,0.028913190741490125,3,12
2022-12-30,80.26000213623047,80.66999816894531,77.70999908447266,78.7300033569336,205909,54.95601774422629,-0.31855675977530495,3.1063089547710088,0.8533073236393656,76.28299980163574,78.0335155295981,64507134,0.02372449711927116,0.023447444636044895,-0.007092167744260691,-0.007167103024935506,-0.0003770585748796851,-0.010218457560384864,4,12
2023-01-03,76.93000030517578,81.5,76.5999984741211,80.56999969482422,338520,46.56570651089109,-0.38298966726723904,3.234429852707287,0.5743159983360272,76.13049964904785,77.86374395661005,64168614,-0.04149017869950289,-0.042375470017376494,0.02372449711927116,-0.007092167744260691,-0.007167103024935506,0.026713121072262203,1,1
2023-01-04,72.83999633789062,77.41999816894531,72.7300033569336,77.25,352434,38.74205631638867,-0.7553748580797617,3.3383987783718894,0.22199146616905724,75.92599945068359,77.0908597075763,63816180,-0.05316526648980113,-0.05463071685444142,-0.04149017869950289,0.02372449711927116,-0.007092167744260691,-0.0003770585748796851,2,1
2023-01-05,73.66999816894531,74.91999816894531,72.45999908447266,73.25,300731,40.91168222448438,-0.9723104044375788,3.2756559430933727,0.300834580347597,75.89699935913086,76.56457331701769,64116911,0.01139486371202536,0.011330431256570664,-0.05316526648980113,-0.04149017869950289,0.02372449711927116,-0.007167103024935506,3,1
2023-01-06,73.7699966430664,75.47000122070312,73.23999786376953,73.97000122070312,258128,41.181973420082585,-1.1232166048799002,3.200966472653388,0.2947294148936818,75.98499908447266,76.13463844410211,64375039,0.0013573839637102125,0.0013564635509059847,0.01139486371202536,-0.05316526648980113,-0.04149017869950289,-0.007092167744260691,4,1
2023-01-09,74.62999725341797,76.73999786376953,73.47000122070312,73.47000122070312,329290,43.572592812806796,-1.1600437319804087,3.205897199111461,0.34949363231122693,76.14349899291992,75.90315518399686,64704329,0.011657864301019893,0.011590434949835204,0.0013573839637102125,0.01139486371202536,-0.05316526648980113,0.02372449711927116,0,1
2023-01-10,75.12000274658203,75.91999816894531,73.83999633789062,74.86000061035156,307430,44.94561876890623,-1.1365882653596913,3.1254761013931196,0.3628980504580947,76.3484992980957,75.78267019362534,65011759,0.0065657980865276855,0.006544337121958464,0.011657864301019893,0.0013573839637102125,0.01139486371202536,-0.04149017869950289,1,1
2023-01-11,77.41000366210938,77.83999633789062,74.30999755859375,74.77999877929688,350891,50.952202715955316,-0.9225807667360186,3.1543705783862452,0.5998450533241809,76.56049957275391,76.03302918877674,65362650,0.030484569113404802,0.030029147061982935,0.0065657980865276855,0.011657864301019893,0.0013573839637102125,-0.05316526648980113,2,1
2023-01-12,78.38999938964844,79.16000366210938,77.0999984741211,77.69999694824219,307705,53.30033541432935,-0.6662210357971361,3.076201621929248,0.6957524454902974,76.7104995727539,76.39563998891084,65670355,0.01265980727525462,0.012580341889957748,0.030484569113404802,0.0065657980865276855,0.011657864301019893,0.01139486371202536,3,1
2023-01-13,79.86000061035156,80.11000061035156,77.97000122070312,78.31999969482422,283539,56.652643625508055,-0.3405120775889685,3.00933003390919,0.8355672181744039,76.83949966430664,76.92861854605557,65953894,0.018752407604907262,0.01857874886330334,0.01265980727525462,0.030484569113404802,0.0065657980865276855,0.0013573839637102125,4,1
2023-01-17,80.18000030517578,81.2300033569336,78.52999877929688,80.0999984741211,312275,57.37004402759087,-0.055919475672510544,2.9872353584611564,0.8327831222048075,77.04299964904786,77.42883112438176,66266169,0.004007008419465663,0.003999001742649654,0.018752407604907262,0.01265980727525462,0.030484569113404802,0.011657864301019893,1,1
2023-01-18,79.4800033569336,82.37999725341797,78.94000244140625,80.97000122070312,92549,55.21723779123562,0.11184898267202925,3.019575319429054,0.7341664209512554,77.30249977111816,77.74439608323588,66173620,-0.008730318602867326,-0.008768651100673848,0.004007008419465663,0.018752407604907262,0.01265980727525462,0.0065657980865276855,2,1
2023-01-19,80.33000183105469,81.18000030517578,78.12999725341797,79.13999938964844,58863,57.31198859817895,0.30982302081862656,3.021748728881108,0.7933821566388859,77.55949974060059,78.14218158290032,66232483,0.010694494693261003,0.01063771306005812,-0.008730318602867326,0.004007008419465663,0.018752407604907262,0.030484569113404802,3,1
2023-01-20,81.30999755859375,81.63999938964844,79.69000244140625,80.5999984741211,300145,59.65514035721094,0.5395764361409334,2.9451950302640424,0.8531926934935556,77.82049980163575,78.62953788685316,66532628,0.012199622870669558,0.01212580721396317,0.010694494693261003,-0.008730318602867326,0.004007008419465663,0.01265980727525462,4,1
2023-01-23,81.62000274658203,82.63999938964844,81.05000305175781,81.79000091552734,297076,60.3957104734904,0.738163412587511,2.848395123665941,0.8487137159684682,77.98699989318848,79.08960940373453,66829704,0.0038126330992063195,0.0038053834346630346,0.012199622870669558,0.010694494693261003,-0.008730318602867326,0.018752407604907262,0,1
2023-01-24,80.12999725341797,82.22000122070312,79.66000366210938,81.62000274658203,288207,55.15526131536463,0.7664785438235668,2.8277952975893563,0.6902436507044449,78.1189998626709,79.24966907291659,66541497,-0.018255396263466284,-0.01842408211510216,0.0038126330992063195,0.012199622870669558,0.010694494693261003,0.004007008419465663,1,1
2023-01-25,80.1500015258789,81.2300033569336,79.44999694824219,80.26000213623047,297234,55.21145001673285,0.781523747651292,2.7529532340966454,0.6879834513178444,78.14850006103515,79.38818175798772,66838731,0.0002496477367603944,0.00024961657994953667,-0.018255396263466284,0.0038126330992063195,0.012199622870669558,-0.008730318602867326,2,1
2023-01-26,81.01000213623047,82.13999938964844,79.91999816894531,80.4800033569336,291060,57.667152027482416,0.8530090842662759,2.7148852331399653,0.7562853824269689,78.22250022888184,79.63769258540968,67129791,0.010729888883082461,0.010672732119007489,0.0002496477367603944,-0.018255396263466284,0.0038126330992063195,0.010694494693261003,3,1
2023-01-27,79.68000030517578,82.4800033569336,79.04000091552734,81.22000122070312,367588,52.8418465595523,0.7931982009686322,2.7666793194447004,0.6300123937970564,78.258500289917,79.6442014653737,66762203,-0.016417748376528762,-0.016554013105999542,0.010729888883082461,0.0002496477367603944,-0.018255396263466284,0.012199622870669558,4,1
2023-01-30,77.9000015258789,80.48999786376953,77.66000366210938,80.04000091552734,327426,47.15494512871488,0.5953043219628285,2.7712018110315184,0.46950752645002686,78.23350028991699,79.37586301314373,66434777,-0.022339342024089492,-0.02259264464199529,-0.016417748376528762,0.010729888883082461,0.0002496477367603944,0.0038126330992063195,0,1
2023-01-31,78.87000274658203,79.25,76.55000305175781,77.91000366210938,312734,50.294305155628805,0.5108541799834398,2.766115749403709,0.5653870568193058,78.16400032043457,79.29803835674961,66747511,0.012451876786945704,0.012374989769700837,-0.022339342024089492,-0.016417748376528762,0.010729888883082461,-0.018255396263466284,1,1
2023-02-01,76.41000366210938,79.7300033569336,76.05000305175781,79.05999755859375,360859,43.2732326408023,0.2426285955689167,2.8313932176731424,0.3407991120640581,78.13800048828125,78.85372532680496,66386652,-0.031190554061179654,-0.031687336647495866,0.012451876786945704,-0.022339342024089492,-0.016417748376528762,0.0002496477367603944,2,2
2023-02-02,75.87999725341797,77.23999786376953,74.97000122070312,76.79000091552734,339755,41.91557298636154,-0.012564366082443712,2.7912934623440897,0.257868185445281,78.29000053405761,78.39622870013004,66046897,-0.0069363484267731534,-0.006960516716146392,-0.031190554061179654,0.012451876786945704,-0.022339342024089492,0.010729888883082461,3,2
2023-02-03,73.38999938964844,78.0,73.0999984741211,75.91999816894531,413414,36.173546410905224,-0.4109909962116234,2.9419154668822904,0.01429795488404556,78.27600059509277,77.62603957544056,65633483,-0.03281494404188812,-0.03336543063000143,-0.0069363484267731534,-0.031190554061179654,0.012451876786945704,-0.016417748376528762,4,2
2023-02-06,74.11000061035156,74.51000213623047,72.25,73.2300033569336,380028,38.784909310548905,-0.6610289595192853,2.893207371835732,0.07923864742643967,78.29300079345703,77.0851105038884,66013511,0.009810617613994488,0.009762805958597316,-0.03281494404188812,-0.0069363484267731534,-0.031190554061179654,-0.022339342024089492,0,2
2023-02-07,77.13999938964844,77.5999984741211,74.3499984741211,74.56999969482422,408279,48.36006987903042,-0.607685250833299,2.935835264116718,0.36441124486387905,78.41850090026855,77.09355494785149,66421790,0.04088515388399072,0.04007146066880467,0.009810617613994488,-0.03281494404188812,-0.0069363484267731534,0.012451876786945704,1,2
2023-02-08,78.47000122070312,78.56999969482422,77.08000183105469,77.48999786376953,353468,51.915461839892416,-0.45286954666944723,2.8325611640919184,0.4870113588628243,78.58600082397462,77.30531591290558,66775258,0.017241403183536397,0.01709445682786104,0.04088515388399072,0.009810617613994488,-0.03281494404188812,-0.031190554061179654,2,2
2023-02-09,78.05999755859375,78.83999633789062,76.5199966430664,78.44999694824219,324156,50.755339584290475,-0.3591211298812027,2.795949630572797,0.43710701667045937,78.61850051879883,77.42142078147299,66451102,-0.005224973311217407,-0.005238671219238274,0.017241403183536397,0.04088515388399072,0.009810617613994488,-0.0069363484267731534,3,2
2023-02-10,79.72000122070312,80.33000183105469,77.47000122070312,77.68000030517578,356062,55.12747439180451,-0.14915702254400287,2.8005247005569944,0.6159223399774554,78.68500061035157,77.77504854135455,66807164,0.021265740635763253,0.02104278018052939,-0.005224973311217407,0.017241403183536397,0.04088515388399072,-0.03281494404188812,4,2
2023-02-13,80.13999938964844,80.62000274658203,78.44999694824219,79.94000244140625,301299,56.1873548996378,0.05054869351974389,2.7554876361129126,0.6608050890541286,78.69900054931641,78.13888713339976,67108463,0.005268416489138783,0.005254586934955847,0.021265740635763253,-0.005224973311217407,0.017241403183536397,0.009810617613994488,0,2
2023-02-14,79.05999755859375,79.61000061035156,77.45999908447266,79.05999755859375,299938,52.73782149352914,0.12028324016908698,2.7500956839031176,0.5470345824242382,78.6430004119873,78.28059642958345,66808525,-0.013476439222361525,-0.013568070603816167,0.005268416489138783,0.021265740635763253,-0.005224973311217407,0.04088515388399072,1,2
2023-02-15,78.58999633789062,79.1500015258789,77.25,78.83000183105469,264486,51.262849783272266,0.13605484469387363,2.689374672615674,0.49903721540536955,78.59850006103515,78.32819641547685,66544039,-0.005944867634922413,-0.005962608707684238,-0.013476439222361525,0.005268416489138783,0.021265740635763253,0.017241403183536397,2,2
2023-02-16,78.48999786376953,79.54000091552734,77.91999816894531,78.54000091552734,117600,50.93643552162577,0.13888394609033128,2.612990963613271,0.49810067300802763,78.50649986267089,78.35308894598343,66426439,-0.001272407160971989,-0.0012732173583038164,-0.005944867634922413,-0.013476439222361525,0.005268416489138783,-0.005224973311217407,3,2
2023-02-17,76.33999633789062,78.25,75.05999755859375,78.06999969482422,93267,44.39161943627719,-0.0319923377414284,2.671348773724879,0.2739085643806673,78.25799980163575,78.04338239089223,66333172,-0.02739204464765732,-0.027774201576087686,-0.001272407160971989,-0.005944867634922413,-0.013476439222361525,0.021265740635763253,4,2
2023-02-21,76.16000366210938,77.51000213623047,75.69000244140625,76.52999877929688,402351,43.88326273217836,-0.17986357313927215,2.6105381252319746,0.27407613634012634,77.98499984741211,77.75363181723334,65930821,-0.002357776845895776,-0.002360560778512077,-0.02739204464765732,-0.001272407160971989,-0.005944867634922413,0.005268416489138783,1,2
2023-02-22,73.94999694824219,76.55000305175781,73.80000305175781,76.11000061035156,332018,38.11220884631624,-0.46996420969234975,2.620499687715405,0.06411142095877155,77.67599983215332,77.16845722200394,65598803,-0.029017943902314935,-0.029447290678574236,-0.002357776845895776,-0.02739204464765732,-0.001272407160971989,-0.013476439222361525,2,2
2023-02-23,75.38999938964844,75.98999786376953,73.83000183105469,73.91999816894531,333838,43.340759136580516,-0.5770233260853956,2.5876065695010797,0.2577088593419316,77.4379997253418,76.89484832471847,65932641,0.01947265045073787,0.019285484238734635,-0.029017943902314935,-0.002357776845895776,-0.02739204464765732,-0.005944867634922413,3,2
2023-02-24,76.31999969482422,76.62999725341797,74.08999633789062,75.5999984741211,329254,46.48527746981997,-0.5801377282472657,2.584206165645813,0.3872116596012922,77.20349960327148,76.80641007396551,66261895,0.01233585770931156,0.012260391013708292,0.01947265045073787,-0.029017943902314935,-0.002357776845895776,-0.001272407160971989,4,2
2023-02-27,75.68000030517578,76.81999969482422,74.98999786376953,76.41999816894531,266091,44.64884582157001,-0.6270206131238609,2.530334427460733,0.3257199614806051,77.00349960327148,76.63311626338246,65995804,-0.008385736271063426,-0.008421094365324252,0.01233585770931156,0.01947265045073787,-0.029017943902314935,-0.02739204464765732,0,2
2023-02-28,77.05000305175781,77.83000183105469,75.55000305175781,75.76000213623047,300093,49.269027856314054,-0.5473187156431578,2.512453309734743,0.511788769360789,76.96099967956543,76.69725269236328,66295897,0.01810257321693398,0.017940672597550784,-0.008385736271063426,0.01233585770931156,0.01947265045073787,-0.002357776845895776,1,2
2023-03-01,77.69000244140625,77.8499984741211,76.12000274658203,76.8499984741211,342121,51.31351160420217,-0.42758287638412185,2.4565634824350515,0.6067854697654683,76.90199966430664,76.84998342298528,66638018,0.008306286363396032,0.008271979013680026,0.01810257321693398,-0.008385736271063426,0.01233585770931156,-0.029017943902314935,2,3
2023-03-02,78.16000366210938,78.58999633789062,77.2300033569336,77.73999786376953,260331,52.81733573027562,-0.2914070317075783,2.3782370180437646,0.6572541114332169,76.98949966430663,77.05152499823514,66898349,0.006049700166473881,0.006031474201232518,0.008306286363396032,0.01810257321693398,-0.008385736271063426,0.01947265045073787,3,3
2023-03-03,79.68000030517578,79.9000015258789,75.83000183105469,77.88999938964844,374201,57.40008079435097,-0.060142383790946496,2.4990772092423685,0.8238058017064327,77.17949981689453,77.45590581468755,67272550,0.019447243754458388,0.019260562517824452,0.006049700166473881,0.008306286363396032,0.01810257321693398,0.01233585770931156,4,3
2023-03-06,80.45999908447266,80.62999725341797,78.31999969482422,79.91999816894531,292351,59.570186805704935,0.1839553755610268,2.4855715199103243,0.8955606121728169,77.53299980163574,77.9180740100391,67564901,0.009789141268944146,0.009741538036617536,0.019447243754458388,0.006049700166473881,0.008306286363396032,-0.008385736271063426,0,3
2023-03-07,77.58000183105469,80.94000244140625,77.05999755859375,80.5,398241,49.53611986460199,0.1433603306147262,2.5851739029747653,0.4811220113327168,77.7064998626709,77.86606290557997,67166660,-0.03579414971648631,-0.036450469529008156,0.009789141268944146,0.019447243754458388,0.006049700166473881,0.01810257321693398,1,3
2023-03-08,76.66000366210938,77.7300033569336,76.11000061035156,77.31999969482422,335930,46.82289453647925,0.03653119268548721,2.5162331060895697,0.3484336622654543,77.68250007629395,77.6805153296614,66830730,-0.011858702593856352,-0.011929577890763479,-0.03579414971648631,0.009789141268944146,0.019447243754458388,0.008306286363396032,2,3
2023-03-09,75.72000122070312,78.05999755859375,75.43000030517578,76.5,349960,44.16135472571377,-0.12256910948163124,2.524359116613027,0.23601612816000955,77.54500007629395,77.37889777443705,66480770,-0.012261967081940828,-0.0123377652608065,-0.011858702593856352,-0.03579414971648631,0.009789141268944146,0.006049700166473881,3,3
2023-03-10,76.68000030517578,77.11000061035156,74.7699966430664,75.6500015258789,371834,47.44684384227664,-0.16924242085710262,2.511190891661036,0.3852314539433238,77.47600021362305,77.2713750868584,66852604,0.012678276135713817,0.012598579694905953,-0.012261967081940828,-0.011858702593856352,-0.03579414971648631,0.019447243754458388,4,3
2023-03-13,74.80000305175781,77.47000122070312,72.30000305175781,76.5999984741211,457423,42.20912064099844,-0.35385243236859765,2.7011056971813416,0.1522750680248934,77.23000030517578,76.89116400453523,66395181,-0.02451743930537087,-0.02482299637797327,0.012678276135713817,-0.012261967081940828,-0.011858702593856352,0.009789141268944146,0,3
2023-03-14,71.33000183105469,74.9000015258789,70.77999877929688,74.69999694824219,432858,34.61386484626824,-0.7712666136103934,2.8024554864242477,-0.16795740863743214,76.7895004272461,76.03560059323053,65962323,-0.046390388758434375,-0.04750090381919502,-0.02451743930537087,0.012678276135713817,-0.012261967081940828,-0.03579414971648631,1,3
2023-03-15,67.61000061035156,72.55999755859375,65.6500015258789,71.55999755859375,555164,28.659869997514704,-1.3862633873048082,3.095851239730719,-0.2703044416331886,76.21700057983398,74.73935444201838,65407159,-0.052151985492920105,-0.05356111183001665,-0.046390388758434375,-0.02451743930537087,0.012678276135713817,-0.011858702593856352,2,3
2023-03-16,68.3499984741211,69.37999725341797,65.70999908447266,68.22000122070312,327120,31.195282592631614,-1.7932694244307328,3.1368617346746186,-0.0714447664454551,75.7050006866455,73.7563766008034,65734279,0.01094509476540706,0.010885630715347722,-0.052151985492920105,-0.046390388758434375,-0.02451743930537087,-0.012261967081940828,3,3
2023-03-17,66.73999786376953,69.63999938964844,65.16999816894531,68.26000213623047,152255,28.79729617898427,-2.2201457765724797,3.232085983676655,-0.06709786737741474,75.11750068664551,72.67693371818281,65582024,-0.02355523988725683,-0.023837099530488595,0.01094509476540706,-0.052151985492920105,-0.046390388758434375,0.012678276135713817,4,3
2023-03-20,67.63999938964844,67.69999694824219,64.12000274658203,66.62000274658203,76873,31.9465650003291,-2.457497260925976,3.2569365706754767,0.06217753605704268,74.6825008392334,71.90202074456214,65658897,0.013485189611722737,0.013395073691870074,-0.02355523988725683,0.01094509476540706,-0.052151985492920105,-0.02451743930537087,0,3
2023-03-21,69.33000183105469,69.5999984741211,66.7699966430664,67.62000274658203,409495,37.53368388072696,-2.4806357247269375,3.2264412321311347,0.199483817887539,74.34100074768067,71.50632552709945,66068392,0.024985252168185035,0.02467822435826142,0.013485189611722737,-0.02355523988725683,0.01094509476540706,-0.046390388758434375,1,3
2023-03-22,70.9000015258789,71.30999755859375,68.88999938964844,69.4800033569336,337639,42.274998081989565,-2.345252656895809,3.1688381561892904,0.30589330831368244,74.1885009765625,71.41304491152707,66406031,0.022645314486649415,0.02239271569453471,0.024985252168185035,0.013485189611722737,-0.02355523988725683,-0.052151985492920105,2,3
2023-03-23,69.95999908447266,71.66999816894531,69.13999938964844,69.94999694824219,335241,40.30257648333831,-2.2874427254947562,3.1232067721255463,0.27115741062868376,73.91700096130371,71.18949939967254,66070790,-0.013258144163271202,-0.013346817995684641,0.022645314486649415,0.024985252168185035,0.013485189611722737,0.01094509476540706,3,3
2023-03-24,69.26000213623047,70.37999725341797,66.81999969482422,69.51000213623047,380852,38.848967873963836,-2.2719225332255633,3.1544061140161324,0.255442099470219,73.56400108337402,70.8926536668353,65689938,-0.010005674062359304,-0.01005606724604635,-0.013258144163271202,0.022645314486649415,0.024985252168185035,-0.02355523988725683,4,3
2023-03-27,72.80999755859375,73.0999984741211,69.12999725341797,69.41999816894531,353598,48.91240744353647,-1.9506814653249904,3.2126629073509174,0.46511532798410077,73.42050094604492,71.18762965018276,66043536,0.051256068623570794,0.049985705057510155,-0.010005674062359304,-0.013258144163271202,0.022645314486649415,0.013485189611722737,0,3
2023-03-28,73.19999694824219,73.93000030517578,72.19000244140625,72.86000061035156,328472,49.88808093089619,-1.6456558173360634,3.107472547095104,0.4983700565962048,73.22800064086914,71.49722461911497,66372008,0.005356398883746616,0.005342104401159677,0.051256068623570794,-0.010005674062359304,-0.013258144163271202,0.024985252168185035,1,3
2023-03-29,72.97000122070312,74.37000274658203,72.76000213623047,73.61000061035156,312669,49.29023336537462,-1.4062689338739318,3.0005102658991367,0.4986815465635978,72.99200057983398,71.72380563474393,66059339,-0.003142018266772406,-0.003146964770220413,0.005356398883746616,0.051256068623570794,-0.010005674062359304,0.022645314486649415,2,3
2023-03-30,74.37000274658203,74.62999725341797,72.61000061035156,72.9800033569336,269743,52.983710721011064,-1.0910082175998923,2.9304735785539413,0.5975900221875512,72.80250053405761,72.13091288271902,66329082,0.019185987425770934,0.019004257140160793,-0.003142018266772406,0.005356398883746616,0.051256068623570794,-0.013258144163271202,3,3
2023-03-31,75.66999816894531,75.72000122070312,73.7699966430664,74.37000274658203,304361,56.17566841835451,-0.727872600300941,2.8604400784884256,0.7040411829949493,72.6020004272461,72.67538754213845,66633443,0.01748010453614013,0.01732908486201034,0.019185987425770934,-0.003142018266772406,0.005356398883746616,-0.010005674062359304,4,3
2023-04-03,80.41999816894531,81.69000244140625,79.0,80.0999984741211,547126,65.414873642837,-0.056152414664424555,3.086123235200748,1.0206571459719753,72.60000038146973,73.86686610010874,67180569,0.0627725666042025,0.06088112219194424,0.01748010453614013,0.019185987425770934,-0.003142018266772406,0.051256068623570794,0,4
2023-04-04,80.70999908447266,81.80999755859375,79.61000061035156,80.44000244140625,343570,65.88772048969727,0.49389797377848765,3.022828500417994,0.995191873974249,72.75650024414062,74.91965579001088,67524139,0.003606079608682755,0.003599593292382364,0.0627725666042025,0.01748010453614013,0.019185987425770934,0.005356398883746616,1,4
2023-04-05,80.61000061035156,81.23999786376953,79.72000122070312,81.01000213623047,254974,65.55489624696926,0.9112435796226492,2.9154833677500234,0.9461292303159097,72.95400009155273,75.79509345467868,67269165,-0.001238984949267996,-0.001239753125691826,0.003606079608682755,0.0627725666042025,0.01748010453614013,-0.003142018266772406,2,4
2023-04-06,80.69999694824219,80.95999908447266,79.6500015258789,80.37000274658203,0,65.72271213273888,1.2350184079690507,2.8008058099531468,0.9093689982257266,73.20299987792968,76.54969399214998,67269165,0.0011164413498225834,0.0011158185926502604,-0.001238984949267996,0.003606079608682755,0.0627725666042025,0.019185987425770934,3,4
2023-04-10,79.73999786376953,81.22000122070312,79.61000061035156,80.5,264906,62.23932980280325,1.3980327378783102,2.715748295695891,0.8366881608179683,73.35599975585937,77.04050997239915,67004259,-0.011895899885700834,-0.011967222296559991,0.0011164413498225834,-0.001238984949267996,0.003606079608682755,0.01748010453614013,0,4
2023-04-11,81.52999877929688,81.58999633789062,79.37000274658203,79.87999725341797,309683,65.87152868927768,1.6526106165344316,2.6803372453825127,0.8873040691399676,73.69249954223633,77.73120055807573,67313942,0.022447967939319913,0.022199720539117694,-0.011895899885700834,0.0011164413498225834,-0.001238984949267996,0.0627725666042025,1,4
2023-04-12,83.26000213623047,83.52999877929688,81.27999877929688,81.44000244140625,356133,68.97741975765771,1.9712390158462227,2.649598870712333,0.9126753099070003,74.28899955749512,78.58178541625338,67670075,0.02121922461469361,0.020997231721794976,0.022447967939319913,-0.011895899885700834,0.0011164413498225834,0.003606079608682755,2,4
2023-04-13,82.16000366210938,83.44000244140625,82.11000061035156,83.22000122070312,261230,64.93117222326124,2.1106632223190616,2.555341939308215,0.8267446119798789,75.01649971008301,79.13228053100046,67408845,-0.013211607565434269,-0.013299657230972449,0.02121922461469361,0.022447967939319913,-0.011895899885700834,-0.001238984949267996,3,4
2023-04-14,82.5199966430664,83.12000274658203,81.76000213623047,82.4000015258789,275129,65.64151207399756,2.22456295838046,2.469960415811311,0.8103313620736693,75.72499961853028,79.65346762516445,67683974,0.004381608628421407,0.004372037329607262,-0.013211607565434269,0.02121922461469361,0.022447967939319913,0.0011164413498225834,4,4
2023-04-17,80.83000183105469,82.70999908447266,80.47000122070312,82.4800033569336,217048,59.54391990180647,2.153635097545802,2.4535345192368987,0.7127670219876237,76.42949981689453,79.83447288760911,67466926,-0.020479821628224926,-0.020692441123898137,0.004381608628421407,-0.013211607565434269,0.02121922461469361,-0.011895899885700834,0,4
2023-04-18,80.86000061035156,81.4800033569336,79.87000274658203,81.0,96290,59.6156325856991,2.075915051108751,2.3932820971736604,0.6947433957780245,77.09049987792969,79.99224638341563,67563216,0.00037113421523327084,0.0003710653619657546,-0.020479821628224926,0.004381608628421407,-0.013211607565434269,0.022447967939319913,1,4
2023-04-19,79.16000366210938,81.18000030517578,78.45999908447266,80.91999816894531,78310,53.796050347658664,1.855753833087661,2.416619177425765,0.5873915036834192,77.58199996948242,79.8642090416762,67484906,-0.021023954185137028,-0.021248104764392216,0.00037113421523327084,-0.020479821628224926,0.004381608628421407,0.02121922461469361,2,4
2023-04-20,77.29000091552734,78.88999938964844,76.97000122070312,78.87000274658203,361413,48.219873880939595,1.5129406502032055,2.400432267710085,0.46401456708722755,77.90149993896485,79.46817702226869,67123493,-0.023623075544109917,-0.023906574032350608,-0.021023954185137028,0.00037113421523327084,-0.020479821628224926,-0.013211607565434269,3,4
2023-04-21,77.87000274658203,78.38999938964844,76.72000122070312,77.12999725341797,291114,49.95263671152272,1.2733812866006247,2.3482584035126015,0.4721933368251912,78.29700012207032,79.22230405677844,67414607,0.007504228544240599,0.007476211896137108,-0.023623075544109917,-0.021023954185137028,0.00037113421523327084,0.004381608628421407,4,4
2023-04-24,78.76000213623047,79.18000030517578,76.72000122070312,77.97000122070312,306720,52.57520330489481,1.1421779611676897,2.3562398807240337,0.4990716581432948,78.77200012207031,79.15118068438645,67721327,0.011429297011133155,0.011364476033946481,0.007504228544240599,-0.023623075544109917,-0.021023954185137028,-0.020479821628224926,0,4
2023-04-25,77.06999969482422,79.06999969482422,76.5,78.73999786376953,361646,47.48659884236099,0.8915520503468883,2.3715084388740473,0.3382612438496379,78.98500022888183,78.83099899368457,67359681,-0.021457623102689505,-0.02169118506403655,0.011429297011133155,0.007504228544240599,-0.023623075544109917,0.00037113421523327084,1,4
2023-04-26,74.30000305175781,77.93000030517578,74.05000305175781,77.08000183105469,497778,40.55765332463252,0.46406418800225424,2.4792576399128987,0.08574676300905525,79.04000053405761,78.13392269492661,66861903,-0.035941308603020916,-0.036603103033010724,-0.021457623102689505,0.011429297011133155,0.007504228544240599,-0.021023954185137028,2,4
2023-04-27,74.76000213623047,75.27999877929688,74.02999877929688,74.37999725341797,345880,42.069357574786395,0.16054440301208217,2.391453522776263,0.09426059340813565,79.12950057983399,77.61485799358874,67207783,0.006191104516539703,0.006172018364703903,-0.035941308603020916,-0.021457623102689505,0.011429297011133155,-0.023623075544109917,3,4
2023-04-28,76.77999877929688,76.91999816894531,73.93000030517578,74.91000366210938,328399,48.28857521991404,0.08205376917022988,2.434206689990068,0.25547861574331865,79.25000038146973,77.48641811446691,67536182,0.027019751007838266,0.026661162512066235,0.006191104516539703,-0.035941308603020916,-0.021457623102689505,0.007504228544240599,4,4
2023-05-01,75.66000366210938,76.69000244140625,74.52999877929688,76.66000366210938,215017,45.37961122026141,-0.06972116719568078,2.4210490692764917,0.14475232333624824,79.24950065612794,77.20543127564268,67321165,-0.014587068702708761,-0.014694506066871485,0.027019751007838266,0.006191104516539703,-0.035941308603020916,0.011429297011133155,0,5
2023-05-02,71.66000366210938,76.11000061035156,71.41999816894531,75.76000213623047,417820,36.84312792943168,-0.5069269302493495,2.58311716728576,-0.0959376783155914,78.81150093078614,76.35228856586834,66903345,-0.05286809154627636,-0.05431690462630695,-0.014587068702708761,0.027019751007838266,0.006191104516539703,-0.021457623102689505,1,5
2023-05-03,68.5999984741211,71.79000091552734,67.94999694824219,71.55999755859375,490523,31.89946868527356,-1.087793090883082,2.672894795857146,-0.14958798478517063,78.20600090026855,75.15962855175337,66412822,-0.04270171687984825,-0.04364025049205437,-0.05286809154627636,-0.014587068702708761,0.027019751007838266,-0.035941308603020916,2,5
2023-05-04,68.55999755859375,69.83999633789062,63.63999938964844,68.16000366210938,412495,31.839325234659242,-1.5336821149443693,2.9248306638846486,-0.0378798913628468,77.60350074768067,74.14430070665189,66000327,-0.0005831037378584147,-0.0005832738089589101,-0.04270171687984825,-0.05286809154627636,-0.014587068702708761,0.006191104516539703,3,5
2023-05-05,71.33999633789062,71.80999755859375,68.4800033569336,68.69999694824219,330585,40.268204251437105,-1.643781224165906,2.9537709165828994,0.16699936937553475,77.13550071716308,73.71286926530401,66330912,0.04054840837648799,0.039747889917812196,-0.0005831037378584147,-0.04270171687984825,-0.05286809154627636,0.027019751007838266,4,5
2023-05-08,73.16000366210938,73.69000244140625,71.04000091552734,71.3499984741211,290076,45.058371540010604,-1.5661228910067422,2.9320731029611857,0.29234967630428343,76.80650100708007,73.62781301865868,66620988,0.025511738402656636,0.025191744981273616,0.04054840837648799,-0.0005831037378584147,-0.04270171687984825,-0.014587068702708761,0,5
2023-05-09,73.70999908447266,73.77999877929688,71.33999633789062,72.83999633789062,317493,46.45579555395,-1.4435576345709507,2.8969251985644044,0.34268095582226504,76.41550102233887,73.64045702878391,66938481,0.007517706326306994,0.0074895892016972705,0.025511738402656636,0.04054840837648799,-0.0005831037378584147,-0.05286809154627636,1,5
2023-05-10,72.55999755859375,73.88999938964844,71.80000305175781,73.58000183105469,351506,43.93925798601543,-1.4228179384640498,2.8392874228019918,0.2962498936523448,75.88050079345703,73.4742324949085,66586975,-0.015601703163243719,-0.01572469062037348,0.007517706326306994,0.025511738402656636,0.04054840837648799,-0.04270171687984825,2,5
2023-05-11,70.87000274658203,73.5,70.62999725341797,72.7699966430664,365892,40.46976630070663,-1.5251688403246533,2.841481374500566,0.21826331476128222,75.31600074768066,73.07358176439675,66221083,-0.023290998744135982,-0.023566520582779076,-0.015601703163243719,0.007517706326306994,0.025511738402656636,-0.0005831037378584147,3,5
2023-05-12,70.04000091552734,71.77999877929688,69.93000030517578,71.41999816894531,275435,38.84738373593776,-1.6541884241420348,2.770661167330604,0.18886312535598934,74.6920009613037,72.60687701841684,65945648,-0.011711609974429105,-0.011780731088234459,-0.023290998744135982,-0.015601703163243719,0.007517706326306994,0.04054840837648799,4,5
2023-05-15,71.11000061035156,71.69000244140625,69.41000366210938,70.04000091552734,259013,42.07145393321978,-1.6510648925127782,2.7356138538996233,0.28102295110513004,74.20600090026855,72.37658834025295,66204661,0.015276980023382736,0.015161461989485866,-0.011711609974429105,-0.023290998744135982,-0.015601703163243719,0.025511738402656636,0,5
2023-05-16,70.86000061035156,71.79000091552734,70.44999694824219,71.31999969482422,232328,41.52065300876909,-1.6497451467347446,2.635927433427161,0.28135637876680153,73.70600090026855,72.14326715103735,65972333,-0.0035156799023231544,-0.003521874427818382,0.015276980023382736,-0.011711609974429105,-0.023290998744135982,0.007517706326306994,1,5
2023-05-17,72.83000183105469,73.26000213623047,70.04000091552734,70.5999984741211,273708,47.36811289701364,-1.4727595488555636,2.6776469896611585,0.453479404595558,73.38950080871582,72.24891864027079,66246041,0.02780131532224872,0.027421875320501887,-0.0035156799023231544,0.015276980023382736,-0.011711609974429105,-0.015601703163243719,2,5
2023-05-18,71.86000061035156,72.87000274658203,71.41999816894531,72.75,80864,44.98302774030473,-1.3946910490478501,2.589958245945127,0.39098618451637746,73.11800079345703,72.18908509720629,66165177,-0.01331870378025335,-0.01340819319232004,0.02780131532224872,-0.0035156799023231544,0.015276980023382736,-0.023290998744135982,3,5
2023-05-19,71.55000305175781,73.4000015258789,71.02999877929688,71.94000244140625,69949,44.21676892030234,-1.3423615048806568,2.5742471388477632,0.3834892123181394,72.80200080871582,72.0907647825219,66095228,-0.004313909768449031,-0.004323241524433219,-0.01331870378025335,0.02780131532224872,-0.0035156799023231544,-0.011711609974429105,4,5
2023-05-22,71.98999786376953,72.36000061035156,70.55000305175781,71.69999694824219,263977,45.6323709043348,-1.2509657060150516,2.519657883115334,0.4488717108074138,72.46350059509277,72.07526217963692,66359205,0.006149473001328065,0.006130642152662373,-0.004313909768449031,-0.01331870378025335,0.02780131532224872,0.015276980023382736,0,5
2023-05-23,72.91000366210938,73.79000091552734,71.70999908447266,72.0999984741211,317586,48.57118239017618,-1.0917125155147147,2.488253879396716,0.5792194989069339,72.25550079345703,72.20368394617114,66676791,0.01277963363856216,0.012698663238922174,0.006149473001328065,-0.004313909768449031,-0.01331870378025335,-0.0035156799023231544,1,5
2023-05-24,74.33999633789062,74.7300033569336,73.12999725341797,73.7699966430664,386611,52.83842708560946,-0.8404268392425536,2.440521437641538,0.7518169953744103,72.25750045776367,72.53234739105106,67063402,0.01961312033953999,0.019423261561333362,0.01277963363856216,0.006149473001328065,-0.004313909768449031,0.02780131532224872,2,5
2023-05-25,71.83000183105469,74.37000274658203,70.9800033569336,74.20999908447266,422637,45.67468117751371,-0.83420056533825,2.5083412913563166,0.46464899950450866,72.11100044250489,72.4242942279747,66640765,-0.033763715771890745,-0.034346874029264264,0.01961312033953999,0.01277963363856216,0.006149473001328065,-0.01331870378025335,3,5
2023-05-26,72.66999816894531,73.05000305175781,71.48999786376953,71.88999938964844,261498,48.20551214925761,-0.7528076164893207,2.4406029982586,0.6135636127871064,71.9055004119873,72.46209483427788,66902263,0.011694226875648805,0.01162637785348642,-0.033763715771890745,0.01961312033953999,0.01277963363856216,-0.004313909768449031,4,5
2023-05-30,69.45999908447266,73.55000305175781,69.0199966430664,73.2300033569336,440862,40.4502832140457,-0.9365275109788485,2.5898460990038004,0.1502846090945425,71.59550018310547,72.00023394969246,66461401,-0.04417227418954872,-0.04517758529641315,0.011694226875648805,-0.033763715771890745,0.01961312033953999,0.006149473001328065,1,5
2023-05-31,68.08999633789062,69.69000244140625,67.02999877929688,69.62000274658203,444787,37.665192618070044,-1.1790828894546337,2.5948573535113413,0.012658672884113991,71.41699981689453,71.39865893249218,66016614,-0.019723621719544338,-0.019920728423778573,-0.04417227418954872,0.011694226875648805,-0.033763715771890745,0.01277963363856216,2,5
2023-06-01,70.0999984741211,71.06999969482422,67.51000213623047,67.5999984741211,395393,43.78108690017509,-1.1953402618437252,2.663795939588656,0.28406253717066593,71.49199981689453,71.1988650158197,66412007,0.02951978622903728,0.029092466561861888,-0.019723621719544338,-0.04417227418954872,0.011694226875648805,0.01961312033953999,3,6
2023-06-02,71.73999786376953,72.16999816894531,70.0,70.20999908447266,322596,48.24308688926626,-1.0636292460302599,2.6285246702569887,0.5151911824211234,71.65099983215332,71.2821162231966,66734603,0.023395141588396395,0.023125670053368873,0.02951978622903728,-0.019723621719544338,-0.04417227418954872,-0.033763715771890745,4,6
2023-06-05,72.1500015258789,75.05999755859375,71.7300033569336,75.02999877929688,383943,49.32592048402892,-0.9156088788738685,2.6786296367857862,0.5781534251119017,71.69150009155274,71.41563703899388,67118546,0.005715133458575661,0.00569886404184349,0.023395141588396395,0.02951978622903728,-0.019723621719544338,0.011694226875648805,0,6
2023-06-06,71.73999786376953,72.33000183105469,70.12999725341797,71.98999786376953,314962,48.23905247207502,-0.8219110613683398,2.644442132560853,0.5209246796204615,71.62049980163575,71.46553870434398,66803584,-0.00568265631931153,-0.005698864041843443,0.005715133458575661,0.023395141588396395,0.02951978622903728,-0.04417227418954872,1,6
2023-06-07,72.52999877929688,73.19000244140625,71.01000213623047,71.55999755859375,299127,50.50219592365715,-0.6761145665129078,2.6112677163190625,0.6776322434486539,71.56149978637696,71.62930179279827,67102711,0.01101200082313225,0.01095181021826159,-0.00568265631931153,0.005715133458575661,0.023395141588396395,-0.019723621719544338,2,6
2023-06-08,71.29000091552734,73.27999877929688,69.02999877929688,72.47000122070312,485396,47.02658366260962,-0.6530987426788641,2.7283200222962725,0.46132490804096143,71.49799995422363,71.57710165783351,66617315,-0.017096344748918968,-0.017244174573166782,0.01101200082313225,-0.00568265631931153,0.005715133458575661,0.02951978622903728,3,6
2023-06-09,70.16999816894531,71.7699966430664,70.0999984741211,70.94000244140625,300724,44.07601188651437,-0.7169686297991547,2.6527256041997753,0.26393079158756294,71.4629997253418,71.36062419800456,66316591,-0.015710516653087758,-0.015835234802188534,-0.017096344748918968,0.01101200082313225,-0.00568265631931153,0.023395141588396395,4,6
2023-06-12,67.12000274658203,70.33000183105469,66.80000305175781,70.2699966430664,404769,37.226231986834584,-1.0021430351126952,2.7153879738495683,-0.13908426925896378,71.31699981689454,70.70822089778571,65911822,-0.04346580450265847,-0.044438740090224194,-0.015710516653087758,-0.017096344748918968,0.01101200082313225,0.005715133458575661,0,6
2023-06-13,69.41999816894531,69.83000183105469,67.1500015258789,67.30999755859375,366354,44.2609451354434,-1.0306744239861985,2.715003053179789,0.2323493808757046,71.23249969482421,70.51003278565642,66278176,0.03426691490235978,0.03369288097774668,-0.04346580450265847,-0.015710516653087758,-0.017096344748918968,-0.00568265631931153,1,6
2023-06-14,68.2699966430664,70.48999786376953,68.06999969482422,69.3499984741211,304449,41.74211558540087,-1.1330205122166177,2.6939312757344687,0.10900977729202227,71.10299949645996,70.16541184064258,65973727,-0.016565853589914914,-0.016704601798411153,0.03426691490235978,-0.04346580450265847,-0.015710516653087758,0.01101200082313225,2,6
2023-06-15,70.62000274658203,70.95999908447266,67.97000122070312,68.69999694824219,115613,48.226130138189276,-1.012829404854969,2.7150788891655444,0.4473765331920074,70.99249954223633,70.2353489030948,66089340,0.034422238451278675,0.033843047133893404,-0.016565853589914914,0.03426691490235978,-0.04346580450265847,-0.017096344748918968,3,6
2023-06-16,71.77999877929688,71.88999938964844,69.94999694824219,70.55000305175781,99185,51.11819923594805,-0.8145850713510185,2.659716285754166,0.6119355684551805,70.98849945068359,70.47298734558743,66188525,0.01642588484281804,0.016292439320637658,0.034422238451278675,-0.016565853589914914,0.03426691490235978,-0.015710516653087758,4,6
2023-06-20,70.5,72.08999633789062,69.6500015258789,71.44999694824219,430492,47.93620477650294,-0.7520905808134728,2.6440218947725627,0.4382749163052844,70.93599929809571,70.47714313857398,65758033,-0.017832248552030583,-0.017993158895064698,0.01642588484281804,0.034422238451278675,-0.016565853589914914,-0.04346580450265847,1,6
2023-06-21,72.52999877929688,72.72000122070312,70.80000305175781,70.9000015258789,264656,52.93944985946012,-0.5326196034875608,2.613734703767603,0.7193673419789242,70.96299934387207,70.79296708330058,66022689,0.028794308926196832,0.028387542726777716,-0.017832248552030583,0.01642588484281804,0.034422238451278675,0.03426691490235978,2,6
2023-06-22,69.51000213623047,72.6500015258789,68.93000030517578,72.43000030517578,421348,45.876281900774416,-0.5955110816279756,2.6927537406915687,0.31712506773355004,70.79299926757812,70.59558786067441,65601341,-0.04163789733756951,-0.04252959469989951,0.028794308926196832,-0.017832248552030583,0.01642588484281804,-0.016565853589914914,3,6
2023-06-23,69.16000366210938,69.6500015258789,67.3499984741211,69.52999877929688,322475,45.124865951900105,-0.6659186868629945,2.664700120053443,0.28333436004389184,70.53399963378907,70.37472875320287,65278866,-0.0050352246204099504,-0.005047944078749438,-0.04163789733756951,0.028794308926196832,-0.017832248552030583,0.034422238451278675,4,6
2023-06-26,69.37000274658203,70.11000061035156,68.70999908447266,69.83999633789062,280116,45.69955316378458,-0.6967404598742348,2.574364506183833,0.33481109040015733,70.41099967956544,70.22015552141505,65558982,0.0030364238483653327,0.003031823224082698,-0.0050352246204099504,-0.04163789733756951,0.028794308926196832,0.01642588484281804,0,6
2023-06-27,67.69999694824219,70.1500015258789,67.5,69.48999786376953,384752,41.938145363945026,-0.8461683461765546,2.579767150447767,0.1131626577416601,70.16249961853028,69.83243881784999,65174230,-0.024073889753768674,-0.024368402149869475,0.0030364238483653327,-0.0050352246204099504,-0.04163789733756951,-0.017832248552030583,1,6
2023-06-28,69.55999755859375,69.7300033569336,67.05000305175781,68.01000213623047,368295,47.155146774748644,-0.8052224152893501,2.586926661499768,0.4044431795824833,70.16749954223633,69.79052477796441,65542525,0.027474160918700807,0.02710351954766955,-0.024073889753768674,0.0030364238483653327,-0.0050352246204099504,0.028794308926196832,2,6
2023-06-29,69.86000061035156,70.5999984741211,68.93000030517578,69.25,292865,47.96723686038234,-0.7400340788096997,2.5214317691744497,0.4348234554071685,70.25599975585938,69.80121336756243,65835390,0.004312867485440908,0.004303593727232923,0.027474160918700807,-0.024073889753768674,0.0030364238483653327,-0.04163789733756951,3,6
2023-06-30,70.63999938964844,71.04000091552734,69.52999877929688,69.81999969482422,299873,50.11375831054552,-0.618305034173062,2.4491867953927366,0.5586887187012484,70.28299980163574,69.93025737096028,66135263,0.011165169946782072,0.01110329953992615,0.004312867485440908,0.027474160918700807,-0.024073889753768674,-0.0050352246204099504,4,6
2023-07-03,69.79000091552734,71.7699966430664,69.69000244140625,70.44999694824219,303479,47.79960789423244,-0.5836932104226946,2.4228158958404094,0.4334766071003314,70.18549995422363,69.90867945473983,65831784,-0.012032821085296463,-0.012105801508016404,0.011165169946782072,0.004312867485440908,0.027474160918700807,0.0030364238483653327,0,7
2023-07-05,71.79000091552734,72.16999816894531,69.9000015258789,70.1500015258789,456809,53.26784064634982,-0.3903797506704336,2.419757421381664,0.7769842435126788,70.16749992370606,70.19811352563022,66288593,0.02865740039781306,0.028254457193867853,-0.012032821085296463,0.011165169946782072,0.004312867485440908,-0.024073889753768674,2,7
2023-07-06,71.80000305175781,72.33999633789062,70.22000122070312,71.80000305175781,395381,53.2941913111041,-0.23367667303793382,2.398345828224938,0.7775585818111781,70.17050018310547,70.44455806811139,66683974,0.00013932492133883478,0.00013931521652338637,0.02865740039781306,-0.012032821085296463,0.011165169946782072,0.027474160918700807,3,7
2023-07-07,73.86000061035156,73.91999816894531,71.19000244140625,71.88999938964844,362632,58.486108919758124,0.056089665086602736,2.4220351067473755,1.0669791136251443,70.2370002746582,70.97001076691757,67046606,0.028690772577109502,0.02828689913027681,0.00013932492133883478,0.02865740039781306,-0.012032821085296463,0.004312867485440908,4,7
2023-07-10,72.98999786376953,74.1500015258789,72.66999816894531,73.86000061035156,301014,55.671436084859856,0.21307344690883667,2.3547471246178198,0.8938342575658412,70.3220001220703,71.2807780125871,66745592,-0.011779078518719954,-0.011849001491944946,0.028690772577109502,0.00013932492133883478,0.02865740039781306,0.011165169946782072,0,7
2023-07-11,74.83000183105469,74.95999908447266,72.9800033569336,73.19000244140625,326883,60.05039164804868,0.48041919419506485,2.3279791676836226,1.0461804113939353,70.55500030517578,71.82681244619751,67072475,0.025208987822131323,0.02489648236569345,-0.011779078518719954,0.028690772577109502,0.00013932492133883478,-0.012032821085296463,1,7
2023-07-12,75.75,76.1500015258789,74.66999816894531,74.83000183105469,352887,62.06803810306119,0.7577934177204071,2.267409466915763,1.0675852174285574,70.98650016784669,72.43037976216712,67425362,0.012294509507328577,0.012219545827684955,0.025208987822131323,-0.011779078518719954,0.028690772577109502,0.02865740039781306,2,7
2023-07-13,76.88999938964844,77.33000183105469,75.31999969482422,75.8499984741211,379728,64.4630880157539,1.057413704639913,2.2490232290096706,1.070008723825719,71.36000022888183,73.11647508947195,67805090,0.015049496893048575,0.01493737671662713,0.012294509507328577,0.025208987822131323,-0.011779078518719954,0.00013932492133883478,3,7
2023-07-14,75.41999816894531,77.30000305175781,75.11000061035156,77.16000366210938,299576,59.266521825799416,1.1628435904080447,2.244807458466569,0.8747271763305772,71.71750030517578,73.47086325554477,67505514,-0.019118236862686544,-0.019303353554000074,0.015049496893048575,0.012294509507328577,0.025208987822131323,0.028690772577109502,4,7
2023-07-17,74.1500015258789,76.08999633789062,73.83999633789062,75.0199966430664,244785,55.131527270761545,1.1308833004329415,2.2451783542903856,0.7245959474491537,71.89400024414063,73.5753460663654,67260729,-0.016838990637755513,-0.016982378389892278,-0.019118236862686544,0.015049496893048575,0.012294509507328577,-0.011779078518719954,0,7
2023-07-18,75.75,75.95999908447266,73.87999725341797,74.18000030517578,125092,59.01150434605571,1.2205908341380933,2.2333800312021213,0.8453694788484915,72.09250030517578,73.90990821000149,67385821,0.021577861647955388,0.021348355227265157,-0.016838990637755513,-0.019118236862686544,0.015049496893048575,0.025208987822131323,1,7
2023-07-19,75.3499984741211,76.97000122070312,75.06999969482422,75.83999633789062,92920,57.66887506187915,1.2450556937043729,2.2095672808218914,0.7779424141630339,72.33500022888184,74.13146055832759,67292901,-0.005280548196421209,-0.005294539567523786,0.021577861647955388,-0.016838990637755513,-0.019118236862686544,0.012294509507328577,2,7
2023-07-20,75.62999725341797,76.1500015258789,74.72000122070312,75.3499984741211,340962,58.382668954615994,1.27237073480471,2.1538839254185977,0.7797993139857082,72.4900001525879,74.36200466526458,67633863,0.0037159759119709257,0.0037090887299437904,-0.005280548196421209,0.021577861647955388,-0.016838990637755513,0.015049496893048575,3,7
2023-07-21,77.06999969482422,77.29000091552734,75.69000244140625,75.69999694824219,308106,61.93737376598953,1.3941434462655309,2.1186067637536534,0.8639068895516605,72.86800003051758,74.77861928519683,67941969,0.019040096439262744,0.0188611022782814,0.0037159759119709257,-0.005280548196421209,0.021577861647955388,-0.019118236862686544,4,7
2023-07-24,78.73999786376953,79.27999877929688,76.44000244140625,77.01000213623047,368285,65.60635103592264,1.6068809693342843,2.1701345904777227,0.9459537624404845,73.34699974060058,75.38806214343879,68310254,0.021668589276735872,0.02143716255522998,0.019040096439262744,0.0037159759119709257,-0.005280548196421209,-0.016838990637755513,0,7
2023-07-25,79.62999725341797,79.9000015258789,78.29000091552734,78.8499984741211,349600,67.40935870661804,1.8262407353648342,2.130125020468711,0.9547933583820021,73.85999946594238,76.04066754497404,68659854,0.011303015161217678,0.011239613392143006,0.021668589276735872,0.019040096439262744,0.0037159759119709257,0.021577861647955388,1,7
2023-07-26,78.77999877929688,79.7699966430664,78.55000305175781,79.33999633789062,322031,63.96073441888266,1.909485793602883,2.06511563267156,0.8625017037899597,74.41399955749512,76.46210311948525,68337823,-0.010674350162489965,-0.010731729729882442,0.011303015161217678,0.021668589276735872,0.019040096439262744,-0.005280548196421209,2,7
2023-07-27,80.08999633789062,80.5999984741211,78.87000274658203,78.9000015258789,374358,66.78135472155681,2.057446988707383,2.04760735139675,0.9239323184819567,74.94049949645996,77.02024053770147,68712181,0.016628555202999218,0.016491814562992667,-0.010674350162489965,0.011303015161217678,0.021668589276735872,0.0037159759119709257,3,7
2023-07-28,80.58000183105469,80.70999908447266,79.06999969482422,79.83999633789062,299547,67.79663306322655,2.1890130699253234,2.0184924969861564,0.919865224015402,75.47649955749512,77.56789612129427,69011728,0.006118185985385605,0.006099545875976461,0.016628555202999218,-0.010674350162489965,0.011303015161217678,0.019040096439262744,4,7
2023-07-31,81.80000305175781,82.0,80.12999725341797,80.6500015258789,297270,70.23579945072149,2.3644679252954717,2.0078860862430044,0.9615497749256806,76.03449974060058,78.21898949521174,69308998,0.015140248113433952,0.015026778429613846,0.006118185985385605,0.016628555202999218,-0.010674350162489965,0.021668589276735872,0,7
2023-08-01,81.37000274658203,82.22000122070312,80.58999633789062,81.7300033569336,307859,68.27297194035701,2.440685033502561,1.980894571712254,0.898797939501833,76.61349983215332,78.70376076465332,69001139,-0.005256727251021109,-0.0052705924534539855,0.015140248113433952,0.006118185985385605,0.016628555202999218,0.011303015161217678,1,8
2023-08-02,79.48999786376953,82.43000030517578,79.05000305175781,82.05000305175781,414825,60.33405888327137,2.322613318129868,2.080830477548376,0.7203135806984173,76.99849967956543,78.8247203183635,68586314,-0.023104397435840918,-0.023375487751982435,-0.005256727251021109,0.015140248113433952,0.006118185985385605,-0.010674350162489965,2,8
2023-08-03,81.55000305175781,81.86000061035156,78.69000244140625,79.7699966430664,402641,65.12014907022181,2.367969358767084,2.1586281697910144,0.8724815580937122,77.48599967956542,79.24399458503954,68988955,0.02591527542268568,0.025585165778128107,-0.023104397435840918,-0.005256727251021109,0.015140248113433952,0.016628555202999218,3,8
2023-08-04,82.81999969482422,83.23999786376953,81.51000213623047,81.7300033569336,320873,67.70710504176549,2.4778295859637467,2.1280115667730177,0.9317419794261739,77.93399963378906,79.79414921731411,69309828,0.015573226186887723,0.015453207943668348,0.02591527542268568,-0.023104397435840918,-0.005256727251021109,0.006118185985385605,4,8
2023-08-07,81.94000244140625,83.30000305175781,81.5199966430664,82.81999969482422,293036,64.15637494719098,2.465465828241591,2.103154055481474,0.8273744681608401,78.38149986267089,80.12428048255906,69016792,-0.010625419665063918,-0.01068227251884067,0.015573226186887723,0.02591527542268568,-0.023104397435840918,0.015140248113433952,0,8
2023-08-08,82.91999816894531,83.08000183105469,79.9000015258789,82.52999877929688,424545,66.27733667460859,2.5058589441519388,2.180071644745353,0.8743928092286856,78.78599967956544,80.55439089584925,69441337,0.011959918212595122,0.011888963571621945,-0.010625419665063918,0.015573226186887723,0.02591527542268568,-0.005256727251021109,1,8
2023-08-09,84.4000015258789,84.6500015258789,82.66999816894531,82.87999725341797,478140,69.23781127785242,2.627012121054733,2.1657810527587986,0.9430578414898116,79.21849975585937,81.1460233004692,69919477,0.01784856958050285,0.01769115419565046,0.011959918212595122,-0.010625419665063918,0.015573226186887723,-0.023104397435840918,2,8
2023-08-10,82.81999969482422,84.88999938964844,82.58000183105469,84.25,362188,62.89031020273312,2.5659552090733087,2.176082231747009,0.7779348983684343,79.51499977111817,81.40355813036997,69557289,-0.0187204005034316,-0.018897845248431876,0.01784856958050285,0.011959918212595122,-0.010625419665063918,0.02591527542268568,3,8
2023-08-11,83.19000244140625,83.80999755859375,82.2300033569336,82.83000183105469,331254,63.728904993674746,2.5183928309340047,2.133504515312234,0.7814257197233304,79.90349998474122,81.67839571668324,69888543,0.004467553102456279,0.004457603210535083,-0.0187204005034316,0.01784856958050285,0.011959918212595122,0.015573226186887723,4,8
2023-08-14,82.51000213623047,83.19999694824219,81.76000213623047,83.08999633789062,277352,61.00063085825385,2.3981841874668675,2.0839681079336256,0.706302733731863,80.32150001525879,81.80633516584435,69611191,-0.008174062810669236,-0.008207653636332482,0.004467553102456279,-0.0187204005034316,0.01784856958050285,-0.010625419665063918,0,8
2023-08-15,80.98999786376953,82.91000366210938,80.4000015258789,82.5199966430664,303207,55.30149742788369,2.1554199899391335,2.114399109954829,0.5416894939693851,80.58349990844727,81.68074481167898,69307984,-0.018422060757570802,-0.018593860122389717,-0.008174062810669236,0.004467553102456279,-0.0187204005034316,0.011959918212595122,1,8
2023-08-16,79.37999725341797,81.43000030517578,79.05000305175781,81.2300033569336,325403,49.97553757584687,1.8122238321906252,2.1333704059164815,0.33630841589245974,80.78499984741211,81.3267836488696,68982581,-0.019879005467560162,-0.020079251129936113,-0.018422060757570802,-0.008174062810669236,0.004467553102456279,0.01784856958050285,2,8
2023-08-17,80.38999938964844,81.08000183105469,78.94999694824219,79.25,235581,53.031504050281384,1.6032558011503113,2.133130011409054,0.4119055950768164,81.02299995422364,81.1826629936048,69218162,0.012723635313391046,0.01264336999299781,-0.019879005467560162,-0.018422060757570802,-0.008174062810669236,-0.0187204005034316,3,8
2023-08-18,81.25,81.61000061035156,79.58999633789062,80.04000091552734,128090,55.5230141590818,1.489867725221984,2.1250496014841884,0.5029020050404591,81.23199996948242,81.19302253305021,69346252,0.010697855664647538,0.010641038462359106,0.012723635313391046,-0.019879005467560162,-0.018422060757570802,0.004467553102456279,4,8
2023-08-21,80.72000122070312,82.47000122070312,80.61000061035156,81.43000030517578,115874,53.6347487217926,1.3417732591208704,2.106117530689001,0.3945256561737698,81.3310001373291,81.12025002345835,69230378,-0.006523061899038507,-0.006544430041808612,0.010697855664647538,0.012723635313391046,-0.019879005467560162,-0.008174062810669236,0,8
2023-08-22,80.3499984741211,80.98999786376953,80.0999984741211,80.80000305175781,287489,52.297579534606584,1.180938079295828,2.0192519491861036,0.3201945956437902,81.36700019836425,81.00174978509877,68942889,-0.0045837802401709205,-0.004594317974920206,-0.006523061899038507,0.010697855664647538,0.012723635313391046,-0.018422060757570802,1,8
2023-08-23,78.88999938964844,79.91000366210938,77.62000274658203,79.63999938964844,378146,47.28776949815511,0.9250024635285996,2.0700193619256004,0.05800246890374654,81.37250022888183,80.67686510887565,68564743,-0.018170492995627008,-0.018337603822861738,-0.0045837802401709205,-0.006523061899038507,0.010697855664647538,-0.019879005467560162,2,8
2023-08-24,79.05000305175781,79.27999877929688,77.58999633789062,78.56999969482422,349230,47.87706154970237,0.726705592727896,2.0428752961742185,0.11345436734941176,81.3205005645752,80.42657863854981,68913973,0.00202818688486861,0.002026132890635851,-0.018170492995627008,-0.0045837802401709205,-0.006523061899038507,0.012723635313391046,3,8
2023-08-25,79.83000183105469,80.44999694824219,78.13999938964844,78.87999725341797,411409,50.76659512377087,0.6252853761444612,2.0619554577756136,0.2572183942776539,81.28300056457519,80.33479759124288,69325382,0.009867156852431336,0.009818794333739538,0.00202818688486861,-0.018170492995627008,-0.0045837802401709205,0.010697855664647538,4,8
2023-08-28,80.0999984741211,80.87000274658203,79.61000061035156,80.1500015258789,246584,51.763432637521056,0.5602375269730402,2.004673077665246,0.3185256280575962,81.19800033569337,80.29867465014722,69571966,0.003382145019084515,0.003376438430007358,0.009867156852431336,0.00202818688486861,-0.018170492995627008,-0.006523061899038507,0,8
2023-08-29,81.16000366210938,81.41000366210938,79.33999633789062,79.9800033569336,284168,55.567107587589796,0.587448457553208,2.009339809561925,0.49545391912689496,81.18750038146973,80.4311868058337,69856134,0.013233523198265207,0.013146725055070738,0.003382145019084515,0.009867156852431336,0.00202818688486861,-0.0045837802401709205,1,8
2023-08-30,81.62999725341797,82.05000305175781,80.87999725341797,81.29000091552734,299418,57.17941634478061,0.6395653596500068,1.949387380188919,0.5573252528097017,81.29450035095215,80.61561918238513,70155552,0.0057909508391018605,0.005774247736830996,0.013233523198265207,0.003382145019084515,0.009867156852431336,-0.018170492995627008,2,8
2023-08-31,83.62999725341797,83.69000244140625,81.4800033569336,81.69999694824219,368848,63.284791674840825,0.8326533557697218,1.9680025019234717,0.8601518570332084,81.39850006103515,81.07936965485172,70524400,0.024500797100250438,0.02420546673482652,0.0057909508391018605,0.013233523198265207,0.003382145019084515,0.00202818688486861,3,8
2023-09-01,85.55000305175781,86.05999755859375,83.45999908447266,83.62999725341797,420461,68.00157205404784,1.1276070533861287,2.013145071366159,1.066316160872584,81.53500022888184,81.76715940822189,70944861,0.02295833865116359,0.022698761459047576,0.024500797100250438,0.0057909508391018605,0.013233523198265207,0.009867156852431336,4,9
2023-09-05,86.69000244140625,88.06999969482422,85.0199966430664,86.05999755859375,452908,70.43058150356238,1.436786032135771,2.087206355679849,1.0857111004797102,81.77250022888184,82.52451987486563,71397769,0.013325533009726831,0.013237529032623712,0.02295833865116359,0.024500797100250438,0.0057909508391018605,0.003382145019084515,1,9
2023-09-06,87.54000091552734,88.08000183105469,85.93000030517578,86.72000122070312,307115,72.12939303205266,1.730452790833752,2.0916917249797815,1.0674562086219788,82.00350036621094,83.29613234265973,71704884,0.009805034608178831,0.009757277178099374,0.013325533009726831,0.02295833865116359,0.024500797100250438,0.013233523198265207,2,9
2023-09-07,86.87000274658203,87.73999786376953,86.38999938964844,87.54000091552734,270736,68.77530031079756,1.8873661775806028,2.0387136356327322,0.9536715109197716,82.12700042724609,83.84595855864778,71434148,-0.007653623051613101,-0.007683062332156812,0.009805034608178831,0.013325533009726831,0.02295833865116359,0.0057909508391018605,3,9
2023-09-08,87.51000213623047,87.94999694824219,86.1500015258789,86.77999877929688,294437,70.2007714694756,2.0398496520968905,2.0216623346849145,0.9494525085403487,82.3615005493164,84.40965757058358,71728585,0.007367323234873657,0.007340317070030951,-0.007653623051613101,0.009805034608178831,0.013325533009726831,0.024500797100250438,4,9
2023-09-11,87.29000091552734,88.1500015258789,86.70999908447266,87.4000015258789,292388,69.0340855535801,2.1185206569513184,1.9801151994507242,0.8864086671547264,82.56650047302246,84.85278731595955,71436197,-0.0025140122881112115,-0.002517177723412052,0.007367323234873657,-0.007653623051613101,0.009805034608178831,0.02295833865116359,0,9
2023-09-12,88.83999633789062,89.37000274658203,87.22000122070312,87.2699966430664,341137,72.50153778147502,2.2796611570462915,1.9922499370527371,0.9448631663558493,82.88300018310547,85.46620408856433,71777334,0.017756849651809015,0.01760103856922371,-0.0025140122881112115,0.007367323234873657,-0.007653623051613101,0.013325533009726831,1,9
2023-09-13,88.5199966430664,89.63999938964844,88.29000091552734,88.75,345972,70.7403818549736,2.354404750900585,1.9463748325576198,0.8723508090563661,83.2595001220703,85.9360183277185,71431362,-0.0036019778029610094,-0.003608480544858315,0.017756849651809015,-0.0025140122881112115,0.007367323234873657,0.009805034608178831,2,9
2023-09-14,90.16000366210938,90.79000091552734,88.68000030517578,88.80999755859375,325270,74.19945886737622,2.5169604940331283,1.9694912211221425,0.9279215735260714,83.79850044250489,86.58586222531709,71756632,0.018526966575200587,0.018357433089449215,-0.0036019778029610094,0.017756849651809015,-0.0025140122881112115,-0.007653623051613101,3,9
2023-09-15,90.7699966430664,91.2300033569336,89.22000122070312,90.66999816894531,315003,75.3659750511574,2.6642960805064035,1.9723848579155943,0.9111649230906584,84.31750030517578,87.22957521266314,72071635,0.006765671652400274,0.0067428872062673595,0.018526966575200587,-0.0036019778029610094,0.017756849651809015,0.007367323234873657,4,9
2023-09-18,91.4800033569336,92.43000030517578,90.75,91.19999694824219,119258,76.68720554697444,2.8060063082739504,1.9515002470056078,0.9006307331102462,84.82900047302246,87.88348723485859,72190893,0.007822041865432006,0.007791608294717611,0.006765671652400274,0.018526966575200587,-0.0036019778029610094,-0.0025140122881112115,0,9
2023-09-19,91.19999694824219,93.73999786376953,91.06999969482422,92.22000122070312,94597,74.9792579188863,2.8627188665634833,2.002821527144158,0.8432436157317188,85.35300025939941,88.39371949845608,72096296,-0.003060848255534987,-0.0030655422323710565,0.007822041865432006,0.006765671652400274,0.018526966575200587,0.017756849651809015,1,9
2023-09-20,90.27999877929688,91.9800033569336,89.87000274658203,91.55000305175781,457854,69.5021236608056,2.801138038452052,2.010477175944687,0.7621516226061011,85.8495002746582,88.68391631089312,71638442,-0.010087699558448793,-0.010138925189995375,-0.003060848255534987,0.007822041865432006,0.006765671652400274,-0.0036019778029610094,2,9
2023-09-21,89.62999725341797,90.9800033569336,88.37000274658203,89.30000305175781,351032,65.84254605290926,2.6691171763179824,2.053300278402321,0.7036355416484179,86.38650016784668,88.82946722512771,71287410,-0.007199839772571659,-0.007225883702320368,-0.010087699558448793,-0.003060848255534987,0.007822041865432006,0.018526966575200587,3,9
2023-09-22,90.02999877929688,91.33000183105469,89.30999755859375,89.62000274658203,402087,66.99428483126532,2.567173691795105,2.0509219922636506,0.7103408464128834,86.93549995422363,89.01416438730759,71689497,0.004462808637023086,0.00445287983582428,-0.007199839772571659,-0.010087699558448793,-0.003060848255534987,0.006765671652400274,4,9
2023-09-25,89.68000030517578,90.83000183105469,89.02999877929688,90.55000305175781,328369,64.93122749753513,2.430127793543363,2.032999210798948,0.668703420605946,87.4279998779297,89.11660068236424,71361128,-0.003887576128697834,-0.003895152394691035,0.004462808637023086,-0.007199839772571659,-0.010087699558448793,0.007822041865432006,0,9
2023-09-26,90.38999938964844,90.73999786376953,88.19000244140625,89.87999725341797,318016,67.14174691231447,2.351699990614094,2.0699275116249716,0.7083328398735759,87.94249992370605,89.31250817579257,71679144,0.007917028122843117,0.00788585289105018,-0.003887576128697834,0.004462808637023086,-0.007199839772571659,-0.003060848255534987,1,9
2023-09-27,93.68000030517578,94.16999816894531,90.4000015258789,90.52999877929688,504630,75.00427789808154,2.525903921858429,2.192075459315822,0.9641462818644055,88.56849975585938,89.98443004185152,72183774,0.03639784199295071,0.035751087489206496,0.007917028122843117,-0.003887576128697834,0.004462808637023086,-0.010087699558448793,2,9
2023-09-28,91.70999908447266,95.02999877929688,91.38999938964844,93.77999877929688,406709,64.97800677146627,2.4764521589669073,2.295498597196723,0.7834282563378332,89.0724998474121,90.24990220225479,71777065,-0.021029047974867265,-0.02125330795910164,0.03639784199295071,0.007917028122843117,-0.003887576128697834,-0.007199839772571659,3,9
2023-09-29,90.79000091552734,93.0999984741211,90.3499984741211,91.76000213623047,355782,60.88476678435481,2.3360960559426616,2.3279629831112425,0.670998058745238,89.43050003051758,90.33299431198903,71421283,-0.01003160154977123,-0.010082257120324335,-0.021029047974867265,0.03639784199295071,0.007917028122843117,0.004462808637023086,4,9
2023-10-02,88.81999969482422,91.87999725341797,88.45999908447266,90.81999969482422,334493,53.162102012784835,2.0423571763554094,2.4059654963851043,0.3916528303744417,89.5939998626709,90.10022590934828,71086790,-0.02169843816320749,-0.02193731103961071,-0.01003160154977123,-0.021029047974867265,0.03639784199295071,-0.003887576128697834,0,10
2023-10-03,89.2300033569336,90.2699966430664,87.76000213623047,88.66999816894531,350659,54.45685661266768,1.821651996717648,2.413396139988735,0.4260918442153618,89.72099990844727,89.9663455166691,71437449,0.0046161187065763,0.0046054971051253885,-0.02169843816320749,-0.01003160154977123,-0.021029047974867265,0.007917028122843117,1,10
2023-10-04,84.22000122070312,89.58999633789062,84.16000366210938,89.41999816894531,459995,39.93116288547462,1.2283169761999773,2.628867321116772,-0.16637330789655905,89.55499992370605,89.08229254805894,70977454,-0.056147057578712634,-0.05778490630519061,0.0046161187065763,-0.02169843816320749,-0.01003160154977123,0.03639784199295071,2,10
2023-10-05,82.30999755859375,84.91999816894531,82.1500015258789,84.44999694824219,465997,35.98981393352757,0.5970904773788277,2.6389479869703174,-0.2034988730138719,89.32699966430664,88.04040101121815,70511457,-0.02267874180034868,-0.022939859904561943,-0.056147057578712634,0.0046161187065763,-0.02169843816320749,-0.021029047974867265,3,10
2023-10-06,82.79000091552734,83.27999877929688,81.5,82.27999877929688,461139,37.65524854235891,0.13402621785976976,2.5775944721365,-0.05233072538709996,89.09099960327148,87.23264715034264,70972596,0.0058316531547932815,0.00581471488570491,-0.02267874180034868,-0.056147057578712634,0.0046161187065763,-0.01003160154977123,4,10
2023-10-09,86.37999725341797,87.23999786376953,84.66999816894531,85.25,435037,48.4567619351169,0.0560806942750105,2.711337506144049,0.26921366580786704,89.04549942016601,87.10147024312346,71407633,0.04336268025354406,0.042448843526906935,0.0058316531547932815,-0.02267874180034868,-0.056147057578712634,-0.02169843816320749,0,10
2023-10-10,85.97000122070312,86.73999786376953,85.12000274658203,86.43000030517578,337654,47.445758943522904,-0.038333068342979004,2.6333844783614384,0.2527286050831671,88.90199966430664,86.92739808582803,71069979,-0.00474642331270303,-0.004757723350522214,0.04336268025354406,0.0058316531547932815,-0.02267874180034868,0.0046161187065763,1,10
2023-10-11,83.48999786376953,86.51000213623047,83.11000061035156,85.95999908447266,425395,41.76889673441943,-0.3097021465216727,2.6881428388984006,0.09567576629524512,88.6504997253418,86.39856728243441,70644584,-0.028847310942416993,-0.029271573766282092,-0.00474642331270303,0.04336268025354406,0.0058316531547932815,-0.056147057578712634,2,10
2023-10-12,82.91000366210938,85.19999694824219,82.30999755859375,83.19999694824219,373492,40.54702391309443,-0.5650512221898794,2.7025611639519744,0.10496307733585364,88.28799972534179,85.8618651869998,70271092,-0.006946870481498002,-0.006971112321425114,-0.028847310942416993,-0.00474642331270303,0.04336268025354406,-0.02267874180034868,3,10
2023-10-13,87.69000244140625,87.83000183105469,83.3499984741211,83.51000213623047,356863,52.80139394985356,-0.37736126520891844,2.8609495214514986,0.4669354635659671,88.13400001525879,86.1431170722931,70627955,0.05765285934345443,0.05605216933477332,-0.006946870481498002,-0.028847310942416993,-0.00474642331270303,0.0058316531547932815,4,10
2023-10-16,86.66000366210938,88.33000183105469,86.31999969482422,87.72000122070312,235780,50.39112740019754,-0.30817546062120016,2.8001675653642826,0.4060310886540528,87.89300003051758,86.22263808611099,70392175,-0.01174590889064131,-0.01181543706247282,0.05765285934345443,-0.006946870481498002,-0.028847310942416993,0.04336268025354406,0,10
2023-10-17,86.66000366210938,87.75,85.5999984741211,87.05999755859375,197124,50.39112740019754,-0.25045808710522977,2.7537271339724696,0.42139976148828806,87.66600036621094,86.28992509780305,70589299,0.0,0.0,-0.01174590889064131,0.05765285934345443,-0.006946870481498002,-0.00474642331270303,1,10
2023-10-18,88.31999969482422,89.87999725341797,87.19999694824219,87.80999755859375,92797,54.29108847067272,-0.06996236351169216,2.7870318809250496,0.5597250089796718,87.5680004119873,86.60224426657554,70682096,0.019155273050613264,0.018974120503322253,0.0,-0.01174590889064131,0.05765285934345443,-0.028847310942416993,2,10
2023-10-19,89.37000274658203,90.68000030517578,86.5999984741211,88.23999786376953,72058,56.61443691178191,0.1560098840424189,2.879386877362881,0.6445184447040556,87.55500068664551,87.02805326349963,70754154,0.01188862155101833,0.01181850705256384,0.019155273050613264,0.0,-0.01174590889064131,-0.006946870481498002,3,10
2023-10-20,88.75,90.77999877929688,88.33000183105469,90.27999877929688,311917,54.8418272197561,0.2818168687629452,2.848716168139974,0.6014846916619373,87.49100074768066,87.29296814603815,70442237,-0.006937481565711834,-0.006961657770482004,0.01188862155101833,0.019155273050613264,0.0,0.05765285934345443,4,10
2023-10-23,85.48999786376953,88.29000091552734,85.3499984741211,88.0,315517,46.5829361039229,0.11711485596704563,2.888093693692755,0.3549623801266047,87.28150062561035,87.0155881026122,70126720,-0.03673241843639963,-0.037424043305457406,-0.006937481565711834,0.01188862155101833,0.019155273050613264,-0.01174590889064131,0,10
2023-10-24,83.73999786376953,86.30000305175781,82.94000244140625,86.1500015258789,370591,42.85225322314457,-0.15286096438262575,2.9218013305969555,0.24065755004736689,86.94900054931641,86.51165114279026,69756129,-0.020470230947819967,-0.020682649969346264,-0.03673241843639963,-0.006937481565711834,0.01188862155101833,0.0,1,10
2023-10-25,85.38999938964844,85.55999755859375,82.08000183105469,83.69000244140625,429459,47.14996911020553,-0.23101442311202902,2.9616723589499627,0.39376165238072447,86.53450050354004,86.3390893346146,70185588,0.01970386395952839,0.01951225569098259,-0.020470230947819967,-0.03673241843639963,-0.006937481565711834,0.019155273050613264,2,10
2023-10-26,83.20999908447266,85.58999633789062,82.55999755859375,85.37000274658203,341792,42.592453735719054,-0.46351628067060346,2.9665528175461704,0.21088680657687447,86.10950050354003,85.85769083459276,69843796,-0.025529925292868128,-0.025861468861977484,0.01970386395952839,-0.020470230947819967,-0.03673241843639963,0.01188862155101833,3,10
2023-10-27,85.54000091552734,85.9000015258789,83.0999984741211,83.52999877929688,333760,48.34003628999928,-0.4545245269281537,2.954656405704145,0.46614112420621906,85.84700050354004,85.80881546242884,70177556,0.028001464447672042,0.02761659159195094,-0.025529925292868128,0.01970386395952839,-0.020470230947819967,-0.006937481565711834,4,10
2023-10-30,82.30999755859375,85.30000305175781,81.81999969482422,85.0,356928,42.05427633016155,-0.6999640243847125,3.0093238924897863,0.14845031483537852,85.52150039672851,85.27053578491575,69820628,-0.037760151068075065,-0.03849153617823873,0.028001464447672042,-0.025529925292868128,0.01970386395952839,-0.03673241843639963,0,10
2023-10-31,81.0199966430664,83.37000274658203,80.73999786376953,82.58999633789062,346007,39.8268735204678,-0.9871891848911929,2.982229677512837,0.05876725294031127,85.11100006103516,84.6166066861697,69474621,-0.01567246936933797,-0.015796580982289202,-0.037760151068075065,0.028001464447672042,-0.025529925292868128,-0.020470230947819967,1,10
2023-11-01,80.44000244140625,83.41999816894531,80.30000305175781,81.4800033569336,321592,38.83104179470522,-1.247240467074107,2.9920700660610273,0.056679692361491084,84.92200012207032,83.97405218697533,69153029,-0.0071586549702701285,-0.007184401086049107,-0.01567246936933797,-0.037760151068075065,0.028001464447672042,0.01970386395952839,2,11
2023-11-02,82.45999908447266,82.83000183105469,80.22000122070312,80.81999969482422,307122,44.07575287324735,-1.2756314491998921,2.9647793906532085,0.25500649826969635,84.92950019836425,83.74112094043645,69460151,0.025111842140206342,0.024801720920969248,-0.0071586549702701285,-0.01567246936933797,-0.037760151068075065,-0.025529925292868128,3,11
2023-11-03,80.51000213623047,83.5999984741211,80.0999984741211,82.58000183105469,457281,40.46850784488374,-1.4388932977428368,3.0030094341779794,0.09561523581879165,84.81550025939941,83.24402573978936,69002870,-0.023647792504152165,-0.02393188933045226,0.025111842140206342,-0.0071586549702701285,-0.01567246936933797,0.028001464447672042,4,11
2023-11-06,80.81999969482422,82.23999786376953,80.66000366210938,81.12999725341797,271131,41.29110804933893,-1.5256782080496976,2.9120798837037714,0.1647168457958772,84.53750038146973,82.87109865594857,69274001,0.0038504229334039852,0.0038430290287168557,-0.023647792504152165,0.025111842140206342,-0.0071586549702701285,-0.037760151068075065,0,11
2023-11-07,77.37000274658203,81.05000305175781,77.08999633789062,80.93000030517578,396289,35.42445571881153,-1.8514988691692764,2.9869318001440157,-0.03359016832596222,84.10750045776368,82.02477620835371,68877712,-0.042687416001848,-0.043625311813656455,0.0038504229334039852,-0.023647792504152165,0.025111842140206342,-0.01567246936933797,1,11
2023-11-08,75.33000183105469,77.52999877929688,74.91000366210938,77.12000274658203,429647,32.48533453624074,-2.2484068804683375,2.9607220370756933,-0.06672224383634799,83.69950065612792,80.99481091953848,68448065,-0.026366819737737024,-0.026720657915963647,-0.042687416001848,0.0038504229334039852,-0.023647792504152165,-0.0071586549702701285,2,11
2023-11-09,75.73999786376953,77.16000366210938,75.20999908447266,75.6500015258789,303430,33.676348115450466,-2.5010455889280365,2.888527932830052,0.034153387829609194,83.34100036621093,80.18637814172787,68751495,0.005442665906664423,0.005427908124148504,-0.026366819737737024,-0.042687416001848,0.0038504229334039852,0.025111842140206342,3,11
2023-11-10,77.16999816894531,77.7300033569336,75.30999755859375,75.58999633789062,266998,37.79793585072322,-2.5564058565228436,2.8550620660807517,0.16090821096843239,82.81500015258788,79.72231968437671,69018493,0.01888038480998988,0.018704362473103198,0.005442665906664423,-0.026366819737737024,-0.042687416001848,-0.023647792504152165,4,11
2023-11-13,78.26000213623047,78.63999938964844,76.20999908447266,77.1500015258789,262903,40.81698270092007,-2.4836945718462005,2.8247005117303963,0.25248194488615316,82.39500007629394,79.49734775389268,69281396,0.014124711586734229,0.014025887336881721,0.01888038480998988,0.005442665906664423,-0.026366819737737024,0.0038504229334039852,0,11
2023-11-14,78.26000213623047,79.7699966430664,77.79000091552734,78.52999877929688,263002,40.81698270092007,-2.39842282947167,2.7643644557167297,0.27613554799802104,81.975,79.30698688963696,69544398,0.0,0.0,0.014124711586734229,0.01888038480998988,0.005442665906664423,-0.042687416001848,1,11
2023-11-15,76.66000366210938,78.7699966430664,76.30999755859375,78.16999816894531,282301,37.701770350019196,-2.4319172363221355,2.7426240720564388,0.20672746458899802,81.39200019836426,78.89975870078655,69262097,-0.020444651551834947,-0.020656536355641606,0.0,0.014124711586734229,0.01888038480998988,-0.026366819737737024,2,11
2023-11-16,72.9000015258789,76.62999725341797,72.16000366210938,76.5999984741211,125165,31.59845495673308,-2.7303883267866382,2.8681509240524075,0.02096676763547495,80.5685001373291,77.97671913541615,69136932,-0.049047768805272285,-0.050291447777470084,-0.020444651551834947,0.0,0.014124711586734229,0.005442665906664423,3,11
2023-11-17,75.88999938964844,75.98999786376953,72.75,72.97000122070312,101484,39.92669214669669,-2.6945993136386193,2.894711419746488,0.22388779685936155,79.92550010681153,77.65568532837496,69238416,0.04101505900117308,0.04019625542750343,-0.049047768805272285,-0.020444651551834947,0.0,0.01888038480998988,4,11
2023-11-20,77.5999984741211,78.22000122070312,75.6500015258789,75.6500015258789,270638,44.11727500734542,-2.4994416206599936,2.871517725109183,0.36015910927393663,79.5310001373291,77.64711812002821,69509054,0.022532601109836126,0.02228249215254567,0.04101505900117308,-0.049047768805272285,-0.020444651551834947,0.014124711586734229,0,11
2023-11-21,77.7699966430664,77.91999816894531,76.91999816894531,77.6500015258789,238629,44.53153413803065,-2.304495521565329,2.737837887601384,0.39024472982538105,79.23250007629395,77.66602250818794,69747683,0.0021906980964954137,0.0021883020161747205,0.022532601109836126,0.04101505900117308,-0.049047768805272285,0.0,1,11
2023-11-22,77.0999984741211,77.97000122070312,73.79000091552734,77.7699966430664,389325,43.17315089485294,-2.178945063996025,2.8408494888566977,0.35883663462230747,78.81800003051758,77.57894188756227,69358358,-0.008615124056393308,-0.008652448763582765,0.0021906980964954137,0.022532601109836126,0.04101505900117308,-0.020444651551834947,2,11
2023-11-24,75.54000091552734,77.08999633789062,75.06999969482422,76.79000091552734,281147,40.105581065741475,-2.1801922877939717,2.7829315810309962,0.2544279302164621,78.43450012207032,77.26525866109536,69077211,-0.020233431770006693,-0.020440931374297266,-0.008615124056393308,0.0021906980964954137,0.022532601109836126,-0.049047768805272285,4,11
2023-11-27,74.86000061035156,76.2300033569336,74.05999755859375,75.30999755859375,289562,38.811068750792344,-2.2105689998685705,2.7391511679816283,0.20213554970410197,77.90050010681152,76.89521896098093,68787649,-0.009001857253565504,-0.009042618774556595,-0.020233431770006693,-0.008615124056393308,0.0021906980964954137,0.04101505900117308,0,11
2023-11-28,76.41000366210938,77.0199966430664,74.63999938964844,75.06999969482422,286618,43.30334964267579,-2.085529781554669,2.713497316941367,0.3732963079381487,77.60550041198731,76.82057045346222,69074267,0.02070535718835509,0.02049391495704665,-0.009001857253565504,-0.020233431770006693,-0.008615124056393308,0.022532601109836126,1,11
2023-11-29,77.86000061035156,78.08999633789062,75.66999816894531,76.55999755859375,322170,47.207993460691576,-1.848128588639213,2.6925330920845063,0.5463069274308453,77.44750061035157,76.98048278529136,69396437,0.018976532898155263,0.018798724434829987,0.02070535718835509,-0.009001857253565504,-0.020233431770006693,0.0021906980964954137,2,11
2023-11-30,75.95999908447266,79.5999984741211,75.05000305175781,77.75,559169,43.02649855338597,-1.7926362818537456,2.825208972818704,0.3522750088100819,77.22350044250489,76.82348529285771,68837268,-0.02440279361655051,-0.024705476130070746,0.018976532898155263,0.02070535718835509,-0.009001857253565504,-0.008615124056393308,3,11
2023-12-01,74.06999969482422,76.76000213623047,73.93000030517578,75.58999633789062,358976,39.29764793209359,-1.8794996819014358,2.82555131983556,0.1358164823105012,76.80400047302246,76.39987212392948,68478292,-0.024881508852397816,-0.0251962859862309,-0.02440279361655051,0.018976532898155263,0.02070535718835509,-0.020233431770006693,4,12
2023-12-04,73.04000091552734,75.02999877929688,72.62999725341797,74.58000183105469,388832,37.39560934081272,-2.0083013973026453,2.7951549059815135,0.040617744386594254,76.43050041198731,75.88296886109839,68089460,-0.013905748393959416,-0.014003339083783048,-0.024881508852397816,-0.02440279361655051,0.018976532898155263,-0.009001857253565504,0,12
2023-12-05,72.31999969482422,74.12000274658203,72.0199966430664,73.30000305175781,358703,36.08095378145701,-2.143763791393283,2.7455014200910925,-0.022855410114350373,76.0055004119873,75.33481975859466,67730757,-0.009857628856492329,-0.009906536957191996,-0.013905748393959416,-0.024881508852397816,-0.02440279361655051,0.02070535718835509,1,12
2023-12-06,69.37999725341797,72.5999984741211,69.11000061035156,72.0999984741211,436803,31.249926307650355,-2.4599950494238385,2.798679737496695,-0.19280417842087602,75.6060001373291,74.4186932193367,67293954,-0.04065268879718564,-0.04150210991003878,-0.009857628856492329,-0.013905748393959416,-0.024881508852397816,0.018976532898155263,2,12
2023-12-07,69.33999633789062,70.4800033569336,68.80000305175781,69.27999877929688,339000,31.18873831186073,-2.682911406675885,2.718774063759487,-0.0671480260984355,75.3064998626709,73.63735523757578,66954954,-0.0005765482431663305,-0.0005767145110153752,-0.04065268879718564,-0.009857628856492329,-0.013905748393959416,-0.02440279361655051,3,12
2023-12-08,71.2300033569336,71.62999725341797,69.5,69.76000213623047,302250,37.423327805841176,-2.6762166946656407,2.6881474103143335,0.1527738967665264,75.0810001373291,73.26699340978467,67257204,0.027257097185772183,0.02689223767527876,-0.0005765482431663305,-0.04065268879718564,-0.009857628856492329,-0.024881508852397816,4,12
2023-12-11,71.31999969482422,71.80999755859375,70.3499984741211,71.1500015258789,274414,37.71272464291295,-2.6332941589322587,2.6004225298970707,0.195159453327233,74.78850021362305,72.96745591517538,67531618,0.0012634610929280754,0.0012626635976269154,0.027257097185772183,-0.0005765482431663305,-0.04065268879718564,-0.013905748393959416,0,12
2023-12-12,68.61000061035156,71.95999908447266,68.22000122070312,71.43000030517578,324530,32.794470863432764,-2.7858386045243577,2.6818207680308177,0.029615704133309266,74.30600013732911,72.29707817597172,67207088,-0.03799774391571298,-0.03873848311721898,0.0012634610929280754,0.027257097185772183,-0.0005765482431663305,-0.009857628856492329,1,12
2023-12-13,69.47000122070312,69.88999938964844,67.70999908447266,68.7300033569336,306996,35.66198128905823,-2.8050019977719103,2.645976449255458,0.14072244939630404,73.86650009155274,71.86214325977654,67514084,0.012534624729646282,0.012456716677692235,-0.03799774391571298,0.0012634610929280754,0.027257097185772183,-0.04065268879718564,2,12
2023-12-14,71.58000183105469,72.45999908447266,69.54000091552734,69.8499984741211,275688,42.18041800043162,-2.619731080570034,2.670549407435035,0.3321640353698226,73.6125,71.81873688612703,67789772,0.030372831053337546,0.029920708641966384,0.012534624729646282,-0.03799774391571298,0.0012634610929280754,-0.0005765482431663305,3,12
2023-12-15,71.43000030517578,72.22000122070312,70.30000305175781,71.61000061035156,95513,41.855758017540076,-2.4566872519997105,2.6169386046857688,0.3277841686704191,73.53899993896485,71.75893125828837,67694259,-0.002095578681779675,-0.0020977774791577537,0.030372831053337546,0.012534624729646282,-0.03799774391571298,0.027257097185772183,4,12
2023-12-18,72.47000122070312,74.26000213623047,70.63999938964844,71.68000030517578,73941,45.01570138892979,-2.217986888752961,2.6885860433926445,0.42567993063265763,73.36800003051758,71.86832663712141,67768200,0.014559721560745809,0.014454746526187893,-0.002095578681779675,0.030372831053337546,0.012534624729646282,0.0012634610929280754,0,12
2023-12-19,73.44000244140625,74.01000213623047,71.8499984741211,72.4800033569336,230042,47.861811928794104,-1.9283157160248834,2.650830159015268,0.5244658192042169,73.16000022888184,72.1101229147037,67998242,0.013384865521790745,0.013296079590339167,0.014559721560745809,-0.002095578681779675,0.030372831053337546,-0.03799774391571298,1,12
2023-12-20,74.22000122070312,75.37000274658203,73.5999984741211,74.05999755859375,273364,50.09863594466268,-1.6171681343022897,2.5993423123124475,0.6157135933503058,72.98250045776368,72.43471957716514,68271606,0.010620898057828843,0.010564892523759216,0.013384865521790745,0.014559721560745809,-0.002095578681779675,0.012534624729646282,2,12
2023-12-21,73.88999938964844,74.58000183105469,72.44000244140625,73.80999755859375,251982,49.13812661497614,-1.381287204839623,2.5665321035507325,0.606240254981758,72.82200050354004,72.65860877908565,68019624,-0.004446265502925373,-0.0044561795392595365,0.010620898057828843,0.013384865521790745,0.014559721560745809,0.030372831053337546,3,12
2023-12-22,73.55999755859375,74.9800033569336,73.38999938964844,73.91000366210938,222600,48.14408782432045,-1.2070639764861824,2.496780093817477,0.585682580497098,72.72300033569336,72.79728397593306,67797024,-0.004466123071871553,-0.004476125993481734,-0.004446265502925373,0.010620898057828843,0.013384865521790745,-0.002095578681779675,4,12
2023-12-26,75.56999969482422,76.18000030517578,73.12999725341797,73.55999755859375,208715,54.21893653778981,-0.8964665305671105,2.5362960193846438,0.7836630984458944,72.758500289917,73.22385562499323,68005739,0.027324662900232166,0.026958008447507856,-0.004466123071871553,-0.004446265502925373,0.010620898057828843,0.014559721560745809,1,12
2023-12-27,74.11000061035156,75.66000366210938,73.7699966430664,75.31999969482422,253323,49.66748324384085,-0.7593719739153215,2.4901325193602384,0.6556072436685596,72.6435001373291,73.36018562274067,67752416,-0.019319823876784437,-0.019508890795290112,0.027324662900232166,-0.004466123071871553,-0.004446265502925373,0.013384865521790745,2,12
2023-12-28,71.7699966430664,74.4000015258789,71.72000122070312,73.80000305175781,262748,43.38176377875015,-0.8299748802090079,2.503694504061349,0.4300538186318404,72.33899993896485,73.11554116432924,67489668,-0.0315747395495003,-0.03208396953053284,-0.019319823876784437,0.027324662900232166,-0.004466123071871553,0.010620898057828843,3,12
2023-12-29,71.6500015258789,72.62000274658203,71.25,71.98999786376953,214486,43.08067332464668,-0.8854044044003899,2.422716521384255,0.43634045988276776,72.12350006103516,72.89007352764457,67275182,-0.0016719398467338609,-0.0016733390980195589,-0.0315747395495003,-0.019319823876784437,0.027324662900232166,-0.004446265502925373,4,12
2024-01-02,70.37999725341797,73.63999938964844,70.05999755859375,71.70999908447266,330992,39.922514547741486,-1.0200528977449324,2.505379757789286,0.28819870690304006,71.93899993896484,72.50390794699433,66944190,-0.01772511158987533,-0.017884082702064517,-0.0016719398467338609,-0.0315747395495003,-0.019319823876784437,-0.004466123071871553,1,1
2024-01-03,72.69999694824219,73.2300033569336,69.27999877929688,70.5,334861,47.494712336352706,-0.9288509963879221,2.608567244921246,0.6061983871069343,71.92199974060058,72.53407548564785,67279051,0.03296390715206443,0.032432249693658995,-0.01772511158987533,-0.0016719398467338609,-0.0315747395495003,0.027324662900232166,2,1
2024-01-04,72.19000244140625,74.0,71.05999755859375,73.04000091552734,344467,46.118616358213714,-0.8874946412103526,2.6322411875273173,0.5374946625576924,71.91549987792969,72.48114117114915,66934584,-0.007015055409136051,-0.0070397765918172265,0.03296390715206443,-0.01772511158987533,-0.0016719398467338609,-0.019319823876784437,3,1
2024-01-05,73.80999755859375,74.23999786376953,72.20999908447266,72.4000015258789,325525,50.97745226864988,-0.7157486596721299,2.5906522043013145,0.7353257129671524,72.13699989318847,72.68558061537139,67260109,0.022440712874367774,0.022192624734812802,-0.007015055409136051,0.03296390715206443,-0.01772511158987533,-0.0315747395495003,4,1
2024-01-08,70.7699966430664,73.94999694824219,70.12999725341797,73.51000213623047,392249,43.119461508821885,-0.815540357885979,2.678462739338665,0.2872011412367933,72.20849990844727,72.39087538886294,66867860,-0.041186844818875024,-0.0420590560517803,0.022440712874367774,-0.007015055409136051,0.03296390715206443,-0.0016719398467338609,0,1
2024-01-09,72.23999786376953,72.93000030517578,70.47000122070312,70.91000366210938,363445,47.346077405561466,-0.7671657749731082,2.6628581925625214,0.4971639321196127,72.25899963378906,72.36766346192549,67231305,0.020771531587279624,0.020558744884156332,-0.041186844818875024,0.022440712874367774,-0.007015055409136051,-0.01772511158987533,1,1
2024-01-10,71.37000274658203,73.58999633789062,71.01000213623047,72.16999816894531,352772,45.205155369489226,-0.7899241507005144,2.6569393360694953,0.3668328933845477,72.26149978637696,72.21417719802649,66878533,-0.012043122133366335,-0.01211622807075257,0.020771531587279624,-0.041186844818875024,0.022440712874367774,0.03296390715206443,2,1
2024-01-11,72.0199966430664,73.80999755859375,71.16999816894531,71.33000183105469,373645,47.12875007453162,-0.7469014373690896,2.655729339896563,0.42906204962988737,72.4319995880127,72.18430326649417,67252178,0.009107382254031071,0.009066160142917532,-0.012043122133366335,0.020771531587279624,-0.041186844818875024,-0.007015055409136051,3,1
2024-01-12,72.68000030517578,75.25,72.36000061035156,73.01000213623047,403636,49.083339456274174,-0.6520326212588827,2.6967489125420654,0.517045835945042,72.59249954223633,72.26056434936827,67655814,0.009164172353136602,0.009122436117268835,0.009107382254031071,-0.012043122133366335,0.020771531587279624,0.022440712874367774,4,1
2024-01-16,72.4000015258789,73.55999755859375,71.2300033569336,72.62999725341797,430437,48.26808994543079,-0.592610715005236,2.670552147479072,0.4537904130261287,72.63349952697754,72.2820162226776,67225377,-0.0038524873159216932,-0.0038599272595207343,0.009164172353136602,0.009107382254031071,-0.012043122133366335,-0.041186844818875024,1,1
2024-01-17,72.55999755859375,72.94999694824219,70.5,72.0,315679,48.79149307698524,-0.5265384757010025,2.6547982046764376,0.47364273137823115,72.68999938964843,72.32478258204931,67541056,0.0022098899080500445,0.002207451692811289,-0.0038524873159216932,0.009164172353136602,0.009107382254031071,0.020771531587279624,2,1
2024-01-18,74.08000183105469,74.37999725341797,72.18000030517578,72.77999877929688,86646,53.595044472648596,-0.3475181356999286,2.62231240064542,0.7581543821247386,72.77049942016602,72.59481631266551,67627702,0.02094824040248211,0.020731842895027334,0.0022098899080500445,-0.0038524873159216932,0.009164172353136602,-0.012043122133366335,3,1
2024-01-19,73.41000366210938,74.91000366210938,73.19999694824219,74.08000183105469,78234,51.31029628560766,-0.2567468613049755,2.557147708732689,0.6264444127468606,72.76899948120118,72.7202297510415,67549468,-0.009044251517073332,-0.009085399046793905,0.02094824040248211,0.0022098899080500445,-0.0038524873159216932,0.009107382254031071,4,1
2024-01-22,75.19000244140625,75.75,72.88999938964844,73.41000366210938,372284,56.60328897324844,-0.04070967120770774,2.5787800588483227,0.9431187127677161,72.81749954223633,73.10019478032838,67921752,0.02424735990328819,0.02395805985137076,-0.009044251517073332,0.02094824040248211,0.0022098899080500445,0.009164172353136602,0,1
2024-01-23,74.37000274658203,75.25,73.41000366210938,74.68000030517578,306060,53.70679855064014,0.06360108237205964,2.52600979306563,0.7806355228598567,72.84149971008301,73.29554985205971,67615692,-0.01090570113311573,-0.010965604213236486,0.02424735990328819,-0.009044251517073332,0.02094824040248211,-0.0038524873159216932,1,1
2024-01-24,75.08999633789062,75.83000183105469,73.94000244140625,74.56999969482422,323726,55.84341013874515,0.20203661929966188,2.4805804785358303,0.8769375587682778,72.91799964904786,73.57161854218754,67939418,0.009681236583545472,0.009634673695664826,-0.01090570113311573,0.02424735990328819,-0.009044251517073332,0.0022098899080500445,2,1
2024-01-25,77.36000061035156,77.51000213623047,75.16000366210938,75.30000305175781,320177,61.82563713297556,0.4892780603446738,2.4762537156646887,1.1619544262647337,73.00749969482422,74.15444655267432,68259595,0.030230448570623958,0.029782513692605563,0.009681236583545472,-0.01090570113311573,0.02424735990328819,0.02094824040248211,3,1
2024-01-26,78.01000213623047,78.26000213623047,76.05999755859375,77.1500015258789,365456,63.35650137606996,0.7606009286370181,2.4565216343769767,1.1121707227848854,73.20249977111817,74.7476089501445,68625051,0.008402294735658566,0.0083671919494853,0.030230448570623958,0.009681236583545472,-0.01090570113311573,-0.009044251517073332,4,1
2024-01-29,76.77999877929688,79.29000091552734,76.41000366210938,78.9000015258789,331925,58.57001506197515,0.8663880826874504,2.486769892879905,0.8997538720678859,73.45299987792968,75.06028430847563,68293126,-0.01576725193245876,-0.01589287731034141,0.008402294735658566,0.030230448570623958,0.009681236583545472,0.02424735990328819,0,1
2024-01-30,77.81999969482422,78.13999938964844,75.8499984741211,77.0199966430664,347242,61.23662403530357,1.0223594236216087,2.4727149659261505,0.9526263892525478,73.76149978637696,75.48485590637542,68640368,0.013545206200338944,0.013454289960908507,-0.01576725193245876,0.008402294735658566,0.030230448570623958,-0.01090570113311573,1,1
2024-01-31,75.8499984741211,78.11000061035156,75.5199966430664,77.83999633789062,344493,54.12946906717927,0.9757572779883219,2.4810927517375077,0.7116422478765225,74.03499984741211,75.54103168602859,68295875,-0.025314844878290943,-0.02564077795736542,0.013545206200338944,-0.01576725193245876,0.008402294735658566,0.009681236583545472,2,1
2024-02-01,73.81999969482422,76.94999694824219,73.69999694824219,75.95999908447266,577936,47.95332729687306,0.7661886598076393,2.536014698041971,0.4680855992645214,74.09099998474122,75.27625753353561,67717939,-0.02676333315932078,-0.027127992209682653,-0.025314844878290943,0.013545206200338944,-0.01576725193245876,0.030230448570623958,3,2
2024-02-02,72.27999877929688,74.5199966430664,71.79000091552734,73.91000366210938,467768,43.864432904258315,0.4704161519054111,2.5498704858631918,0.28579936536431916,74.09549980163574,74.81529464826812,67250171,-0.020861567622511346,-0.02108224463230448,-0.02676333315932078,-0.025314844878290943,0.013545206200338944,0.008402294735658566,4,2
2024-02-05,72.77999877929688,73.27999877929688,71.41000366210938,72.75,350843,45.48960800919645,0.27321072660417656,2.501307959529214,0.3521755819682161,74.0439998626709,74.50217220688793,67601014,0.0069175430055929965,0.006893726576010502,-0.020861567622511346,-0.02676333315932078,-0.025314844878290943,-0.01576725193245876,0,2
2024-02-06,73.30999755859375,73.81999969482422,72.37999725341797,72.76000213623047,310955,47.23346229777957,0.1578706438578905,2.425500422520431,0.3929684235657427,74.17099990844727,74.31876072253498,67911969,0.007282203739850113,0.007255816521489378,0.0069175430055929965,-0.020861567622511346,-0.02676333315932078,0.013545206200338944,1,2
2024-02-07,73.86000061035156,74.22000122070312,73.2300033569336,73.5,294955,49.0548752961023,0.10958027382530133,2.322964525466795,0.45009569845472724,74.25200004577637,74.24818224373753,68206924,0.007502429001149835,0.007474425755050153,0.007282203739850113,0.0069175430055929965,-0.020861567622511346,-0.025314844878290943,2,2
2024-02-08,76.22000122070312,76.58999633789062,73.55999755859375,74.08000183105469,377906,56.06314071966097,0.25875931723150813,2.3734669721689436,0.7281200347669313,74.49449996948242,74.55153900942454,68584830,0.031952350268743546,0.031452493773191474,0.007502429001149835,0.007282203739850113,0.0069175430055929965,-0.02676333315932078,3,2
2024-02-09,76.83999633789062,77.29000091552734,75.93000030517578,76.41999816894531,302612,57.70908755942195,0.4221469609609301,2.3010765177534163,0.7817604178565299,74.73549995422363,74.90360936765009,68887442,0.008134283747808446,0.008101378780224825,0.031952350268743546,0.007502429001149835,0.007282203739850113,-0.020861567622511346,4,2
2024-02-12,76.91999816894531,77.08999633789062,75.54000091552734,76.5999984741211,248476,57.928103249527524,0.5517283440130143,2.2474278680826925,0.7647567764146758,74.9474998474121,75.21382302938783,69135918,0.0010411482934342686,0.0010406066744543267,0.008134283747808446,0.031952350268743546,0.007502429001149835,0.0069175430055929965,0,2
2024-02-13,77.87000274658203,78.47000122070312,76.87000274658203,77.02999877929688,338174,60.54135243240199,0.7227485580788198,2.20118291137115,0.8541457785316372,75.22099990844727,75.62246606280232,69474092,0.012350553825419386,0.012274907944354303,0.0010411482934342686,0.008134283747808446,0.031952350268743546,0.007282203739850113,1,2
2024-02-14,76.63999938964844,78.7699966430664,76.37999725341797,77.80999755859375,296131,55.71594985086056,0.7503823775706735,2.2146698026766702,0.6697510656557397,75.425,75.77900965154788,69177961,-0.015795599249386005,-0.01592167916154222,0.012350553825419386,0.0010411482934342686,0.008134283747808446,0.007502429001149835,2,2
2024-02-15,78.02999877929688,78.44000244140625,75.77999877929688,76.5999984741211,122432,59.6316993221736,0.8743645820155166,2.2464793640647205,0.8258503661387155,75.62249984741212,76.12531567120158,69300393,0.018136735395592574,0.017974226785918826,-0.015795599249386005,0.012350553825419386,0.0010411482934342686,0.031952350268743546,3,2
2024-02-16,79.19000244140625,79.3499984741211,77.22000122070312,78.11000061035156,113713,62.60355247849522,1.054073272708763,2.2381592133042383,0.924966690246071,75.91149978637695,76.59680594354076,69414106,0.014866124314449669,0.014756706567403265,0.018136735395592574,-0.015795599249386005,0.012350553825419386,0.008134283747808446,4,2
2024-02-20,78.18000030517578,79.80000305175781,77.66999816894531,78.9800033569336,435235,58.56111047836916,1.102288477937691,2.2304339039834,0.7672664059105586,76.06099967956543,76.84037430686922,68978871,-0.01275416220599035,-0.012836194783739074,0.014866124314449669,0.018136735395592574,-0.015795599249386005,0.0010411482934342686,1,2
2024-02-21,77.91000366210938,78.08000183105469,76.31999969482422,77.1500015258789,323243,57.49236147617659,1.1059640378247053,2.203974383009697,0.7109776609766595,76.2379997253418,77.00493266921386,68655628,-0.003453525735641727,-0.0034595029211889807,-0.01275416220599035,0.014866124314449669,0.018136735395592574,0.012350553825419386,2,2
2024-02-22,78.61000061035156,78.91999816894531,77.2300033569336,78.08999633789062,330511,59.5533313404483,1.1520803836036748,2.167261556509841,0.7708074999768044,76.41399993896485,77.25186619861967,68986139,0.008984686373241901,0.008944564222842582,-0.003453525735641727,-0.01275416220599035,0.014866124314449669,-0.015795599249386005,3,2
2024-02-23,76.48999786376953,78.38999938964844,76.3499984741211,78.37000274658203,353437,51.421726314473176,1.0059652743458543,2.1738858836327433,0.5148201266129268,76.37049980163575,77.1346556855658,68632702,-0.02696861379114235,-0.02733894016442214,0.008984686373241901,-0.003453525735641727,-0.01275416220599035,0.018136735395592574,4,2
2024-02-26,77.58000183105469,78.02999877929688,75.83999633789062,76.4000015258789,274710,54.83629691887163,0.9669755163421456,2.1750370663308507,0.6538413733048641,76.34899978637695,77.20317047717948,68907412,0.014250281052778702,0.014149700208427214,-0.02696861379114235,0.008984686373241901,-0.003453525735641727,0.014866124314449669,0,2
2024-02-27,78.87000274658203,79.0,77.16999816894531,77.62000274658203,269236,58.5496703986359,1.028314377078246,2.1503916923825535,0.7913580919572043,76.45349998474121,77.45960621093371,69176648,0.016628008315036746,0.016491276620096248,0.014250281052778702,-0.02696861379114235,0.008984686373241901,-0.01275416220599035,1,2
2024-02-28,78.54000091552734,79.62000274658203,77.77999877929688,78.4800033569336,330043,57.25282845246744,1.0383282742993032,2.1282211405898823,0.7437664643027143,76.48950004577637,77.62582078087121,68846605,-0.0041841234888125856,-0.0041929014273732485,0.016628008315036746,0.014250281052778702,-0.02696861379114235,-0.003453525735641727,2,2
2024-02-29,78.26000213623047,79.27999877929688,77.94000244140625,78.19999694824219,317939,56.1170800576833,1.0120050344653464,2.0719193689685067,0.6935086164898815,76.61000022888183,77.72338714323418,68528666,-0.003565046804596128,-0.0035714167278449132,-0.0041841234888125856,0.016628008315036746,0.014250281052778702,0.008984686373241901,3,2
2024-03-01,79.97000122070312,80.8499984741211,78.05000305175781,78.27999877929688,363417,61.18169235990431,1.116258775983951,2.123924801353848,0.8548528055599475,76.91750030517578,78.0690200782294,68892083,0.02185023048550372,0.02161493552946405,-0.003565046804596128,-0.0041841234888125856,0.016628008315036746,-0.02696861379114235,4,3
2024-03-04,78.73999786376953,80.41000366210938,78.55999755859375,80.13999938964844,347214,56.16081947370279,1.0870982341592708,2.104359180079689,0.697268218281847,77.24050025939941,78.17224742985096,68544869,-0.01538080953055132,-0.015500321222901771,0.02185023048550372,-0.003565046804596128,-0.0041841234888125856,0.014250281052778702,0,3
2024-03-05,78.1500015258789,79.48999786376953,77.5199966430664,78.73999786376953,436521,53.876863399252784,1.004797837010102,2.094762182981363,0.5996572160219634,77.50900039672851,78.16882498308603,68108348,-0.007492968680433476,-0.0075211819929224405,-0.01538080953055132,0.02185023048550372,-0.003565046804596128,0.016628008315036746,1,3
2024-03-06,79.12999725341797,80.66999816894531,77.98999786376953,78.1500015258789,371049,57.004638147316754,1.0070430786255713,2.1365649059952503,0.751286125565661,77.80000038146973,78.31669764006017,68479397,0.012539932289246991,0.012461958518870208,-0.007492968680433476,-0.01538080953055132,0.02185023048550372,-0.0041841234888125856,2,3
2024-03-07,78.93000030517578,79.52999877929688,78.0199966430664,79.12999725341797,432923,56.16752190501505,0.981371724149696,2.091810422440623,0.7220037375882877,78.05350036621094,78.4110518962318,68046474,-0.002527447936105487,-0.0025306473246359336,0.012539932289246991,-0.007492968680433476,-0.01538080953055132,-0.003565046804596128,3,3
2024-03-08,78.01000213623047,79.98999786376953,77.55999755859375,79.51000213623047,347533,52.358519795975404,0.8766849489134216,2.1159668426359914,0.46278471231683777,78.1430004119873,78.34935193315467,67698941,-0.011655874387282661,-0.01172433660244081,-0.002527447936105487,0.012539932289246991,-0.007492968680433476,0.02185023048550372,4,3
2024-03-11,77.93000030517578,78.47000122070312,76.79000091552734,77.80000305175781,329873,52.02810339838754,0.7782927715482941,2.084826375674548,0.4207809999296159,78.19750061035157,78.28483629808099,67369068,-0.0010255329940253022,-0.0010260592127867838,-0.011655874387282661,-0.002527447936105487,0.012539932289246991,-0.01538080953055132,0,3
2024-03-12,77.55999755859375,78.7300033569336,77.33999633789062,78.08999633789062,309922,50.442620450366675,0.6628195613890426,2.0351964216294354,0.2924494589876957,78.22950057983398,78.17332264585218,67059146,-0.0047478858608122065,-0.004759192874689783,-0.0010255329940253022,-0.011655874387282661,-0.002527447936105487,-0.007492968680433476,1,3
2024-03-13,79.72000122070312,79.9000015258789,77.56999969482422,78.05999755859375,316390,58.41048064192674,0.7371035827557506,2.0569683891762724,0.9045409804056302,78.32200050354004,78.41127319582925,67375536,0.027849455003883472,0.02746871176017195,-0.0047478858608122065,-0.0010255329940253022,-0.011655874387282661,0.012539932289246991,2,3
2024-03-14,81.26000213623047,81.62000274658203,79.56999969482422,79.62999725341797,297450,62.98047241530667,0.9097523496491675,2.056470865074954,1.1825174355287895,78.55300064086914,78.84953918666021,67672986,0.019317622829230663,0.01913340619143594,0.027849455003883472,-0.0047478858608122065,-0.0010255329940253022,-0.002527447936105487,3,3
2024-03-15,81.04000091552734,81.44999694824219,80.48999786376953,81.13999938964844,185078,61.933474642852744,1.0171009744850465,1.9781514521747898,1.021186403171644,78.70350074768066,79.1865332987936,67487908,-0.002707374045281208,-0.0027110456107564012,0.019317622829230663,0.027849455003883472,-0.0047478858608122065,-0.011655874387282661,4,3
2024-03-18,82.72000122070312,83.08999633789062,81.01000213623047,81.02999877929688,84718,66.51174388712916,1.2236322464988802,1.9854259342808873,1.1754987021022,78.8800006866455,79.73014374831816,67572626,0.02073050698662926,0.020518554279512564,-0.002707374045281208,0.019317622829230663,0.027849455003883472,-0.0010255329940253022,0,3
2024-03-19,83.47000122070312,83.8499984741211,82.38999938964844,82.8499984741211,76814,68.34226410666352,1.431329029455597,1.9478954450088708,1.1265629910548003,79.14450073242188,80.30550643637739,67649440,0.009066731007401074,0.009025874969930351,0.02073050698662926,-0.002707374045281208,0.019317622829230663,-0.0047478858608122065,1,3
2024-03-20,81.68000030517578,83.20999908447266,81.44000244140625,83.19999694824219,351161,59.923372490006294,1.4349508914513507,1.9537599688865854,0.8286002091598742,79.3330005645752,80.51696703157714,67298279,-0.021444841132737036,-0.021678122894452184,0.009066731007401074,0.02073050698662926,-0.002707374045281208,0.027849455003883472,2,3
2024-03-21,81.06999969482422,81.91999816894531,80.30000305175781,81.48999786376953,266860,57.33146043922937,1.3727747985544454,1.9299196223366508,0.7221874924596423,79.45600051879883,80.602048979769,67031419,-0.007468175906861663,-0.007496202357379792,-0.021444841132737036,0.009066731007401074,0.02073050698662926,0.019317622829230663,3,3
2024-03-22,80.62999725341797,81.44999694824219,80.41999816894531,80.83999633789062,231101,55.467768163967534,1.2733172683543188,1.865639562119524,0.6423487807531411,79.66300048828126,80.60634871417652,66800318,-0.005427438547706553,-0.00544222060235778,-0.007468175906861663,-0.021444841132737036,0.009066731007401074,-0.002707374045281208,4,3
2024-03-25,81.94999694824219,82.4800033569336,80.58999633789062,80.8499984741211,300360,59.700178361698185,1.286183084811924,1.867380094756913,0.8046647867047175,79.88150024414062,80.81306382710969,67100678,0.01637107453539266,0.016238513317663482,-0.005427438547706553,-0.007468175906861663,-0.021444841132737036,0.02073050698662926,0,3
2024-03-26,81.62000274658203,82.36000061035156,81.22000122070312,81.94000244140625,235845,58.21070309092858,1.2552814595700852,1.8154243301063075,0.7325596647009359,80.01900024414063,80.93720827625927,66864833,-0.004026775032933472,-0.004034904322067613,0.01637107453539266,-0.005427438547706553,-0.007468175906861663,0.009066731007401074,1,3
2024-03-27,81.3499984741211,81.73999786376953,80.55000305175781,81.29000091552734,249964,56.95852693869516,1.1952267803430487,1.7707507930995512,0.674125848113821,80.15950012207031,81.00071446054571,66614869,-0.003308064976415892,-0.0033135487204207707,-0.004026775032933472,0.01637107453539266,-0.005427438547706553,-0.021444841132737036,2,3
2024-03-28,83.16999816894531,83.20999908447266,81.5199966430664,81.70999908447266,293774,62.77179144318023,1.279739736315335,1.7771257800461235,0.8904669758151691,80.40499992370606,81.33445041568412,66908643,0.022372461327128335,0.022125868956704677,-0.003308064976415892,-0.004026775032933472,0.01637107453539266,-0.007468175906861663,3,3
2024-04-01,83.70999908447266,84.48999786376953,82.5999984741211,83.13999938964844,321059,64.31194390636179,1.3744466582010375,1.7851881807320031,0.9088084245422512,80.59199981689453,81.69991944165159,67229702,0.006492736893301654,0.006471749870282901,0.022372461327128335,-0.003308064976415892,-0.004026775032933472,-0.005427438547706553,0,4
2024-04-02,85.1500015258789,85.5,83.8499984741211,84.04000091552734,344040,68.10170990910461,1.5478560178737837,1.7855319475030988,1.0050207992658378,80.9125,82.23070130076347,67573742,0.017202275201952055,0.01705599129351878,0.006492736893301654,0.022372461327128335,-0.003308064976415892,0.01637107453539266,1,4
2024-04-03,85.43000030517578,86.19999694824219,84.8499984741211,85.45999908447266,322549,68.79558788125867,1.6884147519445065,1.7544224136900985,0.9687737912182378,81.27649993896485,82.72290114759613,67896291,0.0032883003438559655,0.003282905707169063,0.017202275201952055,0.006492736893301654,0.022372461327128335,-0.004026775032933472,2,4
2024-04-04,86.58999633789062,87.22000122070312,84.63999938964844,85.66000366210938,359534,71.55610134235779,1.8718332185476214,1.8133923720732834,1.0064037205437821,81.64949989318848,83.31783886917991,68255825,0.013578321767190316,0.013486962431428861,0.0032883003438559655,0.017202275201952055,0.006492736893301654,-0.003308064976415892,3,4
2024-04-05,86.91000366210938,87.62999725341797,86.31999969482422,86.86000061035156,353206,72.28452540188836,2.0197333624786467,1.7774355996818882,0.9659577653186144,82.04850006103516,83.87047960655367,68609031,0.003695661597790334,0.0036888494189806584,0.013578321767190316,0.0032883003438559655,0.017202275201952055,0.022372461327128335,4,4
2024-04-08,86.43000030517578,87.0999984741211,84.69000244140625,86.0999984741211,393734,69.41304856350804,2.074301773125299,1.8226184877556708,0.8805192233064639,82.46949996948243,84.2642520217263,68215297,-0.005522993173487367,-0.005538301290720926,0.003695661597790334,0.013578321767190316,0.0032883003438559655,0.006492736893301654,0,4
2024-04-09,85.2300033569336,86.9800033569336,85.08999633789062,86.58999633789062,314994,62.70658340547899,1.9976897824829791,1.8274319542761919,0.7447341196399897,82.83450012207031,84.41282915021974,67900303,-0.01388403267389926,-0.013981317374481906,-0.005522993173487367,0.003695661597790334,0.013578321767190316,0.017202275201952055,1,4
2024-04-10,86.20999908447266,86.37999725341797,84.55000305175781,85.33999633789062,373939,65.62733413851282,1.9930767449175164,1.8276149719464752,0.8297085290825202,83.26700019836426,84.68931683241249,68274242,0.011498248139624634,0.011432645681132773,-0.01388403267389926,-0.005522993173487367,0.003695661597790334,0.0032883003438559655,2,4
2024-04-11,85.0199966430664,86.62999725341797,84.83999633789062,86.31999969482422,388128,59.530425821722886,1.87182044671367,1.824928253630823,0.6766618680521318,83.53199996948243,84.74019064943616,67886114,-0.013803531539772207,-0.013899686155501469,0.011498248139624634,-0.01388403267389926,-0.005522993173487367,0.013578321767190316,3,4
2024-04-12,85.66000366210938,87.66999816894531,85.23999786376953,85.5999984741211,369958,61.59682220103498,1.8065424773127887,1.8838620587914003,0.7286007165791755,83.75200004577637,84.88170034369357,68256072,0.007527723409939346,0.007499531492312272,-0.013803531539772207,0.011498248139624634,-0.01388403267389926,0.003695661597790334,4,4
2024-04-15,85.41000366210938,86.11000061035156,84.05000305175781,85.93000030517578,343894,60.301572239280546,1.7148683704908905,1.8964431659201395,0.6782545281330333,83.97050018310547,84.962977777296,67912178,-0.0029185149347662476,-0.002922782104032367,0.007527723409939346,-0.013803531539772207,0.011498248139624634,-0.005522993173487367,0,4
2024-04-16,85.36000061035156,86.18000030517578,84.75,85.69999694824219,241343,60.029676458168076,1.6195124208977205,1.863125818724114,0.6556993401777526,84.1025001525879,85.02405821315071,67670835,-0.0005854472498986185,-0.0005856186910562605,-0.0029185149347662476,0.007527723409939346,-0.013803531539772207,-0.01388403267389926,1,4
2024-04-17,82.69000244140625,85.51000213623047,82.55000305175781,85.36000061035156,259540,47.66975097140546,1.3133560546521608,1.941473909134724,0.33154688871578897,84.06350021362304,84.6649727098054,67411295,-0.03127926604796116,-0.031778908884939415,-0.0005854472498986185,-0.0029185149347662476,0.007527723409939346,0.011498248139624634,2,4
2024-04-18,82.7300033569336,83.47000122070312,81.55999755859375,82.79000091552734,84468,47.84301403440989,1.0617138914004016,1.939226034347199,0.3258152397827823,84.11600036621094,84.36728511705589,67495763,0.00048374548731788813,0.0004836285201896646,-0.03127926604796116,-0.0005854472498986185,-0.0029185149347662476,-0.013803531539772207,3,4
2024-04-19,83.13999938964844,86.27999877929688,81.80000305175781,82.62000274658203,76901,49.681969559783674,0.8851652830134498,2.1207095838609034,0.3563635014793049,84.21950035095215,84.17847192822397,67572664,0.004955832419659689,0.004943592704169771,0.00048374548731788813,-0.03127926604796116,-0.0005854472498986185,0.007527723409939346,4,4
2024-04-22,82.8499984741211,83.3499984741211,81.8499984741211,83.05000305175781,313914,48.3825427393551,0.7136223939159265,2.076373185013696,0.2851375598593371,84.3305004119873,83.97409139682352,67258750,-0.003488103411791066,-0.003494201028036716,0.004955832419659689,0.00048374548731788813,-0.03127926604796116,-0.0029185149347662476,0,4
2024-04-23,83.36000061035156,83.43000030517578,80.87999725341797,82.12999725341797,355814,50.818726809687455,0.6117741766423279,2.110203889781133,0.3423794926999023,84.40100059509277,83.87961589121245,67614564,0.00615572897553851,0.006136859871728367,-0.003488103411791066,0.004955832419659689,0.00048374548731788813,-0.0005854472498986185,1,4
2024-04-24,82.80999755859375,83.70999908447266,82.44000244140625,83.4000015258789,329077,48.17790446655218,0.48113189200977047,2.050189086444367,0.237053910656426,84.46050033569335,83.71505922465572,67285487,-0.006597925236693336,-0.006619787763346306,0.00615572897553851,-0.003488103411791066,0.004955832419659689,-0.03127926604796116,2,4
2024-04-25,83.56999969482422,83.83000183105469,81.98999786376953,82.83000183105469,314116,51.8976727831183,0.43392079221622737,2.03517586364728,0.323226670734549,84.57150039672851,83.69274237391241,67599603,0.009177661618607225,0.009135802798020112,-0.006597925236693336,0.00615572897553851,-0.003488103411791066,0.00048374548731788813,3,4
2024-04-26,83.8499984741211,84.45999908447266,83.3499984741211,83.80999755859375,244090,53.229652243104844,0.41432315748181736,1.9690919169833003,0.364141050481564,84.60550041198731,83.71693562009837,67843693,0.00335047002895017,0.003344869709890436,0.009177661618607225,-0.006597925236693336,0.00615572897553851,0.004955832419659689,4,4
2024-04-29,82.62999725341797,83.91000366210938,82.4000015258789,83.69000244140625,336984,47.10867032870274,0.2969252191297329,1.9362997897866696,0.16730810359511208,84.55150032043457,83.54971433291676,67506709,-0.014549806116927466,-0.014656692597930232,0.00335047002895017,0.009177661618607225,-0.006597925236693336,-0.003488103411791066,0,4
2024-04-30,81.93000030517578,83.30000305175781,80.94999694824219,82.76000213623047,400680,43.98347228309977,0.14572280182456154,1.9658502407673093,0.10166229509808948,84.39050025939942,83.30052755941816,67106029,-0.008471462804184426,-0.008507549595007585,-0.014549806116927466,0.00335047002895017,0.009177661618607225,0.00615572897553851,1,4
2024-05-01,79.0,81.56999969482422,78.83000183105469,81.4800033569336,441978,33.858378477107735,-0.20813350732400693,2.046860828864008,-0.1605880636419463,84.06900024414062,82.63890793489229,66664051,-0.035762239646796146,-0.03641737541153739,-0.008471462804184426,-0.014549806116927466,0.00335047002895017,-0.006597925236693336,2,5
2024-05-02,78.94999694824219,79.9000015258789,78.41000366210938,79.1500015258789,359652,33.71573376134435,-0.4869883119843337,2.0070849027858313,-0.056615735440326956,83.6870002746582,82.07138316771535,66304399,-0.0006329500222508333,-0.0006331504196816675,-0.035762239646796146,-0.008471462804184426,-0.014549806116927466,0.009177661618607225,3,5
2024-05-03,78.11000061035156,79.62999725341797,77.95999908447266,79.06999969482422,324438,31.327990457704303,-0.7669228290629349,1.98300727894008,-0.054256474139192684,83.24700012207032,81.4619396973517,65979961,-0.01063959937124892,-0.010696604611133635,-0.0006329500222508333,-0.035762239646796146,-0.008471462804184426,0.00335047002895017,4,5
2024-05-06,78.4800033569336,79.08999633789062,77.91000366210938,78.16000366210938,297369,33.56000415409159,-0.9479889942369368,1.9256490930001637,0.047989195182958126,82.8495002746582,81.00318026036429,66277330,0.004736944612608207,0.004725760595283706,-0.01063959937124892,-0.0006329500222508333,-0.035762239646796146,-0.014549806116927466,0,5
2024-05-07,78.37999725341797,79.16999816894531,77.55000305175781,78.72000122070312,327593,33.24547860420276,-1.0870243513433024,1.903816666156402,0.09338947289102405,82.50699996948242,80.59961364391101,65949737,-0.0012742877069052971,-0.0012751003018784941,0.004736944612608207,-0.01063959937124892,-0.0006329500222508333,-0.008471462804184426,1,5
2024-05-08,78.98999786376953,79.2699966430664,76.88999938964844,78.33999633789062,355449,37.11678133388134,-1.1349064274374285,1.9378295652465138,0.18417602572362152,82.14599990844727,80.35198044696617,66305186,0.007782605661228903,0.0077524774024004825,-0.0012742877069052971,0.004736944612608207,-0.01063959937124892,-0.035762239646796146,2,5
2024-05-09,79.26000213623047,79.80000305175781,78.91000366210938,79.2300033569336,272712,38.80836527240997,-1.1379486655776816,1.8629845527037943,0.238344421181683,81.85800018310547,80.18398378377606,66577898,0.0034182083778075967,0.0034123795824652194,0.007782605661228903,-0.0012742877069052971,0.004736944612608207,-0.0006329500222508333,3,5
2024-05-10,78.26000213623047,79.95999908447266,78.13999938964844,79.58999633789062,281169,35.047952738507334,-1.2071361892992059,1.859914205712396,0.1691423586383428,81.48800010681153,79.88798660723059,66296729,-0.01261670417673244,-0.012696970635629665,0.0034182083778075967,0.007782605661228903,-0.0012742877069052971,-0.01063959937124892,4,5
2024-05-13,79.12000274658203,79.48999786376953,77.77999877929688,78.18000030517578,287701,40.39683351508683,-1.178982363590876,1.8492059827667002,0.27828980605018966,81.17350006103516,79.7698352440539,66584430,0.010989018488071656,0.010929077949739378,-0.01261670417673244,0.0034182083778075967,0.007782605661228903,0.004736944612608207,0,5
2024-05-14,78.0199966430664,79.37999725341797,77.68000030517578,79.2300033569336,307410,36.28123370427517,-1.231238601124474,1.838548194586378,0.1836078040857741,80.8064998626709,79.50062930544043,66277020,-0.013903008914684878,-0.014000560976655058,0.010989018488071656,-0.01261670417673244,0.0034182083778075967,-0.0012742877069052971,1,5
2024-05-15,78.62999725341797,78.91999816894531,76.69999694824219,78.44000244140625,321267,39.935685177835,-1.2094878712879904,1.8657948393090027,0.276340660020133,80.60349960327149,79.36668591282158,66598287,0.007818516234270767,0.007788110021032777,-0.013903008914684878,0.010989018488071656,-0.01261670417673244,0.007782605661228903,2,5
2024-05-16,79.2300033569336,79.8499984741211,78.19999694824219,78.83999633789062,230277,43.37575567114271,-1.1307996288702498,1.850381031206853,0.36184810902594366,80.42849960327149,79.34565782730036,66828564,0.00763075320455453,0.00760178627366133,0.007818516234270767,-0.013903008914684878,0.010989018488071656,0.0034182083778075967,3,5
2024-05-17,80.05999755859375,80.13999938964844,79.0,79.37999725341797,94152,47.827181934340985,-0.9900523273692841,1.7996394853812518,0.4741969254087141,80.27449951171874,79.45555624749933,66922716,0.01047575623493291,0.010421265723094177,0.00763075320455453,0.007818516234270767,-0.013903008914684878,-0.01261670417673244,4,5
2024-05-20,79.80000305175781,80.5999984741211,79.16999816894531,80.01000213623047,85072,46.59158160570747,-0.8892378799879594,1.773236686795147,0.45962660330336913,80.12199974060059,79.50854806353911,66837644,-0.0032474958126954556,-0.0032527803713785952,0.01047575623493291,0.00763075320455453,0.007818516234270767,0.010989018488071656,0,5
2024-05-21,79.26000213623047,79.72000122070312,78.08000183105469,79.69999694824219,371672,44.04634530110665,-0.8431954329365539,1.76943415350286,0.41152489968414474,79.91699981689453,79.47031022856855,66465972,-0.0067669285072220475,-0.006789927983864295,-0.0032474958126954556,0.01047575623493291,0.00763075320455453,-0.013903008914684878,1,5
2024-05-22,77.56999969482422,78.41000366210938,77.25,78.20999908447266,314145,37.19757230316222,-0.9323282354678639,1.7866175808405464,0.21017966329286616,79.65499992370606,79.17795476183866,66151827,-0.021322260861178277,-0.02155286414589558,-0.0067669285072220475,-0.0032474958126954556,0.01047575623493291,0.007818516234270767,2,5
2024-05-23,76.87000274658203,78.66000366210938,76.43000030517578,77.29000091552734,330273,34.784958125761676,-1.047377016963651,1.8182879934186214,0.1302405789352157,79.32000007629395,78.82288522102995,65821554,-0.009024067951477588,-0.00906503147732145,-0.021322260861178277,-0.0067669285072220475,-0.0032474958126954556,0.00763075320455453,3,5
2024-05-24,77.72000122070312,78.05000305175781,76.1500015258789,77.04000091552734,299075,39.88379933568241,-1.057772884679025,1.8241246743086417,0.25568715902493605,79.01350021362305,78.65321075944121,66120629,0.01105760951932444,0.010996921124401168,-0.009024067951477588,-0.021322260861178277,-0.0067669285072220475,0.01047575623493291,4,5
2024-05-28,79.83000183105469,80.29000091552734,77.69000244140625,77.80999755859375,334074,50.27662073763442,-0.8855442664259385,1.8795442314381023,0.7267918003945337,78.87350044250488,78.83425553968944,66454703,0.027148746490105458,0.026786756378970412,0.01105760951932444,-0.009024067951477588,-0.021322260861178277,-0.0032474958126954556,1,5
2024-05-29,79.2300033569336,80.62000274658203,78.98999786376953,80.26000213623047,259594,47.74874264079798,-0.7883787683920076,1.8617199922505594,0.6544728950843606,78.73850059509277,78.89513981926547,66195109,-0.007515952152811867,-0.00754433924800599,0.027148746490105458,0.01105760951932444,-0.009024067951477588,-0.0067669285072220475,2,5
2024-05-30,77.91000366210938,79.41999816894531,77.62999725341797,79.27999877929688,373779,42.666185888129334,-0.8085667012187372,1.8565972010560439,0.2619403872826486,78.68400077819824,78.74358041047222,65821330,-0.016660351368124715,-0.016800695999504067,-0.007515952152811867,0.027148746490105458,0.01105760951932444,-0.021322260861178277,3,5
2024-05-31,76.98999786376953,78.62000274658203,76.66999816894531,77.91000366210938,345120,39.50955466141208,-0.8885597983013298,1.8632691565260922,0.051377105439384625,78.58600082397462,78.47379848021026,65476210,-0.011808570852208544,-0.011878845804020198,-0.016660351368124715,-0.007515952152811867,0.027148746490105458,-0.009024067951477588,4,5
2024-06-03,74.22000122070312,77.5199966430664,73.9800033569336,76.97000122070312,443271,31.86535318256911,-1.1620748083023642,1.983035165783715,-0.301038439405732,78.3915008544922,77.81936813259378,65032939,-0.035978655928368686,-0.036641843463558636,-0.011808570852208544,-0.016660351368124715,-0.007515952152811867,0.01105760951932444,0,6
2024-06-04,73.25,74.12999725341797,72.4800033569336,74.0199966430664,408721,29.698440754003684,-1.440503192053825,1.9656753584969877,-0.2105608046833743,78.1300006866455,77.11638841988704,64624218,-0.013069269802606143,-0.013155424182366147,-0.035978655928368686,-0.011808570852208544,-0.016660351368124715,0.027148746490105458,1,6
2024-06-05,74.06999969482422,74.33000183105469,72.81999969482422,72.9000015258789,307701,33.79695707682657,-1.5768160162941598,1.9331272711922363,0.0018502044098252274,77.91450080871581,76.64771323141584,64931919,0.011194535082924562,0.011132340007921552,-0.013069269802606143,-0.035978655928368686,-0.011808570852208544,-0.007515952152811867,2,6
2024-06-06,75.55000305175781,75.79000091552734,74.05999755859375,74.30000305175781,291082,40.53532129195546,-1.5475814539203014,1.9186184201737617,0.22296691426405904,77.74250106811523,76.47883474223768,65223001,0.019981144363863335,0.019784141207531986,0.011194535082924562,-0.013069269802606143,-0.035978655928368686,-0.016660351368124715,3,6
2024-06-07,75.52999877929688,76.25,75.20999908447266,75.66999816894531,280253,40.47535434573495,-1.5086364087932793,1.8558600269847318,0.2470501091597685,77.55600090026856,76.33285997870833,64942748,-0.0002647818881917896,-0.0002648169491050799,0.019981144363863335,0.011194535082924562,-0.013069269802606143,-0.011808570852208544,4,6
2024-06-10,77.73999786376953,78.29000091552734,75.2300033569336,75.3499984741211,317031,49.38414767366265,-1.2846352480800647,1.9418698506710903,0.5262965580979222,77.53000068664551,76.5493427302562,65259779,0.029259885081295955,0.02883998578138424,-0.0002647818881917896,0.019981144363863335,0.011194535082924562,-0.035978655928368686,0,6
2024-06-11,77.9000015258789,78.36000061035156,77.22000122070312,78.12000274658203,314874,49.9679859494601,-1.081732220366348,1.8845933891694722,0.5548259524253573,77.46900062561035,76.75713639112122,65574653,0.0020581896900713215,0.0020560745194554914,0.029259885081295955,-0.0002647818881917896,0.019981144363863335,-0.013069269802606143,1,6
2024-06-12,78.5,79.31999969482422,77.87999725341797,78.22000122070312,322285,52.19481029895607,-0.8625720529072822,1.8528368929006707,0.6274808828123366,77.49300079345703,77.02526925402564,65896938,0.007702162546450841,0.007672652323997818,0.0020581896900713215,0.029259885081295955,-0.0002647818881917896,0.011194535082924562,2,6
2024-06-13,78.62000274658203,78.88999938964844,77.66999816894531,78.37000274658203,307638,52.64874687352663,-0.6714626193825808,1.8076343448865602,0.6427565849674253,77.49250106811523,77.27061286826509,66204576,0.0015286974086883287,0.0015275301402533966,0.007702162546450841,0.0020581896900713215,0.029259885081295955,0.019981144363863335,3,6
2024-06-14,78.44999694824219,79.1500015258789,77.7300033569336,77.95999908447266,245827,51.89691812267885,-0.5276427266665991,1.7799460466050425,0.6279310964265137,77.45350074768066,77.45205657287696,65958749,-0.0021623733452137417,-0.0021647146502484236,0.0015286974086883287,0.007702162546450841,0.0020581896900713215,-0.0002647818881917896,4,6
2024-06-17,80.33000183105469,80.66000366210938,77.9800033569336,78.4800033569336,126733,58.888482008403685,-0.25897840153180596,1.8442356365029524,0.864027605014585,77.46700096130371,77.89481738182738,66085482,0.02396437165004417,0.023681732701511034,-0.0021623733452137417,0.0015286974086883287,0.007702162546450841,0.029259885081295955,0,6
2024-06-18,81.56999969482422,81.66999816894531,79.7699966430664,80.43000030517578,140709,62.73565378416338,0.05338212041617396,1.8482189143155205,0.9769610870658832,77.55550079345703,78.46023004536536,66226191,0.015436298213678867,0.01531837059133567,0.02396437165004417,-0.0021623733452137417,0.0015286974086883287,0.0020581896900713215,1,6
2024-06-20,82.16999816894531,82.41000366210938,81.12999725341797,81.5199966430664,420499,64.46829258066293,0.34536380796436106,1.807632306770941,0.9841193590603992,77.70100059509278,79.0309636028392,66646690,0.007355626779034674,0.007328706088144798,0.015436298213678867,0.02396437165004417,-0.0021623733452137417,0.007702162546450841,3,6
2024-06-21,80.7300033569336,81.79000091552734,80.3499984741211,81.2699966430664,290500,57.55204184126956,0.45531723847025773,1.8085156916318894,0.7990926388231084,77.85900077819824,79.29235433423834,66356190,-0.017524581283925866,-0.017679954670203727,0.007355626779034674,0.015436298213678867,0.02396437165004417,0.0015286974086883287,4,6
2024-06-24,81.62999725341797,81.77999877929688,80.2300033569336,80.44999694824219,271745,60.41072135944627,0.6080686730480522,1.7900499581127032,0.850112183157965,78.09700050354004,79.65199170641982,66627935,0.011148195950211992,0.011086512827385236,-0.017524581283925866,0.007355626779034674,0.015436298213678867,-0.0021623733452137417,0,6
2024-06-25,80.83000183105469,81.9000015258789,80.55000305175781,81.69999694824219,286038,56.75205443442892,0.6569988667532556,1.7586177092561595,0.7488232619488737,78.25250053405762,79.83322403328673,66341897,-0.009800262762226009,-0.009848601417630847,0.011148195950211992,-0.017524581283925866,0.007355626779034674,0.02396437165004417,1,6
2024-06-26,80.9000015258789,81.62999725341797,80.18000030517578,80.72000122070312,308410,56.99746667575346,0.6934313432689123,1.7365733691837328,0.7463506695844153,78.30600051879883,79.99734364753168,66650307,0.000866011298261915,0.0008656365268328098,-0.009800262762226009,0.011148195950211992,-0.017524581283925866,0.015436298213678867,2,6
2024-06-27,81.73999786376953,82.04000091552734,80.51000213623047,80.86000061035156,306342,59.93549797854676,0.7810812097352056,1.7218180413346715,0.8028144762500571,78.43150024414062,80.26544429618366,66956649,0.010383143659421501,0.010329609075931839,0.000866011298261915,-0.009800262762226009,0.011148195950211992,0.007355626779034674,3,6
2024-06-28,81.54000091552734,82.72000122070312,80.97000122070312,81.86000061035156,260252,58.90360440491753,0.8248973746597414,1.723831038382195,0.7603870608823404,78.61300010681153,80.46152992992884,66696397,-0.0024467452100440656,-0.0024497433826135406,0.010383143659421501,0.000866011298261915,-0.009800262762226009,-0.017524581283925866,4,6
2024-07-01,83.37999725341797,83.63999938964844,81.37999725341797,81.44999694824219,345780,64.89229061192775,0.9966060735672642,1.7621289739427861,0.874815380907052,78.93250007629395,80.91052490277332,67042177,0.02256556680440558,0.02231473089305164,-0.0024467452100440656,0.010383143659421501,0.000866011298261915,0.011148195950211992,0,7
2024-07-02,82.80999755859375,84.37999725341797,82.72000122070312,83.43000030517578,367787,61.883810004566705,1.0743082856761532,1.754833763855076,0.7999865547176985,79.36199989318848,81.20275146520723,66674390,-0.00683616830895073,-0.006859641948526388,0.02256556680440558,-0.0024467452100440656,0.010383143659421501,-0.009800262762226009,1,7
2024-07-03,83.87999725341797,83.93000030517578,82.45999908447266,83.19999694824219,289685,65.15006301571191,1.208299358731196,1.7344885822013651,0.873315497569147,79.89349975585938,81.61463543262427,66964075,0.01292114148496526,0.01283837572594993,-0.00683616830895073,0.02256556680440558,-0.0024467452100440656,0.000866011298261915,2,7
2024-07-05,83.16000366210938,84.5199966430664,83.0199966430664,83.5999984741211,361357,61.34097774870782,1.2420729402085868,1.7177393977584106,0.7929591834611427,80.34799995422364,81.85238439100658,66602718,-0.00858361486509529,-0.008620666262815612,0.01292114148496526,-0.00683616830895073,0.02256556680440558,0.010383143659421501,4,7
2024-07-08,82.33000183105469,83.31999969482422,82.08000183105469,83.1500015258789,251774,57.18990510675333,1.18816807375822,1.6836150024734906,0.6896912136475004,80.68699989318847,81.92586399716782,66350944,-0.009980781559691843,-0.010030923475955026,-0.00858361486509529,0.01292114148496526,-0.00683616830895073,-0.0024467452100440656,0,7
2024-07-09,81.41000366210938,82.4800033569336,81.25,82.22000122070312,297325,52.91541385808966,1.0590043720506657,1.6512141706492123,0.5590506919014689,80.9810001373291,81.84650086869729,66053619,-0.011174518990454962,-0.011237422981347668,-0.009980781559691843,-0.00858361486509529,0.01292114148496526,0.02256556680440558,1,7
2024-07-10,82.0999984741211,82.66000366210938,80.80999755859375,81.80999755859375,334380,55.59600540179991,1.0007816349525172,1.6654135944253845,0.6348861057281684,81.19900016784668,81.88550050030095,66387999,0.008475553138107328,0.008439837303350642,-0.011174518990454962,-0.009980781559691843,-0.00858361486509529,-0.00683616830895073,2,7
2024-07-11,82.62000274658203,83.12999725341797,81.62999725341797,82.4000015258789,324170,57.55711796639593,0.9852424337761931,1.6535983376807142,0.6957788813712138,81.43500022888183,81.99850084588266,66712169,0.006333791499701924,0.006313817339398577,0.008475553138107328,-0.011174518990454962,-0.009980781559691843,0.01292114148496526,3,7
2024-07-12,82.20999908447266,83.73999786376953,82.0999984741211,82.86000061035156,370062,55.47667224109985,0.9291331671161913,1.6526269842498371,0.6082160395862645,81.62050018310546,82.03103903643496,66342107,-0.004962522978448347,-0.004974877184572584,0.006333791499701924,0.008475553138107328,-0.011174518990454962,-0.00858361486509529,4,7
2024-07-15,81.91000366210938,82.58000183105469,81.47000122070312,82.16000366210938,296520,53.94034873234546,0.8506532445346124,1.6138679575428174,0.5265867574811828,81.78500022888184,82.01241820961565,66045587,-0.003649135454374952,-0.0036558097911436604,-0.004962522978448347,0.006333791499701924,0.008475553138107328,-0.009980781559691843,0,7
2024-07-16,80.76000213623047,81.93000030517578,80.22000122070312,81.91999816894531,308186,48.40630394495922,0.6877340581736746,1.6207344666092343,0.19338124502993362,81.90050048828125,81.81973881371023,65737401,-0.014039817781266728,-0.014139308340223741,-0.003649135454374952,-0.004962522978448347,0.006333791499701924,-0.011174518990454962,1,7
2024-07-17,82.8499984741211,83.0999984741211,80.44999694824219,80.8499984741211,257437,57.0338477764082,0.7189767504215041,1.6942535422713536,0.7345258392534296,82.02650032043456,81.97824029992728,65994838,0.025879102062987824,0.025549905558976974,-0.014039817781266728,-0.003649135454374952,-0.004962522978448347,0.008475553138107328,2,7
2024-07-18,82.81999969482422,83.81999969482422,82.04000091552734,83.11000061035156,95704,56.88680462076703,0.7328681109518698,1.700378202058891,0.7059034453040579,82.08900032043456,82.10774174529604,65899134,-0.0003620854538246565,-0.00036215102259073414,0.025879102062987824,-0.014039817781266728,-0.003649135454374952,0.006333791499701924,3,7
2024-07-19,80.12999725341797,82.87999725341797,80.06999969482422,82.47000122070312,83795,45.54699745070577,0.5208127928397914,1.7796367275256666,0.028357197522292567,81.9870002746582,81.80347336193017,65815339,-0.03248010687416558,-0.03301929291921077,-0.0003620854538246565,0.025879102062987824,-0.014039817781266728,-0.004962522978448347,4,7
2024-07-22,79.77999877929688,80.69000244140625,79.16999816894531,80.38999938964844,345235,44.30937573401428,0.3208172916216512,1.7610915521639003,-0.007606084892367978,81.93950004577637,81.49216957998658,65470104,-0.004367883266165551,-0.0043774503370086724,-0.03248010687416558,-0.0003620854538246565,0.025879102062987824,-0.003649135454374952,0,7
2024-07-23,76.95999908447266,78.7300033569336,76.4000015258789,78.2699966430664,417941,35.85556795737668,-0.06448761851096663,1.876727673682048,-0.28038224501534964,81.7060001373291,80.79491258067675,65052163,-0.035347201528862615,-0.035987036715088364,-0.004367883266165551,-0.03248010687416558,-0.0003620854538246565,-0.014039817781266728,1,7
2024-07-24,77.58999633789062,78.19000244140625,76.9800033569336,77.44999694824219,355971,38.67070156811441,-0.3153735920628975,1.830533079628587,-0.061965308162580446,81.5439998626709,80.30184854332504,65408134,0.00818603509501692,0.008152711246337686,-0.035347201528862615,-0.004367883266165551,-0.03248010687416558,0.025879102062987824,2,7
2024-07-25,78.27999877929688,78.47000122070312,76.04000091552734,77.5,457288,41.6891652922767,-0.4532997459066337,1.8733521671676723,0.08655257860464664,81.41299972534179,79.99079473347454,65865422,0.00889293045460926,0.00885362122617054,0.00818603509501692,-0.035347201528862615,-0.004367883266165551,-0.0003620854538246565,3,7
2024-07-26,77.16000366210938,78.5999984741211,76.19000244140625,78.3499984741211,365121,38.38662531722435,-0.6455400781136262,1.9116838718496132,0.02233207398252693,81.18400001525879,79.55528841480297,65500301,-0.014307551541297592,-0.014410891435045557,0.00889293045460926,0.00818603509501692,-0.035347201528862615,-0.03248010687416558,4,7
2024-07-29,75.80999755859375,77.69000244140625,75.3499984741211,77.30000305175781,362635,34.80731245293241,-0.8964919355008192,1.9422781643807234,-0.028524144365782014,80.8974998474121,78.97908982154001,65137666,-0.017496190246794496,-0.017651057634833576,-0.014307551541297592,0.00889293045460926,0.00818603509501692,-0.004367883266165551,0,7
2024-07-30,74.7300033569336,75.97000122070312,74.58999633789062,75.91000366210938,419478,32.219080222459,-1.1690435898767788,1.9021157871258505,-0.034408975508221945,80.46500015258789,78.32538421160056,64718188,-0.014246065643590433,-0.014348515000907594,-0.017496190246794496,-0.014307551541297592,0.00889293045460926,-0.035347201528862615,1,7
2024-07-31,77.91000366210938,78.66000366210938,75.18000030517578,75.23999786376953,460315,45.15169596218984,-1.1155835387342137,2.046964681272274,0.28461731047101746,80.22000045776367,78.26147951167884,65178503,0.04255319366154864,0.041672698484094266,-0.014246065643590433,-0.017496190246794496,-0.014307551541297592,0.00818603509501692,2,7
2024-08-01,76.30999755859375,78.87999725341797,76.23999786376953,78.58999633789062,383014,40.921066222561436,-1.188621495085485,2.089324303299143,0.16960537185133662,79.84150047302246,77.96125151889652,64795489,-0.02053659386867379,-0.020750402038847978,0.04255319366154864,-0.014246065643590433,-0.017496190246794496,0.00889293045460926,3,8
2024-08-02,73.5199966430664,77.29000091552734,72.97000122070312,76.87000274658203,467786,34.798195812798625,-1.4548635966553434,2.2486582598366485,-0.005038580465458894,79.35950012207032,77.27798153799958,64327703,-0.03656140747986625,-0.03724652692098453,-0.02053659386867379,0.04255319366154864,-0.014246065643590433,-0.014307551541297592,4,8
2024-08-05,72.94000244140625,74.45999908447266,71.66999816894531,74.20999908447266,500151,33.67032483293892,-1.6931455373720752,2.287325592385984,0.023730568611154444,78.89000015258789,76.61060013852368,63827552,-0.007888931285946366,-0.00792021353532362,-0.03656140747986625,-0.02053659386867379,0.04255319366154864,-0.017496190246794496,0,8
2024-08-06,73.19999694824219,74.55999755859375,72.19999694824219,73.86000061035156,352250,34.692188665277314,-1.839798259184633,2.292516665097811,0.09998893298188787,78.47949981689453,76.08589195540345,64179802,0.0035644981921243435,0.0035581604246189076,-0.007888931285946366,-0.03656140747986625,-0.02053659386867379,-0.014246065643590433,1,8
2024-08-07,75.2300033569336,75.83999633789062,72.58000183105469,72.83999633789062,427995,42.181927695647026,-1.7717929202055984,2.3616222252219634,0.27729743533542195,78.13600006103516,75.95421678640808,64607797,0.02773232914376722,0.02735475291781767,0.0035644981921243435,-0.007888931285946366,-0.03656140747986625,0.04255319366154864,2,8
2024-08-08,76.19000244140625,76.5199966430664,74.5999984741211,75.47000122070312,327301,45.37251654826267,-1.6217398881107528,2.330077649773631,0.3697528544779763,77.81450004577637,75.99049150256164,64935098,0.012760853936399252,0.012680120334172904,0.02773232914376722,0.0035644981921243435,-0.007888931285946366,-0.02053659386867379,3,8
2024-08-09,76.83999633789062,77.08999633789062,75.8499984741211,76.0199966430664,263007,47.48556322528665,-1.4338442400193117,2.252214807916195,0.4402701852550465,77.54599990844727,76.12118455415072,65198105,0.008531222938130911,0.008495037712886217,0.012760853936399252,0.02773232914376722,0.0035644981921243435,-0.03656140747986625,4,8
2024-08-12,80.05999755859375,80.16000366210938,76.69999694824219,76.98999786376953,376747,56.46875079428007,-1.0134262503757014,2.338485658341266,0.7291388925286413,77.45349960327148,76.72715578560349,65574852,0.0419052755617495,0.04105103282825877,0.008531222938130911,0.012760853936399252,0.02773232914376722,-0.007888931285946366,0,8
2024-08-13,78.3499984741211,80.1500015258789,78.16000366210938,79.73999786376953,370763,51.43665395736786,-0.8089001028308047,2.313593673014713,0.592431860027316,77.33299942016602,76.97682389152926,65204089,-0.021358969980247,-0.021590373742851835,0.0419052755617495,0.008531222938130911,0.012760853936399252,0.0035644981921243435,1,8
2024-08-14,76.9800033569336,79.0999984741211,76.83000183105469,78.7300033569336,357636,47.76424096571324,-0.7487279441273245,2.310479599446977,0.4939096000768197,77.03949966430665,76.977313040053,64846453,-0.017485579372921167,-0.01764025786340206,-0.021358969980247,0.0419052755617495,0.008531222938130911,0.02773232914376722,2,8
2024-08-15,78.16000366210938,78.5999984741211,76.93000030517578,77.5199966430664,195122,51.00872283017565,-0.5989209242843145,2.2647309258397152,0.6631376210766189,76.8064998626709,77.1592654434463,65041575,0.01532866008987388,0.015212363125069652,-0.017485579372921167,-0.021358969980247,0.0419052755617495,0.012760853936399252,3,8
2024-08-16,76.6500015258789,78.16000366210938,75.54000091552734,78.16000366210938,100810,46.98680254270361,-0.5951814532315893,2.2901074844641665,0.5022682550500707,76.63250007629395,77.08091714843593,64940765,-0.01931937135978523,-0.019508429363616648,0.01532866008987388,-0.017485579372921167,-0.021358969980247,0.008531222938130911,4,8
2024-08-19,74.37000274658203,76.87000274658203,74.16999816894531,76.58000183105469,118172,41.64711693069614,-0.7673492180973795,2.3193858482622054,0.23025117919880192,76.3620002746582,76.66385339430455,64822593,-0.029745580351059675,-0.030196953578393984,-0.01931937135978523,0.01532866008987388,-0.017485579372921167,0.0419052755617495,0,8
2024-08-20,74.04000091552734,75.02999877929688,73.5,74.33999633789062,329276,40.92223781313783,-0.919818704522541,2.2630010576218247,0.21481540399536675,76.21600036621093,76.26018378218498,64493317,-0.004437297550992092,-0.004447171575921042,-0.029745580351059675,-0.01931937135978523,0.01532866008987388,-0.021358969980247,1,8
2024-08-21,71.93000030517578,74.16000366210938,71.45999908447266,73.12000274658203,390527,36.54266476075556,-1.1971117274247405,2.2942155947657454,0.02197049253159451,75.9330005645752,75.59400170879896,64102790,-0.028498117021350078,-0.028912071948661716,-0.004437297550992092,-0.029745580351059675,-0.01931937135978523,-0.017485579372921167,2,8
2024-08-22,73.01000213623047,73.5199966430664,71.58000183105469,71.93000030517578,334117,40.07765174088472,-1.3145678046864901,2.268914110283315,0.18535063211653718,75.66950073242188,75.1964633130192,64436907,0.0150146229177337,0.014903019205474667,-0.028498117021350078,-0.004437297550992092,-0.029745580351059675,0.01532866008987388,3,8
2024-08-23,74.83000183105469,75.06999969482422,72.83000183105469,72.95999908447266,313764,45.57940121298023,-1.2464258063194222,2.266848664103759,0.41359133995694947,75.55300064086914,75.14008462348619,64750671,0.024928087132886967,0.024622451234376702,0.0150146229177337,-0.028498117021350078,-0.004437297550992092,-0.01931937135978523,4,8
2024-08-26,77.41999816894531,77.5999984741211,75.04000091552734,75.0999984741211,409675,52.292339089747315,-0.9722245235924589,2.302787805458234,0.7096081608857019,75.63350067138671,75.49084055355682,65160346,0.03461173693057118,0.03402622293678218,0.024928087132886967,0.0150146229177337,-0.028498117021350078,-0.029745580351059675,0,8
2024-08-27,75.52999877929688,77.4800033569336,75.4000015258789,77.19999694824219,331162,47.671165531309,-0.8970841591077772,2.2868745215722663,0.4830848814680138,75.67350044250489,75.49686489597836,64829184,-0.0244122892579266,-0.024715209335050777,0.03461173693057118,0.024928087132886967,0.0150146229177337,-0.004437297550992092,1,8
2024-08-28,74.5199966430664,75.94999694824219,73.81999969482422,75.75,337361,45.36403988733683,-0.9085602928534513,2.275669002418388,0.3811736034317038,75.50400009155274,75.34657747245345,64491823,-0.013372198498000198,-0.013462411477556464,-0.0244122892579266,0.03461173693057118,0.024928087132886967,-0.028498117021350078,2,8
2024-08-29,75.91000366210938,76.91000366210938,74.05000305175781,74.41999816894531,408147,49.020732476858946,-0.7963138514729593,2.3174069744136148,0.5515918618615989,75.48400039672852,75.4332584247082,64899970,0.018652805712012777,0.018480975585486233,-0.013372198498000198,-0.0244122892579266,0.03461173693057118,0.0150146229177337,3,8
2024-08-30,73.55000305175781,76.58999633789062,73.36000061035156,75.87000274658203,427273,43.675928037449204,-0.8875588380949324,2.3825918853511467,0.26543713448330336,75.48550071716309,75.14352682886968,64472697,-0.03108945457118406,-0.03158298773172092,0.018652805712012777,-0.013372198498000198,-0.0244122892579266,0.024928087132886967,4,8
2024-09-03,70.33999633789062,74.41000366210938,70.0999984741211,73.52999877929688,546617,37.66109621145964,-1.2050013564907829,2.520264264110942,-0.04784216536564391,75.35550041198731,74.40452213794983,63926080,-0.043643869213822795,-0.04462491355686993,-0.03108945457118406,0.018652805712012777,-0.013372198498000198,0.03461173693057118,1,9
2024-09-04,69.19999694824219,71.45999908447266,68.81999969482422,70.27999877929688,482025,35.77672981929514,-1.5309177953598834,2.528816773077906,-0.06843071956540682,75.1555004119873,73.60382595491788,63444055,-0.016206986764290554,-0.016339756459787656,-0.043643869213822795,-0.03108945457118406,0.018652805712012777,-0.0244122892579266,2,9
2024-09-05,69.1500015258789,70.81999969482422,68.75,69.2699966430664,405596,35.69238502790307,-1.7728073148292083,2.496044124631214,0.013135479714950184,74.85150032043457,72.91862219660419,63038459,-0.0007224772336431595,-0.0007227383460925007,-0.016206986764290554,-0.043643869213822795,-0.03108945457118406,-0.013372198498000198,3,9
2024-09-06,67.66999816894531,70.12999725341797,67.16999816894531,69.33000183105469,351074,33.1973417736978,-2.060181909099555,2.5291837646198885,-0.01204271707413775,74.42550010681153,72.11114157696436,62687385,-0.021402795723434842,-0.021635156991438764,-0.0007224772336431595,-0.016206986764290554,-0.043643869213822795,0.018652805712012777,4,9
2024-09-09,68.70999908447266,68.95999908447266,67.30999755859375,68.12999725341797,351074,36.55367216310625,-2.1788920519860966,2.4663850332812465,0.11773821723851198,74.01900024414063,71.5878888858118,63038459,0.015368714994359323,0.01525181253292539,-0.021402795723434842,-0.0007224772336431595,-0.016206986764290554,-0.03108945457118406,0,9
2024-09-10,65.75,69.08000183105469,65.2699966430664,68.77999877929688,442855,31.675696079192548,-2.4831931786273884,2.562357901474606,-0.020989864112228848,73.30350036621094,70.68975213414843,62595604,-0.0430795972043837,-0.04403506466059675,0.015368714994359323,-0.021402795723434842,-0.0007224772336431595,-0.043643869213822795,1,9
2024-09-11,67.30999755859375,67.97000122070312,65.62999725341797,66.27999877929688,393311,36.48623298790496,-2.568862994784695,2.546475477603931,0.1277578802872999,72.75150032043457,70.16978989175541,62988915,0.02372619860979097,0.023449106693669394,-0.0430795972043837,0.015368714994359323,-0.021402795723434842,-0.016206986764290554,2,9
2024-09-12,68.97000122070312,69.80999755859375,67.23999786376953,67.38999938964844,351976,41.22818595261494,-2.4742864845996877,2.5481557788339515,0.26571651423983805,72.35100021362305,69.98520701928584,63340891,0.02466206688931072,0.024362867390701433,0.02372619860979097,-0.0430795972043837,0.015368714994359323,-0.0007224772336431595,3,9
2024-09-13,68.6500015258789,70.31999969482422,68.47000122070312,69.30999755859375,308983,40.59892739339748,-2.3975181233911513,2.49828739992589,0.265134009907691,71.87550010681153,69.77979078953092,63031908,-0.004639693912723342,-0.00465049070133241,0.02466206688931072,0.02372619860979097,-0.0430795972043837,-0.021402795723434842,4,9
2024-09-16,70.08999633789062,70.69999694824219,68.6500015258789,69.16000366210938,295176,44.68997739880167,-2.195178446575639,2.4662665443857037,0.388606226210622,71.54749984741211,69.8275147200478,63327084,0.020975889002258663,0.02075892382264858,-0.004639693912723342,0.02466206688931072,0.02372619860979097,0.015368714994359323,0,9
2024-09-17,71.19000244140625,71.91999816894531,69.61000061035156,70.5,251629,47.65568850412915,-1.9238841565214955,2.4551044739719927,0.4845245676420837,71.38849983215331,70.03712821564142,63578713,0.015694195477093498,0.015572315146450825,0.020975889002258663,-0.004639693912723342,0.02466206688931072,-0.0430795972043837,1,9
2024-09-18,70.91000366210938,71.4800033569336,69.7300033569336,71.13999938964844,102907,46.965371617938246,-1.711743129254657,2.404739868688279,0.4744390164758572,71.23199996948242,70.17141674586726,63475806,-0.003933119394501139,-0.00394087444963749,0.015694195477093498,0.020975889002258663,-0.004639693912723342,0.02372619860979097,2,9
2024-09-19,71.94999694824219,72.48999786376953,70.12999725341797,70.12999725341797,86630,49.86999973204351,-1.4430663001175645,2.4015442073785134,0.5569132155697255,71.23299980163574,70.44504446930955,63562436,0.014666383195923283,0.014559871958021912,-0.003933119394501139,0.015694195477093498,0.020975889002258663,0.02466206688931072,3,9
2024-09-20,71.91999816894531,72.4000015258789,71.36000061035156,72.0999984741211,306997,49.7852984756571,-1.2185123759213923,2.3042911151034295,0.5592695632732473,71.17849960327149,70.67196042309966,63255439,-0.0004169392712893849,-0.0004170262146349265,0.014666383195923283,-0.003933119394501139,0.015694195477093498,-0.004639693912723342,4,9
2024-09-23,70.37000274658203,71.80999755859375,69.48999786376953,71.30999755859375,338267,45.48652317671205,-1.1523399917861639,2.3132703429657404,0.45147340567987343,70.95549964904785,70.62550539594311,62917172,-0.021551661037618852,-0.02178728969472246,-0.0004169392712893849,0.014666383195923283,-0.003933119394501139,0.020975889002258663,0,9
2024-09-24,71.55999755859375,72.4000015258789,70.44000244140625,70.76000213623047,318516,49.118966833879625,-0.9924350905307193,2.2930366598465355,0.5851626129936901,70.66249961853028,70.76927342096629,63235688,0.016910540934567786,0.016769149514567056,-0.021551661037618852,-0.0004169392712893849,0.014666383195923283,0.015694195477093498,1,9
2024-09-25,69.69000244140625,71.72000122070312,69.2300033569336,71.54000091552734,476237,44.14135781229178,-1.0050170707981891,2.3071053172696065,0.4288601438715816,70.37049980163575,70.6032317318032,62759451,-0.026131849929932338,-0.026479354040803024,0.016910540934567786,-0.021551661037618852,-0.0004169392712893849,-0.003933119394501139,2,9
2024-09-26,67.66999816894531,70.01000213623047,66.94999694824219,69.88999938964844,478069,39.48640145984571,-1.1645615036166248,2.360883879463798,0.23909881613398126,70.02799987792969,70.15196502982506,62281382,-0.02898556753760073,-0.029413947297257197,-0.026131849929932338,0.016910540934567786,-0.021551661037618852,0.014666383195923283,3,9
2024-09-27,68.18000030517578,68.6500015258789,67.05999755859375,67.44999694824219,341133,41.17314836307603,-1.2356054158563694,2.3058210285938947,0.30175184620160955,69.64149971008301,69.84858584141747,62622515,0.007536606325260875,0.0075083480002425705,-0.02898556753760073,-0.026131849929932338,0.016910540934567786,-0.0004169392712893849,4,9
2024-09-30,68.16999816894531,69.31999969482422,67.56999969482422,68.62999725341797,350115,41.148923525510234,-1.2779835184687727,2.2661195265514738,0.3159788949473325,69.37249946594238,69.59034158411407,62272400,-0.00014670190944121586,-0.00014671267121886113,0.007536606325260875,-0.02898556753760073,-0.026131849929932338,-0.021551661037618852,0,9
2024-10-01,69.83000183105469,71.94000244140625,66.33000183105469,68.41000366210938,668216,46.74878497608189,-1.164199876319131,2.5049681753943367,0.5744323309749703,69.34699974060058,69.6272123913357,62940616,0.024350941861482678,0.024059184564979595,-0.00014670190944121586,0.007536606325260875,-0.02898556753760073,0.016910540934567786,1,10
2024-10-02,70.0999984741211,72.48999786376953,69.87000274658203,70.80000305175781,429225,47.62177177457844,-1.0402477193325552,2.5160415937743728,0.6085855538211449,69.39199981689453,69.69994871176422,63369841,0.0038664848344072134,0.0038590291938212363,0.024350941861482678,-0.00014670190944121586,0.007536606325260875,-0.026131849929932338,2,10
2024-10-03,73.70999908447266,74.08999633789062,70.5199966430664,70.9800033569336,460554,57.62465122130055,-0.6433022744935784,2.6213241844883126,1.0438828785396557,69.61999969482422,70.31687953833475,63830395,0.051497870027547465,0.05021569050716062,0.0038664848344072134,0.024350941861482678,-0.00014670190944121586,-0.02898556753760073,3,10
2024-10-04,74.37999725341797,75.56999969482422,73.45999908447266,73.94999694824219,428815,59.18266018522934,-0.27152690366973786,2.5848010720499732,1.0294586753957262,69.95549964904785,70.94197457142448,64259210,0.009089651027908596,0.00904858879004115,0.051497870027547465,0.0038664848344072134,0.024350941861482678,0.007536606325260875,4,10
2024-10-07,77.13999938964844,77.4000015258789,73.62000274658203,74.4000015258789,419018,64.90668544032893,0.24301553053447833,2.6701723368533234,1.1536709630951807,70.37699966430664,71.89551685115124,64678228,0.03710677921682293,0.036434893297252344,0.009089651027908596,0.051497870027547465,0.0038664848344072134,-0.00014670190944121586,0,10
2024-10-08,73.56999969482422,78.45999908447266,72.69000244140625,77.33000183105469,496760,54.29958260024836,0.35859135910696693,2.8915883587256865,0.7865361534350692,70.76799964904785,72.1531295963317,64181468,-0.04627948824307726,-0.04738461507175182,0.03710677921682293,0.009089651027908596,0.051497870027547465,0.024350941861482678,1,10
2024-10-09,73.23999786376953,74.44999694824219,71.52999877929688,73.83999633789062,401159,53.43036533233276,0.4187307783419527,2.8936176308842314,0.7299032176674408,71.06449966430664,72.32034009901444,63780309,-0.004485548897968816,-0.004495639157300412,-0.04627948824307726,0.03710677921682293,0.009089651027908596,0.0038664848344072134,2,10
2024-10-10,75.8499984741211,76.23999786376953,73.26000213623047,73.38999938964844,321453,59.018067285194,0.669281873117157,2.901216371535358,0.9387856161646432,71.40849952697754,72.86336446441547,64101762,0.035636273709432675,0.035015995038710473,-0.004485548897968816,-0.04627948824307726,0.03710677921682293,0.051497870027547465,3,10
2024-10-11,75.55999755859375,76.04000091552734,74.52999877929688,75.73999786376953,315302,58.182718482750715,0.834821468376262,2.801843926156437,0.8658082242268088,71.75399932861328,73.27823109428905,63786460,-0.0038233476778023467,-0.0038306753550031453,0.035636273709432675,-0.004485548897968816,-0.04627948824307726,0.009089651027908596,4,10
2024-10-14,73.83000183105469,75.08000183105469,71.80999755859375,75.05000305175781,273455,53.33307471889886,0.8169987403182972,2.869569360002406,0.6809968929664613,71.94099960327148,73.3631188999453,63513005,-0.02289565621276679,-0.023161832450447797,-0.0038233476778023467,0.035636273709432675,-0.004485548897968816,0.03710677921682293,0,10
2024-10-15,70.58000183105469,72.12000274658203,69.70999908447266,71.51000213623047,328738,45.637202353097635,0.5344652782749506,2.958886030472379,0.3731071461208857,71.9104995727539,72.9349470431929,63184267,-0.044020044960001226,-0.04501833368193956,-0.02289565621276679,-0.0038233476778023467,0.035636273709432675,-0.04627948824307726,1,10
2024-10-16,70.38999938964844,71.30999755859375,69.63999938964844,70.98999786376953,222437,45.226324218867624,0.2918594904276688,2.8668226117918745,0.3581339463317458,71.88449935913086,72.54341663495529,62961830,-0.002692015251870572,-0.0026956452410497786,-0.044020044960001226,-0.02289565621276679,-0.0038233476778023467,-0.004485548897968816,2,10
2024-10-17,70.66999816894531,71.11000061035156,69.44000244140625,70.68000030517578,188161,45.99791351882583,0.12079378159748444,2.7813351515885487,0.3913307850649531,71.82049942016602,72.2551984094153,63149991,0.003977820453541003,0.003969929843791636,-0.002692015251870572,-0.044020044960001226,-0.02289565621276679,0.035636273709432675,3,10
2024-10-18,69.22000122070312,71.2300033569336,68.69000244140625,70.75,95768,42.64746345851727,-0.13027789819020086,2.7640969918698914,0.2722582627405795,71.68549957275391,71.78824499576727,63054223,-0.020517857447453047,-0.020731272950513795,0.003977820453541003,-0.002692015251870572,-0.044020044960001226,-0.0038233476778023467,4,10
2024-10-21,70.55999755859375,71.02999877929688,69.0,69.45999908447266,92584,46.52401045139746,-0.21860753604750016,2.711661405257533,0.39499121068809456,71.69499931335449,71.59928385158673,63146807,0.01935851364142782,0.019173521255786898,-0.020517857447453047,0.003977820453541003,-0.002692015251870572,-0.02289565621276679,0,10
2024-10-22,72.08999633789062,72.66000366210938,70.05000305175781,70.48999786376953,330456,50.627468296759275,-0.16326922962657875,2.704399919907107,0.5340784032557173,71.72149925231933,71.67477808024887,63477263,0.02168365691943719,0.021451910519248066,0.01935851364142782,-0.020517857447453047,0.003977820453541003,-0.044020044960001226,1,10
2024-10-23,70.7699966430664,71.72000122070312,70.12999725341797,71.3499984741211,293835,47.2581988640279,-0.22335150960041972,2.651228431661789,0.4059504295464803,71.77549896240234,71.53558093606695,63183428,-0.018310441973630964,-0.018480152964077994,0.02168365691943719,0.01935851364142782,-0.020517857447453047,-0.002692015251870572,2,10
2024-10-24,70.19000244140625,72.33999633789062,69.7699966430664,71.0199966430664,286571,45.81543308683851,-0.3141465483493988,2.645426379030534,0.3310118602175765,71.9014991760254,71.3285688599653,62896857,-0.00819548154828098,-0.008229249128125489,-0.018310441973630964,0.02168365691943719,0.01935851364142782,0.003977820453541003,3,10
2024-10-25,71.77999877929688,71.91999816894531,69.95999908447266,70.33000183105469,287189,50.29537727923462,-0.25486493012041933,2.596467286562114,0.4683921528119557,72.08149909973145,71.39801961678555,63184046,0.022652746581935723,0.022399983188136557,-0.00819548154828098,-0.018310441973630964,0.02168365691943719,-0.020517857447453047,4,10
2024-10-28,67.37999725341797,69.0,66.91999816894531,68.9800033569336,419623,40.35255968007528,-0.556512046904345,2.7581482382613602,0.025191360818805297,72.04199905395508,70.77986233011362,62764423,-0.06129843411404423,-0.06325767149745264,0.022652746581935723,-0.00819548154828098,-0.018310441973630964,0.01935851364142782,0,10
2024-10-29,67.20999908447266,68.5199966430664,66.72000122070312,68.0199966430664,291929,40.023351246535555,-0.8000643479255274,2.6897087514114975,0.05359257642019567,71.91099891662597,70.230652600015,62472494,-0.0025229767865074804,-0.002526164855852338,-0.06129843411404423,0.022652746581935723,-0.00819548154828098,0.02168365691943719,1,10
2024-10-30,68.61000061035156,69.16999816894531,67.27999877929688,67.47000122070312,284795,44.07015746946421,-0.8700831019554727,2.6375866323444375,0.2015840188831421,71.8364990234375,69.98132152468217,62757289,0.020830256583091344,0.02061627323877297,-0.0025229767865074804,-0.06129843411404423,0.022652746581935723,-0.018310441973630964,2,10
2024-10-31,69.26000213623047,70.80999755859375,68.30000305175781,69.0999984741211,311055,45.89545844375542,-0.863173649607333,2.6284729090938304,0.2838565262083791,71.61399917602539,69.87034931107422,63068344,0.009473859788609929,0.009429264219159237,0.020830256583091344,-0.0025229767865074804,-0.06129843411404423,-0.00819548154828098,3,10
2024-11-01,69.48999786376953,71.44999694824219,69.31999969482422,70.44000244140625,320572,46.56003819349387,-0.8295762867433467,2.5971530450165368,0.3248450232366896,71.36949920654297,69.81183370379658,63388916,0.003320758308477556,0.003315256766768306,0.009473859788609929,0.020830256583091344,-0.0025229767865074804,0.022652746581935723,4,11
2024-11-04,71.47000122070312,71.80999755859375,70.25,70.29000091552734,286947,52.02355505109436,-0.6358507199948775,2.5773563771456574,0.5411157409227124,71.0859992980957,70.06693639870528,63675863,0.02849335757378002,0.028094971727141534,0.003320758308477556,0.009473859788609929,0.020830256583091344,-0.06129843411404423,0,11
2024-11-05,71.98999786376953,72.66999816894531,71.29000091552734,71.62000274658203,247311,53.37181597260629,-0.43534405406421683,2.4918307254508223,0.6079992497732855,71.00699920654297,70.36279200871516,63923174,0.007275732953475611,0.007249392495397435,0.02849335757378002,0.003320758308477556,0.009473859788609929,-0.0025229767865074804,1,11
2024-11-06,71.69000244140625,72.62999725341797,69.73999786376953,72.0199966430664,388265,52.45593448094582,-0.29722200984477354,2.5202713443220803,0.5854915007912275,70.9294994354248,70.56697822912918,63534909,-0.00416718198729471,-0.004175888887395827,0.007275732953475611,0.02849335757378002,0.003320758308477556,0.020830256583091344,2,11
2024-11-07,72.36000061035156,72.87999725341797,70.66000366210938,71.87000274658203,353595,54.34046201400362,-0.13217244024309593,2.4988229333925456,0.7056451603827126,70.75499954223633,70.84282782624031,63888504,0.009345768532968313,0.009302367042198464,-0.00416718198729471,0.007275732953475611,0.02849335757378002,0.009473859788609929,3,11
2024-11-08,70.37999725341797,72.25,69.98999786376953,72.20999908447266,362038,48.25335819722252,-0.15930284649012094,2.4896214914775086,0.48198911707104625,70.49599952697754,70.77162312272918,63526466,-0.02736323024091214,-0.02774457609362235,0.009345768532968313,-0.00416718198729471,0.007275732953475611,0.003320758308477556,4,11
2024-11-11,68.04000091552734,70.55999755859375,67.91999816894531,70.25,364506,42.23238219719552,-0.36540982025907454,2.500362769918289,0.1392896368015885,70.20649948120118,70.35137355239044,63161960,-0.03324803110555652,-0.03381331188501914,-0.02736323024091214,0.009345768532968313,-0.00416718198729471,0.02849335757378002,0,11
2024-11-12,68.12000274658203,69.12999725341797,67.75,68.1500015258789,286926,42.496563807220575,-0.5163435160878436,2.4203366615968376,0.18640616268084287,70.08349952697753,70.00808573611222,63448886,0.0011758058491799783,0.001175115130863235,-0.03324803110555652,-0.02736323024091214,0.009345768532968313,0.007275732953475611,1,11
2024-11-13,68.43000030517578,68.86000061035156,66.94000244140625,67.9800033569336,386027,43.573388789441886,-0.6039830051133066,2.3845981978360142,0.25755027041657397,69.98549957275391,69.765303362122,63834913,0.004550756695459901,0.004540433309838222,0.0011758058491799783,-0.03324803110555652,-0.02736323024091214,-0.00416718198729471,2,11
2024-11-14,68.69999694824219,69.38999938964844,67.91999816894531,68.12999725341797,232270,44.5473869033148,-0.6442252314827925,2.319269842326522,0.3167409755032121,69.88699951171876,69.60141006767896,64067183,0.003945588804067146,0.003937825382707094,0.004550756695459901,0.0011758058491799783,-0.03324803110555652,0.009345768532968313,3,11
2024-11-15,67.0199966430664,68.69000244140625,66.81999969482422,68.62000274658203,205235,39.92892424804487,-0.8024295615984443,2.287893228833054,0.10197874936580671,69.77699928283691,69.20426954081549,63861948,-0.02445415400005735,-0.024758122586163202,0.003945588804067146,0.004550756695459901,0.0011758058491799783,-0.02736323024091214,4,11
2024-11-18,69.16000366210938,69.38999938964844,66.61000061035156,66.86000061035156,110375,47.408565072667976,-0.7465215160207066,2.3230436252947553,0.42081321057590865,69.70699958801269,69.19745940562993,63972323,0.0319308732651864,0.031431681545723344,-0.02445415400005735,0.003945588804067146,0.004550756695459901,-0.03324803110555652,0,11
2024-11-19,69.38999938964844,69.69000244140625,68.44999694824219,69.01000213623047,89360,48.15571113146014,-0.675864310980657,2.2456837587139917,0.47223284058806103,69.57199974060059,69.22708094163278,64061683,0.0033255597941077575,0.003320042349147119,0.0319308732651864,-0.02445415400005735,0.003945588804067146,0.0011758058491799783,1,11
2024-11-20,68.87000274658203,70.1500015258789,68.75,69.55000305175781,235637,46.54567623726899,-0.6542851582055107,2.185277884940057,0.40640888673063336,69.47700004577636,69.1721458347019,63826046,-0.007493826886298849,-0.007522046678218695,0.0033255597941077575,0.0319308732651864,-0.02445415400005735,0.004550756695459901,2,11
2024-11-21,70.0999984741211,70.37999725341797,68.86000061035156,69.04000091552734,283850,50.740958546885295,-0.5318028561625425,2.1377577962347964,0.596863349222077,69.47249984741211,69.31489239461254,64109896,0.01785967298513147,0.017702062836089758,-0.007493826886298849,0.0033255597941077575,0.0319308732651864,0.003945588804067146,3,11
2024-11-22,71.23999786376953,71.51000213623047,69.29000091552734,70.18000030517578,408207,54.31941477612375,-0.33884038494709046,2.1436323265539627,0.7830466542342418,69.44549980163575,69.61106246679054,64518103,0.01626247381544932,0.01613165616169969,0.01785967298513147,-0.007493826886298849,0.0033255597941077575,-0.02445415400005735,4,11
2024-11-25,68.94000244140625,71.4800033569336,68.73999786376953,71.44000244140625,380922,46.91444379534944,-0.3672729510500403,2.1862304098832555,0.40392916324255806,69.52350006103515,69.50782246288527,64137181,-0.03228516972672435,-0.032817831932857484,0.01626247381544932,0.01785967298513147,-0.007493826886298849,0.0319308732651864,0,11
2024-11-26,68.7699966430664,70.30000305175781,68.05000305175781,69.08000183105469,292138,46.410816874529445,-0.398925447425043,2.19078538060588,0.3551745823782489,69.60149993896485,69.39431079829775,63845043,-0.002465996407301163,-0.0024690419843932956,-0.03228516972672435,0.01626247381544932,0.01785967298513147,0.0033255597941077575,1,11
2024-11-27,68.72000122070312,69.37000274658203,68.18000030517578,68.91000366210938,227215,46.25356394032902,-0.42316649169740117,2.1193008849487636,0.34511993544139685,69.60699996948242,69.2905708632832,63617828,-0.0007269946895994694,-0.0007272590783860844,-0.002465996407301163,-0.03228516972672435,0.01626247381544932,-0.007493826886298849,2,11
2024-11-29,68.0,69.69000244140625,67.87000274658203,68.7699966430664,291408,43.94431921409049,-0.4947723475031012,2.097922228511296,0.2379084091058173,69.5439998626709,69.09202149970116,63326420,-0.01047731676241892,-0.010532590263326157,-0.0007269946895994694,-0.002465996407301163,-0.03228516972672435,0.01785967298513147,4,11
2024-12-02,68.0999984741211,69.11000061035156,67.70999908447266,68.0,264883,44.359806951501824,-0.5372582839166711,2.04807074975184,0.27184364563215085,69.47449989318848,68.93940257268883,63591303,0.0014705657958984375,0.0014694855729147065,-0.01047731676241892,-0.0007269946895994694,-0.002465996407301163,0.01626247381544932,0,12
2024-12-03,69.94000244140625,70.2300033569336,67.91000366210938,68.16000366210938,303752,51.48540126337332,-0.41764144144966053,2.067494245828438,0.594083906381598,69.39799995422364,69.09334101402997,63895055,0.02701914843631581,0.026660575793360352,0.0014705657958984375,-0.01047731676241892,-0.0007269946895994694,-0.03228516972672435,1,12
2024-12-04,68.54000091552734,70.51000213623047,68.48999786376953,70.0199966430664,325636,46.59579770533504,-0.43084612885814977,2.0641021048736166,0.37027982699325057,69.22550010681152,69.00821176810649,63569419,-0.020017178681853598,-0.020220236738356396,0.02701914843631581,0.0014705657958984375,-0.01047731676241892,-0.002465996407301163,2,12
2024-12-05,68.30000305175781,69.16000366210938,67.9800033569336,68.73999786376953,286701,45.79291630079597,-0.455426883010432,2.0009519763237713,0.34335459190787654,69.05600013732911,68.89925658097593,63282718,-0.003501573687828219,-0.0035077185456156065,-0.020017178681853598,0.02701914843631581,0.0014705657958984375,-0.0007269946895994694,3,12
2024-12-06,67.19999694824219,68.48999786376953,66.9800033569336,68.44000244140625,341593,42.20348713573068,-0.5572450333189067,1.9658835856460688,0.10357859323137757,68.79799995422363,68.63783202209382,62941125,-0.01610550592043225,-0.01623660914236962,-0.003501573687828219,-0.020017178681853598,0.02701914843631581,-0.01047731676241892,4,12
2024-12-09,68.37000274658203,68.87999725341797,67.08000183105469,67.1500015258789,297085,46.96522434175736,-0.5373329217748477,1.9540344311258697,0.41318988746244883,68.69750022888184,68.59662751816893,63238210,0.017410801361211092,0.017260969981989026,-0.01610550592043225,-0.003501573687828219,-0.020017178681853598,0.0014705657958984375,0,12
2024-12-10,68.58999633789062,69.05999755859375,67.72000122070312,68.19000244140625,286003,47.83547772560771,-0.4980594661670068,1.9101745673233523,0.4637678276207175,68.725,68.59560733658765,63524213,0.003217691713777171,0.0032125260218978198,0.017410801361211092,-0.01610550592043225,-0.003501573687828219,0.02701914843631581,1,12
2024-12-11,70.29000091552734,70.52999877929688,68.44000244140625,68.5,335892,54.10297641489544,-0.32600087263239175,1.923018979506729,0.87161179344759,68.83349990844727,68.85628327180913,63860105,0.02478502213736955,0.02448285609288817,0.003217691713777171,0.017410801361211092,-0.01610550592043225,-0.020017178681853598,2,12
2024-12-12,70.0199966430664,70.72000122070312,69.13999938964844,70.43000030517578,326046,53.01351747462493,-0.20902082396102628,1.8985177546172973,0.7745558465396797,68.91299972534179,69.03531609815641,63534059,-0.003841289926648672,-0.0038486866287931534,0.02478502213736955,0.003217691713777171,0.017410801361211092,-0.003501573687828219,3,12
2024-12-13,71.29000091552734,71.41999816894531,69.87000274658203,70.05999755859375,230429,57.36261820482175,-0.013676902851713635,1.873623302313439,0.996727444915762,69.04249992370606,69.38219068544424,63764488,0.01813773683730524,0.017975210387811715,-0.003841289926648672,0.02478502213736955,0.003217691713777171,-0.01610550592043225,4,12
2024-12-16,70.70999908447266,71.44000244140625,70.37000274658203,71.44000244140625,204296,54.86497397936206,0.09325823859255422,1.8162216160642088,0.8413070374728105,69.22700004577636,69.58646890067938,63560192,-0.008135808999945704,-0.008169085303320521,0.01813773683730524,-0.003841289926648672,0.02478502213736955,0.017410801361211092,0,12
2024-12-17,70.08000183105469,70.91999816894531,69.18000030517578,70.61000061035156,99604,52.20598883398561,0.12572036921106644,1.8107770623288746,0.6831062803667908,69.27299995422364,69.66239704381404,63460588,-0.00890959215917042,-0.00894951991231415,-0.008135808999945704,0.01813773683730524,-0.003841289926648672,0.003217691713777171,1,12
2024-12-18,70.58000183105469,71.37999725341797,69.98999786376953,70.22000122070312,99386,54.10699388697043,0.18960699155650218,1.780721514280272,0.7740393468936084,69.33250007629394,69.80356701108182,63559974,0.0071347030099311315,0.007109371433892709,-0.00890959215917042,-0.008135808999945704,0.01813773683730524,0.02478502213736955,2,12
2024-12-19,69.91000366210938,71.26000213623047,69.69999694824219,70.13999938964844,291660,51.16993310283802,0.18405270223541947,1.7649560624022727,0.6152919020595853,69.3845001220703,69.81994188047068,63268314,-0.009492747967746795,-0.009538091283001255,0.0071347030099311315,-0.00890959215917042,-0.008135808999945704,-0.003841289926648672,3,12
2024-12-20,69.45999908447266,69.8499984741211,68.41999816894531,69.2300033569336,231592,49.23673322724272,0.14170578330076467,1.745316736028115,0.5238274079090885,69.3525001525879,69.76456606570176,63036722,-0.006436912517008175,-0.006457718771803879,-0.009492747967746795,0.0071347030099311315,-0.00890959215917042,0.01813773683730524,4,12
2024-12-23,69.23999786376953,69.94000244140625,68.58999633789062,69.4000015258789,188843,48.276470086122394,0.08936316216137641,1.717080262277223,0.496998856588725,69.25250015258788,69.68386326540448,62847879,-0.0031673081428574834,-0.003172334679827193,-0.006436912517008175,-0.009492747967746795,0.0071347030099311315,-0.008135808999945704,0,12
2024-12-24,70.0999984741211,70.43000030517578,69.36000061035156,69.55999755859375,122602,52.200921068107064,0.11593963973365362,1.679431846500725,0.687145426749042,69.31049995422363,69.7478840667455,62970481,0.01242057534495622,0.012344072817910593,-0.0031673081428574834,-0.006436912517008175,-0.009492747967746795,-0.00890959215917042,1,12
2024-12-26,69.62000274658203,70.75,69.33000183105469,70.19999694824219,144877,49.92412310611449,0.09715015939845273,1.6609008695324812,0.5636245007773006,69.35300025939941,69.72821001748957,62825604,-0.006847300113940302,-0.006870850439029008,0.01242057534495622,-0.0031673081428574834,-0.006436912517008175,0.0071347030099311315,3,12
2024-12-27,70.5999984741211,70.75,69.44000244140625,69.68000030517578,172641,54.306154925445604,0.1594982296016525,1.6358363473225719,0.7688453475996314,69.4470001220703,69.8623313185098,62998245,0.014076352899701217,0.013978201051839344,-0.006847300113940302,0.01242057534495622,-0.0031673081428574834,-0.009492747967746795,4,12
2024-12-30,70.98999786376953,71.55999755859375,70.12000274658203,70.41999816894531,199296,55.957886767757984,0.23763985153222222,1.6218476662289396,0.8260590959138013,69.59650001525878,70.03581847931899,63197541,0.005524070794298952,0.00550886907312227,0.014076352899701217,-0.006847300113940302,0.01242057534495622,-0.006436912517008175,0,12
2024-12-31,71.72000122070312,72.0199966430664,70.87000274658203,71.1500015258789,151155,58.94911771417948,0.3543876595633293,1.5881438255328992,0.9392525402283975,69.77750015258789,70.29492351645501,63348696,0.010283186067063577,0.010230673798029735,0.005524070794298952,0.014076352899701217,-0.006847300113940302,-0.0031673081428574834,1,12
2025-01-02,73.12999725341797,73.7300033569336,71.79000091552734,71.8499984741211,306498,64.03062348220706,0.5542964501226209,1.618276562011297,1.1021324988602201,69.93699989318847,70.731088706757,63655194,0.01965973241377794,0.019468975967998597,0.010283186067063577,0.005524070794298952,0.014076352899701217,0.01242057534495622,3,1
2025-01-03,73.95999908447266,74.3499984741211,72.69999694824219,73.12999725341797,296040,66.64784046608176,0.7708143500452849,1.6205426308589834,1.1060199952122263,70.20799980163574,71.2278441494825,63951234,0.011349676770511463,0.011285752414910675,0.01965973241377794,0.010283186067063577,0.005524070794298952,-0.006847300113940302,4,1
2025-01-06,73.55999755859375,74.98999786376953,73.19999694824219,74.05000305175781,306042,64.22256137124184,0.8997577185750174,1.6326467940495806,0.9694288716633729,70.47099952697754,71.58663698165346,63645192,-0.005408349524478107,-0.005423027593440198,0.011349676770511463,0.01965973241377794,0.010283186067063577,0.014076352899701217,0,1
2025-01-07,74.25,74.52999877929688,73.11000061035156,73.44000244140625,277328,66.48798705169237,1.0455710058421204,1.6174576065421327,1.01552391838227,70.82349967956543,71.99638513832215,63922520,0.009380131379920664,0.009336411136007488,-0.005408349524478107,0.011349676770511463,0.01965973241377794,0.005524070794298952,1,1
2025-01-08,73.31999969482422,75.29000091552734,73.16000366210938,74.5199966430664,328617,60.89151309737779,1.073708787694443,1.654067581318978,0.8415111685619253,71.07099952697754,72.20001814701479,63593903,-0.01252525663536408,-0.012604358873549463,0.009380131379920664,-0.005408349524478107,0.011349676770511463,0.010283186067063577,2,1
2025-01-09,73.91999816894531,74.31999969482422,72.83999633789062,73.31999969482422,213421,63.052292997813524,1.1313811869366077,1.6416344224343078,0.8902108144526056,71.33749961853027,72.46463045808102,63807324,0.008183285278483776,0.008149983753407338,-0.01252525663536408,0.009380131379920664,-0.005408349524478107,0.01965973241377794,3,1
2025-01-10,76.56999969482422,77.86000061035156,74.0199966430664,74.29000091552734,478432,70.74136938462273,1.3750690153367913,1.8058035666465895,1.1184534610229322,71.65149955749511,73.09622572527229,64285756,0.03584958862988996,0.035221948576786184,0.008183285278483776,-0.01252525663536408,0.009380131379920664,0.011349676770511463,4,1
2025-01-13,78.81999969482422,79.2699966430664,76.54000091552734,76.54000091552734,460942,75.41883156400544,1.7298094049342154,1.8718172924246232,1.1757909130170234,72.09149971008301,73.97680633597258,64746698,0.029384876700634166,0.028961416755598178,0.03584958862988996,0.008183285278483776,-0.01252525663536408,-0.005408349524478107,0,1
2025-01-14,77.5,79.08999633789062,77.41000366210938,78.81999969482422,326729,68.50014327675574,1.8827278609583828,1.8581155340929538,0.9644603038719876,72.40199966430664,74.51883613043834,64419969,-0.016747014716252284,-0.016888831535749937,0.029384876700634166,0.03584958862988996,0.008183285278483776,0.009380131379920664,1,1
2025-01-15,80.04000091552734,80.7699966430664,77.23999786376953,78.02999877929688,321422,73.53182038197015,2.1837013355953303,1.977535765893234,1.0645354353630334,72.86849975585938,75.3682460973751,64741391,0.032774205361643105,0.03224858479460386,-0.016747014716252284,0.029384876700634166,0.03584958862988996,-0.01252525663536408,2,1
2025-01-16,78.68000030517578,80.58999633789062,77.87000274658203,80.4000015258789,159948,67.33021536574819,2.2861312019569766,2.030568467708617,0.9019904423389261,73.29849967956542,75.87774674472905,64581443,-0.01699151167910251,-0.017137523754351097,0.032774205361643105,-0.016747014716252284,0.029384876700634166,0.008183285278483776,3,1
2025-01-17,77.87999725341797,79.44000244140625,77.76000213623047,78.75,112409,63.91536795884053,2.276511837262973,2.005527884670557,0.8075493863116298,73.66349945068359,76.18578528452734,64469034,-0.010167806922405265,-0.010219852162402603,-0.01699151167910251,0.032774205361643105,-0.016747014716252284,0.03584958862988996,4,1
2025-01-21,75.88999938964844,78.47000122070312,75.48999786376953,78.19000244140625,568807,56.27022516953563,2.0842858747973025,2.0751332755464884,0.6439763954571733,73.96249923706054,76.14027976223828,63900227,-0.025552104955707255,-0.025884229863912228,-0.010167806922405265,-0.01699151167910251,0.032774205361643105,0.029384876700634166,1,1
2025-01-22,75.44000244140625,76.44999694824219,75.27999877929688,75.87999725341797,315333,54.67753650680222,1.8740317502160337,2.0104807679321186,0.592215270249237,74.26149940490723,76.03254478980259,63584894,-0.0059295948328017545,-0.005947244685812746,-0.025552104955707255,-0.010167806922405265,-0.01699151167910251,-0.016747014716252284,2,1
2025-01-23,74.62000274658203,76.0,74.13999938964844,75.38999938964844,350688,51.80031409617283,1.6225331669801761,1.9997321852477932,0.5075083212490765,74.53049964904785,75.81523062930712,63234206,-0.010869560820350066,-0.010929066086829906,-0.0059295948328017545,-0.025552104955707255,-0.010167806922405265,0.032774205361643105,3,1
2025-01-24,74.66000366210938,75.20999908447266,74.01000213623047,74.30000305175781,319679,51.93319136943994,1.4101906671994868,1.942608239747393,0.4912104910216213,74.75849990844726,75.63750340358439,63553885,0.0005360615660010559,0.0005359179363270571,-0.010869560820350066,-0.0059295948328017545,-0.025552104955707255,-0.01699151167910251,4,1
2025-01-27,73.16999816894531,75.1500015258789,72.37999725341797,74.54000091552734,334418,46.761875753316325,1.1088940748431213,2.001707956369789,0.3284450810908753,74.93599967956543,75.2578872136399,63219467,-0.01995721162709041,-0.020159046665649796,0.0005360615660010559,-0.010869560820350066,-0.0059295948328017545,-0.010167806922405265,0,1
2025-01-28,73.7699966430664,74.30999755859375,72.93000030517578,73.1500015258789,326075,48.965642591434076,0.9080616477149874,1.9573000490160875,0.3616198369911177,75.0944995880127,75.02898097201322,63545542,0.008200061352136911,0.008166623519532719,-0.01995721162709041,0.0005360615660010559,-0.010869560820350066,-0.025552104955707255,1,1
2025-01-29,72.62000274658203,74.08000183105469,72.33000183105469,73.94999694824219,312733,45.11123459290465,0.6486286187900276,1.9424929026577955,0.21932095321057707,75.17599983215332,74.6583689373315,63232809,-0.015588910787790566,-0.015711695583328272,0.008200061352136911,-0.01995721162709041,0.0005360615660010559,-0.0059295948328017545,2,1
2025-01-30,72.7300033569336,73.83999633789062,72.0199966430664,73.0,336475,45.552730390841155,0.44675232152597744,1.9337433878125398,0.21754151335825916,75.22649993896485,74.36169730957798,63569284,0.0015147425804351577,0.001513596515076029,-0.015588910787790566,0.008200061352136911,-0.01995721162709041,-0.010869560820350066,3,1
2025-01-31,72.52999877929688,73.83999633789062,71.94000244140625,73.19999694824219,376335,44.84641228144318,0.2675411556925127,1.9313327098605282,0.20262698450148034,75.19650001525879,74.07989753568857,63192949,-0.0027499596920842473,-0.0027537477775536725,0.0015147425804351577,-0.015588910787790566,0.008200061352136911,0.0005360615660010559,4,1
2025-02-03,73.16000366210938,75.18000030517578,72.05000305175781,74.13999938964844,517853,47.60245250126455,0.17434144484288083,2.016951605828917,0.28015781878224727,75.15650024414063,73.93837540129178,63710802,0.00868612840777172,0.008648621033832713,-0.0027499596920842473,0.0015147425804351577,-0.015588910787790566,-0.01995721162709041,0,2
2025-02-04,72.69999694824219,73.3499984741211,70.66999816894531,72.3499984741211,452961,45.802719877433155,0.06263923899871315,2.0643122272108356,0.2385761270565127,75.11350021362304,73.74785563928415,63257841,-0.006287680301271359,-0.006307531016772015,0.00868612840777172,-0.0027499596920842473,0.0015147425804351577,0.008200061352136911,1,2
2025-02-05,71.02999877929688,72.97000122070312,70.95999908447266,72.76000213623047,289902,39.904309687992985,-0.15880979887481317,2.0604329349979524,0.1028775773228445,74.95250015258789,73.32972381467073,62967939,-0.022971089945632905,-0.023239036738083033,-0.006287680301271359,0.00868612840777172,-0.0027499596920842473,-0.015588910787790566,2,2
2025-02-06,70.61000061035156,71.8499984741211,70.43000030517578,71.18000030517578,299037,38.55940917529741,-0.36400408648221116,2.014687594565621,0.0992811929701791,74.81700019836425,72.91130486016009,62668902,-0.005912968832370691,-0.005930519651740896,-0.022971089945632905,-0.006287680301271359,0.00868612840777172,0.0015147425804351577,3,2
2025-02-07,71.0,71.41000366210938,70.47000122070312,70.55999755859375,273766,40.56264039102943,-0.4895095845903086,1.9379243693399517,0.16612385305159258,74.67100028991699,72.617257958597,62942668,0.0055232882917048975,0.005508090869077976,-0.005912968832370691,-0.022971089945632905,-0.006287680301271359,-0.0027499596920842473,4,2
2025-02-10,72.31999969482422,72.54000091552734,70.83999633789062,71.0,255941,46.87600679730818,-0.4769625252919951,1.9209300985040065,0.3061558962341289,74.458500289917,72.57152591801656,63198609,0.018591544997524245,0.018420834822807805,0.0055232882917048975,-0.005912968832370691,-0.022971089945632905,0.00868612840777172,0,2
2025-02-11,73.31999969482422,73.68000030517578,72.30999755859375,72.48999786376953,266819,51.11253280328442,-0.3819246580321476,1.881578144795294,0.4162538466443984,74.18350028991699,72.68667572983313,63465428,0.0138274336866675,0.013732706945136314,0.018591544997524245,0.0055232882917048975,-0.005912968832370691,-0.006287680301271359,1,2
2025-02-12,71.37000274658203,73.22000122070312,71.16999816894531,73.19999694824219,318123,43.780585360011855,-0.45866768487600496,1.9007512434441234,0.25218952295829816,73.87700042724609,72.4841106554868,63147305,-0.02659570316910187,-0.026955767342579182,0.0138274336866675,0.018591544997524245,0.0055232882917048975,-0.022971089945632905,2,2
2025-02-13,71.29000091552734,71.5999984741211,70.22000122070312,71.23999786376953,278197,43.504857676665154,-0.5199489182437844,1.8635545298708267,0.25054835883264626,73.43950042724609,72.3004014647238,62869108,-0.0011209447663713679,-0.001121573494846507,-0.02659570316910187,0.0138274336866675,0.018591544997524245,-0.005912968832370691,3,2
2025-02-14,70.73999786376953,72.0199966430664,70.5199966430664,71.5199966430664,207719,41.56667823307311,-0.6059108240910263,1.8375863491657678,0.1911792028357319,73.04250030517578,72.0603393722693,62661389,-0.007715009744627688,-0.007744924392838291,-0.0011209447663713679,-0.02659570316910187,0.0138274336866675,0.0055232882917048975,4,2
2025-02-18,71.8499984741211,72.06999969482422,70.12000274658203,70.69999694824219,130937,46.72515227716919,-0.5778078717314372,1.8456156776712263,0.3526230190070771,72.74100036621094,72.02797923409265,62792326,0.015691272884813978,0.015569437709031842,-0.007715009744627688,-0.0011209447663713679,-0.02659570316910187,0.018591544997524245,1,2
2025-02-19,72.25,73.04000091552734,71.70999908447266,71.77999877929688,69012,48.489874662365715,-0.5172962303911959,1.8087861171986164,0.4418950564585568,72.55900039672852,72.06213627500148,62861338,0.005567175147860093,0.005551735704514271,0.015691272884813978,-0.007715009744627688,-0.0011209447663713679,0.0138274336866675,2,2
2025-02-20,72.56999969482422,73.25,71.8499984741211,72.18000030517578,240060,49.91909422539733,-0.43846466986353505,1.7795872178186372,0.5334673993434523,72.41550025939941,72.14026910882036,63101398,0.004429061520058397,0.004419282092243165,0.005567175147860093,0.015691272884813978,-0.007715009744627688,-0.02659570316910187,3,2
2025-02-21,70.4000015258789,72.7699966430664,70.16999816894531,72.58000183105469,268470,41.50831978792921,-0.5448105698803687,1.838188021840241,0.09610665714687615,72.20450019836426,71.87253563452168,62832928,-0.02990213832259503,-0.030358324246371943,0.004429061520058397,0.005567175147860093,0.015691272884813978,-0.0011209447663713679,4,2
2025-02-24,70.69999694824219,70.94000244140625,69.80000305175781,69.80000305175781,205468,42.93966230205371,-0.5979900809884526,1.7883174052551123,0.17660068822407468,72.00649986267089,71.69214506740175,63038396,0.004261298520753742,0.004252244899222221,-0.02990213832259503,0.004429061520058397,0.005567175147860093,-0.007715009744627688,0,2
2025-02-25,68.93000030517578,71.26000213623047,68.68000030517578,70.91999816894531,267310,37.1615521433386,-0.7740365517480541,1.844866292812225,-0.10945923264201023,71.79449996948242,71.267199719367,62771086,-0.02503531427819128,-0.02535402841274555,0.004261298520753742,-0.02990213832259503,0.004429061520058397,0.015691272884813978,1,2
2025-02-26,68.62000274658203,69.27999877929688,68.36000061035156,69.11000061035156,255601,36.24172428431962,-0.9278729189632315,1.7788042839645883,-0.07240484557853068,71.5370002746582,70.85993864663085,62515485,-0.004497280679258475,-0.004507423868616894,-0.02503531427819128,0.004261298520753742,-0.02990213832259503,0.005567175147860093,2,2
2025-02-27,70.3499984741211,70.54000091552734,68.61000061035156,68.81999969482422,265933,44.49814231906301,-0.8998205797530545,1.7896039997653879,0.289275880905538,71.42350006103516,70.78148631239858,62781418,0.025211245384644476,0.024898684414304355,-0.004497280679258475,-0.02503531427819128,0.004261298520753742,0.004429061520058397,3,2
2025-02-28,69.76000213623047,70.29000091552734,69.13999938964844,70.16999816894531,250074,42.477883778187426,-0.9146531206622512,1.74820364867305,0.20541020720562983,71.275,70.62433490068041,62531344,-0.008386586363717696,-0.008421951647283326,0.025211245384644476,-0.004497280679258475,-0.02503531427819128,-0.02990213832259503,4,2
2025-03-03,68.37000274658203,70.5999984741211,67.88999938964844,69.94999694824219,332751,38.09026359285447,-1.0267338020797325,1.8169033226587359,0.017521047115763994,71.06700019836425,70.27751456928065,62198593,-0.01992544935612217,-0.020126638125264197,-0.008386586363717696,0.025211245384644476,-0.004497280679258475,0.004261298520753742,0,3
2025-03-04,68.26000213623047,68.55999755859375,66.7699966430664,68.45999908447266,386750,37.757880496087665,-1.111620609120564,1.8149817221493507,0.054587818148544694,70.8220001220703,69.96712804111908,61811843,-0.0016089016517856214,-0.0016101973239740863,-0.01992544935612217,-0.008386586363717696,0.025211245384644476,-0.02503531427819128,1,3
2025-03-05,66.30999755859375,68.0999984741211,65.22000122070312,68.08000183105469,382493,32.36601125159086,-1.3210152463672102,1.9024830931049217,-0.1255590887711018,70.50250015258788,69.40449258226903,61429350,-0.02856730906256022,-0.02898329621135002,-0.0016089016517856214,-0.01992544935612217,-0.008386586363717696,-0.004497280679258475,2,3
2025-03-06,66.36000061035156,67.08999633789062,65.58999633789062,66.38999938964844,341632,32.63167546361349,-1.4660277216040782,1.8737343007402845,-0.015278695881717128,70.26900024414063,68.93610920197403,61770982,0.0007540801326924029,0.0007537959571209369,-0.02856730906256022,-0.0016089016517856214,-0.01992544935612217,0.025211245384644476,3,3
2025-03-07,67.04000091552734,68.22000122070312,66.12000274658203,66.33999633789062,329710,36.29630403498373,-1.5086895770422757,1.8898960274103422,0.1224691249230907,70.09050025939942,68.64440023482838,62100692,0.010247141333957543,0.010194995310435618,0.0007540801326924029,-0.02856730906256022,-0.0016089016517856214,-0.008386586363717696,4,3
2025-03-10,66.02999877929688,67.5999984741211,65.80000305175781,67.11000061035156,249633,33.39093892968799,-1.6054910350245564,1.8834745556212664,0.06509861539076484,69.84200019836426,68.24218462628508,61851059,-0.015065664117503652,-0.015180304110880534,0.010247141333957543,0.0007540801326924029,-0.02856730906256022,-0.01992544935612217,0,3
2025-03-11,66.25,67.16999816894531,65.29000091552734,65.94999694824219,222511,34.618604231532444,-1.6454864840996066,1.8832261768924596,0.13407915691906208,69.53850021362305,67.93569468377969,62073570,0.0033318374189050814,0.0033262991469503343,-0.015065664117503652,0.010247141333957543,0.0007540801326924029,-0.0016089016517856214,1,3
2025-03-12,67.68000030517578,67.87999725341797,66.1500015258789,66.62000274658203,246675,42.08991185515512,-1.5439958687557862,1.8722811447957886,0.3126606001718994,69.25650024414062,67.8963570870714,62320245,0.021584910266804203,0.02135525494073462,0.0033318374189050814,-0.015065664117503652,0.010247141333957543,-0.02856730906256022,2,3
2025-03-13,66.55000305175781,67.94000244140625,66.37000274658203,67.69000244140625,268590,38.359621126388895,-1.5370272659099982,1.8506896126549621,0.20978683788780403,69.01550025939942,67.68922569702315,62051655,-0.016696176836919374,-0.016837129109330447,0.021584910266804203,0.0033318374189050814,-0.015065664117503652,0.0007540801326924029,3,3
2025-03-14,67.18000030517578,67.4800033569336,66.58999633789062,66.77999877929688,180495,41.473918393898344,-1.4637953629415392,1.7849260906921636,0.30525269729460613,68.81000022888183,67.61088332904663,62232150,0.009466524786302388,0.009421998029069015,-0.016696176836919374,0.021584910266804203,0.0033318374189050814,0.010247141333957543,4,3
2025-03-17,67.58000183105469,68.37000274658203,67.25,67.3499984741211,161298,43.428266522283096,-1.3578295581190076,1.7424315443145983,0.3698908880170051,68.6520004272461,67.60613232935556,62393448,0.005954175707976184,0.005936519653962617,0.009466524786302388,-0.016696176836919374,0.021584910266804203,-0.015065664117503652,0,3
2025-03-18,66.9000015258789,68.72000122070312,66.55999755859375,67.4000015258789,110338,40.92626953841912,-1.3135791136353987,1.7722581241570823,0.30765004991689787,68.40450057983398,67.49749682112838,62283110,-0.010062152807804536,-0.010113118438230645,0.005954175707976184,0.009466524786302388,-0.016696176836919374,0.0033318374189050814,1,3
2025-03-19,67.16000366210938,67.62999725341797,66.20999908447266,66.72000122070312,73077,42.29519178493766,-1.2431994882736035,1.7470966987848129,0.35936040500437283,68.15000076293946,67.44557479666392,62356187,0.003886429451423812,0.0038788967949342436,-0.010062152807804536,0.005954175707976184,0.009466524786302388,0.021584910266804203,2,3
2025-03-20,68.26000213623047,68.47000122070312,66.87999725341797,67.29000091552734,283376,47.80587969804253,-1.086142074589901,1.73587578939198,0.5565013121577914,67.93450088500977,67.5708713104434,62639563,0.01637877328975934,0.016246088036584214,0.003886429451423812,-0.010062152807804536,0.005954175707976184,-0.016696176836919374,3,3
2025-03-21,68.27999877929688,68.6500015258789,67.6500015258789,68.3499984741211,198964,47.90327856453595,-0.9491185330877983,1.6833132330068385,0.5849597890380451,67.82850074768066,67.67996784411316,62838527,0.000292948175221186,0.00029290527428279986,0.01637877328975934,0.003886429451423812,-0.010062152807804536,0.009466524786302388,4,3
2025-03-24,69.11000061035156,69.33000183105469,67.94999694824219,68.3499984741211,247024,51.91429931219794,-0.7647367686577127,1.6616483508501,0.7846707235762292,67.74900093078614,67.89997288507293,63085551,0.012155855973833951,0.012082566886560389,0.000292948175221186,0.01637877328975934,0.003886429451423812,0.005954175707976184,0,3
2025-03-25,69.0,69.68000030517578,68.5199966430664,69.16000366210938,258411,51.350030625755615,-0.6203381498455798,1.6258165873686197,0.7601578229587537,67.75250091552735,68.06920782583094,62827140,-0.0015916742783979032,-0.0015929423376389708,0.012155855973833951,0.000292948175221186,0.01637877328975934,-0.010062152807804536,1,3
2025-03-26,69.6500015258789,70.22000122070312,69.05999755859375,69.16000366210938,262413,54.49734181809972,-0.44828397463952285,1.5968297754639416,0.8675170221898238,67.80400085449219,68.31240685660755,63089553,0.00942031196925952,0.00937621753636423,-0.0015916742783979032,0.012155855973833951,0.000292948175221186,0.003886429451423812,2,3
2025-03-27,69.91999816894531,69.97000122070312,69.12000274658203,69.95999908447266,211825,55.77711457929048,-0.2868368518871449,1.543484682510881,0.9398255763464335,67.78250083923339,68.5597285969672,63301378,0.0038764772024604266,0.0038689830258029543,0.00942031196925952,-0.0015916742783979032,0.012155855973833951,0.01637877328975934,3,3
2025-03-28,69.36000061035156,70.08999633789062,68.87000274658203,69.91000366210938,246650,52.48022619080296,-0.20175031478221683,1.5203781759964319,0.8369744407907129,67.76250076293945,68.68284736825711,63054728,-0.008009118610681987,-0.008041363887377214,0.0038764772024604266,0.00942031196925952,-0.0015916742783979032,0.000292948175221186,4,3
2025-03-31,71.4800033569336,71.83000183105469,68.80999755859375,69.43000030517578,313087,61.707902133750146,0.036329103643069516,1.6274943257438965,1.1214969989772137,67.91800079345703,69.11317905882272,63367815,0.030565206573334835,0.030107395982433494,-0.008009118610681987,0.0038764772024604266,0.00942031196925952,0.012155855973833951,0,3
2025-04-01,71.19999694824219,72.0999984741211,71.02999877929688,71.38999938964844,272832,60.04930025846916,0.20010786207333808,1.5876732806782052,0.9894490522696507,68.06500053405762,69.43422796488726,63094983,-0.003917269103824728,-0.003924961698320787,0.030565206573334835,-0.008009118610681987,0.0038764772024604266,-0.0015916742783979032,1,4
2025-04-02,71.70999908447266,72.27999877929688,70.58999633789062,71.19999694824219,286501,62.050087266684635,0.3668280527698755,1.594982506444494,0.9870154206496335,68.33500061035156,69.78434659866963,63381484,0.007162951658568284,0.007137419571240765,-0.003917269103824728,0.030565206573334835,-0.008009118610681987,0.00942031196925952,2,4
2025-04-03,66.94999694824219,70.41000366210938,65.9800033569336,70.37999725341797,459238,41.273710330198426,0.11355363800068119,1.8903405936655346,0.2923986319280523,68.3645004272461,69.34829280629617,62922246,-0.06637849947011298,-0.06868416857286343,0.007162951658568284,-0.003917269103824728,0.030565206573334835,0.0038764772024604266,3,4
2025-04-04,61.9900016784668,66.9000015258789,60.45000076293945,66.63999938964844,559638,30.001120729975227,-0.4818439294273418,2.219601707353906,-0.19990437651672033,68.11200046539307,68.21624801739935,62362608,-0.0740850708867078,-0.07697291776429961,-0.06637849947011298,0.007162951658568284,-0.003917269103824728,-0.008009118610681987,4,4
2025-04-07,60.70000076293945,63.900001525878906,58.95000076293945,61.119998931884766,597617,27.869213345394385,-1.045738462076244,2.414630211324302,-0.163859643113767,67.84550056457519,67.05990228594399,61764991,-0.02080982223905059,-0.021029398155768406,-0.0740850708867078,-0.06637849947011298,0.007162951658568284,0.030565206573334835,0,4
2025-04-08,59.58000183105469,61.75,57.880001068115234,61.029998779296875,557655,26.132890133019586,-1.5649635695489366,2.5185851199357634,-0.11436115223537938,67.51200065612792,65.90914836980718,61207336,-0.01845138250094691,-0.018623732616628662,-0.02080982223905059,-0.0740850708867078,-0.06637849947011298,-0.003917269103824728,1,4
2025-04-09,62.349998474121094,62.93000030517578,55.119998931884766,58.31999969482422,592250,36.64589652027679,-1.732961131574399,2.8965434237468526,0.14186295436054125,67.2455005645752,65.36158684739394,61799586,0.04649205367467135,0.04544366963540521,-0.01845138250094691,-0.02080982223905059,-0.0740850708867078,0.007162951658568284,2,4
2025-04-10,60.06999969482422,63.34000015258789,58.7599983215332,62.709999084472656,391826,32.54062600758394,-2.0267145528023605,3.016790452840269,0.04421964239585315,66.92150039672852,64.54749651622937,61407760,-0.03656774394698992,-0.037253103871513815,0.04649205367467135,-0.01845138250094691,-0.02080982223905059,-0.06637849947011298,3,4
2025-04-11,61.5,61.869998931884766,59.43000030517578,60.20000076293945,306231,37.285966314659554,-2.119692684088861,2.9755910366880345,0.17386378021637725,66.63750038146972,64.07865089834793,61713991,0.023805565381066485,0.02352663103073811,-0.03656774394698992,0.04649205367467135,-0.01845138250094691,-0.0740850708867078,4,4
2025-04-14,61.529998779296875,62.68000030517578,60.59000015258789,61.70000076293945,238068,37.38547300839544,-2.165989691345601,2.9123345449665954,0.20585031244073582,66.33500022888184,63.68655057234008,61952059,0.00048778502921753564,0.0004876661007729428,0.023805565381066485,-0.03656774394698992,0.04649205367467135,-0.02080982223905059,0,4
2025-04-15,61.33000183105469,62.060001373291016,60.880001068115234,61.58000183105469,197404,36.964382467375856,-2.1935328046818015,2.7885963849815374,0.2202144376064089,66.05650024414062,63.324004612142325,61754655,-0.003250397403054772,-0.003255691419578087,0.00048778502921753564,0.023805565381066485,-0.03656774394698992,-0.01845138250094691,1,4
2025-04-16,62.470001220703125,62.97999954223633,60.439998626708984,61.540000915527344,213194,41.040900618913405,-2.099174519891399,2.7708395657348093,0.3044474417650466,65.8220001220703,63.192619474997834,61967849,0.01858795623043985,0.018417311552440873,-0.003250397403054772,0.00048778502921753564,0.023805565381066485,0.04649205367467135,2,4
2025-04-17,64.68000030517578,64.86000061035156,62.61000061035156,62.630001068115234,111479,48.05425104634574,-1.8250286487741292,2.7436366960143546,0.4434111971815259,65.64300003051758,63.42144729502521,62079328,0.03537696560409609,0.0347655783810385,0.01858795623043985,-0.003250397403054772,0.00048778502921753564,-0.03656774394698992,3,4
2025-04-21,63.08000183105469,64.41999816894531,62.45000076293945,64.30000305175781,82671,43.97575400979737,-1.7170791562472019,2.706948327887353,0.3643429644676219,65.38300018310547,63.368917223645134,61996657,-0.024737143886393254,-0.025048248304809336,0.03537696560409609,0.01858795623043985,-0.003250397403054772,0.023805565381066485,0,4
2025-04-22,64.30999755859375,65.08999633789062,63.43000030517578,63.43000030517578,297928,47.65384004616123,-1.514816172084842,2.657165912097966,0.44995811123930535,65.14300003051758,63.51369881363723,62294585,0.01949898053004695,0.019311311061345086,-0.024737143886393254,0.03537696560409609,0.01858795623043985,0.00048778502921753564,1,4
2025-04-23,62.27000045776367,64.87000274658203,61.529998779296875,64.0,397841,42.65234948637592,-1.501819971202373,2.7059400588970512,0.34562874671174415,64.80650005340576,63.32236060504129,61896744,-0.03172130583540156,-0.03223532594805014,0.01949898053004695,-0.024737143886393254,0.03537696560409609,-0.003250397403054772,2,4
2025-04-24,62.790000915527344,63.310001373291016,61.9900016784668,62.34000015258789,264908,44.25833041064173,-1.4330414870289587,2.6069443186061347,0.39470187047192423,64.46350002288818,63.240459114346834,62161652,0.008350737978818135,0.008316063471168578,-0.03172130583540156,0.01949898053004695,-0.024737143886393254,0.01858795623043985,3,4
2025-04-25,63.02000045776367,63.40999984741211,61.79999923706055,62.86000061035156,283758,44.992096729362416,-1.3444767113069531,2.5357340537308084,0.4273345026511247,64.11850013732911,63.20654239794942,62445410,0.0036629963192029713,0.003656303886111966,0.008350737978818135,-0.03172130583540156,0.01949898053004695,0.03537696560409609,4,4
2025-04-28,62.04999923706055,63.91999816894531,61.47999954223633,63.4900016784668,276116,42.45389941975591,-1.3371456970930211,2.528895808943535,0.38187182288375904,63.75300006866455,63.028612680889594,62169294,-0.015391958325249866,-0.015511644237855738,0.0036629963192029713,0.008350737978818135,-0.03172130583540156,-0.024737143886393254,0,4
2025-04-29,60.41999816894531,62.06999969482422,60.119998931884766,61.869998931884766,312373,38.52121239175182,-1.4461924726201545,2.487546162800386,0.2829619032136241,63.19999980926514,62.6272873713597,61856921,-0.02626915532888008,-0.026620353701971432,-0.015391958325249866,0.0036629963192029713,0.008350737978818135,0.01949898053004695,1,4
2025-04-30,58.209999084472656,60.43000030517578,57.90999984741211,60.15999984741211,419549,33.931702243541594,-1.6914433778757498,2.4898643267263347,0.11337323005578867,62.55049991607666,61.94770455799246,61437372,-0.03657727824309254,-0.03726300009744934,-0.02626915532888008,-0.015391958325249866,0.0036629963192029713,-0.03172130583540156,2,4
2025-05-01,59.2400016784668,59.5,56.38999938964844,58.15999984741211,364216,37.65962338399348,-1.7821503659154914,2.5341597755567085,0.1572736927755791,61.92700004577637,61.53113488421928,61801588,0.01769459904129933,0.017539872177297182,-0.03657727824309254,-0.02626915532888008,-0.015391958325249866,0.008350737978818135,3,5
2025-05-02,58.290000915527344,59.869998931884766,57.7400016784668,58.9900016784668,322096,35.660971798653506,-1.9086912252020198,2.50529102397537,0.04165254472082876,61.49400024414062,61.03249888903591,61479492,-0.01603647427452337,-0.016166449969052803,0.01769459904129933,-0.03657727824309254,-0.02626915532888008,0.0036629963192029713,4,5
2025-05-05,57.130001068115234,57.70000076293945,55.29999923706055,56.7599983215332,308387,33.33462050485575,-2.078617057482724,2.5399132135819005,-0.01936740909679241,61.251000213623044,60.43211460889427,61171105,-0.019900494582135275,-0.020101176331286184,-0.01603647427452337,0.01769459904129933,-0.03657727824309254,-0.015391958325249866,0,5
2025-05-06,59.09000015258789,59.84000015258789,57.029998779296875,57.25,343893,40.40837482184816,-2.031708685066846,2.5592052249896944,0.24458075683684183,61.17050018310547,60.22563546177021,61514998,0.03430770257006954,0.03373231650728526,-0.019900494582135275,-0.01603647427452337,0.01769459904129933,-0.02626915532888008,1,5
2025-05-07,58.06999969482422,60.2599983215332,57.810001373291016,58.97999954223633,295238,38.14027276478666,-2.05317129379263,2.5514046337934437,0.14331096753913838,61.09500007629394,59.893999189932366,61219760,-0.017261811730068133,-0.017412533811229817,0.03430770257006954,-0.019900494582135275,-0.01603647427452337,-0.03657727824309254,2,5
2025-05-08,59.90999984741211,60.290000915527344,57.7400016784668,57.93000030517578,281000,44.2223710396173,-1.89980812556459,2.5513042483125226,0.3743298367598459,60.9730001449585,59.89646082954464,61500760,0.03168589912618658,0.031194259420231813,-0.017261811730068133,0.03430770257006954,-0.019900494582135275,0.01769459904129933,3,5
2025-05-09,61.02000045776367,61.45000076293945,59.88999938964844,60.25,239640,47.5712900599712,-1.6694545048956044,2.4804969000967003,0.4999406358554459,61.02050018310547,60.069313080039876,61740400,0.018527801922528564,0.01835825324150491,0.03168589912618658,-0.017261811730068133,0.03430770257006954,-0.01603647427452337,4,5
2025-05-12,61.95000076293945,63.61000061035156,61.02000045776367,61.38999938964844,325865,50.2655910754799,-1.3957648403700347,2.4883185609889282,0.6073683304669478,61.04300022125244,60.35864964663981,62066265,0.015240909508342337,0.015125933600171835,0.018527801922528564,0.03168589912618658,-0.017261811730068133,-0.019900494582135275,0,5
2025-05-13,63.66999816894531,63.900001525878906,61.650001525878906,62.0,258795,54.88346493821852,-1.0282216937199564,2.4712958066325763,0.7880999431736699,61.150000190734865,60.86808788084066,62325060,0.027764283855099103,0.027385844879859716,0.015240909508342337,0.018527801922528564,0.03168589912618658,0.03430770257006954,1,5
2025-05-14,63.150001525878906,63.68000030517578,62.75,63.619998931884766,225626,53.273005699342235,-0.7700241264897869,2.361203270814234,0.7140345140628278,61.241000175476074,61.21915151853885,62099434,-0.008167059180473335,-0.008200592311148426,0.027764283855099103,0.015240909508342337,0.018527801922528564,-0.017261811730068133,2,5
2025-05-15,61.619998931884766,62.90999984741211,60.470001220703125,62.880001068115234,258404,48.74110966389678,-0.6810088704714943,2.3839744875543443,0.5475947915450928,61.198500061035155,61.2808203513613,61841030,-0.02422806899485419,-0.024526397124652956,-0.008167059180473335,0.027764283855099103,0.015240909508342337,0.03168589912618658,3,5
2025-05-16,62.4900016784668,62.709999084472656,61.25,61.70000076293945,121556,51.27916229932215,-0.5341048596703217,2.317976244477081,0.6676021752849906,61.089000129699706,61.46684824783907,61962586,0.014118837417438801,0.014020094966139728,-0.02422806899485419,-0.008167059180473335,0.027764283855099103,0.018527801922528564,4,5
2025-05-19,62.689998626708984,63.400001525878906,61.56999969482422,62.75,95570,51.86914922977344,-0.39696828713532284,2.2831209292326244,0.6954429365191628,61.06949996948242,61.655025229203666,62058156,0.003200463160030642,0.003195352579058796,0.014118837417438801,-0.02422806899485419,-0.008167059180473335,0.015240909508342337,0,5
2025-05-20,62.560001373291016,63.16999816894531,62.189998626708984,62.68000030517578,250414,51.4331693750403,-0.29537139967104054,2.1900408301614602,0.7004036186428096,60.98200016021728,61.79425232829402,61807742,-0.002073652197570497,-0.0020758051911769233,0.003200463160030642,0.014118837417438801,-0.02422806899485419,0.027764283855099103,1,5
2025-05-21,61.56999969482422,64.19000244140625,61.279998779296875,62.27000045776367,302702,48.11624576395078,-0.2913811356986926,2.2414667467291687,0.5798117256461006,60.947000122070314,61.759751923144826,61505040,-0.01582483466647533,-0.015951384222085634,-0.002073652197570497,0.003200463160030642,0.014118837417438801,-0.008167059180473335,2,5
2025-05-22,61.20000076293945,61.75,60.25,61.33000183105469,258549,46.89892701101069,-0.31444986207356607,2.1885048362485136,0.5435977691664489,60.867500114440915,61.67363636003631,61246491,-0.006009402853966006,-0.006027531981941245,-0.01582483466647533,-0.002073652197570497,0.003200463160030642,-0.02422806899485419,3,5
2025-05-23,61.529998779296875,61.880001068115234,60.02000045776367,60.810001373291016,273392,48.158676528038434,-0.30261554824675585,2.165040248684446,0.5996308141279655,60.793000030517575,61.65153827069179,61519883,0.005392124383064578,0.005377638928633734,-0.006009402853966006,-0.01582483466647533,-0.002073652197570497,0.014118837417438801,4,5
2025-05-27,60.88999938964844,62.13999938964844,60.2599983215332,61.70000076293945,291317,45.88512033517738,-0.3409491220780936,2.1446803072152165,0.5212089869252521,60.73500003814697,61.534378442838964,61228566,-0.010401420483430623,-0.010455893316601546,0.005392124383064578,-0.006009402853966006,-0.01582483466647533,0.003200463160030642,1,5
2025-05-28,61.84000015258789,62.540000915527344,60.849998474121094,61.040000915527344,260374,49.682461477410435,-0.2913135521436203,2.1122033168002905,0.6404154631614616,60.8060001373291,61.58139716741572,61488940,0.015601917760914796,0.015481459149985511,-0.010401420483430623,0.005392124383064578,-0.006009402853966006,-0.002073652197570497,2,5
2025-05-29,60.939998626708984,63.06999969482422,60.54999923706055,61.83000183105469,299859,46.36320834136553,-0.3209004660583048,2.1413316840119605,0.4996409972080185,60.94250011444092,61.48272046884546,61189081,-0.014553711572739103,-0.014660655724199617,0.015601917760914796,-0.010401420483430623,0.005392124383064578,-0.01582483466647533,3,5
2025-05-30,60.790000915527344,61.720001220703125,59.7400016784668,60.939998626708984,384927,45.81384449266446,-0.35238974063206996,2.1298079595994155,0.46614547473087337,61.02000007629395,61.376148229873436,60804154,-0.0024613999764007133,-0.002464434201305977,-0.014553711572739103,0.015601917760914796,-0.010401420483430623,-0.006009402853966006,4,5
2025-06-02,62.52000045776367,63.880001068115234,61.060001373291016,61.11000061035156,403580,52.76555183587813,-0.2350393257108152,2.198393116241449,0.7005536167050203,61.23150005340576,61.552125495702704,61207734,0.028458620104979238,0.02806119605402807,-0.0024613999764007133,-0.014553711572739103,0.015601917760914796,0.005392124383064578,0,6
2025-06-03,63.40999984741211,63.88999938964844,62.400001525878906,63.02000045776367,291260,55.900060935629085,-0.06942250429673891,2.1477934553505977,0.840192352968568,61.54549999237061,61.83795231904261,61498994,0.014235434790978552,0.01413506243041926,0.028458620104979238,-0.0024613999764007133,-0.014553711572739103,-0.010401420483430623,1,6
2025-06-04,62.849998474121094,63.959999084472656,62.16999816894531,63.36000061035156,321128,53.49456612081502,0.016452930044899006,2.1222368453632225,0.7189187448016313,61.733499908447264,61.99365172751622,61177866,-0.008831436281952154,-0.008870664547419721,0.014235434790978552,0.028458620104979238,-0.0024613999764007133,0.015601917760914796,2,6
2025-06-05,63.369998931884766,63.97999954223633,62.5,62.7599983215332,232423,55.4132239573884,0.12502827346698098,2.0763627522827304,0.8397827869336769,61.99849987030029,62.20539745126523,61410289,0.00827367494651221,0.00823963572205525,-0.008831436281952154,0.014235434790978552,0.028458620104979238,-0.014553711572739103,3,6
2025-06-06,64.58000183105469,64.80000305175781,62.81999969482422,63.33000183105469,310133,59.59094897708688,0.30519404988852017,2.069479938329221,1.0651355525126065,62.23199996948242,62.57072120200206,61720422,0.019094254687782586,0.01891424720320025,0.00827367494651221,-0.008831436281952154,0.014235434790978552,-0.0024613999764007133,4,6
2025-06-09,65.29000091552734,65.43000030517578,64.19999694824219,64.80000305175781,235900,61.8497954409155,0.49950968146004726,2.00951732537239,1.0952109446119964,62.44549999237061,62.9890719271598,61956322,0.010994101336975204,0.010934105537609646,0.019094254687782586,0.00827367494651221,-0.008831436281952154,0.028458620104979238,0,6
2025-06-10,64.9800033569336,66.27999877929688,64.56999969482422,65.45999908447266,279021,60.26576365082251,0.621329705151517,1.9881231653081233,0.9551334470202851,62.59700012207031,63.29536907020192,61677301,-0.004748009714302559,-0.004759317319035391,0.010994101336975204,0.019094254687782586,0.00827367494651221,0.014235434790978552,1,6
2025-06-11,68.1500015258789,68.37000274658203,64.5999984741211,64.76000213623047,378473,69.00702826036627,0.9625694100660951,2.11540038724761,1.250945443075511,62.821000289916995,64.04223560184454,62055774,0.048784210606031886,0.04763159863056644,-0.004748009714302559,0.010994101336975204,0.019094254687782586,-0.008831436281952154,2,6
2025-06-12,68.04000091552734,69.29000091552734,66.72000122070312,69.02999877929688,379394,68.44434019415803,1.2101780257965729,2.147871766360225,1.089924252348994,63.065500259399414,64.6572764193342,61676380,-0.0016140954935971452,-0.0016153995491640903,0.048784210606031886,-0.004748009714302559,0.010994101336975204,0.00827367494651221,3,6
2025-06-13,72.9800033569336,77.62000274658203,68.48999786376953,68.9000015258789,715652,77.3690472417247,1.784456446258318,2.6787381995526864,1.281838899439271,63.633500480651854,65.93769594819564,62392032,0.07260438528710988,0.0700896960229113,-0.0016140954935971452,0.048784210606031886,-0.004748009714302559,0.019094254687782586,4,6
2025-06-16,71.7699966430664,77.48999786376953,69.37999725341797,76.54000091552734,367312,71.99772995163846,2.1175292435622026,3.0666855146097487,1.0546085753745342,64.09750022888184,66.83497297817576,62024720,-0.016579976133314744,-0.016718962337808015,0.07260438528710988,-0.0016140954935971452,0.048784210606031886,0.010994101336975204,0,6
2025-06-17,74.83999633789062,75.54000091552734,71.0,71.11000061035156,154264,76.46258668384897,2.5992525875491026,3.1719223289610055,1.109819980811153,64.70500011444092,68.06651503351651,62178984,0.042775530701112396,0.04188593780488692,-0.016579976133314744,0.07260438528710988,-0.0016140954935971452,-0.004748009714302559,1,6
2025-06-18,75.13999938964844,76.06999969482422,72.94000244140625,75.61000061035156,0,76.8510214946372,2.9709819171656733,3.1689276807079314,1.021689336927042,65.3340000152588,69.15474339599834,62178984,0.00400859254994268,0.0040005795495912455,0.042775530701112396,-0.016579976133314744,0.07260438528710988,0.048784210606031886,2,6
2025-06-20,74.93000030517578,77.58000183105469,74.30000305175781,74.5999984741211,678377,75.90670846581524,3.2116134374239778,3.176861330607142,0.9417280546981616,66.00200004577637,70.04324445894872,61500607,-0.0027947709100140106,-0.0027986835739336347,0.00400859254994268,0.042775530701112396,-0.016579976133314744,-0.0016140954935971452,4,6
2025-06-23,68.51000213623047,78.4000015258789,66.5999984741211,78.0,728868,54.04356827816669,2.851406216885138,3.792800024975047,0.6080813604559044,66.36750011444092,69.80736102468438,60771739,-0.08567994318427696,-0.08957459725292966,-0.0027947709100140106,0.00400859254994268,0.042775530701112396,0.07260438528710988,0,6
2025-06-24,64.37000274658203,67.83000183105469,64.0,67.73999786376953,541475,45.03540051534872,2.2064415632501664,3.8440287472075774,0.3898250962812033,66.50950031280517,68.9708443665148,60230264,-0.060429123639729965,-0.06233202246291182,-0.08567994318427696,-0.0027947709100140106,0.00400859254994268,-0.016579976133314744,1,6
2025-06-25,64.91999816894531,66.02999877929688,64.51000213623047,65.12000274658203,278504,46.3156183870948,1.7198570214369227,3.688026410458096,0.4047029227179891,66.71100025177002,68.34763725919642,60508768,0.008544281480436622,0.008507985708414682,-0.060429123639729965,-0.08567994318427696,-0.0027947709100140106,0.042775530701112396,2,6
2025-06-26,65.23999786376953,66.41999816894531,64.66000366210938,64.9800033569336,233771,47.08782164935652,1.3445573472793342,3.5503098459136564,0.4104089532842602,66.8810001373291,67.8695388906692,60742539,0.004929138999533844,0.004917030567025608,0.008544281480436622,-0.060429123639729965,-0.08567994318427696,0.00400859254994268,3,6
2025-06-27,65.5199966430664,66.08999633789062,64.80000305175781,65.30000305175781,236284,47.795414741046194,1.0575326351364822,3.3888586630721673,0.4093869960434655,67.11000003814698,67.50807085257647,60978823,0.004291826923133124,0.004282643300932393,0.004929138999533844,0.008544281480436622,-0.060429123639729965,-0.0027947709100140106,4,6
2025-06-30,65.11000061035156,65.81999969482422,64.5,65.1500015258789,193289,46.80831920202887,0.787897833723818,3.241083022483028,0.36718950926409816,67.32600002288818,67.13913696915725,60785534,-0.00625757102748925,-0.006277231686631752,0.004291826923133124,0.004929138999533844,0.008544281480436622,-0.08567994318427696,0,6
2025-07-01,65.44999694824219,65.9800033569336,64.66999816894531,64.95999908447266,193162,47.771613157497306,0.5947888187311037,3.103148891447689,0.3751440079546761,67.47249984741211,66.87926927363185,60978696,0.005221875820971444,0.005208289105661505,-0.00625757102748925,0.004291826923133124,0.004929138999533844,-0.060429123639729965,1,7
2025-07-02,67.44999694824219,67.58000183105469,65.2300033569336,65.55999755859375,265200,53.14681392349824,0.596258521301138,3.049352433067218,0.48575960816423525,67.67449970245362,66.9670735312642,61243896,0.030557679041323782,0.030100091680430326,0.005221875820971444,-0.00625757102748925,0.004291826923133124,0.008544281480436622,2,7
2025-07-03,67.0,67.58000183105469,66.52999877929688,67.5,0,51.853713662977164,0.5547178363175931,2.906541762973689,0.4417915407784733,67.88199977874756,66.97213914183895,61243896,-0.006671563656073909,-0.0066939180180563464,0.030557679041323782,0.005221875820971444,-0.00625757102748925,0.004929138999533844,3,7
2025-07-04,66.5,67.18000030517578,66.04000091552734,67.12999725341797,0,50.38675960222743,0.4759641049336949,2.780360164879028,0.3949396812611863,68.03849983215332,66.8995023507868,61243896,-0.007462686567164201,-0.007490671729157626,-0.006671563656073909,0.030557679041323782,0.005221875820971444,0.004291826923133124,4,7
2025-07-07,67.93000030517578,68.31999969482422,65.4000015258789,65.69999694824219,332949,54.36326876801036,0.5229124695907217,2.79033430802662,0.48069685247849014,68.20599975585938,67.05804049761588,61576845,0.021503763987605673,0.02127582003390581,-0.007462686567164201,-0.006671563656073909,0.030557679041323782,-0.00625757102748925,0,7
2025-07-08,68.33000183105469,68.91000366210938,67.33000183105469,67.95999908447266,219882,55.43915902446735,0.5856452135420795,2.70388198824291,0.49800663073722023,68.35799980163574,67.25372685660646,61796727,0.005888436980449052,0.0058711678942017665,0.021503763987605673,-0.007462686567164201,-0.006671563656073909,0.005221875820971444,1,7
2025-07-09,68.37999725341797,68.94000244140625,67.69999694824219,68.18000030517578,223945,55.58011521338903,0.6321090185524127,2.599319381451564,0.48919682495878464,68.52799949645996,67.42699922534669,62020672,0.0007316759991737865,0.0007314084547858205,0.005888436980449052,0.021503763987605673,-0.007462686567164201,0.030557679041323782,2,7
2025-07-10,66.56999969482422,68.6500015258789,66.44999694824219,68.29000091552734,258654,49.478063360717286,0.51692149337579,2.570796895464789,0.3638762157185495,68.44899940490723,67.29515314372784,61762018,-0.02646969335032079,-0.026826323016373506,0.0007316759991737865,0.005888436980449052,0.021503763987605673,-0.006671563656073909,3,7
2025-07-11,68.44999694824219,68.7699966430664,66.5,66.8499984741211,226297,55.00386817684321,0.5707553044830149,2.549311163150619,0.49858664116631546,68.46949920654296,67.47282142134544,61988315,0.028240908247505025,0.027849486122376768,-0.02646969335032079,0.0007316759991737865,0.005888436980449052,-0.007462686567164201,4,7
2025-07-14,66.9800033569336,69.6500015258789,66.80000305175781,68.68000030517578,263877,50.36524189003886,0.48916401183318214,2.5707888282199387,0.40994306965793154,68.16949920654297,67.39700325758977,61724438,-0.021475436915214363,-0.021709389666200556,0.028240908247505025,-0.02646969335032079,0.0007316759991737865,0.021503763987605673,0,7
2025-07-15,66.5199966430664,67.12999725341797,66.22000122070312,66.86000061035156,252724,48.973400257261666,0.38296899897187586,2.452160771398146,0.3920748345999009,67.90699920654296,67.26207916304772,61471714,-0.006867821600662349,-0.006891513624805755,-0.021475436915214363,0.028240908247505025,-0.02646969335032079,0.005888436980449052,1,7
2025-07-16,66.37999725341797,67.01000213623047,65.41999816894531,66.7300033569336,248346,48.53380811277244,0.28423541651345374,2.390578142532932,0.4015346839758894,67.48399925231934,67.1263742538739,61223368,-0.0021046211171603657,-0.0021068389445210046,-0.006867821600662349,-0.021475436915214363,0.028240908247505025,0.0007316759991737865,2,7
2025-07-17,67.54000091552734,67.69000244140625,66.29000091552734,66.5999984741211,188802,52.350327606493984,0.29617680026544235,2.3198226699147875,0.549845323007905,67.10399932861328,67.19000912489751,61412170,0.01747519900732808,0.017324263597579107,-0.0021046211171603657,-0.006867821600662349,-0.021475436915214363,-0.02646969335032079,3,7
2025-07-18,67.33999633789062,68.95999908447266,67.19999694824219,67.5999984741211,107628,51.63929258340888,0.286202569943228,2.2798354889373362,0.622476879345726,66.72449913024903,67.2130840807426,61304542,-0.0029612759094698182,-0.0029656691622084916,0.01747519900732808,-0.0021046211171603657,-0.006867821600662349,0.028240908247505025,4,7
2025-07-21,67.19999694824219,67.76000213623047,66.45999908447266,67.31999969482422,81194,51.11593468158727,0.26395839179926384,2.2098474577102274,0.6132583120137932,66.65899887084962,67.21107067574255,61223348,-0.002078993128332929,-0.00208115723450823,-0.0029612759094698182,0.01747519900732808,-0.0021046211171603657,-0.021475436915214363,0,7
2025-07-22,66.20999908447266,67.12999725341797,65.98999786376953,67.12000274658203,269991,47.45342435633082,0.16454835549630786,2.1384297167646866,0.37472991633473424,66.75099868774414,67.05705966170103,60953357,-0.014732111737029263,-0.014841707006914905,-0.002078993128332929,-0.0029612759094698182,0.01747519900732808,-0.006867821600662349,1,7
2025-07-23,65.25,65.77999877929688,64.70999908447266,65.48999786376953,251825,44.14992825825038,0.008206680936382327,2.0928275941386376,0.13998303913721288,66.76749877929687,66.7790504829778,60701532,-0.01449930671722044,-0.014605448906322377,-0.014732111737029263,-0.002078993128332929,-0.0029612759094698182,-0.0021046211171603657,2,7
2025-07-24,66.02999877929688,66.38999938964844,65.33000183105469,65.41999816894531,281209,47.35662403902727,-0.05215463361464856,2.024768436675052,0.30760733842788046,66.80699882507324,66.66381175933458,60982741,0.011954004280411823,0.011883119516578307,-0.01449930671722044,-0.014732111737029263,-0.002078993128332929,0.01747519900732808,3,7
2025-07-25,65.16000366210938,66.73999786376953,65.0,66.1500015258789,234283,44.30129477403589,-0.16825322691471456,2.0044276814675146,0.10664453884630169,66.78899917602538,66.43245666745378,60748458,-0.013175755463746608,-0.013263325783737057,0.011954004280411823,-0.01449930671722044,-0.014732111737029263,-0.0029612759094698182,4,7
2025-07-28,66.70999908447266,67.13999938964844,65.05000305175781,65.1500015258789,262038,50.43660611432791,-0.1336498890904636,2.0105397283548796,0.458666524476307,66.86899909973144,66.4751555008413,61010496,0.023787528165297056,0.02350901306179033,-0.013175755463746608,0.011954004280411823,-0.01449930671722044,-0.002078993128332929,0,7
2025-07-29,69.20999908447266,69.76000213623047,66.52999877929688,67.04000091552734,329112,58.396628819842846,0.09441426321161828,2.0976442732533593,1.0220956556508596,67.05699920654297,66.89590066755382,61339608,0.03747564134777348,0.0367904946280851,0.023787528165297056,-0.013175755463746608,0.011954004280411823,-0.014732111737029263,1,7
2025-07-30,70.0,70.51000213623047,68.44999694824219,69.33999633789062,345336,60.552604571806995,0.335041073653187,2.0949557671629964,1.0801669017703446,67.18449935913085,67.37345441100707,61684944,0.011414548850999573,0.01134989442383949,0.03747564134777348,0.023787528165297056,-0.013175755463746608,-0.01449930671722044,2,7
2025-07-31,69.26000213623047,70.41000366210938,68.55999755859375,70.30000305175781,247031,57.544409199007355,0.4607170519759052,2.0774593626167555,0.8793352937334568,67.29749946594238,67.66369252257991,61437913,-0.010571398053850434,-0.010627672231444093,0.011414548850999573,0.03747564134777348,0.023787528165297056,0.011954004280411823,3,7
2025-08-01,67.33000183105469,69.58000183105469,67.05000305175781,69.3499984741211,355819,50.49812638203331,0.3999706624771022,2.1097836066653355,0.4982431509173676,67.33899955749511,67.61235549311449,61082094,-0.02786601567495739,-0.02826164006549793,-0.010571398053850434,0.011414548850999573,0.03747564134777348,-0.013175755463746608,4,8
2025-08-04,66.29000091552734,67.73999786376953,65.45999908447266,66.8499984741211,277375,47.14785562069135,0.2648562311470499,2.1219418332818742,0.3129397279007944,67.25699958801269,67.40891632733185,60804719,-0.01544632240077648,-0.015566859688174842,-0.02786601567495739,-0.010571398053850434,0.011414548850999573,0.023787528165297056,0,8
2025-08-05,65.16000366210938,66.38999938964844,65.02999877929688,66.20999908447266,279030,43.751407241760646,0.0658368105315077,2.067517460215423,0.1395209541613923,67.09849967956544,67.06292976345146,60525689,-0.017046269992633034,-0.01719323012859795,-0.01544632240077648,-0.02786601567495739,-0.010571398053850434,0.03747564134777348,1,8
2025-08-06,64.3499984741211,66.75,63.63999938964844,65.1500015258789,353827,41.44653731054102,-0.1554561614772325,2.1419805423680045,0.05661111852247741,66.89699974060059,66.64555571893911,60171862,-0.012431018147092243,-0.012508929605690623,-0.017046269992633034,-0.01544632240077648,-0.02786601567495739,0.011414548850999573,2,8
2025-08-07,63.880001068115234,65.11000061035156,63.70000076293945,64.36000061035156,300518,40.12564101239733,-0.36455493647626724,2.089696207014012,0.04369430044700684,66.76249980926514,66.2200857726585,59871344,-0.007303767166286335,-0.0073305702624902,-0.012431018147092243,-0.017046269992633034,-0.01544632240077648,-0.010571398053850434,3,8
2025-08-08,63.880001068115234,64.58000183105469,62.77000045776367,63.849998474121094,322939,40.12564101239734,-0.5242242908319099,2.069718004605227,0.09731672753596202,66.53400001525878,65.86007274119031,60194283,0.0,0.0,-0.007303767166286335,-0.012431018147092243,-0.017046269992633034,-0.02786601567495739,4,8
2025-08-11,63.959999084472656,64.44000244140625,63.02000045776367,63.47999954223633,234807,40.49996770385128,-0.6369656891979076,2.023309717393609,0.15105017127823764,66.38299980163575,65.5677537170799,60429090,0.0012523170792080318,0.0012515335842291375,0.0,-0.007303767166286335,-0.012431018147092243,-0.01544632240077648,0,8
2025-08-12,63.16999816894531,64.33999633789062,63.060001373291016,64.0,304441,37.97508213388623,-0.7810569924133688,1.9702158064797521,0.0930628533384011,66.21549987792969,65.19886824813611,60124649,-0.012351484159403792,-0.012428397727227305,0.0012523170792080318,0.0,-0.007303767166286335,-0.017046269992633034,1,8
2025-08-13,62.650001525878906,63.380001068115234,61.939998626708984,63.06999969482422,298939,36.367907866356084,-0.92652931839757,1.9323434232602161,0.0828133955792286,66.02900009155273,64.80673490625038,59825710,-0.008231702677522601,-0.00826577022677899,-0.012351484159403792,0.0012523170792080318,0.0,-0.012431018147092243,2,8
2025-08-14,63.959999084472656,64.0999984741211,62.58000183105469,62.790000915527344,251652,42.921662709047254,-0.9254433945555149,1.9028900818178012,0.26855872673009173,65.85,64.67646785674611,60077362,0.0209097769622979,0.02069416795400631,-0.008231702677522601,-0.012351484159403792,0.0012523170792080318,-0.007303767166286335,3,8
2025-08-15,62.79999923706055,64.1500015258789,62.68000030517578,63.90999984741211,197390,39.083047828850745,-1.0065818364151937,1.8719694488810386,0.16621180059202875,65.6230001449585,64.3877803767945,59879972,-0.018136333083433653,-0.018302812326256804,0.0209097769622979,-0.008231702677522601,-0.012351484159403792,0.0,4,8
2025-08-18,63.41999816894531,63.790000915527344,62.18000030517578,63.0,95113,42.06536593900356,-1.0092222183895103,1.853257388986076,0.26403659972452465,65.43400020599366,64.23889080635615,59975085,0.009872594576703086,0.009824178912884366,-0.018136333083433653,0.0209097769622979,-0.008231702677522601,0.0012523170792080318,0,8
2025-08-19,62.349998474121094,63.38999938964844,62.25,63.27000045776367,99484,38.55706260692169,-1.0851458868352495,1.8044531589831643,0.17551900316268185,65.24100017547607,63.94829198601229,59875601,-0.016871644997116464,-0.017015592585072035,0.009872594576703086,-0.018136333083433653,0.0209097769622979,-0.012351484159403792,1,8
2025-08-20,63.209999084472656,63.54999923706055,62.38999938964844,62.599998474121094,280663,42.69394136931001,-1.0636598702694187,1.761277987837185,0.287642937562457,65.13900012969971,63.8347084626985,60156264,0.013793113574950722,0.01369885434705882,-0.016871644997116464,0.009872594576703086,-0.018136333083433653,-0.008231702677522601,2,8
2025-08-21,63.52000045776367,63.66999816894531,62.52000045776367,62.849998474121094,250166,44.15358116145053,-1.0099751623240323,1.7176151109332174,0.3367779872370152,65.01350021362305,63.78629184655468,60406430,0.004904309093197945,0.00489232214518028,0.013793113574950722,-0.016871644997116464,0.009872594576703086,0.0209097769622979,3,8
2025-08-22,63.65999984741211,63.93000030517578,63.310001373291016,63.5,223169,44.836927404473336,-0.9452367627672373,1.6392139552868994,0.36139480511382155,64.93850002288818,63.76686230822506,60629599,0.002204020602007528,0.0022015953115401775,0.004904309093197945,0.013793113574950722,-0.016871644997116464,-0.018136333083433653,4,8
2025-08-25,64.80000305175781,65.0999984741211,63.529998779296875,63.880001068115234,185270,50.18247546361035,-0.7928034389755894,1.634270079539565,0.495264497097224,64.84300022125244,63.92580703799933,60814869,0.017907684685488423,0.01774923099622844,0.002204020602007528,0.004904309093197945,0.013793113574950722,0.009872594576703086,0,8
2025-08-26,63.25,64.76000213623047,63.130001068115234,64.75,199101,43.94681625108223,-0.7879877912565476,1.636822358404066,0.3427203432725684,64.54500026702881,63.82183672446097,60615768,-0.023919799054944124,-0.02421052284562626,0.017907684685488423,0.002204020602007528,0.004904309093197945,-0.016871644997116464,1,8
2025-08-27,64.1500015258789,64.2300033569336,62.95000076293945,63.310001373291016,193476,47.98817807184313,-0.7034399365204393,1.6113352323747858,0.4843224902027198,64.25250034332275,63.872323616986804,60809244,0.014229273136425302,0.01412898724012466,-0.023919799054944124,0.017907684685488423,0.002204020602007528,0.013793113574950722,2,8
2025-08-28,64.5999984741211,64.69999694824219,63.349998474121094,63.869998931884766,208931,49.93192340393042,-0.5932851378045001,1.5926683210709507,0.6240088195240812,64.01950016021729,63.984273595007465,61018175,0.007014761302237105,0.0069902723203849985,0.014229273136425302,-0.023919799054944124,0.017907684685488423,0.004904309093197945,3,8
2025-08-29,64.01000213623047,64.55000305175781,63.880001068115234,64.26000213623047,0,47.42922916620403,-0.5472856713168639,1.5303346842805872,0.5439079315914618,63.85350017547607,63.98823183211869,61018175,-0.009133070461711856,-0.009175032640841454,0.007014761302237105,0.014229273136425302,-0.023919799054944124,0.002204020602007528,4,8
2025-09-02,65.58999633789062,66.02999877929688,63.65999984741211,63.95000076293945,320218,54.06864161136905,-0.37896990602953906,1.5903107019665998,1.0506991023098915,63.81849994659424,64.23465714069899,61338393,0.024683551772073153,0.02438383494499543,-0.009133070461711856,0.007014761302237105,0.014229273136425302,0.017907684685488423,1,9
2025-09-03,63.970001220703125,65.72000122070312,63.720001220703125,65.62000274658203,298737,47.45139682882541,-0.3720102143005164,1.6195742232547,0.5708477257568761,63.758999824523926,64.19394084531501,61039656,-0.024698813960013055,-0.02500894692781603,0.024683551772073153,-0.009133070461711856,0.007014761302237105,-0.023919799054944124,2,9
2025-09-04,63.47999954223633,63.84000015258789,62.720001220703125,63.81999969482422,251689,45.63223220992645,-0.40140648471188456,1.5931760644507929,0.41979978325687384,63.71549987792969,64.08410372176445,60787967,-0.007659866642432012,-0.007689354097416977,-0.024698813960013055,0.024683551772073153,-0.009133070461711856,0.014229273136425302,3,9
2025-09-05,61.869998931884766,63.4900016784668,61.45000076293945,63.33000183105469,294540,40.18141760935305,-0.548296414951551,1.6250921252419752,-0.022260580775019932,63.614999771118164,63.74347221562911,60493427,-0.025362328638335097,-0.02568949616802651,-0.007659866642432012,-0.024698813960013055,0.024683551772073153,0.007014761302237105,4,9
2025-09-08,62.2599983215332,63.34000015258789,61.849998474121094,62.0,237288,41.989098961208626,-0.6260216635154876,1.6154428076151768,0.13924779272835405,63.533999633789065,63.51524546269128,60730715,0.00630352992373262,0.0062837457754367386,-0.025362328638335097,-0.007659866642432012,-0.024698813960013055,-0.009133070461711856,0,9
2025-09-09,62.630001068115234,63.66999816894531,62.369998931884766,62.43000030517578,268529,43.72655943662723,-0.6502674749021722,1.6007683104578148,0.2669062035992061,63.46749973297119,63.37905401737189,60999244,0.005942864705379636,0.005925275537221591,0.00630352992373262,-0.025362328638335097,-0.007659866642432012,0.024683551772073153,1,9
2025-09-10,63.66999816894531,64.08000183105469,62.720001220703125,62.7400016784668,260684,48.40424632105396,-0.5788902937297706,1.5899991999207888,0.5494937144582117,63.49249973297119,63.42381465607549,61259928,0.016605414068235458,0.01646905167872603,0.005942864705379636,0.00630352992373262,-0.025362328638335097,-0.024698813960013055,2,9
2025-09-11,62.369998931884766,63.79999923706055,62.209999084472656,63.79999923706055,222661,43.5329814688008,-0.6200746032464792,1.589999267968439,0.1960266827450622,63.47849960327149,63.26168916004615,61037267,-0.02041776777833515,-0.020629091857851622,0.016605414068235458,0.005942864705379636,0.00630352992373262,-0.007659866642432012,3,9
2025-09-12,62.689998626708984,63.97999954223633,61.689998626708984,62.27000045776367,313265,45.0002517865043,-0.6197480939844624,1.6399993856512178,0.3030139371500382,63.4149995803833,63.17373677030197,61350532,0.0051306669922135395,0.005117549967248644,-0.02041776777833515,0.016605414068235458,0.005942864705379636,-0.025362328638335097,4,9
2025-09-15,63.29999923706055,63.66999816894531,62.52000045776367,62.970001220703125,205560,47.78554799332556,-0.563768608192909,1.604999266046248,0.4615300135746843,63.4399995803833,63.19316176518791,61556092,0.00973042947382785,0.009683393717559274,0.0051306669922135395,-0.02041776777833515,0.016605414068235458,0.00630352992373262,0,9
2025-09-16,64.5199966430664,64.76000213623047,62.88999938964844,63.310001373291016,234250,52.9207074694365,-0.41616359282649285,1.6239280860845182,0.7726958944702373,63.49499950408936,63.39729020793845,61790342,0.019273260990682273,0.019089884130283317,0.00973042947382785,0.0051306669922135395,-0.02041776777833515,0.005942864705379636,1,9
2025-09-17,64.05000305175781,64.66999816894531,63.689998626708984,64.58999633789062,165427,50.84608791399948,-0.33326839897910787,1.5779331900953617,0.6293139973698224,63.57999973297119,63.497707568526046,61624915,-0.00728446397647331,-0.007311125238423738,0.019273260990682273,0.00973042947382785,0.0051306669922135395,0.016605414068235458,2,9
2025-09-18,63.56999969482422,64.55000305175781,63.33000183105469,63.9900016784668,82321,48.744370540323466,-0.3028149576406278,1.552366620853059,0.4922625812245392,63.59799976348877,63.50882943411038,61542594,-0.007494197253132273,-0.007522419841542572,-0.00728446397647331,0.019273260990682273,0.00973042947382785,-0.02041776777833515,3,9
2025-09-19,62.68000030517578,63.650001525878906,62.599998474121094,63.59000015258789,87165,45.02791671015605,-0.34650164342840384,1.5164835087748272,0.26364622183616104,63.555999755859375,63.38131726042814,61455429,-0.014000305079770237,-0.014099233791081182,-0.007494197253132273,-0.00728446397647331,0.019273260990682273,0.0051306669922135395,4,9
2025-09-22,62.63999938964844,63.18000030517578,61.97999954223633,62.7400016784668,223779,44.86235828719215,-0.3799713233506097,1.4938775983580148,0.2717167096887166,63.50499973297119,63.26726835723126,61231650,-0.0006381766964356217,-0.0006383804178616805,-0.014000305079770237,-0.007494197253132273,-0.00728446397647331,0.00973042947382785,0,9
2025-09-23,63.40999984741211,63.88999938964844,61.849998474121094,62.33000183105469,265948,48.7673655882086,-0.34043931157802376,1.5328864067272525,0.49291291133413945,63.435499572753905,63.28922704802831,61497598,0.012292472306296265,0.01221753336682196,-0.0006381766964356217,-0.014000305079770237,-0.007494197253132273,0.019273260990682273,1,9
2025-09-24,64.98999786376953,65.05000305175781,63.25,63.63999938964844,282721,55.70040488546476,-0.17954755960713698,1.551966167086578,0.8823564707111978,63.52249946594238,63.55088409660388,61780319,0.024917174265249642,0.024611803730545136,0.012292472306296265,-0.0006381766964356217,-0.014000305079770237,-0.00728446397647331,2,9
2025-09-25,64.9800033569336,65.33999633789062,64.05999755859375,64.80000305175781,258353,55.64910402363333,-0.052243924738142766,1.5325399251015992,0.853037795030343,63.563999557495116,63.770748598193066,61521966,-0.00015378530796217316,-0.0001537971341351223,0.024917174265249642,0.012292472306296265,-0.0006381766964356217,-0.007494197253132273,3,9
2025-09-26,65.72000122070312,66.41999816894531,64.66000366210938,65.19999694824219,284990,58.683313588094144,0.10712193131163872,1.5487866809397663,0.9830809474601055,63.619999694824216,64.07063361704077,61806956,0.011388085957840577,0.011323729841388266,-0.00015378530796217316,0.024917174265249642,0.012292472306296265,-0.014000305079770237,4,9
2025-09-29,63.45000076293945,65.4000015258789,62.97999954223633,65.06999969482422,294292,47.86536908121384,0.04967779989016208,1.6338734664774113,0.46723835924778095,63.59199962615967,63.975151639486725,61512664,-0.03454048106512475,-0.035151105558710066,0.011388085957840577,-0.00015378530796217316,0.024917174265249642,-0.0006381766964356217,0,9
2025-09-30,62.369998931884766,63.2599983215332,62.029998779296875,63.13999938964844,271649,43.73453401815966,-0.08204840697592886,1.618596931989209,0.23778441679046958,63.430999755859375,63.72820506908643,61241015,-0.017021305249305896,-0.017167832772092623,-0.03454048106512475,0.011388085957840577,-0.00015378530796217316,0.012292472306296265,1,9
2025-10-01,61.779998779296875,62.88999938964844,61.400001525878906,62.459999084472656,274339,41.62131479132929,-0.23138321476150026,1.609411284259232,0.1379583617267493,63.32149963378906,63.42848102450342,60966676,-0.009459678734839105,-0.009504705681003096,-0.017021305249305896,-0.03454048106512475,0.011388085957840577,0.024917174265249642,2,10
2025-10-02,60.47999954223633,62.540000915527344,60.400001525878906,61.779998779296875,290507,37.34006315503813,-0.4494502173816812,1.6473104346441754,-0.047034101805190076,63.17149963378906,62.974868488770014,60676169,-0.021042396612934056,-0.021266943429129492,-0.009459678734839105,-0.017021305249305896,-0.03454048106512475,-0.00015378530796217316,3,10
2025-10-03,60.880001068115234,61.380001068115234,60.54999923706055,60.70000076293945,240044,39.40540562789726,-0.5832695396791507,1.5939312268752275,0.06864301364025238,63.121999740600586,62.65258119328466,60916213,0.006613781893294535,0.006592006795596239,-0.021042396612934056,-0.009459678734839105,-0.017021305249305896,0.011388085957840577,4,10
2025-10-06,61.689998626708984,62.119998931884766,61.040000915527344,61.13999938964844,224682,43.468870689510034,-0.616851601879894,1.5686502723676778,0.2349882617208328,63.093499755859376,62.50449156765763,61140895,0.013304821688282953,0.013217089862356094,0.006613781893294535,-0.021042396612934056,-0.009459678734839105,-0.03454048106512475,0,10
2025-10-07,61.72999954223633,62.11000061035156,60.720001220703125,61.72999954223633,245121,43.66976844689155,-0.6329417302642781,1.5558894950305893,0.256544501231858,63.04849967956543,62.38533894836205,61386016,0.0006484181620654006,0.0006482080298397469,0.013304821688282953,0.006613781893294535,-0.021042396612934056,-0.017021305249305896,1,10
2025-10-08,62.54999923706055,62.91999816894531,62.04999923706055,62.04999923706055,273318,47.767615305839676,-0.5729218639667621,1.5297544330076176,0.41806983935103753,62.99249973297119,62.41067130046951,61659334,0.013283649779766593,0.01319619572542084,0.0006484181620654006,0.013304821688282953,0.006613781893294535,-0.009459678734839105,2,10
2025-10-09,61.5099983215332,62.869998931884766,61.25,62.310001373291016,259171,43.450318863997445,-0.6023317641008958,1.5362004686416995,0.2397263453552287,62.949499702453615,62.272106226787,61400163,-0.01662671348061584,-0.016766488783076145,0.013283649779766593,0.0006484181620654006,0.013304821688282953,-0.021042396612934056,3,10
2025-10-10,58.900001525878906,61.66999816894531,58.220001220703125,61.4900016784668,339103,34.92034388714201,-0.8267144015903725,1.6729002171845913,-0.08810283905063218,62.75999984741211,61.753320888185755,61061060,-0.0424320739209092,-0.04335861936876658,-0.01662671348061584,0.013283649779766593,0.0006484181620654006,0.006613781893294535,4,10
2025-10-13,59.4900016784668,60.16999816894531,59.0,59.0,339103,37.88874070274051,-0.9460259783162428,1.6441213904618637,0.06801926647909981,62.56949996948242,61.40511793284438,61400163,0.010016980259816455,0.009967142850277801,-0.0424320739209092,-0.01662671348061584,0.013283649779766593,0.013304821688282953,0,10
2025-10-14,58.70000076293945,59.81999969482422,57.68000030517578,59.58000183105469,259200,35.55053355005866,-1.0917428025929254,1.679541247546619,0.03173021835270043,62.278500175476076,60.988946060551314,61140963,-0.013279557795226826,-0.013368519582766103,0.010016980259816455,-0.0424320739209092,-0.01662671348061584,0.0006484181620654006,1,10
2025-10-15,58.27000045776367,59.41999816894531,58.20000076293945,58.599998474121094,224919,34.30941855052575,-1.227768910885338,1.6467166874365646,0.04696509469859943,61.98950004577637,60.57064673704552,60916044,-0.007325388408636391,-0.00735235082042639,-0.013279557795226826,0.010016980259816455,-0.0424320739209092,0.013283649779766593,2,10
2025-10-16,57.459999084472656,59.11000061035156,57.2599983215332,58.77000045776367,203866,32.04026602271949,-1.3849658983184554,1.6612370875352642,0.02870909756688031,61.68400001525879,60.09208555972661,60712178,-0.013900830048527935,-0.013998351393044674,-0.007325388408636391,-0.013279557795226826,0.010016980259816455,-0.01662671348061584,3,10
2025-10-17,57.540000915527344,57.720001220703125,56.599998474121094,57.5,108748,32.515006646337326,-1.4859609315985125,1.6225774917528903,0.09522794125120372,61.42700004577637,59.699457152926726,60820926,0.0013923047742669947,0.0013913364167031342,-0.013900830048527935,-0.007325388408636391,-0.013279557795226826,-0.0424320739209092,4,10
2025-10-20,57.52000045776367,57.810001373291016,56.349998474121094,57.72999954223633,108146,32.453969076274106,-1.5497495448264473,1.6109650208541069,0.13885526224148126,61.17100009918213,59.36415612290164,60712780,-0.00034759223923253035,-0.0003476526634173085,0.0013923047742669947,-0.013900830048527935,-0.007325388408636391,0.010016980259816455,0,10
2025-10-21,57.81999969482422,58.279998779296875,56.9900016784668,57.369998931884766,314207,34.4419149069863,-1.5581338520078774,1.5880387408523904,0.20156436270306174,60.891500091552736,59.12659359550511,61026987,0.005215563885136554,0.005202009939038112,-0.00034759223923253035,0.0013923047742669947,-0.013900830048527935,-0.013279557795226826,1,10
2025-10-22,58.5,59.83000183105469,57.34000015258789,57.59000015258789,378637,38.8360544585159,-1.4927012039222376,1.6524646649677053,0.2883506718471341,60.567000198364255,59.030194580812015,61405624,0.011760641798077565,0.011692022927642327,0.005215563885136554,-0.00034759223923253035,0.0013923047742669947,-0.007325388408636391,2,10
2025-10-23,61.790000915527344,62.20000076293945,59.63999938964844,59.939998626708984,735186,54.66772368643164,-1.161975253284048,1.7987172433942589,0.6540037000769817,60.40750007629394,59.45478017076822,62140810,0.05623933188935637,0.05471479965183317,0.011760641798077565,0.005215563885136554,-0.00034759223923253035,-0.013900830048527935,3,10
2025-10-24,61.5,62.59000015258789,61.209999084472656,61.790000915527344,373744,53.35670686071393,-0.9127515729311355,1.7688089451600428,0.6707872784775322,60.19650001525879,59.76942937526541,61767066,-0.004693330817777452,-0.004704379077171698,0.05623933188935637,0.011760641798077565,0.005215563885136554,0.0013923047742669947,4,10
2025-10-27,61.310001373291016,62.16999816894531,60.66999816894531,61.81999969482422,272191,52.46890700808342,-0.722245712985476,1.7496083062200398,0.6715912090862558,60.08950004577637,60.00644045188473,61494875,-0.0030894085643736746,-0.003094190638740023,-0.004693330817777452,0.05623933188935637,0.011760641798077565,-0.00034759223923253035,0,10
2025-10-28,60.150001525878906,61.5,59.7599983215332,61.5,307568,47.29484089693068,-0.6572938650952764,1.7489221185233796,0.5252213901015891,59.97850017547607,60.02852677096076,61187307,-0.018920238483593477,-0.019101516385149182,-0.0030894085643736746,-0.004693330817777452,0.05623933188935637,0.005215563885136554,1,10
2025-10-29,60.47999954223633,61.02000045776367,59.70000076293945,60.18000030517578,276875,48.84043302315455,-0.5725905087186618,1.7182848025448683,0.5856221181007137,59.913500213623045,60.097984120387764,61464182,0.005486251171838097,0.005471256513850732,-0.018920238483593477,-0.0030894085643736746,-0.004693330817777452,0.011760641798077565,2,10
2025-10-30,60.56999969482422,60.790000915527344,59.63999938964844,60.38999938964844,247917,49.27731148319587,-0.4925227329041135,1.677693139925871,0.598446221349653,59.91800022125244,60.1706019010703,61712099,0.001488097772306407,0.0014869916520238826,0.005486251171838097,-0.018920238483593477,-0.0030894085643736746,0.05623933188935637,3,10
2025-10-31,60.97999954223633,61.380001068115234,59.9900016784668,60.29999923706055,278598,51.31687553539185,-0.39147223430537537,1.6571435863346256,0.6593046326773043,59.92300014495849,60.295124615095844,61990697,0.0067690250863108314,0.006746218098867316,0.001488097772306407,0.005486251171838097,-0.018920238483593477,-0.004693330817777452,4,10
2025-11-03,61.04999923706055,61.5,60.5099983215332,61.400001525878906,0,51.674157956610706,-0.30225637246221027,1.609490592915495,0.6777275421951056,59.89100017547607,60.41125917232118,61990697,0.0011479123540454328,0.0011472540064278913,0.0067690250863108314,0.001488097772306407,0.005486251171838097,-0.0030894085643736746,0,11
2025-11-04,60.560001373291016,61.029998779296875,59.939998626708984,61.029998779296875,219300,48.96519292567741,-0.2680015368178488,1.5738127370180712,0.6148501860664843,59.832500267028806,60.434142587855,61771397,-0.008026173135020742,-0.00805855625402388,0.0011479123540454328,0.0067690250863108314,0.001488097772306407,-0.018920238483593477,1,11
2025-11-05,59.599998474121094,61.09000015258789,59.52000045776367,60.43000030517578,292518,44.08857132809803,-0.3146909819098269,1.5735403768613676,0.4854032616065221,59.68500022888183,60.30581272420363,61478879,-0.01585209506935903,-0.015979083336420338,-0.008026173135020742,0.0011479123540454328,0.0067690250863108314,0.005486251171838097,2,11
2025-11-06,59.43000030517578,60.5099983215332,58.83000183105469,59.68000030517578,277768,43.26681529776298,-0.36124591696145814,1.5811443849768783,0.47293443307367056,59.581000328063965,60.171072352045506,61201111,-0.0028523183439195243,-0.0028563939556934584,-0.01585209506935903,-0.008026173135020742,0.0011479123540454328,0.001488097772306407,3,11
2025-11-07,59.75,60.459999084472656,59.31999969482422,59.650001525878906,259446,45.332371939590224,-0.3680767774066851,1.549634028167704,0.5228126832746314,59.62350025177002,60.106291990192354,61460557,0.005384480787161472,0.005370036298004862,-0.0028523183439195243,-0.01585209506935903,-0.008026173135020742,0.0067690250863108314,4,11
2025-11-10,60.130001068115234,60.47999954223633,59.40999984741211,59.869998931884766,222879,47.764495718082955,-0.3389205084767326,1.5153744329288834,0.5853285200171822,59.65550022125244,60.109939540642024,61683436,0.006359850512388965,0.006339712003290341,0.005384480787161472,-0.0028523183439195243,-0.01585209506935903,0.0011479123540454328,0,11
2025-11-11,61.040000915527344,61.279998779296875,59.65999984741211,60.06999969482422,264427,53.14088504208272,-0.2396223554363246,1.522847611425732,0.7258095407611034,59.77250022888184,60.25302590600899,61947863,0.015133873794235697,0.015020499160100932,0.006359850512388965,0.005384480787161472,-0.0028523183439195243,-0.008026173135020742,1,11
2025-11-12,58.4900016784668,61.060001373291016,58.29999923706055,61.04999923706055,329517,40.54683770388063,-0.3625126606495286,1.6112157917689276,0.2677379065497004,59.783500289916994,59.981791409464044,61618346,-0.04177587154019646,-0.04267357382343158,0.015133873794235697,0.006359850512388965,0.005384480787161472,-0.01585209506935903,2,11
2025-11-13,58.689998626708984,59.209999084472656,58.119998931884766,58.470001220703125,247349,41.71357204426845,-0.43870886788671726,1.5739861032559965,0.2801189303003889,59.84500026702881,59.78305405827096,61865695,0.0034193356557179477,0.003413503019600131,-0.04177587154019646,0.015133873794235697,0.006359850512388965,-0.0028523183439195243,3,11
2025-11-14,60.09000015258789,60.650001525878906,58.709999084472656,58.709999084472656,334116,49.22521501395044,-0.38172618638834876,1.6015587315355628,0.5244315296110618,59.972500228881835,59.83027653431972,62199811,0.023854175475168438,0.023574109713979455,0.0034193356557179477,-0.04177587154019646,0.015133873794235697,0.005384480787161472,4,11
2025-11-17,59.90999984741211,60.439998626708984,59.31999969482422,59.79999923706055,189638,48.36223004544549,-0.3470904780901094,1.5671616029890774,0.4572121930982017,60.09200019836426,59.842541659410855,62010173,-0.0029955118109286083,-0.003000007336277463,0.023854175475168438,0.0034193356557179477,-0.04177587154019646,0.006359850512388965,0,11
2025-11-18,60.7400016784668,60.93000030517578,59.310001373291016,59.7400016784668,105325,52.4976638233761,-0.24978782007327993,1.5709356979101978,0.6343671112334541,60.238000297546385,59.980612431573306,62115498,0.01385414510380012,0.013759053702352598,-0.0029955118109286083,0.023854175475168438,0.0034193356557179477,0.015133873794235697,1,11
2025-11-19,59.439998626708984,60.790000915527344,58.77000045776367,60.619998931884766,79622,46.25002938690039,-0.2744109061538964,1.6030117521854461,0.2562275195416086,60.285000228881835,59.897441076978794,62035876,-0.021402749684458433,-0.021635109945549888,0.01385414510380012,-0.0029955118109286083,0.023854175475168438,-0.04177587154019646,2,11
2025-11-20,59.13999938964844,60.33000183105469,58.86000061035156,59.630001068115234,324282,44.92144301575836,-0.3145068710691348,1.593510999936709,0.19432337659288568,60.15250015258789,59.78091158662028,61711594,-0.005047093606858621,-0.005059873201805662,-0.021402749684458433,0.01385414510380012,-0.0029955118109286083,0.0034193356557179477,3,11
2025-11-21,58.060001373291016,58.79999923706055,57.380001068115234,58.79999923706055,345014,40.41990838285596,-0.4284906526230401,1.6054029514793158,-0.042150533783089125,59.98050022125244,59.51615616918501,61366580,-0.018261718422446616,-0.018430521854432346,-0.005047093606858621,-0.021402749684458433,0.01385414510380012,0.023854175475168438,4,11
2025-11-24,58.84000015258789,59.060001373291016,57.41999816894531,58.04999923706055,238138,44.72784167195617,-0.4506889759749484,1.6078743981126293,0.2055684016084633,59.85700016021728,59.41213216663161,61604718,0.013434356886799836,0.013344916077058603,-0.018261718422446616,-0.005047093606858621,-0.021402749684458433,-0.0029955118109286083,0,11
2025-11-25,57.95000076293945,58.959999084472656,57.099998474121094,58.88999938964844,334442,41.078127064289504,-0.5339418703567986,1.6258834132725533,0.029347972687818562,59.74700012207031,59.18718887375589,61270276,-0.015125754373562672,-0.01524131537526606,0.013434356886799836,-0.018261718422446616,-0.005047093606858621,0.01385414510380012,1,11
2025-11-26,58.650001525878906,58.720001220703125,57.65999984741211,58.04999923706055,228285,44.88726266931899,-0.5372431726681342,1.5854632675595863,0.24018097640397487,59.65550022125244,59.104544666390204,61498561,0.012079391781252946,0.012007018164936087,-0.015125754373562672,0.013434356886799836,-0.018261718422446616,-0.021402749684458433,2,11
2025-11-28,58.54999923706055,59.63999938964844,58.27000045776367,58.58000183105469,153758,44.445213078069145,-0.5416846243258462,1.5700729578685277,0.24169000043207706,59.55450019836426,59.019229984954876,61344803,-0.001705068818697919,-0.0017065241030113673,0.012079391781252946,-0.015125754373562672,0.013434356886799836,-0.005047093606858621,4,11
2025-12-01,59.31999969482422,59.970001220703125,58.83000183105469,58.959999084472656,232770,48.639363437506645,-0.4775668120500214,1.559353602566674,0.45866014928742777,59.47150020599365,59.0655022480117,61577573,0.013151160850507493,0.013065435111999804,-0.001705068818697919,0.012079391781252946,-0.015125754373562672,-0.018261718422446616,0,12
2025-12-02,58.63999938964844,59.66999816894531,58.279998779296875,59.52000045776367,255513,45.381001015221294,-0.47613474059951244,1.5472568730725145,0.29264950669552303,59.351000213623045,59.000040269801964,61322060,-0.011463255372118786,-0.01152946495521809,0.013151160850507493,-0.001705068818697919,0.012079391781252946,0.013434356886799836,1,12
2025-12-03,58.95000076293945,59.63999938964844,58.369998931884766,58.650001525878906,260974,47.12016599852753,-0.44485725608829796,1.5274528434075971,0.40162209290926004,59.27050018310547,58.99234188413081,61583034,0.005286517334884833,0.005272592755579819,-0.011463255372118786,0.013151160850507493,-0.001705068818697919,-0.015125754373562672,2,12
2025-12-04,59.66999816894531,60.02000045776367,58.810001373291016,59.09000015258789,264993,51.02101237976336,-0.3578468155381458,1.5047775749122443,0.6213203601508016,59.27400016784668,59.096596697179194,61848027,0.012213696296650589,0.012139710922112105,0.005286517334884833,-0.011463255372118786,0.013151160850507493,0.012079391781252946,3,12
2025-12-05,60.08000183105469,60.5,59.41999816894531,59.70000076293945,255075,53.14085963515859,-0.25289137122901906,1.4744364503509904,0.7317755402969074,59.30650024414062,59.247889794698494,62103102,0.0068711861017412,0.006847687085184139,0.012213696296650589,0.005286517334884833,-0.011463255372118786,-0.001705068818697919,4,12
2025-12-08,58.880001068115234,60.29999923706055,58.68000030517578,60.150001525878906,263009,46.76169927860819,-0.2635059259081558,1.4848337704605457,0.3850188008280044,59.263000297546384,59.1912915290703,61840093,-0.019973380931542994,-0.020175545371656393,0.0068711861017412,0.012213696296650589,0.005286517334884833,0.013151160850507493,0,12
2025-12-09,58.25,59.16999816894531,58.119998931884766,58.869998931884766,260206,43.78968294693916,-0.31907575137925903,1.4537741609319743,0.22507176868659476,59.169000244140626,59.04647744767487,61579887,-0.010699746207314398,-0.010757400115354736,-0.019973380931542994,0.0068711861017412,0.012213696296650589,-0.011463255372118786,1,12
2025-12-10,58.459999084472656,59.04999923706055,57.65999984741211,58.369998931884766,256508,45.043518628620255,-0.3422251093103199,1.4492188201260074,0.30116605567329946,59.04000015258789,58.95625000718222,61836395,0.0036051344973846433,0.0035986515765415294,-0.010699746207314398,-0.019973380931542994,0.0068711861017412,0.005286517334884833,2,12
2025-12-11,57.599998474121094,58.939998626708984,57.0099983215332,58.90999984741211,286808,41.009185343219414,-0.4250661066996173,1.4835603547724199,0.05634967280632645,58.995499992370604,58.74759592517282,61549587,-0.014710924115973634,-0.014820202811459567,0.0036051344973846433,-0.010699746207314398,-0.019973380931542994,0.012213696296650589,3,12
2025-12-12,57.439998626708984,58.189998626708984,57.150001525878906,57.88999938964844,212806,40.28624616791943,-0.4978894844283772,1.4518772652051097,0.06338016871234432,58.932999992370604,58.54642711002454,61336781,-0.0027777752022684066,-0.002781640379193324,-0.014710924115973634,0.0036051344973846433,-0.010699746207314398,0.0068711861017412,4,12
2025-12-15,56.81999969482422,57.79999923706055,56.400001525878906,57.5,229310,37.52563806136394,-0.5987294873641957,1.4481715827748618,-0.025438460891390065,58.769499969482425,58.28082289230141,61107471,-0.010793853529036723,-0.010852529776578733,-0.0027777752022684066,-0.014710924115973634,0.0036051344973846433,-0.019973380931542994,0,12
2025-12-16,55.27000045776367,56.70000076293945,54.97999954223633,56.68000030517578,230933,31.680835902798947,-0.7945587223943562,1.4761593377615068,-0.20205899469900201,58.5375,57.817619440834065,60876538,-0.027279113787143094,-0.027658096927631208,-0.010793853529036723,-0.0027777752022684066,-0.014710924115973634,-0.010699746207314398,1,12
2025-12-17,55.939998626708984,56.97999954223633,55.20000076293945,55.22999954223633,125608,36.299450494891964,-0.8854842381016184,1.4978621550140332,0.000283341517532893,58.29749984741211,57.528754700199435,61002146,0.012122275436876606,0.012049389096967787,-0.027279113787143094,-0.010793853529036723,-0.0027777752022684066,0.0036051344973846433,2,12
2025-12-18,56.150001525878906,57.029998779296875,55.880001068115234,56.900001525878906,85735,37.72063259825132,-0.9298788212649498,1.473014694740291,0.09911731769133493,58.13299999237061,57.31663882722705,61087881,0.003754074085186909,0.0037470451350424486,0.012122275436876606,-0.027279113787143094,-0.010793853529036723,-0.014710924115973634,3,12
2025-12-19,56.65999984741211,56.900001525878906,55.81999969482422,56.029998779296875,209264,41.1542342524754,-0.9133803656579147,1.4449423473341765,0.23099070430236876,58.00900001525879,57.21561744571706,61297145,0.009082783751985346,0.009041783349827094,0.003754074085186909,0.012122275436876606,-0.027279113787143094,-0.0027777752022684066,4,12
2025-12-22,58.0099983215332,58.130001068115234,56.599998474121094,56.630001068115234,221576,49.14659325493253,-0.7823531461993483,1.4510180792384595,0.5006976713380684,58.0064998626709,57.33782988815031,61518721,0.023826305643429135,0.023546888834552214,0.009082783751985346,0.003754074085186909,0.012122275436876606,-0.010793853529036723,0,12
2025-12-23,58.380001068115234,58.560001373291016,57.7400016784668,57.95000076293945,183633,51.10663814683416,-0.6412648987913627,1.405945337494585,0.5797926864917721,57.983499908447264,57.498163915837225,61702354,0.006378258184584151,0.006358003178000216,0.023826305643429135,0.009082783751985346,0.003754074085186909,-0.027279113787143094,1,12
2025-12-24,58.349998474121094,58.75,58.130001068115234,58.470001220703125,111762,50.93520194399518,-0.5258111808411527,1.349806308522455,0.569589093729436,58.003499794006345,57.62921538634244,61590592,-0.0005139190381160397,-0.0005140511397665496,0.006378258184584151,0.023826305643429135,0.009082783751985346,0.012122275436876606,2,12
2025-12-26,56.7400016784668,58.880001068115234,56.650001525878906,58.349998474121094,166669,42.66449353025146,-0.5577966313216365,1.4126772537877315,0.26910617805919723,57.90799980163574,57.49241327743849,61423923,-0.027592062343726576,-0.027979873619687227,-0.0005139190381160397,0.006378258184584151,0.023826305643429135,0.003754074085186909,4,12
2025-12-29,58.08000183105469,58.29999923706055,56.90999984741211,57.040000915527344,178590,49.949026687847365,-0.46960520136261863,1.423200132702447,0.5388874894906365,57.88449993133545,57.58281151645636,61602513,0.023616498289537935,0.023341943080538913,-0.027592062343726576,-0.0005139190381160397,0.006378258184584151,0.009082783751985346,0,12
2025-12-30,57.95000076293945,58.470001220703125,57.599998474121094,57.810001373291016,143802,49.29468450447071,-0.40552818102941046,1.3836860336938461,0.5276103671116383,57.81599998474121,57.63930216976145,61458711,-0.002238310330867188,-0.0022408190917251633,0.023616498289537935,-0.027592062343726576,-0.0005139190381160397,0.023826305643429135,1,12
