timestamp,target_dir_t10
2005-01-03,0.26348312387969436
2005-01-04,0.5630138489858024
2005-01-05,0.3617432876643784
2005-01-06,0.614398672282213
2005-01-07,0.6043700483823826
2005-01-10,0.3897481265236574
2005-01-11,0.4901984975504103
2005-01-12,0.37758894489121064
2005-01-13,0.4698228138001226
2005-01-14,0.4079419662330171
2005-01-18,0.5561400549908843
2005-01-19,0.5330234452012522
2005-01-20,0.5787212126551021
2005-01-21,0.5734839515864153
2005-01-24,0.3947567474172338
2005-01-25,0.30967725153023545
2005-01-26,0.4408577535100659
2005-01-27,0.42251671222974996
2005-01-28,0.4806397689974643
2005-01-31,0.4088211241496501
2005-02-01,0.5896123067959973
2005-02-02,0.4573383396045849
2005-02-03,0.528429699474598
2005-02-04,0.5781788140534415
2005-02-07,0.46477400593282053
2005-02-08,0.46979934026747033
2005-02-09,0.5028219054236901
2005-02-10,0.549114580636424
2005-02-11,0.7397409529970584
2005-02-14,0.6857821706703842
2005-02-15,0.36078447376033745
2005-02-16,0.3339248520456223
2005-02-17,0.7289431859312918
2005-02-18,0.7849333173543812
2005-02-22,0.6847414868721301
2005-02-23,0.6156077834934914
2005-02-24,0.6863370209614585
2005-02-25,0.5119686192217585
2005-02-28,0.4836386028663307
2005-03-01,0.6962533602547202
2005-03-02,0.5928578166053193
2005-03-03,0.3449236544089694
2005-03-04,0.3356044083805773
2005-03-07,0.6956672475246043
2005-03-08,0.36328816010973625
2005-03-09,0.4030410749006369
2005-03-10,0.5912546494004599
2005-03-11,0.5534327975666539
2005-03-14,0.48604451482085453
2005-03-15,0.6209712403232504
2005-03-16,0.5978125751403823
2005-03-17,0.5906743856243657
2005-03-18,0.37523077755073847
2005-03-21,0.6441796138209795
2005-03-22,0.4101781472421865
2005-03-23,0.42465611879515797
2005-03-24,0.5661637672522238
2005-03-28,0.5588812470171957
2005-03-29,0.5063689288389225
2005-03-30,0.4038619410181796
2005-03-31,0.2814787787184712
2005-04-01,0.28091879160484
2005-04-04,0.35055868393896794
2005-04-05,0.717823161386924
2005-04-06,0.39605792874268264
2005-04-07,0.46158040636657377
2005-04-08,0.4439466839767588
2005-04-11,0.4572714616920843
2005-04-12,0.5542592923509222
2005-04-13,0.5671661050078327
2005-04-14,0.38154504687351865
2005-04-15,0.40206948327429437
2005-04-18,0.650424402130368
2005-04-19,0.3880245438417958
2005-04-20,0.32978261250614926
2005-04-21,0.4103338341171802
2005-04-22,0.37136092131455584
2005-04-25,0.3641456538444163
2005-04-26,0.30655207049418
2005-04-27,0.5256211600168827
2005-04-28,0.497417504687658
2005-04-29,0.4298700929742787
2005-05-02,0.5503223119504086
2005-05-03,0.4567768059234154
2005-05-04,0.45400616875913063
2005-05-05,0.45371856925374626
2005-05-06,0.6461085237374278
2005-05-09,0.3631608479257785
2005-05-10,0.42867306648072356
2005-05-11,0.4031679869659827
2005-05-12,0.44165054501973805
2005-05-13,0.4556545922757572
2005-05-16,0.4938992309406082
2005-05-17,0.5189024790171051
2005-05-18,0.6488325517003103
2005-05-19,0.6178439576003117
2005-05-20,0.7195290477526205
2005-05-23,0.7538903107168984
2005-05-24,0.7573743367550291
2005-05-25,0.3151880919643661
2005-05-26,0.19716304766564458
2005-05-27,0.6773226175634613
2005-05-31,0.7813648761335747
2005-06-01,0.2955074315208809
2005-06-02,0.31387542422779113
2005-06-03,0.2654599882537619
2005-06-06,0.6493847240485952
2005-06-07,0.6976069924066386
2005-06-08,0.6560084404472114
2005-06-09,0.37467650533020985
2005-06-10,0.6613632635234145
2005-06-13,0.5176445878198876
2005-06-14,0.505209511419679
2005-06-15,0.3725501804699932
2005-06-16,0.348672089640117
2005-06-17,0.73181671507467
2005-06-20,0.5295571771085411
2005-06-21,0.49089623188648157
2005-06-22,0.5564786277526146
2005-06-23,0.48258321996314657
2005-06-24,0.47627498587959965
2005-06-27,0.6261394167697106
2005-06-28,0.8057365737360775
2005-06-29,0.737043443875829
2005-06-30,0.7639096496390977
2005-07-01,0.7247812880548895
2005-07-05,0.5340446403535156
2005-07-06,0.5299855466093998
2005-07-07,0.5475774380974482
2005-07-08,0.5036967878512022
2005-07-11,0.4665085599615201
2005-07-12,0.6735450575455176
2005-07-13,0.3663096335801941
2005-07-14,0.3772191553928405
2005-07-15,0.4684473858620941
2005-07-18,0.5946735782236798
2005-07-19,0.3467519195880673
2005-07-20,0.7069796961927365
2005-07-21,0.21185093632593724
2005-07-22,0.8337485228371068
2005-07-25,0.9299144157656213
2005-07-26,0.8202665835787161
2005-07-27,0.21201352806396576
2005-07-28,0.87139058617544
2005-07-29,0.9055456371958105
2005-08-01,0.8495089372436259
2005-08-02,0.7405693319037617
2005-08-03,0.8232633699808508
2005-08-04,0.6886037041139882
2005-08-05,0.5557113432413326
2005-08-08,0.42783142601240276
2005-08-09,0.2457078247589096
2005-08-10,0.6025887049091964
2005-08-11,0.6269440395523809
2005-08-12,0.548563027166437
2005-08-15,0.95
2005-08-16,0.8260818405055412
2005-08-17,0.95
2005-08-18,0.05
2005-08-19,0.08565009615076816
2005-08-22,0.9406371403986112
2005-08-23,0.12910811322956067
2005-08-24,0.7101129384872295
2005-08-25,0.8323724910874437
2005-08-26,0.7841081300443874
2005-08-29,0.5576559793826203
2005-08-30,0.6248689699508616
2005-08-31,0.5556902635667145
2005-09-01,0.4103108574340734
2005-09-02,0.5281045668536071
2005-09-06,0.6956264943772227
2005-09-07,0.7631797255646954
2005-09-08,0.7156965756422438
2005-09-09,0.2577453220886668
2005-09-12,0.7547896064082698
2005-09-13,0.7599987800987541
2005-09-14,0.7800742534886593
2005-09-15,0.07875533761340323
2005-09-16,0.05
2005-09-19,0.2807217079501776
2005-09-20,0.2833156022920133
2005-09-21,0.20037632776494152
2005-09-22,0.7062969823274737
2005-09-23,0.6686634662837528
2005-09-26,0.40372485361835136
2005-09-27,0.5495748086674673
2005-09-28,0.3476078236120397
2005-09-29,0.4021538450316716
2005-09-30,0.6593134367975299
2005-10-03,0.49680325655993585
2005-10-04,0.5577360442773033
2005-10-05,0.38486191306650275
2005-10-06,0.4896800838599681
2005-10-07,0.575361062078506
2005-10-10,0.41963721511672725
2005-10-11,0.3965737040435503
2005-10-12,0.40164660345428627
2005-10-13,0.36313586013332244
2005-10-14,0.5669279758195169
2005-10-17,0.35790292576554156
2005-10-18,0.7007021248450036
2005-10-19,0.7339849538459688
2005-10-20,0.28630025550537447
2005-10-21,0.2938074217986168
2005-10-24,0.20658916138359748
2005-10-25,0.07840380400548169
2005-10-26,0.08092269855424265
2005-10-27,0.14521253164720002
2005-10-28,0.25260367360628705
2005-10-31,0.38028788404002595
2005-11-01,0.450583669415894
2005-11-02,0.4639814516084136
2005-11-03,0.6661375301450649
2005-11-04,0.37893965580633543
2005-11-07,0.576740565278429
2005-11-08,0.5952539019278921
2005-11-09,0.43903384554894076
2005-11-10,0.6025842198584166
2005-11-11,0.5263569529795328
2005-11-14,0.551178733139995
2005-11-15,0.7025521916524391
2005-11-16,0.6126345216363371
2005-11-17,0.7907689166186036
2005-11-18,0.13422455716869713
2005-11-21,0.8451488958673966
2005-11-22,0.15673470107857593
2005-11-23,0.95
2005-11-28,0.95
2005-11-29,0.95
2005-11-30,0.9155842600995877
2005-12-01,0.7478824784058773
2005-12-02,0.4655824018033814
2005-12-05,0.5290347584606099
2005-12-06,0.5843152669468638
2005-12-07,0.45448938285415713
2005-12-08,0.5750463039909804
2005-12-09,0.2520854070872103
2005-12-12,0.95
2005-12-13,0.07660070226218288
2005-12-14,0.05
2005-12-15,0.95
2005-12-16,0.9340179298089417
2005-12-19,0.050495155286009286
2005-12-20,0.0925083324737194
2005-12-21,0.07422461702068844
2005-12-22,0.95
2005-12-23,0.10726371075370898
2005-12-27,0.13168813109242694
2005-12-28,0.05
2005-12-29,0.05
2005-12-30,0.05
2006-01-03,0.720505547849449
2006-01-04,0.1781374778525598
2006-01-05,0.3572032425989953
2006-01-06,0.37935153819103395
2006-01-09,0.701209218432714
2006-01-10,0.617494694706626
2006-01-11,0.330820191114312
2006-01-12,0.33900556393094144
2006-01-13,0.4791171674360269
2006-01-17,0.5382938858496917
2006-01-18,0.28440573342209047
2006-01-19,0.43483094202223377
2006-01-20,0.2668512645751319
2006-01-23,0.4859362084992556
2006-01-24,0.2845393815098082
2006-01-25,0.3391179755399903
2006-01-26,0.3193392239585715
2006-01-27,0.2558874381847223
2006-01-30,0.06277143783754721
2006-01-31,0.06207096045259466
2006-02-01,0.06067149218155029
2006-02-02,0.11005730326547578
2006-02-03,0.09485461838604986
2006-02-06,0.3062100104530069
2006-02-07,0.46124306543835863
2006-02-08,0.3746376929797249
2006-02-09,0.5000197959186801
2006-02-10,0.5880227890597393
2006-02-13,0.6264185409084096
2006-02-14,0.3974255323843794
2006-02-15,0.42893481611753875
2006-02-16,0.3620602405118892
2006-02-17,0.37789727631280684
2006-02-21,0.1401334339613555
2006-02-22,0.28046842888815415
2006-02-23,0.26719684809295896
2006-02-24,0.3619164122389858
2006-02-27,0.4714698809954655
2006-02-28,0.5995913470530904
2006-03-01,0.3448476931646693
2006-03-02,0.6362600729631106
2006-03-03,0.3623863969635825
2006-03-06,0.6501414227639853
2006-03-07,0.4566957712307096
2006-03-08,0.3832546709771413
2006-03-09,0.36679044422320395
2006-03-10,0.21982681240319601
2006-03-13,0.47402774548658155
2006-03-14,0.4376904106926167
2006-03-15,0.4685878063427931
2006-03-16,0.5582490798133032
2006-03-17,0.645768065713227
2006-03-20,0.5743897125073432
2006-03-21,0.3918736999988163
2006-03-22,0.5834512348864396
2006-03-23,0.4782960922723897
2006-03-24,0.42785845815228846
2006-03-27,0.40507176402978207
2006-03-28,0.38115670365826165
2006-03-29,0.42359405645120074
2006-03-30,0.2861240831013089
2006-03-31,0.38619523962073077
2006-04-03,0.5694638302866388
2006-04-04,0.7614786680012758
2006-04-05,0.8175949524207364
2006-04-06,0.7998144209149879
2006-04-07,0.8712657966320178
2006-04-10,0.6805309313467981
2006-04-11,0.35500764617148234
2006-04-12,0.4239332609447693
2006-04-13,0.47103791412164986
2006-04-17,0.19850839940258114
2006-04-18,0.0836831009054832
2006-04-19,0.8861940617995694
2006-04-20,0.10254719559966757
2006-04-21,0.8310022309510485
2006-04-24,0.23755741590487078
2006-04-25,0.32909682101868476
2006-04-26,0.31680580451122287
2006-04-27,0.4964879115561916
2006-04-28,0.5151394443077899
2006-05-01,0.28477709557326375
2006-05-02,0.7151188671226681
2006-05-03,0.4289462071064013
2006-05-04,0.2477893926940033
2006-05-05,0.2544641903764825
2006-05-08,0.7135936902315978
2006-05-09,0.37517908551957885
2006-05-10,0.7307887038725286
2006-05-11,0.2738936374931378
2006-05-12,0.6279449802262472
2006-05-15,0.501455292167113
2006-05-16,0.42302587655379253
2006-05-17,0.3849052639998306
2006-05-18,0.3461042619488022
2006-05-19,0.21938044360927278
2006-05-22,0.5815850077682505
2006-05-23,0.5353908847146255
2006-05-24,0.4759150234703615
2006-05-25,0.5808371130414934
2006-05-26,0.6045631575358353
2006-05-30,0.5648403083496734
2006-05-31,0.4421201244262511
2006-06-01,0.5793591527611067
2006-06-02,0.6870481289323402
2006-06-05,0.31572308204488814
2006-06-06,0.3199058733639397
2006-06-07,0.6911818584172472
2006-06-08,0.6258973939097606
2006-06-09,0.46701158867168785
2006-06-12,0.5351399717350427
2006-06-13,0.45850443128054175
2006-06-14,0.3538349968965741
2006-06-15,0.16046256588377872
2006-06-16,0.13521286974047889
2006-06-19,0.7566140157610943
2006-06-20,0.2456484698700813
2006-06-21,0.19186862466049973
2006-06-22,0.833519893995539
2006-06-23,0.7451625489400773
2006-06-26,0.35842678905594894
2006-06-27,0.3717769691176626
2006-06-28,0.6363648063769541
2006-06-29,0.545516645818782
2006-06-30,0.37867668814422967
2006-07-05,0.5603646930081064
2006-07-06,0.5764195839301989
2006-07-07,0.7050473643399351
2006-07-10,0.31475548576279644
2006-07-11,0.9206116523846014
2006-07-12,0.260320927967782
2006-07-13,0.26664380526351755
2006-07-14,0.7319643615009006
2006-07-17,0.9354530002166349
2006-07-18,0.0868644500814982
2006-07-19,0.06206946174069852
2006-07-20,0.05
2006-07-21,0.8867023646208407
2006-07-24,0.42508058352149286
2006-07-25,0.6365757277048266
2006-07-26,0.6684189406985381
2006-07-27,0.5830123309644137
2006-07-28,0.5925012484877067
2006-07-31,0.21738689462421795
2006-08-01,0.2312182961400773
2006-08-02,0.7772403989379351
2006-08-03,0.3798823307584942
2006-08-04,0.3492532525491676
2006-08-07,0.4270730284004599
2006-08-08,0.3252019606767649
2006-08-09,0.6104167881754471
2006-08-10,0.6755078750043514
2006-08-11,0.5760320141808598
2006-08-14,0.5789162576960318
2006-08-15,0.5930969112510966
2006-08-16,0.454867222861378
2006-08-17,0.598859208173907
2006-08-18,0.16869926879471864
2006-08-21,0.7544078813044826
2006-08-22,0.11503791453970402
2006-08-23,0.1640231657121182
2006-08-24,0.13272397828733928
2006-08-25,0.95
2006-08-28,0.16854471667506996
2006-08-29,0.08308903962532634
2006-08-30,0.18327614928736097
2006-08-31,0.7229113988545607
2006-09-01,0.12094395705489713
2006-09-04,0.8607135367336426
2006-09-05,0.12513471468476486
2006-09-06,0.17036364739951582
2006-09-07,0.17752481949677565
2006-09-08,0.13287128871597348
2006-09-11,0.08006095979930743
2006-09-12,0.9386119612502241
2006-09-13,0.0840870939142693
2006-09-14,0.18766373373318307
2006-09-15,0.6399043943034175
2006-09-18,0.2478947806092362
2006-09-19,0.23947643331956225
2006-09-20,0.16606110755611625
2006-09-21,0.95
2006-09-22,0.05
2006-09-25,0.9401557150356001
2006-09-26,0.9347563702275293
2006-09-27,0.9006259648373296
2006-09-28,0.7908942675782774
2006-09-29,0.47692197875663866
2006-10-02,0.5653909678538821
2006-10-03,0.19483804273033895
2006-10-04,0.7049979099868577
2006-10-05,0.28088312864594484
2006-10-06,0.6837922010102484
2006-10-09,0.7275303910568162
2006-10-10,0.34412355546402124
2006-10-11,0.22594707744160114
2006-10-12,0.95
2006-10-13,0.95
2006-10-16,0.837258509513626
2006-10-17,0.8545717795535559
2006-10-18,0.25536913872641614
2006-10-19,0.31129886953276414
2006-10-20,0.7108636322256459
2006-10-23,0.7475828863548701
2006-10-24,0.6508888719191466
2006-10-25,0.48685285033340775
2006-10-26,0.5933876768531873
2006-10-27,0.2800795797350695
2006-10-30,0.5654009426360712
2006-10-31,0.6068772438633157
2006-11-01,0.6082327042190504
2006-11-02,0.42202847394671933
2006-11-03,0.4537541273105299
2006-11-06,0.6362041516698769
2006-11-07,0.5688900026921078
2006-11-08,0.5749871245791535
2006-11-09,0.5169307185604309
2006-11-10,0.5609475377478469
2006-11-13,0.6483932168367347
2006-11-14,0.7775995585256374
2006-11-15,0.5603960619391054
2006-11-16,0.6429207472354028
2006-11-17,0.45635096820672066
2006-11-20,0.37127741895877286
2006-11-21,0.4424400156753409
2006-11-22,0.5003130112297762
2006-11-27,0.33820185843119943
2006-11-28,0.2955623561034374
2006-11-29,0.1493246512402925
2006-11-30,0.21115531852133787
2006-12-01,0.27507938746542493
2006-12-04,0.3552306318172591
2006-12-05,0.40525819176690653
2006-12-06,0.3367121106477394
2006-12-07,0.22312148799820677
2006-12-08,0.20168517509665013
2006-12-11,0.1509048114604577
2006-12-12,0.08564375130359717
2006-12-13,0.05
2006-12-14,0.8225034956724063
2006-12-15,0.12426464035588185
2006-12-18,0.2946780343923211
2006-12-19,0.20641314943422434
2006-12-20,0.6919029230496603
2006-12-21,0.30781917618360377
2006-12-22,0.4469014907151371
2006-12-26,0.7244111131765618
2006-12-27,0.7368700866461027
2006-12-28,0.542518383687005
2006-12-29,0.4302627716421356
2007-01-02,0.416867152083364
2007-01-03,0.48704968565237877
2007-01-04,0.588795349313458
2007-01-05,0.8328362211909527
2007-01-08,0.23343398746989702
2007-01-09,0.747702124312432
2007-01-10,0.2785413637879476
2007-01-11,0.6729368878081594
2007-01-12,0.6658099527650265
2007-01-16,0.6311031683538132
2007-01-17,0.06607744708235387
2007-01-18,0.95
2007-01-19,0.7579525880871013
2007-01-22,0.5898842306596321
2007-01-23,0.5354876395904473
2007-01-24,0.5612216749088713
2007-01-25,0.26038809849330474
2007-01-26,0.7141286916192385
2007-01-29,0.18100738646343872
2007-01-30,0.7200681283571223
2007-01-31,0.43940175746964
2007-02-01,0.4098234639389854
2007-02-02,0.5214259456121292
2007-02-05,0.4291801249048457
2007-02-06,0.5142702605993352
2007-02-07,0.5017063560219235
2007-02-08,0.592083138385023
2007-02-09,0.5096443726492949
2007-02-12,0.6383409027773794
2007-02-13,0.5312059769175623
2007-02-14,0.5243121933275289
2007-02-15,0.5030254080522027
2007-02-16,0.4554620073903098
2007-02-20,0.4837152062855341
2007-02-21,0.4643160769743234
2007-02-22,0.38129463514071193
2007-02-23,0.36061780686104755
2007-02-26,0.39008298871481034
2007-02-27,0.6641631915964964
2007-02-28,0.6033659345782657
2007-03-01,0.40194933079934814
2007-03-02,0.5528114814464218
2007-03-05,0.5907429491622839
2007-03-06,0.3149395622527648
2007-03-07,0.4231581225359845
2007-03-08,0.5037195676347155
2007-03-09,0.5367390481484707
2007-03-12,0.3708946317768806
2007-03-13,0.6581670845998472
2007-03-14,0.68344923659702
2007-03-15,0.6888508692291166
2007-03-16,0.6929713096302146
2007-03-19,0.26567008557555205
2007-03-20,0.6734958638068824
2007-03-21,0.5958149148504635
2007-03-22,0.6296719371423518
2007-03-23,0.6021470627144989
2007-03-26,0.5670266904110123
2007-03-27,0.6191436256364472
2007-03-28,0.5607312338762075
2007-03-29,0.5545054147163465
2007-03-30,0.5224055508461766
2007-04-02,0.4771333825694317
2007-04-03,0.4961007918680837
2007-04-04,0.49037822885422333
2007-04-05,0.5094734571243301
2007-04-09,0.4230613519606991
2007-04-10,0.40364626585157204
2007-04-11,0.4018010505286036
2007-04-12,0.49502437637190055
2007-04-13,0.5610756183475414
2007-04-16,0.6053069502108035
2007-04-17,0.4108691247542584
2007-04-18,0.45454881709653616
2007-04-19,0.5534871565154122
2007-04-20,0.3440249486673742
2007-04-23,0.5713268986548065
2007-04-24,0.4757430185612691
2007-04-25,0.491102389227333
2007-04-26,0.5471185463690741
2007-04-27,0.42786938301610805
2007-04-30,0.5256225151892486
2007-05-01,0.5492888335931922
2007-05-02,0.40489139909037214
2007-05-03,0.5146952341973079
2007-05-04,0.5771131247254045
2007-05-07,0.6021745255963774
2007-05-08,0.5631404541390213
2007-05-09,0.5057378616125112
2007-05-10,0.4565687814900949
2007-05-11,0.44929812659523044
2007-05-14,0.40765894901085253
2007-05-15,0.4498438592240113
2007-05-16,0.5135148750632456
2007-05-17,0.40883617571293335
2007-05-18,0.534218440215863
2007-05-21,0.5473714449247582
2007-05-22,0.42799999347358086
2007-05-23,0.5462229783543081
2007-05-24,0.5127342301301768
2007-05-25,0.48883366020097346
2007-05-29,0.4979829419485879
2007-05-30,0.5765494536954359
2007-05-31,0.6331232847491024
2007-06-01,0.5368632881661791
2007-06-04,0.6032853498412288
2007-06-05,0.4389133658698328
2007-06-06,0.6597995038911523
2007-06-07,0.37970161280043147
2007-06-08,0.4465949871315468
2007-06-11,0.35526577953827726
2007-06-12,0.7352287856709543
2007-06-13,0.6762001144707384
2007-06-14,0.27284279767011893
2007-06-15,0.8529114854553421
2007-06-18,0.8097994744557366
2007-06-19,0.27489400396734814
2007-06-20,0.3476826247606552
2007-06-21,0.31462276827362384
2007-06-22,0.7508625230283623
2007-06-25,0.3740322286587557
2007-06-26,0.5169989419982629
2007-06-27,0.4021149321794589
2007-06-28,0.5110206588340938
2007-06-29,0.371939871206144
2007-07-02,0.623198875473242
2007-07-03,0.41306575847504173
2007-07-05,0.4951237814329879
2007-07-06,0.4657660870670031
2007-07-09,0.5491784371853629
2007-07-10,0.8004488729339454
2007-07-11,0.25090311245405306
2007-07-12,0.3106373652046715
2007-07-13,0.2250907438045492
2007-07-16,0.4875175772852686
2007-07-17,0.5704237491465618
2007-07-18,0.5897509283615023
2007-07-19,0.6336674628499513
2007-07-20,0.6297701437832224
2007-07-23,0.49113142734599907
2007-07-24,0.3499595371828413
2007-07-25,0.6050959890606182
2007-07-26,0.610286521494741
2007-07-27,0.6889506256860747
2007-07-30,0.42466486775629153
2007-07-31,0.7259109779089614
2007-08-01,0.7701387692753371
2007-08-02,0.7705285979610377
2007-08-03,0.755130418608894
2007-08-06,0.6661625426421607
2007-08-07,0.6141039677499072
2007-08-08,0.4351152037468012
2007-08-09,0.20283225049027823
2007-08-10,0.9061989468994663
2007-08-13,0.05
2007-08-14,0.95
2007-08-15,0.14428305295596905
2007-08-16,0.07463060066834375
2007-08-17,0.07270932902391686
2007-08-20,0.2792982002909343
2007-08-21,0.5336964084341116
2007-08-22,0.5984492902605626
2007-08-23,0.4976297593668828
2007-08-24,0.48314715881417536
2007-08-27,0.271056452786918
2007-08-28,0.37407360121723654
2007-08-29,0.10147278984805538
2007-08-30,0.6794571230801019
2007-08-31,0.8736567600442993
2007-09-04,0.9098221585858072
2007-09-05,0.7544647212846496
2007-09-06,0.3481878721338708
2007-09-07,0.31095053485996804
2007-09-10,0.561501005530612
2007-09-11,0.663025530676145
2007-09-12,0.5276409435011414
2007-09-13,0.830420836731495
2007-09-14,0.7273944962652139
2007-09-17,0.5562599016383214
2007-09-18,0.652176816997931
2007-09-19,0.947938732634014
2007-09-20,0.95
2007-09-21,0.8806465744401509
2007-09-24,0.6707276982966468
2007-09-25,0.6283234103870392
2007-09-26,0.6601243536825965
2007-09-27,0.4988147262005555
2007-09-28,0.516501095785629
2007-10-01,0.5162799483841105
2007-10-02,0.5323922216242734
2007-10-03,0.45226224900113876
2007-10-04,0.5058186538488735
2007-10-05,0.5726016569436215
2007-10-08,0.3891969646449946
2007-10-09,0.47411777680315403
2007-10-10,0.5434927462083305
2007-10-11,0.5587638841805734
2007-10-12,0.5680131978656179
2007-10-15,0.4631248163705402
2007-10-16,0.6161891811789112
2007-10-17,0.6021232397472129
2007-10-18,0.7897795494200537
2007-10-19,0.05
2007-10-22,0.9421351857491057
2007-10-23,0.7867487556064119
2007-10-24,0.2571725539737277
2007-10-25,0.3310480121583676
2007-10-26,0.6825291061912757
2007-10-29,0.7609369092351249
2007-10-30,0.4603320620021979
2007-10-31,0.4147209425484556
2007-11-01,0.6701900273476228
2007-11-02,0.6994222937897419
2007-11-05,0.48161617775932664
2007-11-06,0.473967038491461
2007-11-07,0.43157645506690673
2007-11-08,0.4850663028653198
2007-11-09,0.44332787071337865
2007-11-12,0.6077817245041274
2007-11-13,0.39151203688912334
2007-11-14,0.3707534895230585
2007-11-15,0.4936437576228492
2007-11-16,0.7193979711472464
2007-11-19,0.39663830862663024
2007-11-20,0.44342998021158747
2007-11-21,0.38259027903261844
2007-11-23,0.3899449105639962
2007-11-26,0.30845005685921906
2007-11-27,0.40579002529361435
2007-11-28,0.48999753421580017
2007-11-29,0.4995801144217731
2007-11-30,0.4543636785768905
2007-12-03,0.43208741753519947
2007-12-04,0.5074326481769527
2007-12-05,0.5015888950963828
2007-12-06,0.4397875852429403
2007-12-07,0.4777141284104913
2007-12-10,0.4975373360570512
2007-12-11,0.42926186113631143
2007-12-12,0.3722713159876323
2007-12-13,0.5277550732408391
2007-12-14,0.39802416793873796
2007-12-17,0.677387197714024
2007-12-18,0.6329298412513469
2007-12-19,0.6525877510863125
2007-12-20,0.6846710247196888
2007-12-21,0.6880141438141161
2007-12-24,0.24641697170229943
2007-12-26,0.1798451326741858
2007-12-27,0.7463109389462153
2007-12-28,0.801188124267672
2007-12-31,0.7477794791832223
2008-01-02,0.5723324663021586
2008-01-03,0.5805249603083784
2008-01-04,0.5275564184977557
2008-01-07,0.5230991371239295
2008-01-08,0.6249541981019561
2008-01-09,0.39878005910768616
2008-01-10,0.34521049419912175
2008-01-11,0.5724419374709738
2008-01-14,0.4377817863421494
2008-01-15,0.4518154742395893
2008-01-16,0.49799499796809327
2008-01-17,0.4146354955896331
2008-01-18,0.41623581104127816
2008-01-22,0.5299667672587776
2008-01-23,0.5503297516809066
2008-01-24,0.5560608659943356
2008-01-25,0.5680041057324342
2008-01-28,0.5306054443707421
2008-01-29,0.666416167932173
2008-01-30,0.6171521007152112
2008-01-31,0.4185927144498749
2008-02-01,0.7347509640777086
2008-02-04,0.24397983742883297
2008-02-05,0.8018501196677517
2008-02-06,0.6920048779174744
2008-02-07,0.3397983086086366
2008-02-08,0.24567453424586647
2008-02-11,0.6461511639648582
2008-02-12,0.27478333437978936
2008-02-13,0.6508466669541094
2008-02-14,0.6700247769553689
2008-02-15,0.2886741131109919
2008-02-19,0.5891324984850511
2008-02-20,0.40926632682507363
2008-02-21,0.6952515275403748
2008-02-22,0.386530960678626
2008-02-25,0.5800241191969114
2008-02-26,0.7009517269633632
2008-02-27,0.7938553236596855
2008-02-28,0.683339378980802
2008-02-29,0.700375363725827
2008-03-03,0.6350478202152668
2008-03-04,0.43199150542272585
2008-03-05,0.4242382902662424
2008-03-06,0.35651153431508414
2008-03-07,0.6218090102846158
2008-03-10,0.6653602739607902
2008-03-11,0.6837118167805603
2008-03-12,0.4002251659821587
2008-03-13,0.572672489727607
2008-03-14,0.4527582042233603
2008-03-17,0.7306294272536823
2008-03-18,0.5463956982620198
2008-03-19,0.7039226111877297
2008-03-20,0.5495193753504274
2008-03-24,0.528104074990739
2008-03-25,0.4201424540786986
2008-03-26,0.5232549930330493
2008-03-27,0.6048960127615743
2008-03-28,0.42117392599605397
2008-03-31,0.52127219510301
2008-04-01,0.574329224843777
2008-04-02,0.43193028778251347
2008-04-03,0.2571122526195362
2008-04-04,0.6885995164523863
2008-04-07,0.6664281658238498
2008-04-08,0.7419159165583763
2008-04-09,0.5892647591883339
2008-04-10,0.6245014879698976
2008-04-11,0.6894750828100742
2008-04-14,0.7100582166907682
2008-04-15,0.34976312171718016
2008-04-16,0.5869989787910252
2008-04-17,0.6264346113609185
2008-04-18,0.5084964245238487
2008-04-21,0.44374984810093715
2008-04-22,0.5798164999382658
2008-04-23,0.525593296732327
2008-04-24,0.5673283991339814
2008-04-25,0.5719491531752213
2008-04-28,0.5761655201056941
2008-04-29,0.40980148655234844
2008-04-30,0.5360672725076185
2008-05-01,0.3630686060094418
2008-05-02,0.3586443082288958
2008-05-05,0.5577502209878051
2008-05-06,0.42485358412262614
2008-05-07,0.4948567664247063
2008-05-08,0.3512404233966817
2008-05-09,0.5262739219138849
2008-05-12,0.585577492911672
2008-05-13,0.5344483073793496
2008-05-14,0.3827306495869422
2008-05-15,0.5383614461766979
2008-05-16,0.6507756631206744
2008-05-19,0.7630850034820192
2008-05-20,0.33877650820308886
2008-05-21,0.6434858071281228
2008-05-22,0.6104999251413705
2008-05-23,0.34572490963112223
2008-05-27,0.34611623898255733
2008-05-28,0.6044943896884731
2008-05-29,0.7469916028515858
2008-05-30,0.33940423506591433
2008-06-02,0.3593526056961418
2008-06-03,0.6522095787326504
2008-06-04,0.6031424860830832
2008-06-05,0.3681113206291715
2008-06-06,0.4460295162318295
2008-06-09,0.3947359954865333
2008-06-10,0.6758666237792061
2008-06-11,0.5699249154253249
2008-06-12,0.5232402394886061
2008-06-13,0.38613055787867084
2008-06-16,0.520338539178959
2008-06-17,0.6072568900281846
2008-06-18,0.5370468817156095
2008-06-19,0.39115049370661736
2008-06-20,0.5747210228074675
2008-06-23,0.5485946106011901
2008-06-24,0.3704444947210166
2008-06-25,0.6504235106515501
2008-06-26,0.6635960466384973
2008-06-27,0.2504749362169278
2008-06-30,0.23762480264750468
2008-07-01,0.13542035004160013
2008-07-02,0.15921215805315075
2008-07-03,0.1099539762423779
2008-07-07,0.10667747121638077
2008-07-08,0.8751281453095562
2008-07-09,0.11853827932742332
2008-07-10,0.05
2008-07-11,0.05
2008-07-14,0.07345220684143451
2008-07-15,0.06473163814426355
2008-07-16,0.0885799209403485
2008-07-17,0.23091994794528833
2008-07-18,0.18302042862519532
2008-07-21,0.7307049268626616
2008-07-22,0.1951570579747061
2008-07-23,0.18596767616375928
2008-07-24,0.636766388730323
2008-07-25,0.6305617644152427
2008-07-28,0.2734198053695712
2008-07-29,0.23903386991535555
2008-07-30,0.2794370295397717
2008-07-31,0.40184617844203213
2008-08-01,0.22339776916259987
2008-08-04,0.30693770914273544
2008-08-05,0.33818915902402
2008-08-06,0.31839033093068125
2008-08-07,0.6465624791998629
2008-08-08,0.4975086077583653
2008-08-11,0.33844389871257635
2008-08-12,0.3641311275668321
2008-08-13,0.3973499829570423
2008-08-14,0.6457806459383686
2008-08-15,0.4920689205370022
2008-08-18,0.4211942236428867
2008-08-19,0.692376033490958
2008-08-20,0.7203946497201489
2008-08-21,0.7970581797820022
2008-08-22,0.6296685103805011
2008-08-25,0.3817614333488482
2008-08-26,0.269491406777996
2008-08-27,0.2118362223781245
2008-08-28,0.3078951571662161
2008-08-29,0.35012874026180685
2008-09-02,0.46661625758978004
2008-09-03,0.5222595444576631
2008-09-04,0.6644782289966582
2008-09-05,0.5826551929445736
2008-09-08,0.4948518853157282
2008-09-09,0.5740931947496702
2008-09-10,0.2483974640176977
2008-09-11,0.6170985874508185
2008-09-12,0.45729172618013514
2008-09-15,0.611720469683731
2008-09-16,0.41431472877815645
2008-09-17,0.3826295030059292
2008-09-18,0.41463871153138165
2008-09-19,0.5743037628387195
2008-09-22,0.4195509331736788
2008-09-23,0.7727766818916809
2008-09-24,0.23277361646244432
2008-09-25,0.7062115916095402
2008-09-26,0.2556771508010077
2008-09-29,0.2890537482228526
2008-09-30,0.7451188414358709
2008-10-01,0.15119149489462264
2008-10-02,0.19683110828077025
2008-10-03,0.3683802439643034
2008-10-06,0.46235308214501625
2008-10-07,0.5093878062582154
2008-10-08,0.45277270286006854
2008-10-09,0.5664235391366346
2008-10-10,0.4567055261511695
2008-10-13,0.3108310878146494
2008-10-14,0.3334291903762423
2008-10-15,0.39077242098693127
2008-10-16,0.5456475827354555
2008-10-17,0.604101048592143
2008-10-20,0.5110124125607228
2008-10-21,0.5235907565437196
2008-10-22,0.681219253145488
2008-10-23,0.739065066124094
2008-10-24,0.739147021683794
2008-10-27,0.8688352008668943
2008-10-28,0.8092639441276497
2008-10-29,0.5782503254549958
2008-10-30,0.4669458840134048
2008-10-31,0.621571182407415
2008-11-03,0.297480476546196
2008-11-04,0.7411346895820081
2008-11-05,0.23724412125382127
2008-11-06,0.45487129462502685
2008-11-07,0.3329398761105741
2008-11-10,0.31581939026739314
2008-11-11,0.5778059742696025
2008-11-12,0.5291530317853329
2008-11-13,0.3657661023000209
2008-11-14,0.6014563323232855
2008-11-17,0.47960577637516805
2008-11-18,0.48469993711366405
2008-11-19,0.35927294109632935
2008-11-20,0.421278044747612
2008-11-21,0.20973971238419106
2008-11-24,0.95
2008-11-25,0.7442563704784214
2008-11-26,0.9056411348627318
2008-11-28,0.19150555183165138
2008-12-01,0.1481400293341801
2008-12-02,0.7600220823541484
2008-12-03,0.3021568213563814
2008-12-04,0.37387078103406285
2008-12-05,0.4113131231312048
2008-12-08,0.6122922760154058
2008-12-09,0.4053132188434764
2008-12-10,0.5199685159031927
2008-12-11,0.40347157544198464
2008-12-12,0.7112539919268703
2008-12-15,0.34286237148328697
2008-12-16,0.5298512613225225
2008-12-17,0.4686230330045015
2008-12-18,0.6019438902273008
2008-12-19,0.1897862723276905
2008-12-22,0.7446809401164938
2008-12-23,0.5109937636188249
2008-12-24,0.3872098257068751
2008-12-26,0.38121907471641925
2008-12-29,0.3082147919689239
2008-12-30,0.3008229331818303
2008-12-31,0.2564962648384117
2009-01-02,0.896051297634625
2009-01-05,0.05
2009-01-06,0.95
2009-01-07,0.09227513425002205
2009-01-08,0.09759600526263564
2009-01-09,0.07155043883992511
2009-01-12,0.08070349068412563
2009-01-13,0.7777721259495248
2009-01-14,0.2646539967666287
2009-01-15,0.42167736145375634
2009-01-16,0.2360197397410488
2009-01-20,0.5243000404657513
2009-01-21,0.35105219377503016
2009-01-22,0.44584527004874996
2009-01-23,0.41965196919477304
2009-01-26,0.3858132925425094
2009-01-27,0.3475936217335789
2009-01-28,0.5017967005295364
2009-01-29,0.5112725654793691
2009-01-30,0.5084383475594274
2009-02-02,0.6435956036660766
2009-02-03,0.3731519712137394
2009-02-04,0.6753655267653587
2009-02-05,0.21406182642527866
2009-02-06,0.174913734623273
2009-02-09,0.7942424904792182
2009-02-10,0.36446752689995987
2009-02-11,0.8413766615212536
2009-02-12,0.2885035391359099
2009-02-13,0.4097521595800272
2009-02-17,0.5091269955857182
2009-02-18,0.5917801894957067
2009-02-19,0.6610282775106029
2009-02-20,0.47160762776720827
2009-02-23,0.4023982002493745
2009-02-24,0.3692275504108745
2009-02-25,0.4079512794870687
2009-02-26,0.3147845312246872
2009-02-27,0.4132485327521094
2009-03-02,0.3361876226001704
2009-03-03,0.3038974495274592
2009-03-04,0.7340969024482814
2009-03-05,0.7226874954580912
2009-03-06,0.6073166900620895
2009-03-09,0.6551120516531725
2009-03-10,0.8070359303345059
2009-03-11,0.7864707526013022
2009-03-12,0.6518181733695216
2009-03-13,0.4710386241812379
2009-03-16,0.39360289467635856
2009-03-17,0.4736356872029462
2009-03-18,0.5641759274301344
2009-03-19,0.2543219812265604
2009-03-20,0.7166776366520543
2009-03-23,0.8061714434225877
2009-03-24,0.14131504064248895
2009-03-25,0.08872493510173779
2009-03-26,0.3280432839617064
2009-03-27,0.5262098254588378
2009-03-30,0.621094553376158
2009-03-31,0.395326303711946
2009-04-01,0.48788977465928696
2009-04-02,0.4337699471877017
2009-04-03,0.40511743739548767
2009-04-06,0.6172280638892371
2009-04-07,0.5072202059634593
2009-04-08,0.4369817903703448
2009-04-09,0.656347880323957
2009-04-13,0.7748126349028394
2009-04-14,0.29974842592576734
2009-04-15,0.3652242559195819
2009-04-16,0.32982989447424416
2009-04-17,0.27182207821145865
2009-04-20,0.531707758684719
2009-04-21,0.5839564494896716
2009-04-22,0.4407338307654424
2009-04-23,0.23585403149415926
2009-04-24,0.05
2009-04-27,0.05839460795057376
2009-04-28,0.1269353995487828
2009-04-29,0.05
2009-04-30,0.05
2009-05-01,0.9399937793246468
2009-05-04,0.6780472410647043
2009-05-05,0.8384002769900444
2009-05-06,0.5331694411112086
2009-05-07,0.4515546057621413
2009-05-08,0.06067954239244504
2009-05-11,0.05
2009-05-12,0.05
2009-05-13,0.13533927899919382
2009-05-14,0.6194475278955577
2009-05-15,0.6598148850239057
2009-05-18,0.5335018362571418
2009-05-19,0.5980191385826158
2009-05-20,0.36206333883543046
2009-05-21,0.38334480386044023
2009-05-22,0.2714858331050338
2009-05-26,0.5815865688080586
2009-05-27,0.3967952760347983
2009-05-28,0.3605153397333456
2009-05-29,0.5346365807174063
2009-06-01,0.7237511215447212
2009-06-02,0.5365624355418696
2009-06-03,0.6966485932897715
2009-06-04,0.7141350256832746
2009-06-05,0.6754576817656027
2009-06-08,0.313592618423323
2009-06-09,0.4346796968193409
2009-06-10,0.5857173279134259
2009-06-11,0.4393660333666043
2009-06-12,0.5132332439686209
2009-06-15,0.4657520989219621
2009-06-16,0.5791672925831038
2009-06-17,0.3202506424951078
2009-06-18,0.39313746651679904
2009-06-19,0.7241390134756914
2009-06-22,0.2563085366527522
2009-06-23,0.18234357283460834
2009-06-24,0.26649084689691227
2009-06-25,0.3030817906419014
2009-06-26,0.1121794192734572
2009-06-29,0.10588494009107946
2009-06-30,0.7755208671284872
2009-07-01,0.8181944195692781
2009-07-02,0.5641985893721105
2009-07-06,0.6124326161021183
2009-07-07,0.3560366868033686
2009-07-08,0.28193070446761076
2009-07-09,0.7467223319291562
2009-07-10,0.542816252891456
2009-07-13,0.7679198197655798
2009-07-14,0.6342149790269846
2009-07-15,0.6613701908599349
2009-07-16,0.39959558020207153
2009-07-17,0.43130833417232023
2009-07-20,0.5549092136687037
2009-07-21,0.3069152123721598
2009-07-22,0.6186500435707998
2009-07-23,0.8279283388976835
2009-07-24,0.5120473675424533
2009-07-27,0.3972827032696092
2009-07-28,0.5577133010171265
2009-07-29,0.401801476469097
2009-07-30,0.34313304158631175
2009-07-31,0.6444864196428117
2009-08-03,0.061559478544204724
2009-08-04,0.05
2009-08-05,0.10742976225811343
2009-08-06,0.11925731106299732
2009-08-07,0.08504010155979772
2009-08-10,0.05
2009-08-11,0.07983267120834517
2009-08-12,0.929674751201779
2009-08-13,0.24230578958481247
2009-08-14,0.44155034408264027
2009-08-17,0.6109875339493939
2009-08-18,0.38028397157508625
2009-08-19,0.2857627518078621
2009-08-20,0.6908106234942354
2009-08-21,0.7196985635185056
2009-08-24,0.2914517555662298
2009-08-25,0.49654235637391775
2009-08-26,0.43256361814894206
2009-08-27,0.8408683614805652
2009-08-28,0.5568118240739157
2009-08-31,0.7652295774173051
2009-09-01,0.12230578457913531
2009-09-02,0.9020771713650031
2009-09-03,0.05
2009-09-04,0.95
2009-09-08,0.9457255272684018
2009-09-09,0.95
2009-09-10,0.8409256794705268
2009-09-11,0.05
2009-09-14,0.9111256522417501
2009-09-15,0.8698223725334179
2009-09-16,0.95
2009-09-17,0.9485304053581715
2009-09-18,0.19683083122018818
2009-09-21,0.95
2009-09-22,0.05
2009-09-23,0.95
2009-09-24,0.9421305642325701
2009-09-25,0.9228664032111186
2009-09-28,0.95
2009-09-29,0.49478849946199205
2009-09-30,0.650473947247024
2009-10-01,0.5202305509798616
2009-10-02,0.40567927512957924
2009-10-05,0.4325177622703677
2009-10-06,0.5284287247332788
2009-10-07,0.636532919922999
2009-10-08,0.48682535342333816
2009-10-09,0.609778416209403
2009-10-12,0.44095642027214593
2009-10-13,0.5688940000816916
2009-10-14,0.42061975708725396
2009-10-15,0.7611734435852229
2009-10-16,0.686350124662992
2009-10-19,0.634334450830019
2009-10-20,0.35895489098037425
2009-10-21,0.4122246278741611
2009-10-22,0.4495099717882393
2009-10-23,0.5116240148842522
2009-10-26,0.4666000184042172
2009-10-27,0.5263950166554356
2009-10-28,0.5963279427549633
2009-10-29,0.24463873947454698
2009-10-30,0.18224077736108593
2009-11-02,0.32767134327808695
2009-11-03,0.37896843733918734
2009-11-04,0.4038966690168226
2009-11-05,0.2885492493214273
2009-11-06,0.42227420929753173
2009-11-09,0.4536299184018424
2009-11-10,0.49028653910416187
2009-11-11,0.6481485578353082
2009-11-12,0.8433519620336273
2009-11-13,0.1107526741161215
2009-11-16,0.6129642390505745
2009-11-17,0.574489635146406
2009-11-18,0.4358512122950599
2009-11-19,0.6001993536818944
2009-11-20,0.6276250446052232
2009-11-23,0.7308538399181512
2009-11-24,0.7753177834976368
2009-11-25,0.358830889544708
2009-11-27,0.47547063408717827
2009-11-30,0.636962680534382
2009-12-01,0.74985272851305
2009-12-02,0.8624577723877604
2009-12-03,0.921250361126088
2009-12-04,0.9425716090062671
2009-12-07,0.16664075361289288
2009-12-08,0.7016273164392073
2009-12-09,0.8237578216955519
2009-12-10,0.7600708059808756
2009-12-11,0.7493406250904628
2009-12-14,0.7285991964396167
2009-12-15,0.6165001843366555
2009-12-16,0.5931013816521954
2009-12-17,0.500290203510952
2009-12-18,0.4568157192047269
2009-12-21,0.5381699234701605
2009-12-22,0.6024317717396809
2009-12-23,0.46934751128377844
2009-12-24,0.47333409004228527
2009-12-28,0.31645342130372556
2009-12-29,0.5250377040888143
2009-12-30,0.48209970399227864
2009-12-31,0.5203287327454234
2010-01-04,0.4235714328432212
2010-01-05,0.5827801105773843
2010-01-06,0.34449356067400455
2010-01-07,0.4886182660568891
2010-01-08,0.6104406161543233
2010-01-11,0.4264248422933391
2010-01-12,0.45452876666317765
2010-01-13,0.7242719938850373
2010-01-14,0.3262710407139957
2010-01-15,0.6757777619627044
2010-01-19,0.4338041281573452
2010-01-20,0.4905751162749327
2010-01-21,0.5610178399140704
2010-01-22,0.35382830106452884
2010-01-25,0.46738253504334587
2010-01-26,0.47054551832467056
2010-01-27,0.47177193695147956
2010-01-28,0.5210717567406056
2010-01-29,0.575697720123848
2010-02-01,0.4715553576571695
2010-02-02,0.5533292703492756
2010-02-03,0.49359294536636034
2010-02-04,0.4253946678408904
2010-02-05,0.2929923979267363
2010-02-08,0.33186171073531956
2010-02-09,0.29979279431427464
2010-02-10,0.6802003587455386
2010-02-11,0.7816004763637976
2010-02-12,0.23837871346837383
2010-02-16,0.248902704857084
2010-02-17,0.25775062529894144
2010-02-18,0.25373944962606587
2010-02-19,0.2932458623718458
2010-02-22,0.3294974510954063
2010-02-23,0.41478562591833756
2010-02-24,0.4076958984750758
2010-02-25,0.36963222360287357
2010-02-26,0.35898980450382
2010-03-01,0.3289443051449484
2010-03-02,0.31478948076391194
2010-03-03,0.6907897884558699
2010-03-04,0.353330570176257
2010-03-05,0.20738482821028037
2010-03-08,0.3388861078407045
2010-03-09,0.7173899620627322
2010-03-10,0.3278589425859615
2010-03-11,0.6603742607966264
2010-03-12,0.7151222945977084
2010-03-15,0.22859949084599362
2010-03-16,0.3119589720168076
2010-03-17,0.26146045449037403
2010-03-18,0.583946540578641
2010-03-19,0.4626416892668964
2010-03-22,0.36327242065452664
2010-03-23,0.48658509941621164
2010-03-24,0.4459508794402867
2010-03-25,0.4577398372226717
2010-03-26,0.6198417829338075
2010-03-29,0.6108153657306428
2010-03-30,0.5875452845832396
2010-03-31,0.31963230022328337
2010-04-01,0.5338501037202456
2010-04-05,0.3776308871621266
2010-04-06,0.3749897940681729
2010-04-07,0.4904626222687452
2010-04-08,0.44716669389558994
2010-04-09,0.5622354746257946
2010-04-12,0.3732982870338889
2010-04-13,0.5750630188783343
2010-04-14,0.4737130327452085
2010-04-15,0.6740429258720494
2010-04-16,0.44741962372663613
2010-04-19,0.4836971371505041
2010-04-20,0.5556550690834184
2010-04-21,0.5845295128524646
2010-04-22,0.5441805498014427
2010-04-23,0.6527878429263511
2010-04-26,0.6245311883633837
2010-04-27,0.4876315648263565
2010-04-28,0.38000596649220547
2010-04-29,0.2990317155573997
2010-04-30,0.7146816556831881
2010-05-03,0.6074661253235132
2010-05-04,0.28524568056355715
2010-05-05,0.6809806876513208
2010-05-06,0.6348466559673999
2010-05-07,0.44245781994600547
2010-05-10,0.4201732935291743
2010-05-11,0.4806484246901287
2010-05-12,0.41426726865218055
2010-05-13,0.3987452237886267
2010-05-14,0.5134117703686877
2010-05-17,0.5348060160345879
2010-05-18,0.6135971751708119
2010-05-19,0.6615439216258079
2010-05-20,0.8229914036332848
2010-05-21,0.09483391734044799
2010-05-24,0.9342745128123499
2010-05-25,0.847108030563936
2010-05-26,0.7461709074314645
2010-05-27,0.6612149645128262
2010-05-28,0.7783082036826849
2010-06-01,0.9081122558916525
2010-06-02,0.8144311126305691
2010-06-03,0.6603030740731217
2010-06-04,0.6484238033076319
2010-06-07,0.5761957324792218
2010-06-08,0.486887452275408
2010-06-09,0.5405692823529163
2010-06-10,0.5719325473737605
2010-06-11,0.51337093249711
2010-06-14,0.4046805444389767
2010-06-15,0.2282680427435938
2010-06-16,0.6529214453789861
2010-06-17,0.26987672738897567
2010-06-18,0.5741207185380925
2010-06-21,0.6454520069378141
2010-06-22,0.47507834985099817
2010-06-23,0.40934787702569875
2010-06-24,0.6544529417382335
2010-06-25,0.3315855686445928
2010-06-28,0.34367270165181135
2010-06-29,0.4124418247648436
2010-06-30,0.32605326464556045
2010-07-01,0.43485351375683734
2010-07-02,0.5836789172840143
2010-07-06,0.5559255767284031
2010-07-07,0.5201662396134669
2010-07-08,0.45436299333563307
2010-07-09,0.6111847733891035
2010-07-12,0.40182683019889875
2010-07-13,0.6026544926983798
2010-07-14,0.33097932827483134
2010-07-15,0.4438904012056558
2010-07-16,0.6268848543309874
2010-07-19,0.673904866850166
2010-07-20,0.44345328051173566
2010-07-21,0.5644733774500282
2010-07-22,0.532477949976021
2010-07-23,0.492094455701201
2010-07-26,0.4474387135264475
2010-07-27,0.35820262830737704
2010-07-28,0.2984041488193234
2010-07-29,0.2555827696742613
2010-07-30,0.7807995617035483
2010-08-02,0.2969986513700447
2010-08-03,0.28413915636349385
2010-08-04,0.28260485745435915
2010-08-05,0.6500982561437757
2010-08-06,0.35214531167922014
2010-08-09,0.5943376278928273
2010-08-10,0.5576446223045144
2010-08-11,0.669874330677969
2010-08-12,0.6911937211236036
2010-08-13,0.7490215025083253
2010-08-16,0.7242981562935086
2010-08-17,0.30030385528045633
2010-08-18,0.7790749349135457
2010-08-19,0.26189351415309264
2010-08-20,0.3289173660268687
2010-08-23,0.6027937154693651
2010-08-24,0.5359314710206594
2010-08-25,0.5860662442968883
2010-08-26,0.5666344680381021
2010-08-27,0.5226990656091295
2010-08-30,0.5656121014726867
2010-08-31,0.5592590332937168
2010-09-01,0.6218315397993819
2010-09-02,0.656646850245577
2010-09-03,0.5410048570740745
2010-09-07,0.5076806722347508
2010-09-08,0.5373963680527124
2010-09-09,0.37163431749007725
2010-09-10,0.5933205855447868
2010-09-13,0.39875255121215974
2010-09-14,0.36760036871875496
2010-09-15,0.5416267053119408
2010-09-16,0.534212093879639
2010-09-17,0.4080434449376221
2010-09-20,0.44880082973546803
2010-09-21,0.6202991496722107
2010-09-22,0.6557793603399898
2010-09-23,0.443178086827868
2010-09-24,0.30773832909297083
2010-09-27,0.37059750452908374
2010-09-28,0.3531889180544831
2010-09-29,0.3206306738725653
2010-09-30,0.343192433147751
2010-10-01,0.615447288332416
2010-10-04,0.32175154425442287
2010-10-05,0.3400135309550799
2010-10-06,0.36022531967688315
2010-10-07,0.5551296455118735
2010-10-08,0.35624166654467315
2010-10-11,0.6536164860561984
2010-10-12,0.6873712079428725
2010-10-13,0.26545837794216753
2010-10-14,0.5382149389958538
2010-10-15,0.711999115136345
2010-10-18,0.8283686388443362
2010-10-19,0.31172403015233086
2010-10-20,0.7304565879334465
2010-10-21,0.198952311220075
2010-10-22,0.8612035804629572
2010-10-25,0.8333991083141042
2010-10-26,0.95
2010-10-27,0.9195046813427992
2010-10-28,0.5918754987746514
2010-10-29,0.43256588908109844
2010-11-01,0.4606655590987356
2010-11-02,0.5245896357721468
2010-11-03,0.5438870903261221
2010-11-04,0.443544155645052
2010-11-05,0.5337556370370824
2010-11-08,0.5436356296596994
2010-11-09,0.502614058842563
2010-11-10,0.567232794310124
2010-11-11,0.7013918263954938
2010-11-12,0.7978803115270799
2010-11-15,0.31031087481365993
2010-11-16,0.6431800827915266
2010-11-17,0.6412946571416249
2010-11-18,0.71554788613739
2010-11-19,0.6435069173372713
2010-11-22,0.5933899506074507
2010-11-23,0.5233379876687312
2010-11-24,0.6789522171588217
2010-11-26,0.430477152493775
2010-11-29,0.41840233590124953
2010-11-30,0.6174629643461065
2010-12-01,0.5619166311353928
2010-12-02,0.3982077598217504
2010-12-03,0.36044666675437054
2010-12-06,0.7140701130895781
2010-12-07,0.3743054867988688
2010-12-08,0.7222253525347059
2010-12-09,0.36085791463646827
2010-12-10,0.3260346416562371
2010-12-13,0.7163038142638745
2010-12-14,0.5481378301332389
2010-12-15,0.5260029676242791
2010-12-16,0.6104828714211116
2010-12-17,0.670596512792257
2010-12-20,0.3571545652961922
2010-12-21,0.7475068599938037
2010-12-22,0.7087586383382265
2010-12-23,0.35692079828063517
2010-12-27,0.6406195640715351
2010-12-28,0.40682271535320097
2010-12-29,0.6247101685213144
2010-12-30,0.5684295725663202
2010-12-31,0.49085346189365575
2011-01-03,0.4483939614153499
2011-01-04,0.3744524203469686
2011-01-05,0.5239448584417695
2011-01-06,0.39921566810124065
2011-01-07,0.3229608801476853
2011-01-10,0.600782159294532
2011-01-11,0.4797372169508467
2011-01-12,0.49204305620049993
2011-01-13,0.5106815373410494
2011-01-14,0.4706209754884509
2011-01-18,0.5226695414461036
2011-01-19,0.38823920240570664
2011-01-20,0.6139235678814658
2011-01-21,0.7176721808351991
2011-01-24,0.6432400301655753
2011-01-25,0.30175612480349145
2011-01-26,0.34916395580119475
2011-01-27,0.3718203873173699
2011-01-28,0.3683577103484296
2011-01-31,0.19163254209056313
2011-02-01,0.30726509588873835
2011-02-02,0.3425319975045781
2011-02-03,0.2823586178054787
2011-02-04,0.7208204058489691
2011-02-07,0.3451952423104942
2011-02-08,0.43455392551343447
2011-02-09,0.5550043624290685
2011-02-10,0.5522205435588848
2011-02-11,0.40985072943789336
2011-02-14,0.613301594626973
2011-02-15,0.5997445117164889
2011-02-16,0.44027971564291973
2011-02-17,0.4176138668487783
2011-02-18,0.4995359424708963
2011-02-22,0.5179379337844962
2011-02-23,0.4416403184705466
2011-02-24,0.5181789889379372
2011-02-25,0.5749729333253848
2011-02-28,0.3955128852583606
2011-03-01,0.5020554235206824
2011-03-02,0.5934553240171688
2011-03-03,0.5784633320220812
2011-03-04,0.6979150548586205
2011-03-07,0.604818210513742
2011-03-08,0.656703017400337
2011-03-09,0.38187077473272746
2011-03-10,0.2191119759323603
2011-03-11,0.6900713622719912
2011-03-14,0.7136950628802874
2011-03-15,0.3441749500126176
2011-03-16,0.31873007492006794
2011-03-17,0.6390931996274106
2011-03-18,0.37882823235266866
2011-03-21,0.43181713398068683
2011-03-22,0.5061947108954439
2011-03-23,0.4323325997159635
2011-03-24,0.4826189177736175
2011-03-25,0.30547468977668185
2011-03-28,0.34194962234294135
2011-03-29,0.4221460891720742
2011-03-30,0.3771306266006376
2011-03-31,0.3620752538882202
2011-04-01,0.4301909146290928
2011-04-04,0.5072500016226689
2011-04-05,0.4627800325850125
2011-04-06,0.5693905005096779
2011-04-07,0.35233913405991024
2011-04-08,0.31562377108510226
2011-04-11,0.3692882367425511
2011-04-12,0.34111512417091616
2011-04-13,0.3687170003031804
2011-04-14,0.6431160587201489
2011-04-15,0.8004848423104082
2011-04-18,0.7968592847804529
2011-04-19,0.7023878423010631
2011-04-20,0.41306332354056363
2011-04-21,0.3536477341651439
2011-04-25,0.35490789351032564
2011-04-26,0.39042536641926223
2011-04-27,0.4110388806087796
2011-04-28,0.3075234692218903
2011-04-29,0.26409869581983275
2011-05-02,0.7367339642342293
2011-05-03,0.28308939900669794
2011-05-04,0.7001537436721427
2011-05-05,0.46473849893508534
2011-05-06,0.4353826820484242
2011-05-09,0.5269327134557129
2011-05-10,0.5008619512673899
2011-05-11,0.5732391930765084
2011-05-12,0.4659038441970269
2011-05-13,0.539378240345139
2011-05-16,0.6381178307737003
2011-05-17,0.2705975581796339
2011-05-18,0.6968528703607849
2011-05-19,0.8502663905830853
2011-05-20,0.23492450154465414
2011-05-23,0.6413551159021785
2011-05-24,0.6258495590824965
2011-05-25,0.755176692597332
2011-05-26,0.6953442007881893
2011-05-27,0.4324377696725488
2011-05-31,0.5246615441000587
2011-06-01,0.43536638809861783
2011-06-02,0.5820985780206563
2011-06-03,0.37629756656973495
2011-06-06,0.22470435204045405
2011-06-07,0.3065606865775328
2011-06-08,0.765483246781591
2011-06-09,0.3376842229273553
2011-06-10,0.24120283143934557
2011-06-13,0.2608872040868975
2011-06-14,0.6937422168747089
2011-06-15,0.404951862264084
2011-06-16,0.44311779068994217
2011-06-17,0.49147581329567613
2011-06-20,0.48045967067061857
2011-06-21,0.4883708570546556
2011-06-22,0.41096774260182095
2011-06-23,0.5168496909899932
2011-06-24,0.4978719433821135
2011-06-27,0.5213307564346821
2011-06-28,0.4758501950846921
2011-06-29,0.5252474005782617
2011-06-30,0.45007592036695854
2011-07-01,0.6355404216408987
2011-07-05,0.5596012378707755
2011-07-06,0.33097609097002856
2011-07-07,0.6802728558570497
2011-07-08,0.41024499366959427
2011-07-11,0.3877798304329669
2011-07-12,0.5087055466546279
2011-07-13,0.5112762060894689
2011-07-14,0.4593367055298003
2011-07-15,0.3422267286107822
2011-07-18,0.30358276023959857
2011-07-19,0.3295895695000996
2011-07-20,0.639543646657987
2011-07-21,0.6511677921141716
2011-07-22,0.7606687354959815
2011-07-25,0.22497977755599383
2011-07-26,0.27089210397214103
2011-07-27,0.27540045528868407
2011-07-28,0.40140154590623167
2011-07-29,0.5173102829087491
2011-08-01,0.3832950016252787
2011-08-02,0.4420947370188984
2011-08-03,0.5475785220473495
2011-08-04,0.46467881583126097
2011-08-05,0.44809565706795007
2011-08-08,0.44520225528097224
2011-08-09,0.4841290623709454
2011-08-10,0.4827875901478466
2011-08-11,0.41176853970695126
2011-08-12,0.5456618776448985
2011-08-15,0.5756999910932203
2011-08-16,0.5184035157959743
2011-08-17,0.48817474920764814
2011-08-18,0.5913535959649162
2011-08-19,0.511341929236212
2011-08-22,0.5150858888479891
2011-08-23,0.44572665570329045
2011-08-24,0.5097468028894894
2011-08-25,0.5888579474406288
2011-08-26,0.46792873506774046
2011-08-29,0.4484533546220463
2011-08-30,0.44932654645294096
2011-08-31,0.4811902843257751
2011-09-01,0.5800118922523866
2011-09-02,0.4075431907263198
2011-09-06,0.6011886878280412
2011-09-07,0.5448220809957919
2011-09-08,0.6363586282420802
2011-09-09,0.4177008731151568
2011-09-12,0.3960286641354625
2011-09-13,0.3644684085728076
2011-09-14,0.3327653744704361
2011-09-15,0.44602297435790306
2011-09-16,0.44695906218755943
2011-09-19,0.40038013969217373
2011-09-20,0.5675611011416017
2011-09-21,0.5681192539943078
2011-09-22,0.4216442710061
2011-09-23,0.5674221679298364
2011-09-26,0.3701146317770864
2011-09-27,0.33443607423827343
2011-09-28,0.39172347865330376
2011-09-29,0.63937388782739
2011-09-30,0.5691167419277469
2011-10-03,0.4319239036634271
2011-10-04,0.44608335799640936
2011-10-05,0.4512411409403082
2011-10-06,0.48730077162763313
2011-10-07,0.5945531526681632
2011-10-10,0.5597415802450421
2011-10-11,0.5448165311115063
2011-10-12,0.6603030348566662
2011-10-13,0.5579802359959128
2011-10-14,0.5005698152562585
2011-10-17,0.6580067379331567
2011-10-18,0.3359973653200252
2011-10-19,0.6629419289180443
2011-10-20,0.4537924546005232
2011-10-21,0.4194757350916662
2011-10-24,0.5968090809307469
2011-10-25,0.4722143129514132
2011-10-26,0.5881445230082152
2011-10-27,0.5979121984086179
2011-10-28,0.31408609477570865
2011-10-31,0.7184331008451358
2011-11-01,0.23165754154410528
2011-11-02,0.34849860161582136
2011-11-03,0.7532304586704778
2011-11-04,0.3111538155234402
2011-11-07,0.3215869647327501
2011-11-08,0.30621116029842854
2011-11-09,0.39644364138197585
2011-11-10,0.5628686933643278
2011-11-11,0.5390706921406481
2011-11-14,0.5895852004416006
2011-11-15,0.3714860143191664
2011-11-16,0.6846432019389419
2011-11-17,0.32395883317511043
2011-11-18,0.648120602475805
2011-11-21,0.5037027140232306
2011-11-22,0.39358536494350327
2011-11-23,0.54027216040779
2011-11-25,0.45080636309356104
2011-11-28,0.48780342920464115
2011-11-29,0.6911162663828425
2011-11-30,0.3834919662815243
2011-12-01,0.16535596064072394
2011-12-02,0.19479913005759103
2011-12-05,0.70213351882974
2011-12-06,0.7056369151298812
2011-12-07,0.32665553319991864
2011-12-08,0.652073724997848
2011-12-09,0.41786421798059553
2011-12-12,0.3812312711588964
2011-12-13,0.34573434559384775
2011-12-14,0.4861968425583763
2011-12-15,0.43614252560694056
2011-12-16,0.6018165173686519
2011-12-19,0.5835704556370512
2011-12-20,0.5168077401719339
2011-12-21,0.3969507061719403
2011-12-22,0.38205768556576636
2011-12-23,0.5380070980036785
2011-12-27,0.6353744328057641
2011-12-28,0.7491288985370936
2011-12-29,0.2172697828270557
2011-12-30,0.15163153025590587
2012-01-03,0.08331647760428733
2012-01-04,0.05
2012-01-05,0.05
2012-01-06,0.07121122175290698
2012-01-09,0.782469116422412
2012-01-10,0.1678264915454924
2012-01-11,0.4792357170686204
2012-01-12,0.5766256140226504
2012-01-13,0.5649196996360767
2012-01-17,0.316768429388835
2012-01-18,0.4819450642699514
2012-01-19,0.44026108179922996
2012-01-20,0.6910471600260456
2012-01-23,0.461563636045533
2012-01-24,0.5277656383125877
2012-01-25,0.32166382630604573
2012-01-26,0.3402701094401598
2012-01-27,0.34052869581040207
2012-01-30,0.2853878440999695
2012-01-31,0.5897211973993837
2012-02-01,0.6267585215586522
2012-02-02,0.42253868811689566
2012-02-03,0.5491622869552686
2012-02-06,0.4558351248827502
2012-02-07,0.6759804115301653
2012-02-08,0.6855258053893971
2012-02-09,0.37859160303640405
2012-02-10,0.5542844665875835
2012-02-13,0.3534566055768745
2012-02-14,0.5562736610323447
2012-02-15,0.6446411137922274
2012-02-16,0.4077265402984426
2012-02-17,0.7228954816785098
2012-02-21,0.23223948980750686
2012-02-22,0.25895469384977593
2012-02-23,0.20249323748936784
2012-02-24,0.31098851424854235
2012-02-27,0.304460089672143
2012-02-28,0.28272639095992774
2012-02-29,0.287659521487101
2012-03-01,0.26677142173708496
2012-03-02,0.3663693831163646
2012-03-05,0.4572651460559448
2012-03-06,0.48884995033331763
2012-03-07,0.5419129874845481
2012-03-08,0.586241997903403
2012-03-09,0.454530446114267
2012-03-12,0.5457772532911288
2012-03-13,0.43842280747296747
2012-03-14,0.46936536148748975
2012-03-15,0.5268843332693242
2012-03-16,0.40755206948446027
2012-03-19,0.7447236007751737
2012-03-20,0.2665320649102086
2012-03-21,0.7556474367166414
2012-03-22,0.3554534866162428
2012-03-23,0.3778722558314533
2012-03-26,0.38812698332036605
2012-03-27,0.7177115248003124
2012-03-28,0.25995140964749064
2012-03-29,0.34693315486508586
2012-03-30,0.3477047548107704
2012-04-02,0.6944885685284835
2012-04-03,0.269512016437374
2012-04-04,0.3284961554832601
2012-04-05,0.23810426597338363
2012-04-09,0.6761302458898578
2012-04-10,0.4912951720147604
2012-04-11,0.5067084471931912
2012-04-12,0.41313983160443074
2012-04-13,0.6390770621792731
2012-04-16,0.6773176317892834
2012-04-17,0.8951443920893004
2012-04-18,0.8457931113982798
2012-04-19,0.8784399662447581
2012-04-20,0.9024733541951507
2012-04-23,0.2045194586986729
2012-04-24,0.16535858739315598
2012-04-25,0.8881994816305537
2012-04-26,0.9356062052064134
2012-04-27,0.7528242073063914
2012-04-30,0.34121077937910516
2012-05-01,0.5668590672886397
2012-05-02,0.7352806504568373
2012-05-03,0.7233412924095726
2012-05-04,0.7876492381593206
2012-05-07,0.8499819289590604
2012-05-08,0.28846489497748823
2012-05-09,0.6549512188822172
2012-05-10,0.2522053950648741
2012-05-11,0.634673634770228
2012-05-14,0.3845805465233919
2012-05-15,0.5116117480439163
2012-05-16,0.6780734001054234
2012-05-17,0.3026824042526327
2012-05-18,0.15278579926521516
2012-05-21,0.34302604916496277
2012-05-22,0.29602668306818636
2012-05-23,0.276574879268662
2012-05-24,0.7808856239982925
2012-05-25,0.7866075222526774
2012-05-29,0.3263886319797978
2012-05-30,0.30526250797083415
2012-05-31,0.7029873008804081
2012-06-01,0.3373350514720109
2012-06-04,0.5555974423229435
2012-06-05,0.6908343416797078
2012-06-06,0.3990818032410215
2012-06-07,0.6929455842904692
2012-06-08,0.7763058529704889
2012-06-11,0.1489941986921836
2012-06-12,0.12576426980389688
2012-06-13,0.05
2012-06-14,0.27829239269482714
2012-06-15,0.7449953954351746
2012-06-18,0.5977099153661644
2012-06-19,0.7251532529265613
2012-06-20,0.7585963823205248
2012-06-21,0.8005280518421987
2012-06-22,0.6276076633378749
2012-06-25,0.5924446577625748
2012-06-26,0.5259534638482438
2012-06-27,0.5579537124913342
2012-06-28,0.6338711553517627
2012-06-29,0.5262737067320511
2012-07-02,0.46992960699911784
2012-07-03,0.5575216490935259
2012-07-05,0.505384058630275
2012-07-06,0.6872422026155952
2012-07-09,0.36196529937057353
2012-07-10,0.7704420052574693
2012-07-11,0.7137854212691449
2012-07-12,0.624054307493088
2012-07-13,0.7380821747354791
2012-07-16,0.6438103656043953
2012-07-17,0.783179172554407
2012-07-18,0.7663671975667538
2012-07-19,0.6210205095978483
2012-07-20,0.3431382658521443
2012-07-23,0.3283361070541069
2012-07-24,0.65928594488675
2012-07-25,0.44904597549150443
2012-07-26,0.3711686896011378
2012-07-27,0.4303101578490357
2012-07-30,0.23247314730945962
2012-07-31,0.18678597384172504
2012-08-01,0.7678595662043686
2012-08-02,0.6289074794674891
2012-08-03,0.35964094852552747
2012-08-06,0.37246445755402036
2012-08-07,0.6823701147065055
2012-08-08,0.42810401620872574
2012-08-09,0.4799207296047837
2012-08-10,0.5732853937897429
2012-08-13,0.53650120900442
2012-08-14,0.6397456260029947
2012-08-15,0.39954952620288503
2012-08-16,0.4875644471887588
2012-08-17,0.5290895383419184
2012-08-20,0.5294684125099997
2012-08-21,0.5441658525446357
2012-08-22,0.4897379218663247
2012-08-23,0.45852905052209914
2012-08-24,0.48913416677668825
2012-08-27,0.6660738970155423
2012-08-28,0.21173999708358235
2012-08-29,0.7795058833213625
2012-08-30,0.7654349118273827
2012-08-31,0.5921791933491835
2012-09-04,0.5131461395743354
2012-09-05,0.50574470600814
2012-09-06,0.48458264372109056
2012-09-07,0.44804417684795844
2012-09-10,0.6070379297643755
2012-09-11,0.4100467970617466
2012-09-12,0.41115885113633943
2012-09-13,0.6296278386879546
2012-09-14,0.7357418940611538
2012-09-17,0.810588745425656
2012-09-18,0.95
2012-09-19,0.9367652675916366
2012-09-20,0.9178923876457098
2012-09-21,0.15285761805845924
2012-09-24,0.14608077564114666
2012-09-25,0.8105318098036071
2012-09-26,0.2265315581367433
2012-09-27,0.5893887135631871
2012-09-28,0.30434816581676116
2012-10-01,0.4162531998755347
2012-10-02,0.44302923429170793
2012-10-03,0.5012644914832524
2012-10-04,0.4264927315370924
2012-10-05,0.3645781686045229
2012-10-08,0.4081127945092515
2012-10-09,0.4687437073604705
2012-10-10,0.5234963752693255
2012-10-11,0.5673344421595717
2012-10-12,0.41203385692825373
2012-10-15,0.6490845407122438
2012-10-16,0.6741954749636685
2012-10-17,0.6380515239613284
2012-10-18,0.46998618268096115
2012-10-19,0.5132421742181243
2012-10-22,0.5729696139151663
2012-10-23,0.5165793133353432
2012-10-24,0.43844805042976076
2012-10-25,0.5172105885684136
2012-10-26,0.6048346639957446
2012-10-31,0.5427186728342293
2012-11-01,0.43140934277185283
2012-11-02,0.41121719252362854
2012-11-05,0.6285837396487233
2012-11-06,0.5367710495039625
2012-11-07,0.6029717274277646
2012-11-08,0.6194859991159635
2012-11-09,0.2805094251510973
2012-11-12,0.39579166745787575
2012-11-13,0.4862028610148895
2012-11-14,0.4931343693967878
2012-11-15,0.4668287955991853
2012-11-16,0.6544736723624722
2012-11-19,0.43191248105692054
2012-11-20,0.3122187001443689
2012-11-21,0.6226313063508397
2012-11-23,0.31502092295695433
2012-11-26,0.3924883956537859
2012-11-27,0.6745683140185182
2012-11-28,0.36454945682034656
2012-11-29,0.3371691563424614
2012-11-30,0.3951414244677787
2012-12-03,0.2861655064391355
2012-12-04,0.3630828304996974
2012-12-05,0.33118676271677266
2012-12-06,0.7348507172532892
2012-12-07,0.48685659553813176
2012-12-10,0.5018547808349605
2012-12-11,0.6068062338218806
2012-12-12,0.47238336216111043
2012-12-13,0.49210578938992355
2012-12-14,0.5602424343180983
2012-12-17,0.5189412202867315
2012-12-18,0.3102337082797897
2012-12-19,0.3868241970011793
2012-12-20,0.6306569823469009
2012-12-21,0.35008190478843826
2012-12-24,0.4299530806127817
2012-12-26,0.35643681238767233
2012-12-27,0.3804654080068189
2012-12-28,0.4150935439411818
2012-12-31,0.5059628111090297
2013-01-02,0.6059404055079155
2013-01-03,0.6488250558545081
2013-01-04,0.6273126840882302
2013-01-07,0.6810618680630333
2013-01-08,0.7725182785326363
2013-01-09,0.7693873466376823
2013-01-10,0.7074149056336997
2013-01-11,0.5098633111451072
2013-01-14,0.43825455565532645
2013-01-15,0.4133904013733938
2013-01-16,0.4711830415509892
2013-01-17,0.38399569023253216
2013-01-18,0.3603317448549715
2013-01-22,0.3719577444632364
2013-01-23,0.562958319511723
2013-01-24,0.5141590180942118
2013-01-25,0.4619271606945379
2013-01-28,0.4953383330821445
2013-01-29,0.5522531994793881
2013-01-30,0.4594322518757136
2013-01-31,0.42928176594025896
2013-02-01,0.4277898600931183
2013-02-04,0.37180822741432307
2013-02-05,0.5638417315154394
2013-02-06,0.6601866694331262
2013-02-07,0.46375786709696765
2013-02-08,0.5087301075190787
2013-02-11,0.44763050678138105
2013-02-12,0.6109214459595692
2013-02-13,0.4158065173192694
2013-02-14,0.7470599805888245
2013-02-15,0.29839698183523455
2013-02-19,0.2889265949815935
2013-02-20,0.6687824675217127
2013-02-21,0.6310797903518224
2013-02-22,0.7279566188902039
2013-02-25,0.6156376393609567
2013-02-26,0.6596224386905093
2013-02-27,0.4312711675279809
2013-02-28,0.5929739942796056
2013-03-01,0.7096959499045075
2013-03-04,0.2955107368060159
2013-03-05,0.676791687026265
2013-03-06,0.7924440854868334
2013-03-07,0.2855182904507566
2013-03-08,0.6619087568801074
2013-03-11,0.6660693187605177
2013-03-12,0.6321159363473934
2013-03-13,0.32832876279009743
2013-03-14,0.6320786893191718
2013-03-15,0.5359038737333747
2013-03-18,0.5764481309131234
2013-03-19,0.4932985578787194
2013-03-20,0.5170880556617519
2013-03-21,0.5161862265583097
2013-03-22,0.3215887034261513
2013-03-25,0.5956815461076963
2013-03-26,0.5213116633566746
2013-03-27,0.45663627993936623
2013-03-28,0.6271268765968311
2013-04-01,0.6098668554138266
2013-04-02,0.4218673203465523
2013-04-03,0.6398859403134952
2013-04-04,0.6330169117689713
2013-04-05,0.31777774120774904
2013-04-08,0.6494240590698575
2013-04-09,0.5951552278811632
2013-04-10,0.5672762352160021
2013-04-11,0.43905293848472193
2013-04-12,0.43422404446292934
2013-04-15,0.5926468342288892
2013-04-16,0.6334092401094562
2013-04-17,0.6021542363611135
2013-04-18,0.4987270921528137
2013-04-19,0.33658692173942484
2013-04-22,0.3555185959798664
2013-04-23,0.5916547228385621
2013-04-24,0.4024027598748724
2013-04-25,0.40226981772471543
2013-04-26,0.6711298285013938
2013-04-29,0.23504073062361
2013-04-30,0.3534009383080571
2013-05-01,0.6521873140360195
2013-05-02,0.5767062533467548
2013-05-03,0.4982122846572276
2013-05-06,0.5102232181312706
2013-05-07,0.5740704112523392
2013-05-08,0.5793021829717911
2013-05-09,0.36004594576764426
2013-05-10,0.7031200509690798
2013-05-13,0.33865374884064364
2013-05-14,0.42739446189861324
2013-05-15,0.5718105689722934
2013-05-16,0.39093059402951685
2013-05-17,0.5873517967526399
2013-05-20,0.5431740878509741
2013-05-21,0.41638221693380834
2013-05-22,0.4204803623209889
2013-05-23,0.3234570763415356
2013-05-24,0.2922902392258233
2013-05-28,0.2329682673873511
2013-05-29,0.27323670120979615
2013-05-30,0.3697384094498026
2013-05-31,0.5621607255162876
2013-06-03,0.36530881890923017
2013-06-04,0.43754092938861405
2013-06-05,0.41138937537151693
2013-06-06,0.5889549055704585
2013-06-07,0.5068163363521178
2013-06-10,0.482211274491707
2013-06-11,0.4940933212804859
2013-06-12,0.4667374516517271
2013-06-13,0.4588566833646639
2013-06-14,0.4229491274646388
2013-06-17,0.29890968405508334
2013-06-18,0.33522933684713024
2013-06-19,0.3703638701156039
2013-06-20,0.4144258129330724
2013-06-21,0.43731611702268025
2013-06-24,0.5221674448839667
2013-06-25,0.45161488558356583
2013-06-26,0.499080203615473
2013-06-27,0.5127427674845457
2013-06-28,0.528276742448284
2013-07-01,0.531826810777674
2013-07-02,0.43397498984855265
2013-07-03,0.4985280538272056
2013-07-05,0.3802077366239141
2013-07-08,0.4928129783850794
2013-07-09,0.5010395342555932
2013-07-10,0.4725620268876599
2013-07-11,0.43586705621306165
2013-07-12,0.5367937813801769
2013-07-15,0.5891286580369923
2013-07-16,0.39903241176578375
2013-07-17,0.6135442776714585
2013-07-18,0.6686585189501347
2013-07-19,0.2584084347480968
2013-07-22,0.24981752779612357
2013-07-23,0.2452140157094914
2013-07-24,0.7163113079123208
2013-07-25,0.763037943526914
2013-07-26,0.31445501331294656
2013-07-29,0.6263046265430494
2013-07-30,0.43643324169816344
2013-07-31,0.4339801505019012
2013-08-01,0.448027854744036
2013-08-02,0.5494677528505229
2013-08-05,0.5517387546599841
2013-08-06,0.638498464326236
2013-08-07,0.5763577889476583
2013-08-08,0.5813017667320496
2013-08-09,0.38646472725458497
2013-08-12,0.6170341005871883
2013-08-13,0.3055716510344755
2013-08-14,0.6059862028267461
2013-08-15,0.5146779758750926
2013-08-16,0.6628446471490969
2013-08-19,0.6072992600992357
2013-08-20,0.6099738072515797
2013-08-21,0.6121995851168853
2013-08-22,0.5456102307104029
2013-08-23,0.4771522591659922
2013-08-26,0.5176218764255217
2013-08-27,0.5224068583740309
2013-08-28,0.4822006865242278
2013-08-29,0.4970470735366535
2013-08-30,0.40012257788094047
2013-09-03,0.4634105964793172
2013-09-04,0.46403601503004677
2013-09-05,0.42688793691648635
2013-09-06,0.6128014644366532
2013-09-09,0.5505170905953077
2013-09-10,0.46193818352815946
2013-09-11,0.5496013007454004
2013-09-12,0.41217315755362427
2013-09-13,0.43880626913950366
2013-09-16,0.6225940912575806
2013-09-17,0.3690121620513814
2013-09-18,0.47959965205098576
2013-09-19,0.647488032659112
2013-09-20,0.41747409794282425
2013-09-23,0.4276909452333118
2013-09-24,0.34798935570011114
2013-09-25,0.6683929106511016
2013-09-26,0.6220227146164234
2013-09-27,0.5583597979164004
2013-09-30,0.6821589832882002
2013-10-01,0.5954054085397141
2013-10-02,0.3306696872386819
2013-10-03,0.3544711041143373
2013-10-04,0.6145998206070976
2013-10-07,0.5917251041757227
2013-10-08,0.505635832071001
2013-10-09,0.5565778757493258
2013-10-10,0.4760657929298392
2013-10-11,0.45024560318499535
2013-10-14,0.4197649209737145
2013-10-15,0.5587113224393886
2013-10-16,0.39284958680774024
2013-10-17,0.5912707896931002
2013-10-18,0.34346592068175896
2013-10-21,0.6050164050775207
2013-10-22,0.4266758825378613
2013-10-23,0.46211262036212486
2013-10-24,0.5626696258962656
2013-10-25,0.5906478193656252
2013-10-28,0.5085206294225958
2013-10-29,0.5609486859188599
2013-10-30,0.5105747281909611
2013-10-31,0.5165963669184274
2013-11-01,0.5350597245843643
2013-11-04,0.3628544782899158
2013-11-05,0.6021774612755525
2013-11-06,0.4518662748638711
2013-11-07,0.6144389352349764
2013-11-08,0.5887221997938867
2013-11-11,0.6617233621930545
2013-11-12,0.6078682693514965
2013-11-13,0.6828757717032451
2013-11-14,0.6453812271492405
2013-11-15,0.3401791637785878
2013-11-18,0.3362509411487403
2013-11-19,0.2797843172898716
2013-11-20,0.6312274492317576
2013-11-21,0.7450102803645056
2013-11-22,0.632883399106891
2013-11-25,0.7216710176535136
2013-11-26,0.7570277324925738
2013-11-27,0.7284881684910056
2013-11-29,0.7252473876475067
2013-12-02,0.557127975845142
2013-12-03,0.6372783065165042
2013-12-04,0.6791839665520633
2013-12-05,0.583743334410244
2013-12-06,0.7056384843325213
2013-12-09,0.6193978341584339
2013-12-10,0.6082693848957279
2013-12-11,0.5094161769118094
2013-12-12,0.4823327646962435
2013-12-13,0.48738910333935526
2013-12-16,0.5206277221661785
2013-12-17,0.49487342080130636
2013-12-18,0.5686172007473728
2013-12-19,0.5630755721084102
2013-12-20,0.5601544404123759
2013-12-23,0.4188583977869585
2013-12-24,0.33317042821763276
2013-12-26,0.32509870533563
2013-12-27,0.5778795920640987
2013-12-30,0.42547534472753806
2013-12-31,0.5592479904638467
2014-01-02,0.5137859051565136
2014-01-03,0.5105322964166411
2014-01-06,0.4796767303650889
2014-01-07,0.5588234858719278
2014-01-08,0.24714101330399757
2014-01-09,0.07674160884225428
2014-01-10,0.95
2014-01-13,0.7539375354911362
2014-01-14,0.22586888439011976
2014-01-15,0.05474891111653752
2014-01-16,0.29147739411271545
2014-01-17,0.7388765048671316
2014-01-21,0.7603015099015483
2014-01-22,0.7485982045950447
2014-01-23,0.3261453588136036
2014-01-24,0.39167218037645446
2014-01-27,0.3372761360469705
2014-01-28,0.32346396574732816
2014-01-29,0.2637922327021214
2014-01-30,0.593291932540421
2014-01-31,0.6239480924922577
2014-02-03,0.7426165375367622
2014-02-04,0.4124124942583683
2014-02-05,0.10467752588834618
2014-02-06,0.95
2014-02-07,0.95
2014-02-10,0.11514277313375229
2014-02-11,0.42263197964988786
2014-02-12,0.318609162293557
2014-02-13,0.2206156459022678
2014-02-14,0.2876587422475577
2014-02-18,0.06724977362686448
2014-02-19,0.95
2014-02-20,0.05975134223558897
2014-02-21,0.05
2014-02-24,0.8417556713805069
2014-02-25,0.6616574560578431
2014-02-26,0.6008838414604419
2014-02-27,0.47942923707815027
2014-02-28,0.3717092936443503
2014-03-03,0.4638686056500405
2014-03-04,0.4774402624068143
2014-03-05,0.4825013860188881
2014-03-06,0.4043755934108537
2014-03-07,0.40887613623349806
2014-03-10,0.6748920714830094
2014-03-11,0.6597730177701207
2014-03-12,0.4804337358925268
2014-03-13,0.50982586446423
2014-03-14,0.5638178537402607
2014-03-17,0.4971536526968073
2014-03-18,0.46202556955120944
2014-03-19,0.38552793342677993
2014-03-20,0.5459119340436173
2014-03-21,0.5429983265604588
2014-03-24,0.43035770641115323
2014-03-25,0.5401661799239522
2014-03-26,0.5444737931479927
2014-03-27,0.46508034370312573
2014-03-28,0.559265609889497
2014-03-31,0.6029200586529131
2014-04-01,0.3126846100145447
2014-04-02,0.5788966809680619
2014-04-03,0.5372474631776332
2014-04-04,0.6845006568965146
2014-04-07,0.6181011163119599
2014-04-08,0.5222152420663974
2014-04-09,0.5817669598732702
2014-04-10,0.46824983821692945
2014-04-11,0.5236837510379266
2014-04-14,0.5952150276826077
2014-04-15,0.6166682800984152
2014-04-16,0.37528300909400303
2014-04-17,0.4943929482025156
2014-04-21,0.5753175965965213
2014-04-22,0.4827604801704456
2014-04-23,0.557567295174445
2014-04-24,0.5484170909509133
2014-04-25,0.5480797064986697
2014-04-28,0.3279803944476221
2014-04-29,0.7286259245817278
2014-04-30,0.28124537707367925
2014-05-01,0.6778876928528486
2014-05-02,0.5756230004488562
2014-05-05,0.3365186180578336
2014-05-06,0.41033322708789155
2014-05-07,0.3778438449517798
2014-05-08,0.5733002031836562
2014-05-09,0.428643397842217
2014-05-12,0.47393997485863604
2014-05-13,0.5648766497128265
2014-05-14,0.3468605592517965
2014-05-15,0.5526304157386409
2014-05-16,0.5329265485299726
2014-05-19,0.4194045328974106
2014-05-20,0.5569562804691462
2014-05-21,0.42976335789051545
2014-05-22,0.6159807879811279
2014-05-23,0.6695577088200775
2014-05-27,0.4416499714468224
2014-05-28,0.44474872952069555
2014-05-29,0.5069685404494019
2014-05-30,0.5918874452652834
2014-06-02,0.5307859061964506
2014-06-03,0.590929188246662
2014-06-04,0.5285804492882538
2014-06-05,0.47438760572878824
2014-06-06,0.4246793166464479
2014-06-09,0.47839189290470313
2014-06-10,0.4401902858133577
2014-06-11,0.46164612613671085
2014-06-12,0.38616826525336573
2014-06-13,0.6763279755793308
2014-06-16,0.3908481383957991
2014-06-17,0.37074813895359815
2014-06-18,0.4408379574273609
2014-06-19,0.6298350306894571
2014-06-20,0.4287164875085766
2014-06-23,0.3882272607453502
2014-06-24,0.3493949736192682
2014-06-25,0.2899173073450592
2014-06-26,0.6367127287675194
2014-06-27,0.6404140267474229
2014-06-30,0.29946689304409985
2014-07-01,0.6774596782859795
2014-07-02,0.3664220519918801
2014-07-03,0.30521356240374276
2014-07-07,0.6239709472649096
2014-07-08,0.3033581629774507
2014-07-09,0.26456912216501066
2014-07-10,0.3385290469546646
2014-07-11,0.6604529987728971
2014-07-14,0.3321814730570921
2014-07-15,0.32450021547987457
2014-07-16,0.32817008546821136
2014-07-17,0.41552313085109416
2014-07-18,0.42275249610701215
2014-07-21,0.5608381313998106
2014-07-22,0.42152797112839835
2014-07-23,0.4003978900214391
2014-07-24,0.45969737487601026
2014-07-25,0.5900330204340305
2014-07-28,0.5663511702806222
2014-07-29,0.6409388890478374
2014-07-30,0.6014119669296529
2014-07-31,0.45902541953564424
2014-08-01,0.4580576566582648
2014-08-04,0.5034423382993083
2014-08-05,0.4402690711232124
2014-08-06,0.46372148082124637
2014-08-07,0.494190120959754
2014-08-08,0.43909053195378855
2014-08-11,0.4146952620576614
2014-08-12,0.4671978658209251
2014-08-13,0.5573649682693911
2014-08-14,0.45163467851082073
2014-08-15,0.6282731046368618
2014-08-18,0.665815552697103
2014-08-19,0.4737013953879794
2014-08-20,0.4905124674024367
2014-08-21,0.5117689561095642
2014-08-22,0.5640125389605759
2014-08-25,0.46886603480346045
2014-08-26,0.5152462996752128
2014-08-27,0.5261721519694178
2014-08-28,0.6720233565661065
2014-08-29,0.626691933353106
2014-09-02,0.4825665850629168
2014-09-03,0.6091427074033461
2014-09-04,0.5849672174904712
2014-09-05,0.5642454809752866
2014-09-08,0.48134522553922204
2014-09-09,0.4222794581451919
2014-09-10,0.41519441865728235
2014-09-11,0.5275471389498849
2014-09-12,0.419912786831214
2014-09-15,0.43749903260067713
2014-09-16,0.58861840931442
2014-09-17,0.5574610746053597
2014-09-18,0.50933500810411
2014-09-19,0.5446416339630434
2014-09-22,0.5356073713956288
2014-09-23,0.5611852851176501
2014-09-24,0.5302530104677124
2014-09-25,0.44802418816773953
2014-09-26,0.4075611315398606
2014-09-29,0.3382314973360807
2014-09-30,0.5910316724286495
2014-10-01,0.3647464818873212
2014-10-02,0.5886528585102345
2014-10-03,0.40445501780505705
2014-10-06,0.4297530621500733
2014-10-07,0.3113652952467401
2014-10-08,0.4482077843716784
2014-10-09,0.38160791702247504
2014-10-10,0.40307321467073903
2014-10-13,0.6516273217872759
2014-10-14,0.35291995101732404
2014-10-15,0.3464657561933362
2014-10-16,0.48926316513281515
2014-10-17,0.5540011715354687
2014-10-20,0.3010855791871653
2014-10-21,0.37172382247186614
2014-10-22,0.7295280499196953
2014-10-23,0.8021439844306747
2014-10-24,0.899543828557634
2014-10-27,0.9330866906301358
2014-10-28,0.19909339535681028
2014-10-29,0.2820258659788705
2014-10-30,0.6536515121439896
2014-10-31,0.5351315271019769
2014-11-03,0.5181732656972128
2014-11-04,0.6268692782769236
2014-11-05,0.5697875267497046
2014-11-06,0.49874909271086193
2014-11-07,0.4351318933147249
2014-11-10,0.3543377341622454
2014-11-11,0.4580866120733056
2014-11-12,0.6411643783257459
2014-11-13,0.6240462355695423
2014-11-14,0.5142731320340973
2014-11-17,0.38694668187699965
2014-11-18,0.6932810460471751
2014-11-19,0.8493361393042548
2014-11-20,0.09504731530884
2014-11-21,0.20885824922761362
2014-11-24,0.7819696122264883
2014-11-25,0.15692011708606898
2014-11-26,0.13436428762285677
2014-11-28,0.7128003239643973
2014-12-01,0.5864196180471682
2014-12-02,0.3936302898643545
2014-12-03,0.42706574726992064
2014-12-04,0.5169626270940122
2014-12-05,0.5795060901452863
2014-12-08,0.36692184678639966
2014-12-09,0.1820475657325391
2014-12-10,0.18519215514633378
2014-12-11,0.7989430378748651
2014-12-12,0.95
2014-12-15,0.0853201788183345
2014-12-16,0.1609496858425457
2014-12-17,0.95
2014-12-18,0.8774515682558178
2014-12-19,0.0988768107255201
2014-12-22,0.3288982996765467
2014-12-23,0.2726580699948979
2014-12-24,0.4552192710149161
2014-12-26,0.37449370776233826
2014-12-29,0.23462046649499022
2014-12-30,0.41098288904360714
2014-12-31,0.20832167472662871
2015-01-02,0.6447461431716954
2015-01-05,0.6235773557541024
2015-01-06,0.4502289329809903
2015-01-07,0.5352766495363113
2015-01-08,0.4533277517133775
2015-01-09,0.43577945490679587
2015-01-12,0.5573214764708013
2015-01-13,0.4955240770169795
2015-01-14,0.8088728000100958
2015-01-15,0.1910519046148202
2015-01-16,0.8570142599003631
2015-01-20,0.563609603121225
2015-01-21,0.6613817119872717
2015-01-22,0.3636564253453074
2015-01-23,0.23793126536966674
2015-01-26,0.3134526165182102
2015-01-27,0.21855020695397828
2015-01-28,0.3995089582527343
2015-01-29,0.40849491395217674
2015-01-30,0.48559560200019614
2015-02-02,0.46989185932503336
2015-02-03,0.48760228906007347
2015-02-04,0.624301343493591
2015-02-05,0.6791697726692616
2015-02-06,0.8028679518290809
2015-02-09,0.7058915782672684
2015-02-10,0.6804761262451837
2015-02-11,0.5513786249261737
2015-02-12,0.46181893530446005
2015-02-13,0.4771298059989163
2015-02-17,0.5726207572685209
2015-02-18,0.42747037613608624
2015-02-19,0.44680104706383617
2015-02-20,0.39892095318968834
2015-02-23,0.4081828664190425
2015-02-24,0.2947331888821442
2015-02-25,0.36033874213841127
2015-02-26,0.38703981217570754
2015-02-27,0.5467682861582588
2015-03-02,0.4696030893960351
2015-03-03,0.5060544628322704
2015-03-04,0.53727242510109
2015-03-05,0.5935199593293912
2015-03-06,0.46792361959671885
2015-03-09,0.5662619548154668
2015-03-10,0.5438265178724748
2015-03-11,0.5259191488400196
2015-03-12,0.4579186292533068
2015-03-13,0.4110198903295199
2015-03-16,0.45259244782757896
2015-03-17,0.2958728279142707
2015-03-18,0.29521676824828186
2015-03-19,0.33698812566037184
2015-03-20,0.5929192129030201
2015-03-23,0.4526408955891971
2015-03-24,0.37846646780530535
2015-03-25,0.5494022905339617
2015-03-26,0.6299026417808005
2015-03-27,0.3949183895512084
2015-03-30,0.3044753525694457
2015-03-31,0.42569661621857424
2015-04-01,0.47462782814737686
2015-04-02,0.4896021935788231
2015-04-06,0.5887928611570025
2015-04-07,0.394047400549317
2015-04-08,0.5691654427625908
2015-04-09,0.5659008934930845
2015-04-10,0.5770269481216446
2015-04-13,0.43488558752710726
2015-04-14,0.45906553639401515
2015-04-15,0.45490615183421496
2015-04-16,0.4185592927770687
2015-04-17,0.6160481283717594
2015-04-20,0.6498363647652463
2015-04-21,0.37807708812507956
2015-04-22,0.41798130691274127
2015-04-23,0.7016675844282854
2015-04-24,0.6812391456385052
2015-04-27,0.8697670324293104
2015-04-28,0.22443559002312982
2015-04-29,0.6847722512064045
2015-04-30,0.6788349956030205
2015-05-01,0.3313764143112373
2015-05-04,0.37459394655074235
2015-05-05,0.6762295728502548
2015-05-06,0.5654632754967769
2015-05-07,0.6478701085938116
2015-05-08,0.41777321984087956
2015-05-11,0.5843901705508451
2015-05-12,0.4778937568450579
2015-05-13,0.4451620831315654
2015-05-14,0.2949513314686708
2015-05-15,0.1520263419562096
2015-05-18,0.2487409621723486
2015-05-19,0.7031869860014923
2015-05-20,0.7486489470967761
2015-05-21,0.31874775966309676
2015-05-22,0.6392089757769557
2015-05-26,0.39761346521883617
2015-05-27,0.49127144697982583
2015-05-28,0.6566429769469475
2015-05-29,0.3634100808980658
2015-06-01,0.3988670443334921
2015-06-02,0.3723400427575943
2015-06-03,0.2603985446663969
2015-06-04,0.2948856954047494
2015-06-05,0.6227056786140327
2015-06-08,0.4549155436352623
2015-06-09,0.3809640217369546
2015-06-10,0.37371005838996824
2015-06-11,0.4525044163524234
2015-06-12,0.5470529232613196
2015-06-15,0.4253287846587205
2015-06-16,0.432620557788598
2015-06-17,0.5026623608206365
2015-06-18,0.5101515940370251
2015-06-19,0.5334932313878764
2015-06-22,0.5024590637387776
2015-06-23,0.5021250398060426
2015-06-24,0.465196910844589
2015-06-25,0.39783844521695927
2015-06-26,0.5482387571608576
2015-06-29,0.42843631449040986
2015-06-30,0.5325001074248524
2015-07-01,0.3848957302929335
2015-07-02,0.49491072676913117
2015-07-06,0.567848082492138
2015-07-07,0.45079652334384307
2015-07-08,0.6216673632985124
2015-07-09,0.3286787436665393
2015-07-10,0.4533276355973329
2015-07-13,0.5486087673644009
2015-07-14,0.42535035964641565
2015-07-15,0.5754524038266926
2015-07-16,0.4968996114169622
2015-07-17,0.4194581675960771
2015-07-20,0.5634426183277875
2015-07-21,0.5762725666707631
2015-07-22,0.4854975873187174
2015-07-23,0.5037380937018484
2015-07-24,0.48241170217189866
2015-07-27,0.5586308585374823
2015-07-28,0.5040431222357874
2015-07-29,0.5404537172622266
2015-07-30,0.36992997080112394
2015-07-31,0.5968975817770159
2015-08-03,0.5524693685681288
2015-08-04,0.4214957184633954
2015-08-05,0.41374652352161806
2015-08-06,0.6022634748233496
2015-08-07,0.5516877654734488
2015-08-10,0.3123016389829117
2015-08-11,0.33283541735401634
2015-08-12,0.24480226455721865
2015-08-13,0.4354941060493776
2015-08-14,0.39596216270914597
2015-08-17,0.45821941367400926
2015-08-18,0.4350691417335547
2015-08-19,0.44583430718504835
2015-08-20,0.3934787736754932
2015-08-21,0.5066491730925198
2015-08-24,0.5027337086526065
2015-08-25,0.5111842750830332
2015-08-26,0.5426960805509916
2015-08-27,0.4682253954384448
2015-08-28,0.5436576161377862
2015-08-31,0.5366082779701186
2015-09-01,0.47476086601520384
2015-09-02,0.5054144174598335
2015-09-03,0.5161668827047345
2015-09-04,0.4436835782159509
2015-09-08,0.3688666545208825
2015-09-09,0.38040930175669013
2015-09-10,0.4590236320002978
2015-09-11,0.5699955991837868
2015-09-14,0.3320820270116215
2015-09-15,0.573390408119109
2015-09-16,0.5388948820020344
2015-09-17,0.639470803865226
2015-09-18,0.3294042192952533
2015-09-21,0.5869588475956566
2015-09-22,0.41078163742730595
2015-09-23,0.4394725569287842
2015-09-24,0.6212085971160397
2015-09-25,0.4333921150336477
2015-09-28,0.47991810523253264
2015-09-29,0.4875858982388643
2015-09-30,0.5271618096495202
2015-10-01,0.40597024278721255
2015-10-02,0.45837385473885
2015-10-05,0.5058715710574091
2015-10-06,0.4865947383458238
2015-10-07,0.5038427869068494
2015-10-08,0.45154834153771606
2015-10-09,0.5705056013040015
2015-10-12,0.26842576380621375
2015-10-13,0.10420753031960729
2015-10-14,0.11987569795496009
2015-10-15,0.6240290189548072
2015-10-16,0.28461841414576133
2015-10-19,0.33879334435686226
2015-10-20,0.7095849329374012
2015-10-21,0.4040624918408914
2015-10-22,0.3844460681727665
2015-10-23,0.5054938585692199
2015-10-26,0.15534639428618408
2015-10-27,0.7675228414629974
2015-10-28,0.7586926362280106
2015-10-29,0.5503275664799082
2015-10-30,0.5051830397637926
2015-11-02,0.3201588712405977
2015-11-03,0.5928742849866363
2015-11-04,0.572674458429191
2015-11-05,0.5803634435512761
2015-11-06,0.40042304345653185
2015-11-09,0.3316815520811784
2015-11-10,0.3849416982821376
2015-11-11,0.4559214784827057
2015-11-12,0.574447789646286
2015-11-13,0.321757135690592
2015-11-16,0.409150751559521
2015-11-17,0.34282685749938424
2015-11-18,0.6855704912059452
2015-11-19,0.44059916702457325
2015-11-20,0.4817616374128331
2015-11-23,0.6474832075572872
2015-11-24,0.38107590396629926
2015-11-25,0.6147088000454118
2015-11-27,0.2999116880793489
2015-11-30,0.8348464702518664
2015-12-01,0.15668517459072057
2015-12-02,0.11046000488408594
2015-12-03,0.11876081497922852
2015-12-04,0.05
2015-12-07,0.2524589028888921
2015-12-08,0.6305377806031552
2015-12-09,0.7401375327896494
2015-12-10,0.4354656704363928
2015-12-11,0.3864563490430886
2015-12-14,0.13031758486721104
2015-12-15,0.11121480242973616
2015-12-16,0.910395960500675
2015-12-17,0.95
2015-12-18,0.95
2015-12-21,0.9447430927528337
2015-12-22,0.12704906644728514
2015-12-23,0.9392373214790153
2015-12-24,0.8835066489859954
2015-12-28,0.6298828944656641
2015-12-29,0.5440035218042029
2015-12-30,0.5597727721455444
2015-12-31,0.29308589987483674
2016-01-04,0.7648348761003813
2016-01-05,0.6747683260350502
2016-01-06,0.3847142142833767
2016-01-07,0.6677630284818807
2016-01-08,0.7949807844536281
2016-01-11,0.22714864868419615
2016-01-12,0.551170155491143
2016-01-13,0.41526288582631676
2016-01-14,0.60041520798534
2016-01-15,0.6458089396861092
2016-01-19,0.5920210689870642
2016-01-20,0.3929406772466792
2016-01-21,0.4473813680880458
2016-01-22,0.2930312188085383
2016-01-25,0.4705707671717647
2016-01-26,0.4349147714233692
2016-01-27,0.38088429215588177
2016-01-28,0.3879513937905288
2016-01-29,0.22693259499283097
2016-02-01,0.3202574687937969
2016-02-02,0.6140231003574557
2016-02-03,0.4080177524434467
2016-02-04,0.6445845647516163
2016-02-05,0.200460712661109
2016-02-08,0.8463354453926021
2016-02-09,0.8493179229092496
2016-02-10,0.829497178593579
2016-02-11,0.21717363503183174
2016-02-12,0.2009622320902065
2016-02-16,0.22759709936392974
2016-02-17,0.27621431926359485
2016-02-18,0.766447450717597
2016-02-19,0.7064460136051874
2016-02-22,0.26583656942567047
2016-02-23,0.43135668162134483
2016-02-24,0.37614715568227397
2016-02-25,0.5491374037637485
2016-02-26,0.5204026677480538
2016-02-29,0.5419416836669032
2016-03-01,0.36369069572756957
2016-03-02,0.7391625844751475
2016-03-03,0.8090331508584686
2016-03-04,0.8269860717923572
2016-03-07,0.2855093579000673
2016-03-08,0.6282133012109784
2016-03-09,0.6517072690002841
2016-03-10,0.49409151211926894
2016-03-11,0.4598935154271701
2016-03-14,0.5226584399217342
2016-03-15,0.6799401526421902
2016-03-16,0.6800366973752378
2016-03-17,0.5119773675890302
2016-03-18,0.5761186244446508
2016-03-21,0.6666485207415638
2016-03-22,0.6254334518207196
2016-03-23,0.3899081302451569
2016-03-24,0.2772480189963669
2016-03-28,0.3657788591406089
2016-03-29,0.5470943908665669
2016-03-30,0.4886202252007317
2016-03-31,0.42775862151405475
2016-04-01,0.5359435887189146
2016-04-04,0.4218797352118499
2016-04-05,0.4994016943841999
2016-04-06,0.6477175966800451
2016-04-07,0.44880042367695033
2016-04-08,0.6386577338210441
2016-04-11,0.7330052095747353
2016-04-12,0.5691071890462844
2016-04-13,0.5413622322616153
2016-04-14,0.7032531688080705
2016-04-15,0.7439154663054148
2016-04-18,0.27754837256858134
2016-04-19,0.4343987206689501
2016-04-20,0.554105918214938
2016-04-21,0.5397973768734043
2016-04-22,0.43777032329288135
2016-04-25,0.5398328908753433
2016-04-26,0.6010012453596432
2016-04-27,0.6911554988843946
2016-04-28,0.42855240529318894
2016-04-29,0.44457474452417234
2016-05-02,0.5756162573422376
2016-05-03,0.5702821196282062
2016-05-04,0.6088584759870411
2016-05-05,0.43436118107958654
2016-05-06,0.526776812847882
2016-05-09,0.48594414248529416
2016-05-10,0.3989854106953159
2016-05-11,0.2863866213803632
2016-05-12,0.6880239163853598
2016-05-13,0.6024280694522314
2016-05-16,0.6703156317968999
2016-05-17,0.7296975474147889
2016-05-18,0.8223600446833951
2016-05-19,0.8899217928117891
2016-05-20,0.855205461708135
2016-05-23,0.8164557346319952
2016-05-24,0.95
2016-05-25,0.95
2016-05-26,0.05
2016-05-27,0.8561746782276631
2016-05-31,0.7485302253161732
2016-06-01,0.7146564420893036
2016-06-02,0.6435870706921135
2016-06-03,0.6337206764677131
2016-06-06,0.6762793317894172
2016-06-07,0.7052011249763471
2016-06-08,0.7576393965455837
2016-06-09,0.5092442910078032
2016-06-10,0.5782123421110857
2016-06-13,0.5641586008451505
2016-06-14,0.6048352516156309
2016-06-15,0.7482850313411766
2016-06-16,0.7051097316591252
2016-06-17,0.7119855506635507
2016-06-20,0.6669146316456873
2016-06-21,0.4543112370801659
2016-06-22,0.6352429318790581
2016-06-23,0.4928934752809092
2016-06-24,0.6475286379324902
2016-06-27,0.48014767795846003
2016-06-28,0.3409832512366828
2016-06-29,0.5784654676696533
2016-06-30,0.3153208561800467
2016-07-01,0.31476861012865914
2016-07-05,0.5433007410058394
2016-07-06,0.4701141479461969
2016-07-07,0.5559597928037147
2016-07-08,0.43281116802855657
2016-07-11,0.5733167686881495
2016-07-12,0.544519546918834
2016-07-13,0.48106992742195565
2016-07-14,0.5742426639038378
2016-07-15,0.5907659078970081
2016-07-18,0.4392530801105022
2016-07-19,0.49690638558014866
2016-07-20,0.5562324738452091
2016-07-21,0.3836489179299654
2016-07-22,0.5320957759596081
2016-07-25,0.5117705333484671
2016-07-26,0.5392991081194818
2016-07-27,0.554325275256248
2016-07-28,0.25794832174192234
2016-07-29,0.20984039595168122
2016-08-01,0.36882210778095437
2016-08-02,0.3971534729217715
2016-08-03,0.3045842608505772
2016-08-04,0.3233508434133796
2016-08-05,0.5353090738451076
2016-08-08,0.380191127178387
2016-08-09,0.4490393910899192
2016-08-10,0.32303705396736415
2016-08-11,0.7377725954145675
2016-08-12,0.6643349096133874
2016-08-15,0.7221574452038059
2016-08-16,0.7785843194068744
2016-08-17,0.6999098455200014
2016-08-18,0.6559628040350969
2016-08-19,0.6402998423162201
2016-08-22,0.5254880590938921
2016-08-23,0.4597744337359274
2016-08-24,0.3901738654297438
2016-08-25,0.45137254846579467
2016-08-26,0.45213746907809604
2016-08-29,0.46075948117133625
2016-08-30,0.5679793916481298
2016-08-31,0.46874413133859577
2016-09-01,0.5732951508424972
2016-09-02,0.6164563853948474
2016-09-06,0.6588026267211792
2016-09-07,0.8523883614551608
2016-09-08,0.31319914561217044
2016-09-09,0.5968804364887935
2016-09-12,0.4879126774215578
2016-09-13,0.5895757595820793
2016-09-14,0.5720796387938876
2016-09-15,0.5229949441543414
2016-09-16,0.5656722768524114
2016-09-19,0.4890037557230851
2016-09-20,0.6197364366364078
2016-09-21,0.5651867997827821
2016-09-22,0.546253206647084
2016-09-23,0.4958628151154547
2016-09-26,0.7033315007498271
2016-09-27,0.3281004970653292
2016-09-28,0.7118235491287735
2016-09-29,0.741525773785281
2016-09-30,0.7490822082986857
2016-10-03,0.6877734679788747
2016-10-04,0.6711983280526567
2016-10-05,0.4112820781641717
2016-10-06,0.4621451485629061
2016-10-07,0.5764182956647047
2016-10-11,0.24519445469246817
2016-10-12,0.1522679980448631
2016-10-13,0.1217832411714386
2016-10-14,0.35325378172277566
2016-10-17,0.4038301497618131
2016-10-18,0.30884641497447946
2016-10-19,0.2479619656434062
2016-10-20,0.27336933840030664
2016-10-21,0.36977312076199603
2016-10-24,0.5081671982365626
2016-10-25,0.5617097490445874
2016-10-26,0.564487885130518
2016-10-27,0.4044691561396546
2016-10-28,0.8352544436105247
2016-10-31,0.26075843544094995
2016-11-01,0.6124039872280312
2016-11-02,0.544208789602739
2016-11-03,0.5725041057076161
2016-11-04,0.5606443260725218
2016-11-07,0.5966722518266524
2016-11-08,0.7129286812825806
2016-11-09,0.7927521922129556
2016-11-10,0.8952799790623979
2016-11-14,0.9130761653239153
2016-11-15,0.95
2016-11-16,0.8664891620488806
2016-11-17,0.9298206154643152
2016-11-18,0.9270988755579156
2016-11-21,0.09057892817603906
2016-11-22,0.07762323535848491
2016-11-23,0.8580256269339535
2016-11-25,0.8942220013691592
2016-11-28,0.7140955573190294
2016-11-29,0.6215896687361003
2016-11-30,0.5649844958767535
2016-12-01,0.5442044539877543
2016-12-02,0.52223906672897
2016-12-05,0.3233400731359189
2016-12-06,0.605985147708334
2016-12-07,0.29050261755732437
2016-12-08,0.44005212611943884
2016-12-09,0.6636987658415816
2016-12-12,0.6389374979517065
2016-12-13,0.33377088163839935
2016-12-14,0.6971524780747324
2016-12-15,0.6810237901576554
2016-12-16,0.6323669810155481
2016-12-19,0.5530926364128013
2016-12-20,0.4779623883883926
2016-12-21,0.6427502990295053
2016-12-22,0.6625872248515846
2016-12-23,0.19569728999724667
2016-12-27,0.1993656135877504
2016-12-28,0.8790147193606793
2016-12-29,0.7564695021642946
2016-12-30,0.32955161624195595
2017-01-03,0.5500407216007402
2017-01-04,0.5456137287133886
2017-01-05,0.4714725725570339
2017-01-06,0.5765863386225457
2017-01-09,0.6164648280801759
2017-01-10,0.5129518475122434
2017-01-11,0.590100720336938
2017-01-12,0.48506970152646117
2017-01-13,0.464869358866266
2017-01-17,0.5850052029272267
2017-01-18,0.3788138138825997
2017-01-19,0.393977571421717
2017-01-20,0.5217330724883636
2017-01-23,0.35893055399239404
2017-01-24,0.4357752990248005
2017-01-25,0.39235332835553477
2017-01-26,0.6896093458237376
2017-01-27,0.6779530823895697
2017-01-30,0.2963488477918256
2017-01-31,0.3540686301903265
2017-02-01,0.3619780985140994
2017-02-02,0.3365055471301399
2017-02-03,0.351527973717965
2017-02-06,0.6820742362222663
2017-02-07,0.8959821845342497
2017-02-08,0.10160218815794193
2017-02-09,0.9069929997152653
2017-02-10,0.7611984740246723
2017-02-13,0.27894039236528073
2017-02-14,0.4217882031070718
2017-02-15,0.5800915185378221
2017-02-16,0.4855946920171153
2017-02-17,0.43729670041368646
2017-02-21,0.787942620887962
2017-02-22,0.6778114598833171
2017-02-23,0.2777405824445258
2017-02-24,0.7910017299161636
2017-02-27,0.7610728129095331
2017-02-28,0.676892458491076
2017-03-01,0.6028936404182544
2017-03-02,0.6096176237573055
2017-03-03,0.5468157764295518
2017-03-06,0.542129117275922
2017-03-07,0.6663711022934621
2017-03-08,0.6455553623001805
2017-03-09,0.47683361738451324
2017-03-10,0.48754511234320025
2017-03-13,0.5679759062891884
2017-03-14,0.5342784381918712
2017-03-15,0.5944398991468076
2017-03-16,0.2705150028438569
2017-03-17,0.6738216576061197
2017-03-20,0.5806849118622774
2017-03-21,0.4682560211576513
2017-03-22,0.3376362057459746
2017-03-23,0.3291903750919155
2017-03-24,0.32796914276906985
2017-03-27,0.38666233170310277
2017-03-28,0.6129254727974357
2017-03-29,0.42228620718489585
2017-03-30,0.5544625363139709
2017-03-31,0.5416689383254842
2017-04-03,0.5452152117870089
2017-04-04,0.40138694267190334
2017-04-05,0.3949908205260678
2017-04-06,0.626817010282311
2017-04-07,0.5947113370627605
2017-04-10,0.3989888763680655
2017-04-11,0.42630003959608903
2017-04-12,0.5519877416081277
2017-04-13,0.48529026415872173
2017-04-17,0.4689473809214847
2017-04-18,0.407042557130761
2017-04-19,0.5673670827601757
2017-04-20,0.5265113823282082
2017-04-21,0.48288972457786666
2017-04-24,0.6574849296735763
2017-04-25,0.5896710076944526
2017-04-26,0.5831237208444607
2017-04-27,0.5225388739521248
2017-04-28,0.5122260278822107
2017-05-01,0.6558032683357307
2017-05-02,0.4275355446677242
2017-05-03,0.501033082500811
2017-05-04,0.44796481876020977
2017-05-05,0.5364274337171895
2017-05-08,0.5235979282488866
2017-05-09,0.5919014838299421
2017-05-10,0.41414200433598797
2017-05-11,0.39752753880349645
2017-05-12,0.3216553705461211
2017-05-15,0.5209391635818995
2017-05-16,0.4511773404485352
2017-05-17,0.41411386090676705
2017-05-18,0.6144477990954053
2017-05-19,0.3063579273467722
2017-05-22,0.2428161359064286
2017-05-23,0.3214619490718701
2017-05-24,0.30482207495282776
2017-05-25,0.4514397423194213
2017-05-26,0.4241898831511946
2017-05-30,0.41029081699035047
2017-05-31,0.39851972568209165
2017-06-01,0.4446416372241991
2017-06-02,0.5613302597873197
2017-06-05,0.47314019704278104
2017-06-06,0.4033844757643786
2017-06-07,0.41129100564084464
2017-06-08,0.3882561581796196
2017-06-09,0.3832986520644849
2017-06-12,0.48478126189980286
2017-06-13,0.41206684401084553
2017-06-14,0.5756442278738693
2017-06-15,0.4692356870809638
2017-06-16,0.5038210191394469
2017-06-19,0.5815099083882553
2017-06-20,0.4623239948368417
2017-06-21,0.5541929238958707
2017-06-22,0.44257227410861144
2017-06-23,0.4632872751428015
2017-06-26,0.5736428486147154
2017-06-27,0.5563006839791556
2017-06-28,0.38861112963044625
2017-06-29,0.4383504030214373
2017-06-30,0.5811230264219733
2017-07-03,0.5269516949515651
2017-07-05,0.31990940423248265
2017-07-06,0.6369993022784483
2017-07-07,0.38585104622833266
2017-07-10,0.5578793979832798
2017-07-11,0.6133674847461267
2017-07-12,0.5104544925832781
2017-07-13,0.46394159850596645
2017-07-14,0.462044036760157
2017-07-17,0.4071005869070477
2017-07-18,0.26483209926810025
2017-07-19,0.33307470526274563
2017-07-20,0.3199675051413724
2017-07-21,0.34856311570233406
2017-07-24,0.4198028006005295
2017-07-25,0.5684265649811322
2017-07-26,0.4393958363657915
2017-07-27,0.5525133958361447
2017-07-28,0.5096426365118735
2017-07-31,0.6428664240511284
2017-08-01,0.4145641145499641
2017-08-02,0.5861982741719273
2017-08-03,0.5902553340859718
2017-08-04,0.6100719336684935
2017-08-07,0.5194808802955588
2017-08-08,0.6338319492521838
2017-08-09,0.5353417255798123
2017-08-10,0.5660915651445884
2017-08-11,0.4949158335220217
2017-08-14,0.5020766023607242
2017-08-15,0.4870805893194074
2017-08-16,0.5798072745117991
2017-08-17,0.5024746332326558
2017-08-18,0.4319135323764958
2017-08-21,0.5309173410492292
2017-08-22,0.5529906445828462
2017-08-23,0.5699584710425889
2017-08-24,0.4921363851534846
2017-08-25,0.5019599105576178
2017-08-28,0.5250512596404171
2017-08-29,0.5607470901440964
2017-08-30,0.5833810902850021
2017-08-31,0.5333325692125686
2017-09-01,0.5159709855108063
2017-09-05,0.37950505409180796
2017-09-06,0.6336526762925891
2017-09-07,0.6061406664734234
2017-09-08,0.5510659140480331
2017-09-11,0.49343263918352315
2017-09-12,0.4215491676522691
2017-09-13,0.39453733510450834
2017-09-14,0.5016572009645885
2017-09-15,0.5241131540586473
2017-09-18,0.43424298870732936
2017-09-19,0.32826859357689187
2017-09-20,0.39541850409952306
2017-09-21,0.5060070447486368
2017-09-22,0.5168385523712994
2017-09-25,0.5842092808375722
2017-09-26,0.6044460932514893
2017-09-27,0.4411630874603401
2017-09-28,0.6008901328191638
2017-09-29,0.5145294576785997
2017-10-02,0.5736861778093225
2017-10-03,0.5654167683938685
2017-10-04,0.44785097344020647
2017-10-05,0.519943908478456
2017-10-06,0.5489663131266879
2017-10-09,0.36234081456248624
2017-10-10,0.41112899984074747
2017-10-11,0.5888483489050168
2017-10-12,0.44857803963561416
2017-10-13,0.5826460174537097
2017-10-16,0.5165259115951111
2017-10-17,0.5015712694935669
2017-10-18,0.5048711763808598
2017-10-19,0.5314443192703044
2017-10-20,0.4985228158163569
2017-10-23,0.4386519802368601
2017-10-24,0.35449639734324406
2017-10-25,0.6548904020565968
2017-10-26,0.7057874889635392
2017-10-27,0.19249703466164936
2017-10-30,0.6376532896654252
2017-10-31,0.6374595978232775
2017-11-01,0.6321433960801845
2017-11-02,0.6240864135779063
2017-11-03,0.5738931741695159
2017-11-06,0.4408074928809788
2017-11-07,0.42648482147172206
2017-11-08,0.4338237105905308
2017-11-09,0.3412662999333225
2017-11-10,0.25297309888118924
2017-11-13,0.659031812453215
2017-11-14,0.5810851730717076
2017-11-15,0.5259071593433795
2017-11-16,0.48623008925543953
2017-11-17,0.4973291209829735
2017-11-20,0.45279363392130995
2017-11-21,0.5825318888785852
2017-11-22,0.4922777668274287
2017-11-24,0.4690550307265139
2017-11-27,0.4667546234365697
2017-11-28,0.2989137017638036
2017-11-29,0.8395577119431625
2017-11-30,0.7182144809008972
2017-12-01,0.1678794435450322
2017-12-04,0.761137660463341
2017-12-05,0.4261792422572476
2017-12-06,0.36313862293975063
2017-12-07,0.43510549898817574
2017-12-08,0.36781545017122924
2017-12-11,0.5847738878752446
2017-12-12,0.4983768767569198
2017-12-13,0.5866970793109971
2017-12-14,0.7309180413773934
2017-12-15,0.8394864079012586
2017-12-18,0.7178848175164412
2017-12-19,0.7469957266602731
2017-12-20,0.6624252655307805
2017-12-21,0.6246935902167337
2017-12-22,0.5982048402886878
2017-12-26,0.7435461762868071
2017-12-27,0.6177356768148102
2017-12-28,0.2992781263156432
2017-12-29,0.37454941779194273
2018-01-02,0.5378748651985932
2018-01-03,0.29979169226034563
2018-01-04,0.7113727316079813
2018-01-05,0.8120553972992031
2018-01-08,0.1886954198760534
2018-01-09,0.12038247930279573
2018-01-10,0.08519182578671253
2018-01-11,0.6706282366705667
2018-01-12,0.6226202732435892
2018-01-16,0.5418980478330016
2018-01-17,0.46762854234478685
2018-01-18,0.32266745872454383
2018-01-19,0.26673445657888273
2018-01-22,0.21914372541320953
2018-01-23,0.05
2018-01-24,0.09653214213967082
2018-01-25,0.05
2018-01-26,0.05
2018-01-29,0.12426254418793826
2018-01-30,0.05
2018-01-31,0.22277998709573765
2018-02-01,0.33049936226876
2018-02-02,0.7270879739370939
2018-02-05,0.36555216346671393
2018-02-06,0.4105509111316518
2018-02-07,0.467335213840765
2018-02-08,0.5450599978370958
2018-02-09,0.4682491344764833
2018-02-12,0.6664007817413702
2018-02-13,0.6158815723628477
2018-02-14,0.5746070162622269
2018-02-15,0.43461815625886324
2018-02-16,0.6020191797343318
2018-02-20,0.5640358482950248
2018-02-21,0.4569545800991143
2018-02-22,0.42544078084321013
2018-02-23,0.569503185881483
2018-02-26,0.5582838070044601
2018-02-27,0.6469868308869005
2018-02-28,0.5963767523252058
2018-03-01,0.5859625384705824
2018-03-02,0.5141023559968312
2018-03-05,0.5239468045715009
2018-03-06,0.4209257292019195
2018-03-07,0.45037306779829034
2018-03-08,0.45581709187241454
2018-03-09,0.37922090232758887
2018-03-12,0.639916943605319
2018-03-13,0.40585736887708107
2018-03-14,0.48597787965733535
2018-03-15,0.504914586522641
2018-03-16,0.5632202196339655
2018-03-19,0.555421698016352
2018-03-20,0.46989981623318733
2018-03-21,0.4476045703582116
2018-03-22,0.5142764331705517
2018-03-23,0.40218827323985346
2018-03-26,0.5684504688377151
2018-03-27,0.52475627275535
2018-03-28,0.4528076824754141
2018-03-29,0.444043859460462
2018-04-02,0.41333869581740523
2018-04-03,0.5526718626793874
2018-04-04,0.45887035638798385
2018-04-05,0.5237502559774806
2018-04-06,0.423565048469566
2018-04-09,0.5531962470332231
2018-04-10,0.5159311117654639
2018-04-11,0.4176393558668629
2018-04-12,0.6275952473648321
2018-04-13,0.6197297783660192
2018-04-16,0.4542963897872564
2018-04-17,0.4888761250135978
2018-04-18,0.5209093028459435
2018-04-19,0.5418285894556457
2018-04-20,0.490382425084416
2018-04-23,0.5134628908114105
2018-04-24,0.5526428529283318
2018-04-25,0.4424048079099519
2018-04-26,0.5861395793982872
2018-04-27,0.46086467359640243
2018-04-30,0.5245503355413912
2018-05-01,0.49940500600280896
2018-05-02,0.5579220871249834
2018-05-03,0.5636675532901683
2018-05-04,0.6042034186766588
2018-05-07,0.5596302193776816
2018-05-08,0.5732815723759968
2018-05-09,0.6405494280524645
2018-05-10,0.585933517116043
2018-05-11,0.5840496697383952
2018-05-14,0.5984673433811954
2018-05-15,0.5729199059424931
2018-05-16,0.5399081797886277
2018-05-17,0.5654958081536366
2018-05-18,0.627561458758913
2018-05-21,0.5484845147644308
2018-05-22,0.5394812926159447
2018-05-23,0.4495953357698119
2018-05-24,0.48529951046539843
2018-05-25,0.4628035245835822
2018-05-29,0.508056182701437
2018-05-30,0.5257366284436278
2018-05-31,0.48066164777373294
2018-06-01,0.48600704080648627
2018-06-04,0.5888278701116462
2018-06-05,0.5352356166294163
2018-06-06,0.512089304456481
2018-06-07,0.36818340712595776
2018-06-08,0.5682822059446334
2018-06-11,0.5171661054673996
2018-06-12,0.5253671661325701
2018-06-13,0.5457338534464101
2018-06-14,0.47795460474236195
2018-06-15,0.4739845653406476
2018-06-18,0.44452049451204734
2018-06-19,0.4942596623199267
2018-06-20,0.39354227235014033
2018-06-21,0.5705993992050465
2018-06-22,0.4165658993852109
2018-06-25,0.47258013459724957
2018-06-26,0.39262772893472614
2018-06-27,0.41779935733163465
2018-06-28,0.5796610951466438
2018-06-29,0.41266781696340665
2018-07-02,0.5513741268623389
2018-07-03,0.6021262104723879
2018-07-05,0.4256126460808886
2018-07-06,0.45110919355655354
2018-07-09,0.4380454452286091
2018-07-10,0.4277140740873585
2018-07-11,0.45773320497520775
2018-07-12,0.5671933424547514
2018-07-13,0.5001652038274749
2018-07-16,0.4181656284610358
2018-07-17,0.46820776162793687
2018-07-18,0.44449748044051224
2018-07-19,0.4775753100807665
2018-07-20,0.5639254975198622
2018-07-23,0.5854452263453013
2018-07-24,0.5899389500938742
2018-07-25,0.5854546927728801
2018-07-26,0.6651262148823281
2018-07-27,0.5922477488103444
2018-07-30,0.5659548480008684
2018-07-31,0.5713237379764292
2018-08-01,0.6485735635970163
2018-08-02,0.5569305585419295
2018-08-03,0.41257043573542923
2018-08-06,0.5776683912008089
2018-08-07,0.47986537114223154
2018-08-08,0.45891624530630876
2018-08-09,0.5109652427920042
2018-08-10,0.5257510322648095
2018-08-13,0.5020627620830949
2018-08-14,0.4577070406615838
2018-08-15,0.36099484673976345
2018-08-16,0.46854184559955697
2018-08-17,0.5592465104622539
2018-08-20,0.5455259526037836
2018-08-21,0.6220823890528878
2018-08-22,0.402035074951816
2018-08-23,0.3639971453974939
2018-08-24,0.6550762866188614
2018-08-27,0.4822253341232985
2018-08-28,0.47849208008415023
2018-08-29,0.4413131033716913
2018-08-30,0.36665266798383295
2018-08-31,0.38415986502282234
2018-09-04,0.4526189269527879
2018-09-05,0.6039339464710327
2018-09-06,0.6034036690887593
2018-09-07,0.6586374102630856
2018-09-10,0.6662178189628366
2018-09-11,0.6548603601921098
2018-09-12,0.3885323292100216
2018-09-13,0.6207510003518721
2018-09-14,0.672412701356655
2018-09-17,0.3422273169096402
2018-09-18,0.6160192230429994
2018-09-19,0.3385423098740888
2018-09-20,0.6508128972897347
2018-09-21,0.6371867830353984
2018-09-24,0.5935412400278223
2018-09-25,0.6194661377644546
2018-09-26,0.3328439144160831
2018-09-27,0.3715734750901945
2018-09-28,0.3811110444020462
2018-10-01,0.40264156781601146
2018-10-02,0.5969224339165383
2018-10-03,0.44400784067582233
2018-10-04,0.5592700060299983
2018-10-05,0.40821821957664006
2018-10-08,0.4741079541591221
2018-10-09,0.4484359040653423
2018-10-10,0.5263819443697109
2018-10-11,0.5102335995235915
2018-10-12,0.4988886077587442
2018-10-15,0.4486026744603572
2018-10-16,0.44929144747795713
2018-10-17,0.5555697134070924
2018-10-18,0.5160069784353709
2018-10-19,0.4756466437353653
2018-10-22,0.7495639026093666
2018-10-23,0.7152615940900658
2018-10-24,0.7167866702281633
2018-10-25,0.744240630832664
2018-10-26,0.24898862159321916
2018-10-29,0.19854429914035623
2018-10-30,0.09480233891276071
2018-10-31,0.95
2018-11-01,0.9050435141788493
2018-11-02,0.19969610859146014
2018-11-05,0.06161828168793643
2018-11-06,0.9402833892583823
2018-11-07,0.95
2018-11-08,0.13908510363618354
2018-11-09,0.7298611896473596
2018-11-12,0.2487105773880481
2018-11-13,0.5597182679106787
2018-11-14,0.39024384883489777
2018-11-15,0.7893856287933981
2018-11-16,0.6224669149815114
2018-11-19,0.6524033515703487
2018-11-20,0.4610459180386692
2018-11-21,0.44273686684529945
2018-11-23,0.339265783092667
2018-11-26,0.39799579917949274
2018-11-27,0.49493967300897856
2018-11-28,0.18434500138598273
2018-11-29,0.7962071658684792
2018-11-30,0.06296550873980726
2018-12-03,0.10127273881220253
2018-12-04,0.137136468746334
2018-12-06,0.14671956720181376
2018-12-07,0.8976341517487189
2018-12-10,0.05
2018-12-11,0.09224092189716843
2018-12-12,0.8656998350826988
2018-12-13,0.15484860035652867
2018-12-14,0.05
2018-12-17,0.8463427738609638
2018-12-18,0.9499297583543912
2018-12-19,0.95
2018-12-20,0.8833508590754913
2018-12-21,0.95
2018-12-24,0.7872689510484981
2018-12-26,0.14118041549267327
2018-12-27,0.12097186362337947
2018-12-28,0.5037230243726053
2018-12-31,0.05
2019-01-02,0.8730636988557943
2019-01-03,0.18870689726129508
2019-01-04,0.7900518110201528
2019-01-07,0.7392352994800454
2019-01-08,0.6063717083064822
2019-01-09,0.537196538848937
2019-01-10,0.645480426563977
2019-01-11,0.38192848794409917
2019-01-14,0.9205851436647854
2019-01-15,0.10646523359917916
2019-01-16,0.13528802256960096
2019-01-17,0.13239354607343212
2019-01-18,0.05
2019-01-22,0.17624406037463297
2019-01-23,0.6710488714657571
2019-01-24,0.7551801032752725
2019-01-25,0.06995264504115341
2019-01-28,0.26591440315503967
2019-01-29,0.2787860958442377
2019-01-30,0.35855270557036634
2019-01-31,0.6734386063154383
2019-02-01,0.3834022846404594
2019-02-04,0.5361239108271494
2019-02-05,0.41711168466316345
2019-02-06,0.477485180727721
2019-02-07,0.6341223171492827
2019-02-08,0.6876881984062836
2019-02-11,0.39484008263151504
2019-02-12,0.5214029926880186
2019-02-13,0.3055041945968297
2019-02-14,0.2696325988056051
2019-02-15,0.7165563793166755
2019-02-19,0.6798107380371442
2019-02-20,0.7051954431028045
2019-02-21,0.6184637516882097
2019-02-22,0.42875160082645786
2019-02-25,0.5355906672151104
2019-02-26,0.5920535664133735
2019-02-27,0.5076203036748315
2019-02-28,0.5053276155186466
2019-03-01,0.5304566143063556
2019-03-04,0.47102529638474533
2019-03-05,0.5232021348874771
2019-03-06,0.5058482854764632
2019-03-07,0.5608505424798986
2019-03-08,0.58279940382011
2019-03-11,0.5146229831573027
2019-03-12,0.47293762271697387
2019-03-13,0.578648874959799
2019-03-14,0.41404365086140044
2019-03-15,0.5421076225834415
2019-03-18,0.4123458386632454
2019-03-19,0.3847157049482155
2019-03-20,0.4172673839927832
2019-03-21,0.43829368126118307
2019-03-22,0.4007143126027622
2019-03-25,0.5726867126156728
2019-03-26,0.43823056572325114
2019-03-27,0.5011025969482467
2019-03-28,0.4474851287953255
2019-03-29,0.5128812983447308
2019-04-01,0.5617990217120287
2019-04-02,0.4151393149341356
2019-04-03,0.5819826184278258
2019-04-04,0.635907910911731
2019-04-05,0.6059975051694491
2019-04-08,0.3600190718691547
2019-04-09,0.31797707114861656
2019-04-10,0.6313610066494472
2019-04-11,0.3864304294529116
2019-04-12,0.5162913875300047
2019-04-15,0.4989312161092519
2019-04-16,0.46509826687714323
2019-04-17,0.6224486707447723
2019-04-18,0.5481065575110131
2019-04-22,0.4162659123619165
2019-04-23,0.4527095134954639
2019-04-24,0.4196630888966811
2019-04-25,0.38014611054552133
2019-04-26,0.53554982181211
2019-04-29,0.4590136389356708
2019-04-30,0.5089545768531127
2019-05-01,0.507729636350639
2019-05-02,0.5363382805165025
2019-05-03,0.4825203848572488
2019-05-06,0.6172373327678613
2019-05-07,0.6015520643264667
2019-05-08,0.4344930134354028
2019-05-09,0.4753996468463178
2019-05-10,0.5114241045638502
2019-05-13,0.5174731256022599
2019-05-14,0.4514673443876321
2019-05-15,0.4789645023848965
2019-05-16,0.5504610675700299
2019-05-17,0.40140185640162995
2019-05-20,0.24012790078672075
2019-05-21,0.3016942698066314
2019-05-22,0.37951355766443373
2019-05-23,0.2758557960975243
2019-05-24,0.6912627147522883
2019-05-28,0.35576828181402087
2019-05-29,0.3143573559790836
2019-05-30,0.3453846200066555
2019-05-31,0.5775926039253171
2019-06-03,0.5490101821104589
2019-06-04,0.4611195270200198
2019-06-05,0.5834128662562781
2019-06-06,0.4862063882180755
2019-06-07,0.36856414549061495
2019-06-10,0.335287533023084
2019-06-11,0.4566387245523599
2019-06-12,0.6320364700529222
2019-06-13,0.3937742910477392
2019-06-14,0.456017104245242
2019-06-17,0.4459138150037856
2019-06-18,0.41166110401004297
2019-06-19,0.5417198135216843
2019-06-20,0.5564286658701697
2019-06-21,0.2351645877858728
2019-06-24,0.561025000056721
2019-06-25,0.5935488377580032
2019-06-26,0.6360488312460807
2019-06-27,0.39234614635215526
2019-06-28,0.6844026273927613
2019-07-01,0.6314717392910059
2019-07-02,0.48112802328451326
2019-07-03,0.5127492614583439
2019-07-05,0.36800359180031605
2019-07-08,0.4054403392060848
2019-07-09,0.5776000349657147
2019-07-10,0.3563996330362785
2019-07-11,0.3523809683681917
2019-07-12,0.26991503530760197
2019-07-15,0.30516404128450425
2019-07-16,0.33484741642198085
2019-07-17,0.37924122443311536
2019-07-18,0.4806948524033169
2019-07-19,0.4601740115015031
2019-07-22,0.7233538780468189
2019-07-23,0.2717549872221425
2019-07-24,0.4482906726381992
2019-07-25,0.6072543102271031
2019-07-26,0.5017384630319602
2019-07-29,0.5000200002276142
2019-07-30,0.5177095154433464
2019-07-31,0.43409930095404936
2019-08-01,0.4880881220065175
2019-08-02,0.5370306391911082
2019-08-05,0.5793487187149817
2019-08-06,0.5334314978076917
2019-08-07,0.6529705614064348
2019-08-08,0.49412036249603547
2019-08-09,0.4925164467732582
2019-08-12,0.5790419060628927
2019-08-13,0.4503316667910551
2019-08-14,0.43850406572495254
2019-08-15,0.5199581517503977
2019-08-16,0.5994461308379504
2019-08-19,0.5672161366609989
2019-08-20,0.5863386335464824
2019-08-21,0.2661002938540771
2019-08-22,0.7739369365768258
2019-08-23,0.8680411572700909
2019-08-26,0.8403431081471509
2019-08-27,0.8022904118587587
2019-08-28,0.7831367056447285
2019-08-29,0.7419129208065214
2019-08-30,0.14048206265531687
2019-09-03,0.7678146026822651
2019-09-04,0.6607160431307092
2019-09-05,0.6975637931890991
2019-09-06,0.5045880046230554
2019-09-09,0.41778462194152655
2019-09-10,0.45276012328502657
2019-09-11,0.5946931646277337
2019-09-12,0.48152720738856947
2019-09-13,0.312273206782495
2019-09-16,0.28757150226644534
2019-09-17,0.24817416023091043
2019-09-18,0.16229218835117665
2019-09-19,0.6764344815922494
2019-09-20,0.32501099117603205
2019-09-23,0.36399664561199563
2019-09-24,0.36159674601455327
2019-09-25,0.28394598240242624
2019-09-26,0.38041784302865317
2019-09-27,0.24769022440270944
2019-09-30,0.40338388919424745
2019-10-01,0.48934383238094725
2019-10-02,0.4466087261470094
2019-10-03,0.5729662818053772
2019-10-04,0.5586415144406515
2019-10-07,0.44386100705939113
2019-10-08,0.5747128258987025
2019-10-09,0.4775738585967391
2019-10-10,0.3866465033298177
2019-10-11,0.32860084130216877
2019-10-14,0.4524907129416724
2019-10-15,0.3883207405843091
2019-10-16,0.7418605460293524
2019-10-17,0.806751453718273
2019-10-18,0.7829770117267085
2019-10-21,0.05
2019-10-22,0.9034404154062173
2019-10-23,0.10656670710692334
2019-10-24,0.10962396418765392
2019-10-25,0.07816543191197649
2019-10-28,0.7135634379107934
2019-10-29,0.47831619618332366
2019-10-30,0.5212883547523842
2019-10-31,0.4768579867066739
2019-11-01,0.5220216081306975
2019-11-04,0.3578276962776252
2019-11-05,0.21725217186125578
2019-11-06,0.21645104631500658
2019-11-07,0.7134037976227732
2019-11-08,0.34042804593962606
2019-11-11,0.46474219910420783
2019-11-12,0.5231331912786714
2019-11-13,0.4232764681869949
2019-11-14,0.38991732432044907
2019-11-15,0.1884955274629293
2019-11-18,0.6266901297121344
2019-11-19,0.4452610603724406
2019-11-20,0.3800380603210333
2019-11-21,0.66641220393523
2019-11-22,0.08266935991858326
2019-11-25,0.679891758427969
2019-11-26,0.28604951402436046
2019-11-27,0.24054324777294278
2019-11-29,0.5772545463441069
2019-12-02,0.3881845618373
2019-12-03,0.40494180301537436
2019-12-04,0.6157339544589766
2019-12-05,0.3693581909365624
2019-12-06,0.4855345653988708
2019-12-09,0.4715807846901918
2019-12-10,0.39295750335793694
2019-12-11,0.5997402427310173
2019-12-12,0.4513143884391611
2019-12-13,0.5489224140060007
2019-12-16,0.32579088009881446
2019-12-17,0.3756185083256349
2019-12-18,0.3144828477713829
2019-12-19,0.3795517530725266
2019-12-20,0.7517853160466963
2019-12-23,0.45517129817319424
2019-12-24,0.46031397416027947
2019-12-26,0.30202985929098713
2019-12-27,0.5000445755287772
2019-12-30,0.544703430700313
2019-12-31,0.4769015255205951
2020-01-02,0.5008536107333624
2020-01-03,0.5731842514559159
2020-01-06,0.715324230198058
2020-01-07,0.23298304060997438
2020-01-08,0.7248254349913218
2020-01-09,0.2658837902058821
2020-01-10,0.7557415106468641
2020-01-13,0.7745136494671983
2020-01-14,0.24350483863595215
2020-01-15,0.761898796166518
2020-01-16,0.8305690590950884
2020-01-17,0.34667122504187786
2020-01-21,0.45225292284833535
2020-01-22,0.5004468428569601
2020-01-23,0.5841203432904151
2020-01-24,0.4443770473520111
2020-01-27,0.4100657574223079
2020-01-28,0.3300271493632981
2020-01-29,0.4006835982585026
2020-01-30,0.5918722797250516
2020-01-31,0.5277864237584187
2020-02-03,0.6053836508959074
2020-02-04,0.6302395556353637
2020-02-05,0.6705718602361239
2020-02-06,0.5165094841525762
2020-02-07,0.511589654556387
2020-02-10,0.5528346936099227
2020-02-11,0.5531816996124745
2020-02-12,0.49833011727481924
2020-02-13,0.4442638709933094
2020-02-14,0.294499022231933
2020-02-18,0.23697476883098756
2020-02-19,0.33335223362957817
2020-02-20,0.39126705246504334
2020-02-21,0.3658840175520085
2020-02-24,0.422366852141679
2020-02-25,0.5264255484320037
2020-02-26,0.34566900258811756
2020-02-27,0.6142767803974192
2020-02-28,0.6435134180473405
2020-03-02,0.587151005270644
2020-03-03,0.5104833316542544
2020-03-04,0.38659795907162536
2020-03-05,0.31127822685546525
2020-03-06,0.4822967028222948
2020-03-09,0.16299807111932563
2020-03-10,0.07818447921735054
2020-03-11,0.764708390182701
2020-03-12,0.7504397258082587
2020-03-13,0.2606795936254821
2020-03-16,0.28449230326727337
2020-03-17,0.4980943662861436
2020-03-18,0.4290164791070429
2020-03-19,0.44505169608502987
2020-03-20,0.4557676382976455
2020-03-23,0.6080979823762213
2020-03-24,0.31792053444939816
2020-03-25,0.766490453548268
2020-03-26,0.7156781378285153
2020-03-27,0.5685728260610093
2020-03-30,0.5583029943693889
2020-03-31,0.530498590923808
2020-04-01,0.48805592579474194
2020-04-02,0.6667845912236816
2020-04-03,0.6593647287105473
2020-04-06,0.7297700978456112
2020-04-07,0.503654288942471
2020-04-08,0.6256718715699422
2020-04-09,0.5795823427317556
2020-04-13,0.46334009397044473
2020-04-14,0.7126078779701276
2020-04-15,0.95
2020-04-16,0.2590831469411101
2020-04-17,0.7212471999727335
2020-04-20,0.4422314999449403
2020-04-21,0.29272506176505625
2020-04-22,0.6051144429481198
2020-04-23,0.6117828880995063
2020-04-24,0.6444583132888536
2020-04-27,0.5275837385172529
2020-04-28,0.5941309753030722
2020-04-29,0.2388221942016527
2020-04-30,0.12073099980057878
2020-05-01,0.20246769451427762
2020-05-04,0.7988351303447893
2020-05-05,0.1338086967357003
2020-05-06,0.6453585540462285
2020-05-07,0.3643213736865076
2020-05-08,0.42751245536665644
2020-05-11,0.41857250507070815
2020-05-12,0.5428616349140685
2020-05-13,0.8239349347285144
2020-05-14,0.3075787030684812
2020-05-15,0.7377108554419168
2020-05-18,0.5118830896247084
2020-05-19,0.392967192746926
2020-05-20,0.5503507979658689
2020-05-21,0.6300685012001523
2020-05-22,0.6111379679516108
2020-05-26,0.5438118209288979
2020-05-27,0.5643068572886883
2020-05-28,0.4438807170229483
2020-05-29,0.5650843755918965
2020-06-01,0.4485125824763008
2020-06-02,0.3322781649221695
2020-06-03,0.6617849134489298
2020-06-04,0.2717565033422987
2020-06-05,0.29507102864170914
2020-06-08,0.6568761530548337
2020-06-09,0.573552252712366
2020-06-10,0.6714977842115906
2020-06-11,0.24197929801537485
2020-06-12,0.8586013823665242
2020-06-15,0.3783224155609729
2020-06-16,0.37676848565228843
2020-06-17,0.3536722453188532
2020-06-18,0.4477009008338615
2020-06-19,0.6023785081440112
2020-06-22,0.7036067734593592
2020-06-23,0.7684518012577415
2020-06-24,0.7639116044262739
2020-06-25,0.9035265947322009
2020-06-26,0.09275926190777872
2020-06-29,0.5193725652445245
2020-06-30,0.4786961606752645
2020-07-01,0.6347064561541631
2020-07-02,0.4598986206164354
2020-07-06,0.28791462067328905
2020-07-07,0.23520829400793994
2020-07-08,0.7175677933723124
2020-07-09,0.5502328485328603
2020-07-10,0.4862093817180288
2020-07-13,0.6010045022921504
2020-07-14,0.4995492660140671
2020-07-15,0.46610322825100714
2020-07-16,0.2406275425274609
2020-07-17,0.6423790392012263
2020-07-20,0.24247666744996768
2020-07-21,0.95
2020-07-22,0.944595961096473
2020-07-23,0.05
2020-07-24,0.883652202078331
2020-07-27,0.95
2020-07-28,0.898222610256645
2020-07-29,0.8169823142172545
2020-07-30,0.8948443252963549
2020-07-31,0.900004953960573
2020-08-03,0.813985871217804
2020-08-04,0.6194260158700715
2020-08-05,0.3247382927084058
2020-08-06,0.7822837923548784
2020-08-07,0.38296340155004155
2020-08-10,0.8329821243177724
2020-08-11,0.8256632413822508
2020-08-12,0.775022108085077
2020-08-13,0.26535838974967213
2020-08-14,0.8313348840290413
2020-08-17,0.2794159654336229
2020-08-18,0.646045357204155
2020-08-19,0.573199244431244
2020-08-20,0.6263670324639997
2020-08-21,0.5149273062631374
2020-08-24,0.6315603165827274
2020-08-25,0.40025280776946687
2020-08-26,0.4288388965337898
2020-08-27,0.3054115353806891
2020-08-28,0.18808073274544093
2020-08-31,0.2500347776218312
2020-09-01,0.30113087348264667
2020-09-02,0.2782859406572898
2020-09-03,0.0814721125513174
2020-09-04,0.09710593161769013
2020-09-08,0.05
2020-09-09,0.9233053509134405
2020-09-10,0.3966295195992478
2020-09-11,0.3943609827910975
2020-09-14,0.689348378411925
2020-09-15,0.8639914279109655
2020-09-16,0.6931928376151327
2020-09-17,0.05
2020-09-18,0.05012937756796377
2020-09-21,0.050298667571608474
2020-09-22,0.8940973055458135
2020-09-23,0.845632928604642
2020-09-24,0.15741511926956425
2020-09-25,0.10862828431673022
2020-09-28,0.95
2020-09-29,0.6834165990038938
2020-09-30,0.695821647520146
2020-10-01,0.5681324173329174
2020-10-02,0.7680411018319957
2020-10-05,0.5751198949065042
2020-10-06,0.733194315584536
2020-10-07,0.7162846155232643
2020-10-08,0.7713812511131087
2020-10-09,0.7155304608740878
2020-10-12,0.44588629122175494
2020-10-13,0.6032485778880037
2020-10-14,0.20974516841892374
2020-10-15,0.8372593770199461
2020-10-16,0.9038523237050055
2020-10-19,0.9359763177219306
2020-10-20,0.6810074579958553
2020-10-21,0.5858673069503805
2020-10-22,0.4958041469850948
2020-10-23,0.512038731158702
2020-10-26,0.3949463034013032
2020-10-27,0.3699613642027513
2020-10-28,0.4534108593155276
2020-10-29,0.3184316915226709
2020-10-30,0.232895010361366
2020-11-02,0.21293198239979855
2020-11-03,0.2151799412238526
2020-11-04,0.2160240794113289
2020-11-05,0.29298062443502365
2020-11-06,0.25151091211572174
2020-11-09,0.5831174619886095
2020-11-10,0.6677107795153159
2020-11-11,0.7080855529060914
2020-11-12,0.48498159910740507
2020-11-13,0.4396081100841054
2020-11-16,0.612600176111606
2020-11-17,0.658213409217207
2020-11-18,0.5374602138117959
2020-11-19,0.457029616571008
2020-11-20,0.36000071422730145
2020-11-23,0.26348144459489636
2020-11-24,0.24404922664584558
2020-11-25,0.8503448609829377
2020-11-27,0.3023109837197314
2020-11-30,0.6155034400198252
2020-12-01,0.36168225609227656
2020-12-02,0.41036107272733435
2020-12-03,0.6310949399151615
2020-12-04,0.5604128178989497
2020-12-07,0.7635864663906425
2020-12-08,0.7923575061590277
2020-12-09,0.8631826769128486
2020-12-10,0.5843144290364362
2020-12-11,0.24010976585021923
2020-12-14,0.8086588170593338
2020-12-15,0.3228054417325871
2020-12-16,0.26923231429360833
2020-12-17,0.45410230258434703
2020-12-18,0.41711655446676454
2020-12-21,0.5108392956079713
2020-12-22,0.4068591112080044
2020-12-23,0.42449137078654486
2020-12-24,0.5852525951076515
2020-12-28,0.9099330193165646
2020-12-29,0.7631061936186943
2020-12-30,0.1940591498219021
2020-12-31,0.46211012024569553
2021-01-04,0.3962157454445423
2021-01-05,0.3111325980950388
2021-01-06,0.3492188486879707
2021-01-07,0.27298391926665827
2021-01-08,0.6269275394243417
2021-01-11,0.3834113481845294
2021-01-12,0.41312791901404766
2021-01-13,0.4338310985691796
2021-01-14,0.5241054501713277
2021-01-15,0.48504022806688524
2021-01-19,0.7569996245761462
2021-01-20,0.7228244831523347
2021-01-21,0.2409532734900619
2021-01-22,0.8523733930301263
2021-01-25,0.25792745969886455
2021-01-26,0.6361294760297924
2021-01-27,0.41457115878572315
2021-01-28,0.7503671945826315
2021-01-29,0.2071807624850643
2021-02-01,0.6836466201655117
2021-02-02,0.6857594595292115
2021-02-03,0.8347089620467304
2021-02-04,0.5624054949137134
2021-02-05,0.6292897670506296
2021-02-08,0.45109545224986136
2021-02-09,0.44744018440316985
2021-02-10,0.4279588577342143
2021-02-11,0.37566324055927913
2021-02-12,0.3676277603023256
2021-02-16,0.7153159871681652
2021-02-17,0.7706014784163917
2021-02-18,0.298340640332147
2021-02-19,0.7700155011404111
2021-02-22,0.27504400496616127
2021-02-23,0.6837031849935343
2021-02-24,0.6517147434420758
2021-02-25,0.540111652322388
2021-02-26,0.4318925892745196
2021-03-01,0.32352670478282153
2021-03-02,0.20590716648666527
2021-03-03,0.7020584347509033
2021-03-04,0.3162018976427193
2021-03-05,0.3217555356927887
2021-03-08,0.6166499545775148
2021-03-09,0.3927418593519309
2021-03-10,0.3577732196261889
2021-03-11,0.3546902911849816
2021-03-12,0.444737716646866
2021-03-15,0.5592838931997204
2021-03-16,0.5881392793794391
2021-03-17,0.5823100844542044
2021-03-18,0.5876648341791325
2021-03-19,0.5309127495206907
2021-03-22,0.45984494147620175
2021-03-23,0.39050065400856127
2021-03-24,0.5171614612459647
2021-03-25,0.40204551728765275
2021-03-26,0.4800868850252569
2021-03-29,0.45812251162360595
2021-03-30,0.5626728146005721
2021-03-31,0.5430047225129989
2021-04-01,0.5404256315981092
2021-04-05,0.6703506833825568
2021-04-06,0.6773443714230604
2021-04-07,0.6700553443035484
2021-04-08,0.6252431761124314
2021-04-09,0.2973386799951425
2021-04-12,0.3845191821002942
2021-04-13,0.6171723759350435
2021-04-14,0.7235145361174868
2021-04-15,0.6640486777142034
2021-04-16,0.6742266592389436
2021-04-19,0.6148686787714832
2021-04-20,0.662585117942214
2021-04-21,0.2968050767755298
2021-04-22,0.6149401468594219
2021-04-23,0.6551092948239217
2021-04-26,0.6264353169975752
2021-04-27,0.5197376103873156
2021-04-28,0.46564527876140227
2021-04-29,0.5472635739695354
2021-04-30,0.44388604848532137
2021-05-03,0.4625903763908168
2021-05-04,0.3841659102530493
2021-05-05,0.532384645803386
2021-05-06,0.5722192924657847
2021-05-07,0.5196505426947979
2021-05-10,0.5487731089087371
2021-05-11,0.45418705352975236
2021-05-12,0.48571499952437397
2021-05-13,0.5209186162848989
2021-05-14,0.49183204115857054
2021-05-17,0.5130675951181358
2021-05-18,0.567990663971832
2021-05-19,0.5615459887360025
2021-05-20,0.3914098753647756
2021-05-21,0.3395051486941873
2021-05-24,0.4423164973372984
2021-05-25,0.631386121745567
2021-05-26,0.3202447922853606
2021-05-27,0.5876129101526816
2021-05-28,0.7448061187466719
2021-06-01,0.7027372202478075
2021-06-02,0.38035185735660093
2021-06-03,0.4011014305058987
2021-06-04,0.44083546178290023
2021-06-07,0.5863920933528822
2021-06-08,0.539198802482617
2021-06-09,0.5905915925583406
2021-06-10,0.6360899786242623
2021-06-11,0.5934705914251022
2021-06-14,0.5726867909729014
2021-06-15,0.28102225268758924
2021-06-16,0.3129495533456363
2021-06-17,0.20778924633505252
2021-06-18,0.8031919745672434
2021-06-21,0.8328693209069717
2021-06-22,0.762881729666268
2021-06-23,0.6545262511221805
2021-06-24,0.6872693396792362
2021-06-25,0.62647180267115
2021-06-28,0.581221842949521
2021-06-29,0.5163121080840936
2021-06-30,0.5231744032565411
2021-07-01,0.47230536633085585
2021-07-02,0.49247395687440076
2021-07-06,0.6577820959561567
2021-07-07,0.6408716309897263
2021-07-08,0.6594303540574875
2021-07-09,0.6525795900164815
2021-07-12,0.6548296897829675
2021-07-13,0.3592947702636392
2021-07-14,0.6314899834418896
2021-07-15,0.662280038487059
2021-07-16,0.706971877879056
2021-07-19,0.5809250418105052
2021-07-20,0.5715287479613035
2021-07-21,0.42731563398161776
2021-07-22,0.5972513401896404
2021-07-23,0.5112997502632599
2021-07-26,0.47970068719955844
2021-07-27,0.5291975864701709
2021-07-28,0.48733276525477387
2021-07-29,0.5445012261901062
2021-07-30,0.4546485037398253
2021-08-02,0.5246573284764874
2021-08-03,0.5598815845226669
2021-08-04,0.6591725091156342
2021-08-05,0.28690060776380966
2021-08-06,0.7083030083702881
2021-08-09,0.36374596768897416
2021-08-10,0.4093237982447499
2021-08-11,0.5786071823445776
2021-08-12,0.512650107370483
2021-08-13,0.3340906200320193
2021-08-16,0.19660202236593274
2021-08-17,0.7381420831516972
2021-08-18,0.7771835812375802
2021-08-19,0.9295367827039469
2021-08-20,0.07499958165016153
2021-08-23,0.18405320973416742
2021-08-24,0.8291421246759935
2021-08-25,0.9497375180973021
2021-08-26,0.8445179273226324
2021-08-27,0.7236354744799891
2021-08-30,0.8745797091318175
2021-08-31,0.07246478825042776
2021-09-01,0.8251859523644569
2021-09-02,0.2006447436997291
2021-09-03,0.6532484518659106
2021-09-07,0.6522523927284785
2021-09-08,0.42818798440713157
2021-09-09,0.6067227508854888
2021-09-10,0.5715290759469704
2021-09-13,0.4901407533587126
2021-09-14,0.7046002392470425
2021-09-15,0.3079141704792906
2021-09-16,0.5137473326238259
2021-09-17,0.7959186900013203
2021-09-20,0.2814968063525422
2021-09-21,0.10518263938670468
2021-09-22,0.9241513847322741
2021-09-23,0.7753425590983984
2021-09-24,0.7175227930715706
2021-09-27,0.4693253180189605
2021-09-28,0.3501978346596509
2021-09-29,0.4832134885099684
2021-09-30,0.4921312654880994
2021-10-01,0.5458113269574594
2021-10-04,0.3598739019588837
2021-10-05,0.07014070924844377
2021-10-06,0.24618366199084837
2021-10-07,0.3113939016998618
2021-10-08,0.6352715110755821
2021-10-11,0.5972366895809513
2021-10-12,0.6804621255936707
2021-10-13,0.6073445141412741
2021-10-14,0.6659224920380562
2021-10-15,0.6750192111825262
2021-10-18,0.5894445568668453
2021-10-19,0.5007425463591606
2021-10-20,0.6462222677286948
2021-10-21,0.7466471155376623
2021-10-22,0.6288101847452833
2021-10-25,0.34223911631132187
2021-10-26,0.697293856304475
2021-10-27,0.05
2021-10-28,0.8492881324372832
2021-10-29,0.6536006005610954
2021-11-01,0.36063940275398065
2021-11-02,0.2978389503989851
2021-11-03,0.2602764883090554
2021-11-04,0.8172824307166882
2021-11-05,0.3235097552208823
2021-11-08,0.31067935158959437
2021-11-09,0.5716024852923494
2021-11-10,0.43344838850882317
2021-11-11,0.4469393313697312
2021-11-12,0.6775058876566449
2021-11-15,0.5492895395769875
2021-11-16,0.2676557244338026
2021-11-17,0.7294895401526671
2021-11-18,0.09433650670471677
2021-11-19,0.06110586371150613
2021-11-22,0.914940747393068
2021-11-23,0.07187051758587618
2021-11-24,0.05
2021-11-26,0.05
2021-11-29,0.07891674230873325
2021-11-30,0.8388726492757976
2021-12-01,0.2706692126715181
2021-12-02,0.36186056298885005
2021-12-03,0.3680846602255593
2021-12-06,0.5391211815450865
2021-12-07,0.5424829440210623
2021-12-08,0.40897251017934877
2021-12-09,0.392193043754787
2021-12-10,0.48114704991230856
2021-12-13,0.4082177675780764
2021-12-14,0.6805475924392416
2021-12-15,0.5563070134906788
2021-12-16,0.3891906979464641
2021-12-17,0.48771332186925426
2021-12-20,0.5084609465646361
2021-12-21,0.6012565488427838
2021-12-22,0.5821730213104273
2021-12-23,0.5404832256099651
2021-12-27,0.505174978199224
2021-12-28,0.4579511550883756
2021-12-29,0.5898735187679277
2021-12-30,0.8651148409325289
2021-12-31,0.8027498498091553
2022-01-03,0.2213334518275929
2022-01-04,0.825785305869686
2022-01-05,0.41635785724271696
2022-01-06,0.4971825037267738
2022-01-07,0.48837011730997965
2022-01-10,0.45046559930888735
2022-01-11,0.4120312837539345
2022-01-12,0.7866729978594807
2022-01-13,0.5639873171142454
2022-01-14,0.2156668665782094
2022-01-18,0.7798347809058055
2022-01-19,0.09430238920724526
2022-01-20,0.9092184074451841
2022-01-21,0.95
2022-01-24,0.634163298594403
2022-01-25,0.5829414582188865
2022-01-26,0.4064044680664041
2022-01-27,0.9447464914198549
2022-01-28,0.20352503630664898
2022-01-31,0.1307087647203321
2022-02-01,0.24884150559923565
2022-02-02,0.12056941691937166
2022-02-03,0.40243277573348674
2022-02-04,0.4513352506342014
2022-02-07,0.30682666417530297
2022-02-08,0.3757169376150028
2022-02-09,0.7745057361160165
2022-02-10,0.7895194092741603
2022-02-11,0.8672200087312048
2022-02-14,0.6359911456389072
2022-02-15,0.5908895541691476
2022-02-16,0.44061659480676746
2022-02-17,0.6075480539905522
2022-02-18,0.7919494124884973
2022-02-22,0.3883048912211028
2022-02-23,0.5561006744347372
2022-02-24,0.5084686210923116
2022-02-25,0.5745842586436053
2022-02-28,0.6590579152073839
2022-03-01,0.43085766930903374
2022-03-02,0.5577793513766611
2022-03-03,0.4763322145038943
2022-03-04,0.3846149641133355
2022-03-07,0.47055359415410347
2022-03-08,0.683421038613507
2022-03-09,0.8112561979056069
2022-03-10,0.7113192670255051
2022-03-11,0.7463976427804702
2022-03-14,0.864823677542687
2022-03-15,0.8134422053170437
2022-03-16,0.21845522129948758
2022-03-17,0.28358455603968014
2022-03-18,0.18261537696983585
2022-03-21,0.8656233020881763
2022-03-22,0.21031800704189324
2022-03-23,0.8111049603566638
2022-03-24,0.7498234178411055
2022-03-25,0.23035218600276097
2022-03-28,0.8370245779124404
2022-03-29,0.95
2022-03-30,0.9265693919122309
2022-03-31,0.9389573867214029
2022-04-01,0.09005242505902161
2022-04-04,0.9186738154736078
2022-04-05,0.8591403023071869
2022-04-06,0.7860063063123786
2022-04-07,0.6399652334783393
2022-04-08,0.4716579330948534
2022-04-11,0.44220442834667667
2022-04-12,0.4762937989516153
2022-04-13,0.38070075434723005
2022-04-14,0.393949355532837
2022-04-18,0.6291013189951873
2022-04-19,0.5852257452820694
2022-04-20,0.7319659851922917
2022-04-21,0.9031979894481744
2022-04-22,0.9491213657260809
2022-04-25,0.14333930352584429
2022-04-26,0.5526140469771461
2022-04-27,0.5347236476808779
2022-04-28,0.7059775343795149
2022-04-29,0.6080530880800517
2022-05-02,0.385781134275594
2022-05-03,0.5152228756011701
2022-05-04,0.49507858925246634
2022-05-05,0.3895246825326631
2022-05-06,0.4851009581396583
2022-05-09,0.23202992839460418
2022-05-10,0.8766152978898163
2022-05-11,0.8411221073858565
2022-05-12,0.8464011153892379
2022-05-13,0.8436313246755324
2022-05-16,0.7268697098940183
2022-05-17,0.4517299174019292
2022-05-18,0.6227292219511679
2022-05-19,0.549842349983098
2022-05-20,0.7155285098233558
2022-05-23,0.6828216475734696
2022-05-24,0.6846980266291028
2022-05-25,0.6011599490262083
2022-05-26,0.5279818108822791
2022-05-27,0.41198531854655734
2022-05-31,0.6458460808735373
2022-06-01,0.10267483739875138
2022-06-02,0.25552531056479494
2022-06-03,0.21695599223684967
2022-06-06,0.06415200766550404
2022-06-07,0.9470800787138446
2022-06-08,0.95
2022-06-09,0.05
2022-06-10,0.05569980725473532
2022-06-13,0.95
2022-06-14,0.3847943155084141
2022-06-15,0.21710370662367998
2022-06-16,0.95
2022-06-17,0.09019428633773809
2022-06-21,0.05008587727781188
2022-06-22,0.06588246929683253
2022-06-23,0.4824689453104938
2022-06-24,0.5523416286469719
2022-06-27,0.4767152035500805
2022-06-28,0.36740081230369437
2022-06-29,0.48341035419313827
2022-06-30,0.0614057260044562
2022-07-01,0.05
2022-07-05,0.9329994872948812
2022-07-06,0.95
2022-07-07,0.95
2022-07-08,0.9160845801048445
2022-07-11,0.05
2022-07-12,0.95
2022-07-13,0.05
2022-07-14,0.95
2022-07-15,0.8680668372115818
2022-07-18,0.6675928228554251
2022-07-19,0.25743538324805076
2022-07-20,0.4302018203117655
2022-07-21,0.6590219048734429
2022-07-22,0.4681916931741138
2022-07-25,0.268124269920768
2022-07-26,0.18632377688270646
2022-07-27,0.2768340225835405
2022-07-28,0.5600512086157377
2022-07-29,0.6211955780482008
2022-08-01,0.603154509845476
2022-08-02,0.7759232766400223
2022-08-03,0.7488045506064173
2022-08-04,0.7404541617527128
2022-08-05,0.7883215214652634
2022-08-08,0.8796665298768032
2022-08-09,0.95
2022-08-10,0.7750217758391769
2022-08-11,0.6186047090854743
2022-08-12,0.607641455811857
2022-08-15,0.23130251364256466
2022-08-16,0.5151853289750408
2022-08-17,0.549407551935289
2022-08-18,0.5252326272242389
2022-08-19,0.44988494343452523
2022-08-22,0.6608577732906982
2022-08-23,0.23689308403076004
2022-08-24,0.08961754581682846
2022-08-25,0.1975322770336929
2022-08-26,0.18293758332278856
2022-08-29,0.26419184101616566
2022-08-30,0.659434837297037
2022-08-31,0.5469413298116604
2022-09-01,0.24388394600729413
2022-09-02,0.17870896941555386
2022-09-06,0.43511044298191914
2022-09-07,0.40950721279812397
2022-09-08,0.44100269842030404
2022-09-09,0.30754529916316353
2022-09-12,0.9140016011733247
2022-09-13,0.9085293053794843
2022-09-14,0.06861054095608486
2022-09-15,0.21311182381771007
2022-09-16,0.23020845451440453
2022-09-19,0.23361450338887046
2022-09-20,0.13077446282509333
2022-09-21,0.2523397004183989
2022-09-22,0.4472059603382192
2022-09-23,0.5428723799331994
2022-09-26,0.4038011788586055
2022-09-27,0.4973495683051923
2022-09-28,0.4335659978870477
2022-09-29,0.6378909815235964
2022-09-30,0.4903720568184611
2022-10-03,0.43876597820589425
2022-10-04,0.2254780260186501
2022-10-05,0.07351599432553962
2022-10-06,0.9289523447733502
2022-10-07,0.05
2022-10-10,0.8995056506615533
2022-10-11,0.07525844997597875
2022-10-12,0.2160906662874389
2022-10-13,0.13827135976828447
2022-10-14,0.31032411041211133
2022-10-17,0.46520984273402005
2022-10-18,0.6325137530172841
2022-10-19,0.635381908222242
2022-10-20,0.20306277749139062
2022-10-21,0.11992151974002858
2022-10-24,0.95
2022-10-25,0.8472497912987209
2022-10-26,0.22802605310559892
2022-10-27,0.8162347317225137
2022-10-28,0.31133288005694937
2022-10-31,0.36685739179529875
2022-11-01,0.3686103154847103
2022-11-02,0.49239704481404206
2022-11-03,0.5423360704248329
2022-11-04,0.5644299133033359
2022-11-07,0.27921702243815366
2022-11-08,0.3155617244423702
2022-11-09,0.11820405948583691
2022-11-10,0.844153694097316
2022-11-11,0.8268890535847407
2022-11-14,0.9012764289938066
2022-11-15,0.95
2022-11-16,0.732591413608659
2022-11-17,0.33703373617346993
2022-11-18,0.6694237162201321
2022-11-21,0.16538496280800713
2022-11-22,0.08379310604012907
2022-11-23,0.05
2022-11-25,0.14677262789464432
2022-11-28,0.5175757092397024
2022-11-29,0.3105721770797951
2022-11-30,0.45737169420980256
2022-12-01,0.3569347827685941
2022-12-02,0.3039437112221818
2022-12-05,0.7224797662884653
2022-12-06,0.6286816318395951
2022-12-07,0.41783761857385443
2022-12-08,0.7065909805050336
2022-12-09,0.086188504386872
2022-12-12,0.05
2022-12-13,0.10098103692636207
2022-12-14,0.05
2022-12-15,0.10212627298961281
2022-12-16,0.95
2022-12-19,0.06537969597091324
2022-12-20,0.08096039293038261
2022-12-21,0.05
2022-12-22,0.9441499275352886
2022-12-23,0.95
2022-12-27,0.95
2022-12-28,0.05
2022-12-29,0.9411883388039638
2022-12-30,0.05
2023-01-03,0.31142334650202413
2023-01-04,0.05
2023-01-05,0.8517698808747808
2023-01-06,0.38114276454758816
2023-01-09,0.21989808798232865
2023-01-10,0.27025460052335243
2023-01-11,0.0668376181223726
2023-01-12,0.05725725185044597
2023-01-13,0.05
2023-01-17,0.95
2023-01-18,0.05
2023-01-19,0.05
2023-01-20,0.05
2023-01-23,0.05
2023-01-24,0.95
2023-01-25,0.12880524609873595
2023-01-26,0.1323104360578651
2023-01-27,0.05481814968138325
2023-01-30,0.585384984499944
2023-01-31,0.29211197397027133
2023-02-01,0.4169600811920166
2023-02-02,0.5241883898627623
2023-02-03,0.496447363369479
2023-02-06,0.31139290790227037
2023-02-07,0.05
2023-02-08,0.22711488530667465
2023-02-09,0.42208443421532366
2023-02-10,0.3821574541859866
2023-02-13,0.25360257258175606
2023-02-14,0.33969616296735083
2023-02-15,0.7913016567776279
2023-02-16,0.13378921122949167
2023-02-17,0.05
2023-02-21,0.9097682978612665
2023-02-22,0.941774073900771
2023-02-23,0.2042966311007411
2023-02-24,0.5473927371509878
2023-02-27,0.204374457468531
2023-02-28,0.5858024669353086
2023-03-01,0.34222464123758106
2023-03-02,0.2783150793642231
2023-03-03,0.07979887519614937
2023-03-06,0.2853667600437962
2023-03-07,0.8357725180037051
2023-03-08,0.24936272938982093
2023-03-09,0.21019535063519343
2023-03-10,0.7738981422360734
2023-03-13,0.08477994079778936
2023-03-14,0.95
2023-03-15,0.10345410383867701
2023-03-16,0.1919151682516439
2023-03-17,0.24682645387822022
2023-03-20,0.3506605523162092
2023-03-21,0.6833617542705508
2023-03-22,0.5493256612964618
2023-03-23,0.5155267769216362
2023-03-24,0.29870022952104575
2023-03-27,0.4984026001191388
2023-03-28,0.6506374326602669
2023-03-29,0.39927303733617864
2023-03-30,0.3654780225139956
2023-03-31,0.5525934029389058
2023-04-03,0.6766100284317055
2023-04-04,0.7788999498275546
2023-04-05,0.462983909431211
2023-04-06,0.6773283136415599
2023-04-10,0.5335228905655867
2023-04-11,0.3853720205850846
2023-04-12,0.6236734233671636
2023-04-13,0.7908924013594796
2023-04-14,0.7342445891077979
2023-04-17,0.6286178143947477
2023-04-18,0.4457557910799364
2023-04-19,0.49052351620397944
2023-04-20,0.5370975007720347
2023-04-21,0.3715393639234654
2023-04-24,0.3589714540460412
2023-04-25,0.46832694059617647
2023-04-26,0.3987666264597631
2023-04-27,0.3322888608969373
2023-04-28,0.2669313272422714
2023-05-01,0.5486316095239538
2023-05-02,0.3631394244512087
2023-05-03,0.6706268382976077
2023-05-04,0.7479384882792545
2023-05-05,0.945698223130192
2023-05-08,0.8070993825960919
2023-05-09,0.6107146763294122
2023-05-10,0.5964797336342285
2023-05-11,0.7196729399342174
2023-05-12,0.5012143702076041
2023-05-15,0.5436667014922659
2023-05-16,0.45387009335507994
2023-05-17,0.544502729247522
2023-05-18,0.11809428021971585
2023-05-19,0.8445261973405366
2023-05-22,0.4026911897476454
2023-05-23,0.45070279240467515
2023-05-24,0.4981470220932115
2023-05-25,0.5502487316275434
2023-05-26,0.6288708333321951
2023-05-30,0.42428081961384667
2023-05-31,0.5373529500303961
2023-06-01,0.684370433282525
2023-06-02,0.8628753475966758
2023-06-05,0.8207673347132561
2023-06-06,0.7261983605689576
2023-06-07,0.6718465249608587
2023-06-08,0.6914484261976477
2023-06-09,0.8667301965923966
2023-06-12,0.9050434965201704
2023-06-13,0.9173452376409308
2023-06-14,0.8337848481751156
2023-06-15,0.6244895684242013
2023-06-16,0.5577244365036738
2023-06-20,0.6628522989184974
2023-06-21,0.5587172980335836
2023-06-22,0.43123239043592915
2023-06-23,0.6103391656192297
2023-06-26,0.44651138357009257
2023-06-27,0.45009694713508375
2023-06-28,0.5227437677265636
2023-06-29,0.6159442040408829
2023-06-30,0.7073106860032284
2023-07-03,0.3419083397325136
2023-07-05,0.47252046262879555
2023-07-06,0.5344596680625369
2023-07-07,0.42958121607868377
2023-07-10,0.4552250419906073
2023-07-11,0.4768701273798502
2023-07-12,0.6156838512218169
2023-07-13,0.5508872039444325
2023-07-14,0.5123335562387509
2023-07-17,0.3867028146117044
2023-07-18,0.5443706783740709
2023-07-19,0.4903315194677206
2023-07-20,0.2755934356293599
2023-07-21,0.3299217188458142
2023-07-24,0.5838093228345433
2023-07-25,0.5408814596810818
2023-07-26,0.3602858053290704
2023-07-27,0.8682623684547218
2023-07-28,0.5997466884419774
2023-07-31,0.5906048562288009
2023-08-01,0.7053642655884045
2023-08-02,0.6678993587931288
2023-08-03,0.5458549823472298
2023-08-04,0.5082785989465212
2023-08-07,0.31794082785758704
2023-08-08,0.38262804488389657
2023-08-09,0.17714519433802794
2023-08-10,0.7812633148239391
2023-08-11,0.7599898414853219
2023-08-14,0.4345016323741051
2023-08-15,0.5366873317155262
2023-08-16,0.4461605019917289
2023-08-17,0.3835222087125542
2023-08-18,0.6938655326212749
2023-08-21,0.5435515725615203
2023-08-22,0.558196642181708
2023-08-23,0.48391211245309157
2023-08-24,0.4538402622022932
2023-08-25,0.5116135992949319
2023-08-28,0.5528469140669205
2023-08-29,0.3391057165676176
2023-08-30,0.5763902389257773
2023-08-31,0.45736246253417945
2023-09-01,0.3942460998620839
2023-09-05,0.6162473294034091
2023-09-06,0.7702158649029843
2023-09-07,0.6164553622745212
2023-09-08,0.4409070950164322
2023-09-11,0.47752883977072835
2023-09-12,0.39282003990854486
2023-09-13,0.4411636835153183
2023-09-14,0.6082383392207136
2023-09-15,0.7404049975023008
2023-09-18,0.6690465995584751
2023-09-19,0.43153962784785027
2023-09-20,0.6435770984982518
2023-09-21,0.8223828958500953
2023-09-22,0.8861968477810053
2023-09-25,0.05
2023-09-26,0.95
2023-09-27,0.95
2023-09-28,0.23486880382783268
2023-09-29,0.6995633887349598
2023-10-02,0.7955408992336361
2023-10-03,0.6415479430615431
2023-10-04,0.6436814763362957
2023-10-05,0.41250677170129657
2023-10-06,0.19108761340228897
2023-10-09,0.1810389286365954
2023-10-10,0.17827396674830168
2023-10-11,0.2503814862322257
2023-10-12,0.32138891259078917
2023-10-13,0.5072047287233877
2023-10-16,0.6828396792391117
2023-10-17,0.34921394704382935
2023-10-18,0.8403104850480791
2023-10-19,0.8515520738673181
2023-10-20,0.9373667371192766
2023-10-23,0.8397819993163977
2023-10-24,0.32687906236960346
2023-10-25,0.6089852036018308
2023-10-26,0.3741145154436201
2023-10-27,0.5818760392169824
2023-10-30,0.6680896856218178
2023-10-31,0.28251053026306583
2023-11-01,0.22982514032704926
2023-11-02,0.29330777485616033
2023-11-03,0.17088230253977985
2023-11-06,0.2517544037656264
2023-11-07,0.35750194104338107
2023-11-08,0.6409934501084515
2023-11-09,0.3969639280798462
2023-11-10,0.4311848640741363
2023-11-13,0.2290188640740236
2023-11-14,0.29593182904830345
2023-11-15,0.2260100048454825
2023-11-16,0.7124857228662335
2023-11-17,0.4299682615088518
2023-11-20,0.3960988787819601
2023-11-21,0.33223109761318087
2023-11-22,0.3337627962589992
2023-11-23,0.23869190577481608
2023-11-24,0.7136914665111653
2023-11-27,0.3039139747330972
2023-11-28,0.2765648015342556
2023-11-29,0.9438568344627493
2023-11-30,0.16276788741676512
2023-12-01,0.8254861267428255
2023-12-04,0.34908127631244873
2023-12-05,0.3717234684280245
2023-12-06,0.46577747735621633
2023-12-07,0.3574689909668423
2023-12-08,0.5273422191002002
2023-12-11,0.5993155735313315
2023-12-12,0.7779129542874275
2023-12-13,0.5591759422188426
2023-12-14,0.5759879769658455
2023-12-15,0.42803612753642395
2023-12-18,0.586215384823113
2023-12-19,0.6550290370967018
2023-12-20,0.8321285793922507
2023-12-21,0.8136287021606354
2023-12-22,0.7306559528483522
2023-12-26,0.928794548748521
2023-12-27,0.8146346625181791
2023-12-28,0.948471809129034
2023-12-29,0.9150212922092604
2024-01-02,0.7101609867028515
2024-01-03,0.6521389470916382
2024-01-04,0.596242956930934
2024-01-05,0.9143679521325724
2024-01-08,0.05632999983422152
2024-01-09,0.95
2024-01-10,0.7484819035741436
2024-01-11,0.12537922016718742
2024-01-12,0.9022550709224113
2024-01-16,0.05
2024-01-17,0.06548228229017149
2024-01-18,0.059618058690645785
2024-01-19,0.08449481069636608
2024-01-22,0.22622363933507217
2024-01-23,0.9226952805146768
2024-01-24,0.05
2024-01-25,0.05
2024-01-26,0.05
2024-01-29,0.05
2024-01-30,0.8298135539986236
2024-01-31,0.95
2024-02-01,0.08757964716671063
2024-02-02,0.09618977218909742
2024-02-05,0.06512925505539811
2024-02-06,0.23308809870845087
2024-02-07,0.6967395841088168
2024-02-08,0.6788976009139858
2024-02-09,0.30484791818858614
2024-02-12,0.2656851360816865
2024-02-13,0.6325226809174181
2024-02-14,0.8326511330786838
2024-02-15,0.8329944228545398
2024-02-16,0.8169973279682768
2024-02-20,0.8927995288322088
2024-02-21,0.29754526979284773
2024-02-22,0.7589386217240459
2024-02-23,0.7420882664606981
2024-02-26,0.6542595506979523
2024-02-27,0.6427944492644422
2024-02-28,0.2724658915211836
2024-02-29,0.28033644249658
2024-03-01,0.6025760998937179
2024-03-04,0.2081173723201976
2024-03-05,0.15576008688049098
2024-03-06,0.719467119501295
2024-03-07,0.3292668904610635
2024-03-08,0.3732768946181405
2024-03-11,0.3593791441372873
2024-03-12,0.33475733233549443
2024-03-13,0.3430612531187977
2024-03-14,0.6002171508813996
2024-03-15,0.6470928651930747
2024-03-18,0.6649782739516027
2024-03-19,0.6383974341320712
2024-03-20,0.27350076936312206
2024-03-21,0.5841663842111381
2024-03-22,0.2870997214038832
2024-03-25,0.8370220769435944
2024-03-26,0.9308590066777027
2024-03-27,0.6964074627731159
2024-03-28,0.5088674322913119
2024-04-01,0.5299763860126713
2024-04-02,0.29381381790009603
2024-04-03,0.3593758220273218
2024-04-04,0.44074661650982266
2024-04-05,0.4300434593940825
2024-04-08,0.3542469693355489
2024-04-09,0.455735208432663
2024-04-10,0.4419492927808638
2024-04-11,0.297644935504658
2024-04-12,0.6577558500836301
2024-04-15,0.7347739184293588
2024-04-16,0.1379871330291699
2024-04-17,0.22536707037303386
2024-04-18,0.685491640887085
2024-04-19,0.8372041967953964
2024-04-22,0.09461835468267964
2024-04-23,0.9498041219394278
2024-04-24,0.9392841776575784
2024-04-25,0.95
2024-04-26,0.9330653382957812
2024-04-29,0.6914679229800091
2024-04-30,0.1062463024258959
2024-05-01,0.903378759723436
2024-05-02,0.09355862365146508
2024-05-03,0.8260581951744413
2024-05-06,0.8501936046810822
2024-05-07,0.95
2024-05-08,0.8793590006431039
2024-05-09,0.9047299417146413
2024-05-10,0.8845692253111818
2024-05-13,0.6752659431626313
2024-05-14,0.682930574179971
2024-05-15,0.7014618801211991
2024-05-16,0.541199918207681
2024-05-17,0.48921786834366743
2024-05-20,0.494704563107613
2024-05-21,0.4813368616681613
2024-05-22,0.42470630417743443
2024-05-23,0.6894277631345478
2024-05-24,0.8686312423286774
2024-05-28,0.7712118524191094
2024-05-29,0.9389988445356476
2024-05-30,0.8226525915976199
2024-05-31,0.7819370004899395
2024-06-03,0.3825774902784263
2024-06-04,0.3122316018604252
2024-06-05,0.5918654727147787
2024-06-06,0.4469422518789046
2024-06-07,0.3483209517347839
2024-06-10,0.6082436394226911
2024-06-11,0.23156840753769828
2024-06-12,0.26866276887997337
2024-06-13,0.3308361239133101
2024-06-14,0.22796828633187535
2024-06-17,0.1925605370711115
2024-06-18,0.1621568464968237
2024-06-20,0.20612761975306468
2024-06-21,0.12562259767193099
2024-06-24,0.8633963708806158
2024-06-25,0.8495847384692021
2024-06-26,0.268826782826343
2024-06-27,0.165498899206257
2024-06-28,0.21951817770600823
2024-07-01,0.7686723340139668
2024-07-02,0.7372410558981076
2024-07-03,0.1282961875543286
2024-07-05,0.7159805149898896
2024-07-08,0.32924885675978394
2024-07-09,0.4137993708031172
2024-07-10,0.3465951016511431
2024-07-11,0.34149345313870866
2024-07-12,0.26162808310057817
2024-07-15,0.37822167754281094
2024-07-16,0.6459214158899027
2024-07-17,0.593369155122737
2024-07-18,0.6115011032028536
2024-07-19,0.6859173167796074
2024-07-22,0.20357515128193326
2024-07-23,0.7325980304585511
2024-07-24,0.43245853454873157
2024-07-25,0.5334104161167151
2024-07-26,0.626709062339426
2024-07-29,0.7757729181896863
2024-07-30,0.39935654366898016
2024-07-31,0.650412707395002
2024-08-01,0.7346963945738753
2024-08-02,0.7284763980005857
2024-08-05,0.6848926056520048
2024-08-06,0.2653586570799391
2024-08-07,0.5773695791473339
2024-08-08,0.4379166507910182
2024-08-09,0.4153350560624285
2024-08-12,0.6741546415343586
2024-08-13,0.2779038722814892
2024-08-14,0.22942714856445276
2024-08-15,0.3379119850238743
2024-08-16,0.5157277286897962
2024-08-19,0.5722509003818522
2024-08-20,0.5115971731209713
2024-08-21,0.4189654175515687
2024-08-22,0.28001095810608756
2024-08-23,0.6953715900488053
2024-08-26,0.7319911180116663
2024-08-27,0.16854027996643406
2024-08-28,0.8240866773025041
2024-08-29,0.2718326375022811
2024-08-30,0.6908383861794853
2024-09-03,0.2900230413077636
2024-09-04,0.6568988229643397
2024-09-05,0.5315292511307307
2024-09-06,0.5645443180102472
2024-09-09,0.31269980351015997
2024-09-10,0.8393964573436974
2024-09-11,0.23910717321790428
2024-09-12,0.7178718899515901
2024-09-13,0.8861560315002371
2024-09-16,0.10083671307296366
2024-09-17,0.932361078897617
2024-09-18,0.948358945543444
2024-09-19,0.05
2024-09-20,0.88915283195135
2024-09-23,0.6983142915073989
2024-09-24,0.6297676544924067
2024-09-25,0.4848124759881898
2024-09-26,0.6033071347983516
2024-09-27,0.3124276869907482
2024-09-30,0.26338563544256094
2024-10-01,0.22153678324129966
2024-10-02,0.18053361314043584
2024-10-03,0.05
2024-10-04,0.05
2024-10-07,0.05
2024-10-08,0.18690503720300677
2024-10-09,0.8188549170624856
2024-10-10,0.2787318729238226
2024-10-11,0.4024433614049579
2024-10-14,0.5099562083877008
2024-10-15,0.23125745178700252
2024-10-16,0.0787486716340987
2024-10-17,0.12012151350192979
2024-10-18,0.17788971592530103
2024-10-21,0.7166676613644302
2024-10-22,0.8710743570289581
2024-10-23,0.7840514044977115
2024-10-24,0.6436715568696242
2024-10-25,0.6214173204323384
2024-10-28,0.8874798284424784
2024-10-29,0.9122015989684207
2024-10-30,0.400024259157365
2024-10-31,0.7126973871037519
2024-11-01,0.6213362364780031
2024-11-04,0.39514274739697536
2024-11-05,0.31184012763872687
2024-11-06,0.6904535649381318
2024-11-07,0.8850112197567982
2024-11-08,0.9255652553641577
2024-11-11,0.8014752049415511
2024-11-12,0.824785396031748
2024-11-13,0.8359035134285578
2024-11-14,0.8141824878174109
2024-11-15,0.7656277812697074
2024-11-18,0.6548676538487797
2024-11-19,0.46130335974278
2024-11-20,0.41570619384821317
2024-11-21,0.3683496914586776
2024-11-22,0.5167059680346547
2024-11-25,0.6175527044402546
2024-11-26,0.3449049983313326
2024-11-27,0.3553413872504577
2024-11-29,0.5793266318477228
2024-12-02,0.47628067876161995
2024-12-03,0.614696593488749
2024-12-04,0.7710166289694544
2024-12-05,0.3165201156453669
2024-12-06,0.8701768056280914
2024-12-09,0.926673980504014
2024-12-10,0.8252859757341725
2024-12-11,0.9030011225539385
2024-12-12,0.6736093875041006
2024-12-13,0.7086253452138415
2024-12-16,0.05
2024-12-17,0.3045308142287109
2024-12-18,0.3202736777290183
2024-12-19,0.4392762475105419
2024-12-20,0.4883462866810708
2024-12-23,0.3675038696988742
2024-12-24,0.36882717014973443
2024-12-26,0.509818813689843
2024-12-27,0.9317520793536848
2024-12-30,0.5157447480224793
2024-12-31,0.6654534098357533
2025-01-02,0.23038051968843232
2025-01-03,0.9340318578013587
2025-01-06,0.6150824481872589
2025-01-07,0.6896124905638681
2025-01-08,0.7356288856244536
2025-01-09,0.4243546335479212
2025-01-10,0.3663294942658965
2025-01-13,0.5432083076813735
2025-01-14,0.9004979909807864
2025-01-15,0.05
2025-01-16,0.05
2025-01-17,0.055955289026246996
2025-01-21,0.22992558976765406
2025-01-22,0.10542815379307091
2025-01-23,0.8489108555694437
2025-01-24,0.16646390315911883
2025-01-27,0.6889747471687161
2025-01-28,0.4729009740504445
2025-01-29,0.5033653076087394
2025-01-30,0.8657966580537214
2025-01-31,0.9102704849131883
2025-02-03,0.689766498262391
2025-02-04,0.9381528322138075
2025-02-05,0.055256175692134216
2025-02-06,0.948199892499271
2025-02-07,0.9255717658712043
2025-02-10,0.7769455442580868
2025-02-11,0.8158966384255517
2025-02-12,0.719195309511158
2025-02-13,0.6945712870797932
2025-02-14,0.5683420308326669
2025-02-18,0.542998120510928
2025-02-19,0.5003639481987437
2025-02-20,0.33440387619798484
2025-02-21,0.5497707557492287
2025-02-24,0.7219046731602744
2025-02-25,0.6283631376572053
2025-02-26,0.6843812729302613
2025-02-27,0.5667697793653793
2025-02-28,0.6063299030773622
2025-03-03,0.48140898644768115
2025-03-04,0.3156264760478227
2025-03-05,0.3347867191231753
2025-03-06,0.5162775104308076
2025-03-07,0.2519630295933641
2025-03-10,0.2269248030156886
2025-03-11,0.22549815663880096
2025-03-12,0.40356660038655406
2025-03-13,0.6464253964655063
2025-03-14,0.39879095645208806
2025-03-17,0.5714803280085121
2025-03-18,0.5664767577933432
2025-03-19,0.38087168895012585
2025-03-20,0.5133741194838469
2025-03-21,0.5373564426729714
2025-03-24,0.5957958388341824
2025-03-25,0.36979794279677897
2025-03-26,0.6974297930872486
2025-03-27,0.38284749136137364
2025-03-28,0.21915012961509125
2025-03-31,0.86213359466693
2025-04-01,0.1386557280833241
2025-04-02,0.09904108765620404
2025-04-03,0.95
2025-04-04,0.09585653119586449
2025-04-07,0.09507278045784312
2025-04-08,0.23853370620828251
2025-04-09,0.9475244679255319
2025-04-10,0.8641334198053591
2025-04-11,0.09787945194026457
2025-04-14,0.4823949940332879
2025-04-15,0.5800593915395649
2025-04-16,0.5261478445215848
2025-04-17,0.36691707661624684
2025-04-21,0.8964742801304999
2025-04-22,0.8341070536900765
2025-04-23,0.7894171392249012
2025-04-24,0.95
2025-04-25,0.05957633646530034
2025-04-28,0.8472792971296432
2025-04-29,0.6202766608891221
2025-04-30,0.2672588183106719
2025-05-01,0.49124573717236614
2025-05-02,0.3243796068458735
2025-05-05,0.6684468972683397
2025-05-06,0.20140690460470323
2025-05-07,0.621669507738275
2025-05-08,0.38647293577266
2025-05-09,0.24083250184010885
2025-05-12,0.2797329925387626
2025-05-13,0.3301110039737451
2025-05-14,0.5003702732428946
2025-05-15,0.6109579828225857
2025-05-16,0.5672285513848301
2025-05-19,0.9447937974950321
2025-05-20,0.6807042639830558
2025-05-21,0.6977307104304392
2025-05-22,0.30143615638189447
2025-05-23,0.26738226905531326
2025-05-27,0.6417434646785669
2025-05-28,0.6808975698557146
2025-05-29,0.4570747891867881
2025-05-30,0.5388402847858305
2025-06-02,0.559866658215999
2025-06-03,0.5326438706376144
2025-06-04,0.5900968570466518
2025-06-05,0.6415791745780196
2025-06-06,0.6179996900625399
2025-06-09,0.4325567211301542
2025-06-10,0.4625865111164824
2025-06-11,0.4136622275983022
2025-06-12,0.5816253020648031
2025-06-13,0.46749617464691806
2025-06-16,0.3123237412764542
2025-06-17,0.7337637481564956
2025-06-18,0.728586282322308
2025-06-20,0.2418378272482562
2025-06-23,0.7186061937483654
2025-06-24,0.44351885377938255
2025-06-25,0.4908373626112818
2025-06-26,0.4592698649158295
2025-06-27,0.29281141695256835
2025-06-30,0.4467766539577587
2025-07-01,0.5359232440584543
2025-07-02,0.5035787444283544
2025-07-03,0.6040588485898603
2025-07-04,0.5925678371293298
2025-07-07,0.5341933498711479
2025-07-08,0.5091579043812671
2025-07-09,0.42726728496822536
2025-07-10,0.6451989436710085
2025-07-11,0.3569413336302099
2025-07-14,0.21484183364349546
2025-07-15,0.17037342348898865
2025-07-16,0.7338766521085794
2025-07-17,0.20483619561598532
2025-07-18,0.8011576938153778
2025-07-21,0.3579264896432162
2025-07-22,0.29913334751308357
2025-07-23,0.5271683901771065
2025-07-24,0.5074414130123506
2025-07-25,0.5383388197284127
2025-07-28,0.4686368399761216
2025-07-29,0.4238031074405895
2025-07-30,0.26022088991609793
2025-07-31,0.24176422451459417
2025-08-01,0.32327954057076297
2025-08-04,0.3896378431889882
2025-08-05,0.4784299988104739
2025-08-06,0.28464604327068005
2025-08-07,0.26073769679659187
2025-08-08,0.3370882282732311
2025-08-11,0.29131905834389815
2025-08-12,0.3919149050396086
2025-08-13,0.5381540651296101
2025-08-14,0.5015532709841423
2025-08-15,0.5531010278708476
2025-08-18,0.4591920358607221
2025-08-19,0.702614102599323
2025-08-20,0.7670858198320885
2025-08-21,0.6814672152866641
2025-08-22,0.8167212614786346
2025-08-25,0.7751065882869791
2025-08-26,0.16045719468483802
2025-08-27,0.3631068919836263
2025-08-28,0.45696896580059637
2025-08-29,0.44818399403738124
2025-09-02,0.4459554813684726
2025-09-03,0.5225962647121958
2025-09-04,0.5199821711423486
2025-09-05,0.4741023590665727
2025-09-08,0.32001957623528166
2025-09-09,0.23809161242678428
2025-09-10,0.3565315803940145
2025-09-11,0.4827746509971386
2025-09-12,0.4728017746857448
2025-09-15,0.4055420554730771
2025-09-16,0.6386920081160874
2025-09-17,0.6813586577505671
2025-09-18,0.8442615902847824
2025-09-19,0.830312310185797
2025-09-22,0.16364371137800743
2025-09-23,0.12165877297495878
2025-09-24,0.9377344352279594
2025-09-25,0.7792184622718372
2025-09-26,0.8107404880429535
2025-09-29,0.3960398244254154
2025-09-30,0.3983900484575037
2025-10-01,0.2476950551925787
2025-10-02,0.24715789951146988
2025-10-03,0.21390182384731463
2025-10-06,0.402747629813797
2025-10-07,0.46668867394757696
2025-10-08,0.6740487467515431
2025-10-09,0.6169924438973468
2025-10-10,0.6399513342364994
2025-10-13,0.6988717688161484
2025-10-14,0.750025292017204
2025-10-15,0.6646449472463464
2025-10-16,0.05882731533975705
2025-10-17,0.0656352725544157
2025-10-20,0.95
2025-10-21,0.940526119953075
2025-10-22,0.05
2025-10-23,0.9401943801020305
2025-10-24,0.9103118917129045
2025-10-27,0.95
2025-10-28,0.9337647915943745
2025-10-29,0.95
2025-10-30,0.7984437130946301
2025-10-31,0.7397577841144819
2025-11-03,0.6244935480331704
2025-11-04,0.47587690477318106
2025-11-05,0.5410493191590134
2025-11-06,0.6513806136669886
2025-11-07,0.5873937462034952
2025-11-10,0.5950535355315243
2025-11-11,0.5115558122133869
2025-11-12,0.5112352029220557
2025-11-13,0.4998646343305115
2025-11-14,0.6382682031034171
2025-11-17,0.7136908959639924
2025-11-18,0.2836445068924651
2025-11-19,0.3130467933879643
2025-11-20,0.21645081230766844
2025-11-21,0.7186938771623006
2025-11-24,0.6387679919248279
2025-11-25,0.6360316194157515
2025-11-26,0.47643487805977575
2025-11-28,0.22501105587355422
2025-12-01,0.14115159529406002
2025-12-02,0.09542409648323814
2025-12-03,0.941663728785312
2025-12-04,0.08066460378814949
2025-12-05,0.0717357078206168
2025-12-08,0.11188394363950184
2025-12-09,0.8229405214396396
2025-12-10,0.6229496911373317
2025-12-11,0.5068463467340009
2025-12-12,0.3163309495430599
2025-12-15,0.5495300294324647
2025-12-16,0.4663405064383803
2025-12-17,0.6659343687400125
2025-12-18,0.22294137834594321
2025-12-19,0.7193103753666223
2025-12-22,0.1911042595591215
2025-12-23,0.95
2025-12-24,0.05
2025-12-26,0.95
2025-12-29,0.95
2025-12-30,0.20016366947643527
2025-12-31,0.8775286757647385
2026-01-02,0.1710696171437189
2026-01-05,0.4998351065390787
2026-01-06,0.8446488408952674
2026-01-07,0.05
2026-01-08,0.9067372100807037
2026-01-09,0.95
2026-01-12,0.9199746609405144
2026-01-13,0.95
2026-01-14,0.873936305899157
2026-01-15,0.101738033194799
2026-01-16,0.8146437565100454
2026-01-20,0.886659797569846
2026-01-21,0.09288177920303958
2026-01-22,0.9232908705233811
2026-01-23,0.05
2026-01-26,0.05
2026-01-27,0.05
2026-01-28,0.057338679233428426
2026-01-29,0.05
2026-01-30,0.9466709365600932
2026-02-02,0.3890787768511701
2026-02-03,0.3191322848712164
2026-02-04,0.1794173743254564
2026-02-05,0.8844406732931472
2026-02-06,0.4058165944504577
2026-02-09,0.35973613615914984
2026-02-10,0.32385711438596704
2026-02-11,0.2831259837635564
2026-02-12,0.24559544181005946
2026-02-13,0.291943861695903
2026-02-17,0.4876564731445079
2026-02-18,0.5112750788919119
2026-02-19,0.4300089750995538
2026-02-20,0.5100650272004954
2026-02-23,0.26771831350334274
2026-02-24,0.5856832714690212
2026-02-25,0.5204058639238966
2026-02-26,0.7666463298730691
2026-02-27,0.8038746005720804
2026-03-02,0.3262241282204885
2026-03-03,0.5118783401888884
2026-03-04,0.5205955807207682
2026-03-05,0.5941548830983587
2026-03-06,0.4503929962892768
2026-03-09,0.5604618354936235
2026-03-10,0.38611259853069957
2026-03-11,0.3050579982125864
2026-03-12,0.701953324733176
2026-03-13,0.590492598942698
2026-03-16,0.5111618356156943
2026-03-17,0.3994532100514066
2026-03-18,0.32330891893913444
2026-03-19,0.7374637043010561
2026-03-20,0.3541404964843806
2026-03-23,0.4507737259253606
2026-03-24,0.5687302065187709
2026-03-25,0.3380978488916985
2026-03-26,0.27139020531671676
2026-03-27,0.22605045998521842
2026-03-30,0.6829708805488006
2026-03-31,0.32501599087492505
2026-04-01,0.37911253725934424
2026-04-02,0.4169435066373831
2026-04-06,0.5697538825076361
2026-04-07,0.6188572059888805
2026-04-08,0.4721901713360718
2026-04-09,0.5396714106596122
2026-04-10,0.4907111200170874
2026-04-13,0.6158542538905976
2026-04-14,0.48901026079549614
2026-04-15,0.5735145181244075
2026-04-16,0.4781141554304722
