tree
version=v4
num_class=1
num_tree_per_iteration=1
label_index=0
max_feature_idx=86
objective=regression
feature_names=CLF_close CLF_high CLF_low CLF_log_return CLF_return_lag_1 CLF_return_lag_2 CLF_return_lag_3 CLF_return_lag_5 CLF_rsi CLF_macd CLF_atr CLF_bollinger_pband CLF_sma_20 CLF_ema_12 NGF_close NGF_high NGF_low NGF_log_return NGF_return_lag_1 NGF_return_lag_2 NGF_return_lag_3 NGF_return_lag_5 NGF_rsi NGF_macd NGF_atr NGF_bollinger_pband NGF_sma_20 NGF_ema_12 GCF_close GCF_high GCF_low GCF_log_return GCF_return_lag_1 GCF_return_lag_2 GCF_return_lag_3 GCF_return_lag_5 GCF_rsi GCF_macd GCF_atr GCF_bollinger_pband GCF_sma_20 GCF_ema_12 ESF_close ESF_high ESF_low ESF_log_return ESF_return_lag_1 ESF_return_lag_2 ESF_return_lag_3 ESF_return_lag_5 ESF_rsi ESF_macd ESF_atr ESF_bollinger_pband ESF_sma_20 ESF_ema_12 OVX_close OVX_high OVX_low OVX_log_return OVX_return_lag_1 OVX_return_lag_2 OVX_return_lag_3 OVX_return_lag_5 OVX_rsi OVX_macd OVX_atr OVX_bollinger_pband OVX_sma_20 OVX_ema_12 VIX_close VIX_high VIX_low VIX_log_return VIX_return_lag_1 VIX_return_lag_2 VIX_return_lag_3 VIX_return_lag_5 VIX_rsi VIX_macd VIX_atr VIX_bollinger_pband VIX_sma_20 VIX_ema_12 dayofweek month CLF_overnight_gap
feature_infos=[10.010000228881836:145.28999328613281] [13.689999580383301:147.27000427246094] [-16.739999771118164:143.22000122070312] [-0.28220613410748507:0.31963363001506739] [-3.0596606527245438:0.37662331847024161] [-3.0596606527245438:0.37662331847024161] [-3.0596606527245438:0.37662331847024161] [-3.0596606527245438:0.37662331847024161] [13.38643652311714:83.210323620614091] [-9.8281223802334967:7.97885172563943] [0:10.452948508274901] [-0.41281397817354781:1.4043454832463376] [15.709000062942504:138.99549942016603] [12.291231566310916:140.80144695919438] [1.4819999933242798:15.378000259399414] [1.5670000314712524:15.779999732971191] [1.4320000410079956:14.85099983215332] [-0.30047975442423092:0.38172674938692641] [-0.25953710489588089:0.46481176972812022] [-0.25953710489588089:0.46481176972812022] [-0.25953710489588089:0.46481176972812022] [-0.25953710489588089:0.46481176972812022] [18.044605362972419:90.712653795761199] [-1.1013067389130224:1.0014697105002559] [0:0.90881418667804525] [-0.39331285298471508:1.5222821752089954] [1.660400003194809:13.632850074768069] [1.6222197076543536:13.996008695092531] [255.1000061035156:4529.10009765625] [256.10000610351562:4556.2998046875] [255:4502] [-0.098205791666101896:0.086431656660303502] [-0.093537657837483301:0.090276852010222106] [-0.093537657837483301:0.090276852010222106] [-0.093537657837483301:0.090276852010222106] [-0.093537657837483301:0.090276852010222106] [16.555741582929272:87.904153828387336] [-54.381705690513854:161.0150279738391] [0:97.227721193022717] [-0.45381279025607418:1.4579485613048675] [259.26999816894534:4320.8700195312504] [258.77246879729984:4383.5456758642604] [676:6982.5] [694.75:6994] [665.75:6969] [-0.109552441509657:0.1320221173165245] [-0.1037648367952522:0.14113355780022441] [-0.1037648367952522:0.14113355780022441] [-0.1037648367952522:0.14113355780022441] [-0.1037648367952522:0.14113355780022441] [14.108148414180109:88.011432871879066] [-229.5234008326338:118.85145603935509] [0:225.50356219258967] [-0.49529788249361201:1.2895570765549609] [736.25:6875.5395019531252] [720.46685627641943:6903.9879961157712] [14.5:325.14999389648438] [14.869999885559082:517.19000244140625] [13.930000305175779:213.58999633789065] [-0.62225072502498813:0.63607329626369979] [-0.4632649658851884:1.3577311672249306] [-0.4632649658851884:1.3577311672249306] [-0.4632649658851884:1.3577311672249306] [-0.4632649658851884:1.3577311672249306] [22.645342283431063:92.248920880423697] [-20.638006536848678:35.412549322046047] [0:82.552051007336871] [-0.30576588235305752:1.565497204701664] [15.597999954223631:166.58600044250488] [15.225394406259817:187.36498022544225] [9.1400003433227539:82.69000244140625] [9.3100004196166992:89.529998779296875] [8.5600004196166992:72.760002136230469] [-0.44244875916441467:0.76824502946630258] [-0.35753873962348431:1.1559792516603906] [-0.35753873962348431:1.1559792516603906] [-0.35753873962348431:1.1559792516603906] [-0.35753873962348431:1.1559792516603906] [24.368040061278009:91.037512365341044] [-5.4502543009591307:14.577704716716717] [0.5483063062588599:13.271699221808236] [-0.23851463087285141:1.5609696354247931] [9.7824999809265112:65.028999710083013] [9.7214706984371517:68.422373952761433] [0:4] [1:12] [-0.98874430337475949:0.27055315860086476]
tree_sizes=7315 7217 7207 7260 7237 7258 7204 7174 7181 7175 7250 7221 7188 7244 7241 7242 7220 7191 7228 7184 7198 7217 7213

Tree=0
num_leaves=76
num_cat=0
split_feature=58 44 66 7 4 59 49 47 73 62 18 31 7 7 69 57 82 25 24 45 81 73 17 37 18 68 3 21 6 61 66 79 23 4 49 71 47 7 54 58 32 69 21 73 49 60 37 25 63 76 25 19 79 23 18 8 63 3 50 41 73 45 68 34 83 48 5 85 68 20 7 25 4 6 18
split_gain=0.022635 0.0146877 0.00915026 0.00825698 0.00704027 0.0116028 0.00794792 0.0067402 0.0086613 0.00598991 0.00424848 0.00675842 0.0113984 0.00654466 0.00672673 0.00696149 0.00611814 0.00595939 0.00500087 0.00485801 0.00523362 0.00502341 0.00692698 0.00450213 0.00445043 0.00666788 0.00428938 0.00447723 0.00425829 0.00461286 0.00424648 0.00422389 0.00411251 0.00397091 0.00350048 0.00344454 0.00333251 0.00327355 0.00323439 0.00348413 0.00310442 0.00341713 0.00297486 0.00295205 0.0038855 0.00316931 0.00293352 0.0027778 0.00323766 0.00372726 0.00355992 0.00382401 0.00356139 0.0036597 0.00308094 0.00296929 0.00298009 0.00338375 0.00273499 0.00322203 0.00283746 0.00272391 0.00269519 0.00267373 0.00327109 0.00263744 0.00300579 0.00340608 0.0026156 0.00255602 0.00254593 0.00261602 0.00282108 0.00250335 0.0024934
threshold=86.36999893188478 805.87500000000011 12.384466144206128 0.061168125035871955 0.045528083487091413 0.0044228652178202503 -0.032943526368017041 -0.029618097216318699 -0.031241481718527097 0.041260827085402206 -0.022312085480470596 -0.0042065612586255491 -0.025781140206975795 0.0061677149859809509 51.757369676108475 54.380001068115241 12.695749998092653 0.58119897749516924 0.45047680308771532 0.012518932368205752 0.55863870331971621 0.054652438046454907 -0.033501522295413845 25.608896183516666 -0.033415934790144944 45.533249759674078 -0.011288855797348398 0.0086956604525008519 -0.032877829065975042 0.034646030887125652 3.1841926248046186 -0.031557423728169193 -0.2117705411132921 -0.037067281124358649 0.0053609551217334512 11.784999847412111 -0.00043286472681469993 0.0031465213688344003 913.50625000000014 47.924999237060554 -0.00013913016079854996 31.79995939242286 -0.0013292880995013998 -0.018731726077044396 -0.010598275737158548 0.047674154730341707 -0.26048339224826117 1.0558224603047208 -0.044079513496160593 0.049904927932264857 0.62676764487453795 0.035956074845691258 -0.28326179266700441 0.03404356355786816 0.019947980805220155 52.212137696533382 0.0073388450365077509 0.0091368367828797512 54.035598302421981 398.21566515515934 -0.053423397110622696 0.0071525654776212009 33.389499616622935 -0.0057767804407433997 14.190678853026272 -0.0020177539652937496 0.0037287947296225504 5.5000000000000009 33.33599963188172 -0.0084870922944682483 -0.018697740684584446 0.23129905364023168 -0.021320573408961398 -0.0069655181090524992 0.038266573418991361
decision_type=10 8 10 10 10 10 8 8 8 8 8 10 8 10 10 10 10 10 10 8 10 10 10 10 10 10 10 10 10 10 10 10 10 8 10 10 10 10 10 10 10 10 10 10 8 10 10 10 8 10 8 8 8 10 10 10 8 10 10 10 10 10 8 10 10 10 10 2 8 10 8 8 8 10 8
left_child=1 -1 3 4 6 9 -3 8 -8 -6 16 12 17 14 15 18 68 -12 28 21 46 24 -23 33 30 61 42 -28 36 47 32 -20 -18 -14 62 -35 -13 -25 -15 58 -31 -42 -24 44 -37 -46 -21 48 -30 50 52 -52 54 55 69 -54 -57 -58 60 -60 -40 -26 -34 -51 -65 -62 -67 -68 -9 -50 -45 -72 -73 -61 -74
right_child=-2 2 -4 -5 5 -7 7 10 -10 -11 11 13 23 38 -16 -17 19 -19 31 20 -22 22 26 37 25 -27 27 -29 29 40 -32 -33 34 35 -36 43 -38 -39 39 -41 41 -43 -44 70 45 -47 -48 -49 49 63 51 -53 53 -55 -56 56 57 -59 59 73 65 -63 -64 64 -66 66 67 -69 -70 -71 71 72 74 -75 -76
leaf_value=0.0003584015759217775 -0.00053828885218867547 -0.0002995195037616944 0.00027916441775200257 -0.00035945769696621205 -0.00026126796856766534 0.00044953616268234714 0.00046670097655190245 -2.9938744715073317e-05 -5.1853001637581719e-05 0.00013823504591694536 9.5817513046708437e-05 -0.00040118896394597824 0.00026992848009817986 0.00018233734691013094 -0.00033647802066474105 0.00024158136588837376 0.00013964334472397349 0.00045830000229374633 -8.0831078225251118e-05 -0.00028602236832301291 -0.0004840803378622382 -0.00045218409897339389 0.00018751002784709242 -2.4095898688134708e-05 -0.00010588599948378581 -0.00040700298478169131 -0.00034004936780688053 -3.6332054713336967e-05 -0.00015138709939560864 -4.6764414998982053e-05 0.0001135760184830969 -0.00035415165435878724 -1.0141223260650805e-05 -0.00019265194312135506 5.9769570191394212e-05 -0.00014908276169667511 -7.5470207681097858e-05 -0.00032535282423682094 0.00017785319815899825 -0.00021342635032813359 -5.4515953990244273e-05 -0.00033126680940080201 -0.00011133795795961664 -0.0001702276345586923 0.00013896024729909159 -8.3990979998561373e-05 7.3018421592833396e-07 -0.00017426993639224085 -0.0001263586282373239 -5.9976321765927416e-05 -8.6003817631795429e-06 0.00018308449377881842 -1.989096849111679e-05 -0.0003459574112297533 0.00016837094360731437 -2.0953025637261236e-05 -0.00038310567434371359 -5.9401878789990711e-05 -0.00021801478291370437 -8.1827096461369357e-05 -4.9111591732465352e-05 6.2576269902138771e-05 -0.00019775050548138316 -5.2427647422000808e-05 0.00018326239125919552 0.00015447353755446063 0.00012836953353036567 -0.00014883969274855747 0.00016884476667332744 3.1891226892442101e-05 9.7719942178888704e-05 0.00017970408019369225 -7.9759660433740458e-05 1.9712657082218308e-05 7.9580825016595195e-05
leaf_weight=37 31 39 36 27 22 30 23 40 22 36 40 22 23 37 32 28 37 32 52 22 22 26 24 29 152 24 38 37 62 71 95 38 38 28 44 23 29 24 54 27 29 46 23 33 165 25 28 44 69 35 243 46 95 24 31 27 32 22 29 123 104 44 83 26 85 79 30 35 52 79 83 22 178 306 44
leaf_count=37 31 39 36 27 22 30 23 40 22 36 40 22 23 37 32 28 37 32 52 22 22 26 24 29 152 24 38 37 62 71 95 38 38 28 44 23 29 24 54 27 29 46 23 33 165 25 28 44 69 35 243 46 95 24 31 27 32 22 29 123 104 44 83 26 85 79 30 35 52 79 83 22 178 306 44
internal_value=-2.4244e-05 -2.02735e-05 -2.3936e-05 -2.66827e-05 -2.42685e-05 0.000144485 -2.83021e-05 -2.53766e-05 0.000206793 -1.82604e-05 -2.83026e-05 -1.72879e-05 3.19931e-05 -3.48029e-05 -6.21494e-05 -5.48083e-05 -6.63839e-05 0.000260916 -6.19223e-05 -8.49588e-05 -0.000235025 -6.82784e-05 -0.000166614 7.22186e-06 -3.95719e-05 -0.000105043 -0.000103396 -0.000194051 -5.05854e-05 -4.2133e-05 7.95645e-06 -0.000199429 -4.0292e-05 2.19187e-05 -8.23846e-05 1.19488e-05 -0.000221617 -0.000160385 6.89659e-06 -1.71711e-06 -0.000141883 -0.000228092 3.51447e-05 2.24488e-05 7.89879e-05 0.000108111 -0.000119688 -2.59905e-05 -1.88711e-05 -8.42433e-06 -2.71099e-05 2.29054e-05 -6.60072e-05 -0.000121623 -5.47396e-06 -8.93973e-05 -0.000174469 -0.000256554 6.18265e-06 -2.38656e-05 5.07999e-05 -6.66002e-05 -0.000136454 7.90389e-05 0.000125464 2.19751e-05 7.53132e-05 -2.40959e-05 7.92903e-05 -3.99437e-05 -1.18026e-05 5.06499e-06 -2.52739e-05 -1.00707e-05 -4.68829e-05
internal_weight=3972 3941 3904 3868 3841 88 3753 3714 45 58 3669 2840 749 2091 1267 1235 829 72 1207 737 72 665 148 677 517 220 122 75 1117 1066 297 90 202 624 165 601 51 53 824 787 146 75 47 573 213 190 50 920 876 814 668 289 379 200 179 176 81 54 760 458 302 196 121 146 111 248 144 65 92 148 360 327 244 429 222
internal_count=3972 3941 3904 3868 3841 88 3753 3714 45 58 3669 2840 749 2091 1267 1235 829 72 1207 737 72 665 148 677 517 220 122 75 1117 1066 297 90 202 624 165 601 51 53 824 787 146 75 47 573 213 190 50 920 876 814 668 289 379 200 179 176 81 54 760 458 302 196 121 146 111 248 144 65 92 148 360 327 244 429 222
is_linear=0
shrinkage=1


Tree=1
num_leaves=76
num_cat=0
split_feature=52 23 66 44 79 49 4 59 50 47 68 62 80 58 58 4 81 76 31 4 74 32 7 31 57 5 21 12 40 17 46 60 22 63 10 17 21 63 8 25 59 58 3 79 72 27 81 58 50 76 3 39 3 51 17 6 52 20 80 53 3 29 33 18 9 53 43 10 85 4 73 76 7 17 19
split_gain=0.0223234 0.0295307 0.0286261 0.0143796 0.0134984 0.0075425 0.00854596 0.0147508 0.00674608 0.00625834 0.00646285 0.0053155 0.00478839 0.00597653 0.00786817 0.00723312 0.00633352 0.00601513 0.00681464 0.00493321 0.00519386 0.00460007 0.00419642 0.00401747 0.00498972 0.00362311 0.00349306 0.0033046 0.00452792 0.00370222 0.00548329 0.00303623 0.0029074 0.0028503 0.00318214 0.00446278 0.0042966 0.00499502 0.00499327 0.00490029 0.00436836 0.00416677 0.00337013 0.00377702 0.0031766 0.00351166 0.00316487 0.00307541 0.00277712 0.00352322 0.00330828 0.00303706 0.00298453 0.00303833 0.00283086 0.00276732 0.00276383 0.00270579 0.00262058 0.00261782 0.00259379 0.00259051 0.00256445 0.00337201 0.00556087 0.00513319 0.00481933 0.00355197 0.00306023 0.0031807 0.00280072 0.00249303 0.00231611 0.00230462 0.00219586
threshold=112.77907560273904 -0.032269107978116739 14.292258831274678 805.87500000000011 -2.324213109540874 -0.037680659603139592 0.045528083487091413 0.0047974580150897507 26.492998749335168 -0.029618097216318699 59.562249565124525 0.041260827085402206 3.1404896368655564 44.295000076293952 42.645000457763679 -0.0017587146910500496 0.72931011684405356 0.026196043639666503 -0.0029337680648128498 0.023344935691460001 0.16578907454075223 -0.0034372656713831497 0.0086288628035801011 -0.0018239336755850497 48.815000534057624 0.014744448784389503 0.073946076803294764 44.718250465393076 394.37749938964856 0.0037184866919103506 -0.0051872548904911995 -0.041243088583511292 51.452844392932889 -0.038196473471451893 2.8674867679221414 0.011850591709850302 -0.06772082916357193 -0.008257111805077549 48.383914813567721 0.67462277215518196 0.022491556840574651 27.795000076293949 -0.012150944814584197 0.58307992291503841 14.59500026702881 3.4094523361724058 0.39490820658069137 38.514999389648445 74.366653750113827 0.036278596931125409 0.016773230173660954 0.93482178691555651 0.006153837400537601 5.9459300280747138 0.0054489898780480011 0.012430944398468003 24.379321525990246 0.0096113358753817015 1.1266889133705549 0.87265865830763656 -0.0012770467078320497 1807.850036621094 0.0032974876865352006 0.0069943168122811013 0.37615351505538192 0.7492023287790549 1144.7500000000002 1.0271895040673797 5.5000000000000009 -0.010761131057989698 0.033374096684450162 -0.0029802224395543493 -0.013331171563769999 -0.0053150678536706989 0.026922470178521053
decision_type=10 10 10 8 8 8 10 10 8 8 10 8 8 10 10 10 10 10 10 10 10 10 8 10 10 10 10 10 10 8 8 10 10 8 2 10 8 10 10 10 10 10 10 10 10 10 10 10 10 10 10 10 10 10 10 10 10 10 10 10 10 10 8 10 10 10 10 2 2 10 10 10 10 10 10
left_child=2 -2 3 -1 -5 -6 8 11 -7 -10 12 -8 13 14 22 17 25 18 -15 20 23 -19 33 24 -14 55 27 28 29 32 -31 -25 -24 44 36 47 38 48 -35 40 74 -42 61 59 -11 -46 -43 -36 49 51 54 62 53 -53 -51 -17 -16 -47 -32 -44 -20 -41 63 64 68 -66 67 -65 71 -70 73 -38 -48 -68 -39
right_child=1 -3 -4 4 5 6 7 -9 9 10 -12 -13 19 15 56 16 -18 21 60 -21 -22 -23 26 31 -26 -27 -28 -29 -30 30 58 -33 -34 34 35 -37 37 39 -40 42 41 46 43 -45 45 57 72 -49 -50 50 -52 52 -54 -55 -56 -57 -58 -59 -60 -61 -62 -63 -64 66 65 -67 70 -69 69 -71 -72 -73 -74 -75 -76
leaf_value=0.00037519343490236045 5.364846580463284e-05 -0.0009030505003704975 0.0006487877273909854 -0.00046427831184627232 -0.0003244122985628899 -0.00030891163378813735 -0.00021182989617824887 0.00054083043011442992 0.00023437275166225151 5.9334187246319895e-06 -0.00023837923006097991 0.00015913866416413682 0.00010419456324672507 0.00032177421865441758 0.00033815032969759145 3.9410445121792504e-05 -0.00044211107288050455 0 0.00013185985694214277 -0.00010551000367021117 -0.00016063636858489156 -0.00037668396261443808 -0.00013000806960778599 0.00024912854413242097 0.00042496871372551029 -0.00030427143307977452 -0.00013678303880077064 1.6395712961321479e-05 0.00025625890685249624 0.00036861143292046442 0.00018478792532021957 2.3704624556256605e-05 8.5063623832191344e-05 -0.00040882275335603655 6.0574984476171055e-05 -8.2185508412526258e-05 0.00021084698052550161 -3.3107928141259751e-05 -9.6957301095796713e-06 0.00024650557236121918 0 -7.9305017165956496e-05 5.8389619495640278e-05 -0.00020274815062079686 -0.00028889918195832678 7.1724410017326291e-05 -0.00048472889891672412 0.00034863593913635199 0.0002088305748296962 6.3917229162046738e-05 -6.0409767085016333e-05 -0.00035611410881753076 1.0505108536132266e-05 -3.8802018797451319e-05 0.00024530238507640905 -0.00020612492051882734 5.5824263757471938e-05 -0.00018271055862027321 -8.3667638216412685e-05 -8.757359075447161e-05 -0.00011757582326082606 -2.5686071945578986e-06 6.2261702752617484e-05 3.5572784089385431e-05 -0.00033454629527603118 -3.6334763090770573e-05 -0.0001953196355214168 0.00037890217472381107 -0.00024502364255911565 1.2235875120724862e-07 0.00012088737435284294 -3.1376859962779954e-05 -0.00021827393687407436 5.12676196860552e-06 -0.00018274371523507337
leaf_weight=37 23 23 25 23 26 26 23 29 41 65 42 36 42 31 33 47 30 23 24 44 22 22 50 29 35 28 44 752 53 27 23 103 41 22 33 31 36 316 27 35 32 30 141 35 45 28 25 27 27 102 43 26 35 23 50 25 25 31 30 65 40 23 199 25 44 45 37 23 26 66 34 24 35 42 42
leaf_count=37 23 23 25 23 26 26 23 29 41 65 42 36 42 31 33 47 30 23 24 44 22 22 50 29 35 28 44 752 53 27 23 103 41 22 33 31 36 316 27 35 32 30 141 35 45 28 25 27 27 102 43 26 35 23 50 25 25 31 30 65 40 23 199 25 44 45 37 23 26 66 34 24 35 42 42
internal_value=-1.5626e-07 -0.000418447 4.67148e-06 4.6985e-07 -3.04389e-06 -2.07117e-07 1.927e-06 0.000187966 -2.38846e-06 -1.57371e-07 -2.86322e-06 9.64806e-06 -4.96919e-08 -6.42987e-06 1.04579e-06 -9.25794e-05 -0.000195165 6.23784e-07 8.88064e-05 7.6464e-05 0.000112371 -0.000179147 -3.09813e-06 0.000142485 0.000253737 -0.000118204 2.82944e-05 3.60312e-05 0.000100666 5.07591e-05 0.000146158 7.54089e-05 -2.99464e-05 -1.92927e-05 -1.21678e-05 9.74109e-05 -1.80809e-05 -1.27753e-05 -0.000194766 -4.83396e-05 -8.62124e-05 -0.000185814 1.14975e-05 -1.89026e-05 -9.45732e-05 -0.000160156 -0.000252359 0.000194997 1.74528e-05 1.12541e-05 8.30105e-05 -8.75295e-06 -0.000116473 -0.000213042 0.000125476 -4.18495e-05 0.000221418 -5.7086e-05 2.74042e-05 1.09368e-05 -1.95426e-05 0.000142775 5.82411e-06 -2.13983e-05 -6.70866e-05 -0.000186997 4.52054e-05 0.000206078 1.23183e-06 -6.60312e-05 -2.0584e-05 0.000109163 -0.000334091 -8.51118e-05 -5.14665e-05
internal_weight=3972 46 3926 3901 3864 3841 3815 88 3727 3701 3660 59 3618 3343 3073 270 130 140 95 275 231 45 3015 209 77 100 1020 976 224 171 80 132 91 1995 1826 91 1735 1686 49 779 480 122 299 241 169 104 90 60 907 880 195 685 84 49 152 72 58 59 53 206 64 58 601 402 241 89 161 48 152 92 113 60 60 79 358
internal_count=3972 46 3926 3901 3864 3841 3815 88 3727 3701 3660 59 3618 3343 3073 270 130 140 95 275 231 45 3015 209 77 100 1020 976 224 171 80 132 91 1995 1826 91 1735 1686 49 779 480 122 299 241 169 104 90 60 907 880 195 685 84 49 152 72 58 59 53 206 64 58 601 402 241 89 161 48 152 92 113 60 60 79 358
is_linear=0
shrinkage=0.0190957


Tree=2
num_leaves=76
num_cat=0
split_feature=52 23 66 44 79 49 4 59 50 47 10 62 62 7 58 21 56 58 75 21 51 36 79 32 63 19 80 51 57 46 85 24 34 25 59 53 45 24 19 69 56 45 78 82 65 63 32 56 14 26 32 5 10 11 20 56 36 60 5 31 45 21 45 19 18 51 8 51 49 49 35 80 47 28 77
split_gain=0.0214666 0.028426 0.0275432 0.0138357 0.0129878 0.0072572 0.00822264 0.0141925 0.00649095 0.00602154 0.00518258 0.0100154 0.00511472 0.00388719 0.00824476 0.00732445 0.00565615 0.00730317 0.00464211 0.00692053 0.00566187 0.0053973 0.0049242 0.00639237 0.00428428 0.00408537 0.00384785 0.00409605 0.00376248 0.0036743 0.00366635 0.00364785 0.00355903 0.00339077 0.00357662 0.00344509 0.0033489 0.00329742 0.00380148 0.00329636 0.00571721 0.00329286 0.00338803 0.00355363 0.00327094 0.00544531 0.00323443 0.00316905 0.00306524 0.00423723 0.00460309 0.00305432 0.0029324 0.00349693 0.00289783 0.0028766 0.00286324 0.00272284 0.00319181 0.00301169 0.00260002 0.00315372 0.00288453 0.00300267 0.00250349 0.00248862 0.00243366 0.00236146 0.00263069 0.00337497 0.00338321 0.00248381 0.00247538 0.00301189 0.00235523
threshold=112.77907560273904 -0.032269107978116739 14.292258831274678 805.87500000000011 -2.324213109540874 -0.037680659603139592 0.045528083487091413 0.0047974580150897507 26.492998749335168 -0.029618097216318699 5.0813029199841209 0.0081162569523786521 0.041260827085402206 0.0086288628035801011 48.475000381469734 -0.0029173041866412995 43.570001602172859 44.475000381469734 0.049836179651313754 -0.034328068966388299 12.870694873834738 51.355532072940655 1.2687592931874525 -0.0091640517392032987 -0.038196473471451893 0.017361526027797555 3.0667607371555614 -30.860121569573831 54.380001068115241 0.0081399857587435027 2.5000000000000004 0.42163796657799024 0.0086332143511795526 0.30429009711027055 0.018965722803974055 0.48589327333854498 0.0022171290355932505 0.2138586553022738 -0.0068787573079955996 45.457907597146495 37.844999313354499 0.014572875591354851 37.667223518891639 14.184750008583071 1.0740628176334719 0.036669941554787304 0.0016428846455252503 33.545000076293952 5.4134998321533212 6.2524249792099011 -0.0038998714139227499 0.0041943861322789504 2.094083830898215 0.44182871882837876 -0.037659181441190244 35.354999542236335 63.146387121338883 0.034682587703597507 0.014090479662212751 0.0035603364124066508 -0.015747652440633999 0.063375291861081817 -0.0011077290894002496 0.020291757168162054 -0.0042793199270064987 -6.75394648500719 40.916895690646236 -17.973084882770532 -0.0045423823218752992 -0.009743464770363747 0.0065496662262269504 2.5639614460431255 0.0081603274707195521 1283.9000244140627 -0.030776524778035046
decision_type=10 10 10 8 8 8 10 10 8 8 2 8 8 8 10 10 10 10 8 10 10 10 8 10 8 10 10 8 10 10 2 10 10 10 10 10 10 10 10 10 10 10 10 10 8 10 10 10 8 10 8 10 2 10 10 8 10 10 10 10 8 8 8 10 10 10 10 8 8 10 10 10 10 8 10
left_child=2 -2 3 -1 -5 -6 8 12 -7 -10 13 -12 -8 18 16 -16 30 -18 24 20 36 22 23 -21 39 32 27 -26 29 41 54 48 52 46 35 -35 -20 38 -25 40 66 42 43 -29 -28 -46 -31 -40 60 -50 -51 -43 53 -23 -15 -27 -52 67 59 64 -32 62 63 -62 -59 -56 -11 -44 69 72 -71 -70 73 -69 -19
right_child=1 -3 -4 4 5 6 7 -9 9 10 11 -13 -14 14 15 -17 17 74 19 21 -22 25 -24 37 26 55 44 28 -30 33 31 -33 -34 34 -36 -37 -38 -39 47 -41 -42 51 57 -45 45 -47 -48 -49 49 50 56 -53 -54 -55 65 -57 -58 58 -60 -61 61 -63 -64 -65 -66 -67 -68 68 71 70 -72 -73 -74 -75 -76
leaf_value=0.00036802888675706459 5.262400741896345e-05 -0.00088580616669696563 0.00063639870949656907 -0.00045541263186247812 -0.00031821745020285046 -0.00030301277251887224 -0.00020778487691322807 0.00053050290224222307 0.00022989725274167753 8.9936851242280983e-05 -0.00043297459954130048 7.0484709838886751e-05 0.0001560998015157095 0.00025969950212665905 1.376237869974921e-06 -0.00041569733802235043 0.00037353301158971026 0.00017528657223618219 -0.00026061983040812049 -0.00023407456374206529 -0.00045025457866868884 -0.00026896906762746817 0.00029733371800034185 -0.0001470924221884731 -0.00021458369534611523 -9.9923401296224046e-05 1.3360739463462511e-05 -0.00031653473627061966 0.00020539393222979195 -3.555404333065227e-05 0.00016622918904540902 -0.00013691166927060327 -0.00024351863537606187 -0.00015642306466972952 -0.00022617558190418479 7.9478550275144434e-05 6.1057156962004397e-05 0.00024828949782107788 0 0.00011799679223012914 -0.00038034258567561037 0.0003334431022972579 0.00018491572081009549 -2.7596016851098429e-05 0.00036497154413360228 0 -0.00029194324127787856 0.00027731688248439063 0.00020269964358052118 0.0002132863592847231 -0.00014696350043195389 1.2020544670566553e-05 0.0001194053229225123 1.548201812321866e-05 0.00023148490845105923 -0.00043068790147429795 8.3333697008574823e-05 -0.00028002449248970605 8.0909477859516057e-05 2.4841291978292233e-05 -2.1068430345605792e-05 -0.00021358365352946006 3.1423353121319349e-05 -0.00021640155256489522 -5.9143540423591307e-05 1.895436959956571e-05 -0.00011410136961465728 1.31781738256368e-05 3.0449407796938019e-05 -3.3781480269185438e-05 -0.00024648358728423495 0.00023863254465202076 -7.2586847505936984e-05 0.00028935206554730688 -6.9117989039671867e-05
leaf_weight=37 23 23 25 23 26 26 23 29 41 26 29 27 36 37 31 28 41 25 23 34 29 24 23 36 32 22 70 23 33 37 33 57 29 29 25 97 22 27 43 22 27 22 33 56 35 26 41 23 73 31 52 25 42 41 26 22 30 42 42 38 165 26 393 36 41 106 94 42 761 99 40 22 38 24 32
leaf_count=37 23 23 25 23 26 26 23 29 41 26 29 27 36 37 31 28 41 25 23 34 29 24 23 36 32 22 70 23 33 37 33 57 29 29 25 97 22 27 43 22 27 22 33 56 35 26 41 23 73 31 52 25 42 41 26 22 30 42 42 38 165 26 393 36 41 106 94 42 761 99 40 22 38 24 32
internal_value=-1.50603e-07 -0.000410337 4.58219e-06 4.59375e-07 -2.98586e-06 -2.01827e-07 1.89011e-06 0.000184376 -2.34148e-06 -1.51497e-07 -2.80714e-06 -0.000185098 9.37071e-06 0 2.77135e-05 -0.000191681 3.9091e-05 0.000178421 -1.41791e-05 -7.01966e-05 -0.000239302 -3.52199e-05 3.57554e-05 0 -1.33903e-06 -0.000110159 7.2672e-06 -5.04381e-07 3.57194e-06 -4.68938e-07 2.59999e-05 1.0257e-05 -5.57341e-05 -7.13614e-05 -1.6432e-05 2.29006e-05 -9.69629e-05 6.02353e-05 7.63598e-06 -9.33303e-05 -0.000126914 1.1361e-05 5.45962e-06 -0.000115359 0.000106875 0.00020947 -0.000174011 9.63919e-05 2.05982e-05 8.90028e-05 1.3007e-05 0.000168594 -2.15078e-06 -8.51204e-05 0.000107763 -0.000271844 -5.92003e-05 1.35057e-05 -5.86262e-05 -0.000109438 6.73326e-07 -7.67454e-06 8.54029e-07 -5.74847e-05 -0.000174381 6.29958e-05 -6.74958e-05 2.48798e-05 1.94521e-05 -3.48316e-05 -9.70603e-05 3.66661e-05 4.55734e-05 0.000117964 3.30302e-05
internal_weight=3972 46 3926 3901 3864 3841 3815 88 3727 3701 3660 56 59 3604 1222 59 1163 98 2382 440 74 366 186 163 1942 180 1773 1642 1610 1577 1065 896 136 229 151 126 45 129 102 169 147 1348 1301 79 131 61 78 66 839 186 113 47 107 65 169 44 82 1222 163 121 653 620 594 201 83 132 120 1059 1026 243 139 783 104 66 57
internal_count=3972 46 3926 3901 3864 3841 3815 88 3727 3701 3660 56 59 3604 1222 59 1163 98 2382 440 74 366 186 163 1942 180 1773 1642 1610 1577 1065 896 136 229 151 126 45 129 102 169 147 1348 1301 79 131 61 78 66 839 186 113 47 107 65 169 44 82 1222 163 121 653 620 594 201 83 132 120 1059 1026 243 139 783 104 66 57
is_linear=0
shrinkage=0.0190957


Tree=3
num_leaves=76
num_cat=0
split_feature=58 44 7 66 4 59 49 47 73 62 78 52 60 18 8 60 58 80 4 57 13 58 61 58 49 32 20 34 81 35 32 7 67 75 22 34 21 84 78 46 52 85 85 62 20 64 47 45 39 65 33 4 7 34 80 34 48 28 72 83 0 6 11 31 77 9 50 0 40 37 46 78 9 31 76
split_gain=0.0210729 0.0130772 0.00788693 0.00993857 0.00626981 0.0103411 0.007265 0.0061331 0.00814129 0.00537712 0.0042009 0.0093058 0.00534763 0.00492236 0.00406006 0.00382929 0.00376038 0.00693315 0.00689251 0.00591791 0.00430891 0.00420073 0.00912404 0.00760316 0.00752272 0.00740799 0.00539274 0.00352506 0.00345959 0.00342932 0.00341457 0.00321874 0.00467914 0.00412314 0.0040829 0.00331901 0.00321673 0.0035769 0.00312508 0.00304681 0.00296125 0.00291282 0.00281341 0.00305952 0.00298969 0.00260013 0.00364842 0.00291742 0.00277393 0.00360468 0.00512949 0.00461628 0.00389644 0.00324604 0.00258432 0.00258357 0.00254427 0.0025132 0.00425287 0.00282264 0.00250586 0.00288441 0.00297712 0.00279889 0.00316049 0.00284644 0.00330821 0.0036671 0.00269505 0.00260922 0.00293781 0.00252727 0.00245783 0.00244693 0.00243132
threshold=86.36999893188478 805.87500000000011 0.061168125035871955 12.384466144206128 0.045528083487091413 0.0044228652178202503 -0.032943526368017041 -0.029618097216318699 -0.022386297926547647 0.041260827085402206 58.939609692290368 51.006799379164477 0.075430543673149913 -0.02941795980956485 67.176182030909004 -0.019675247364332547 60.114999771118171 3.1913665580584989 0.0035055178047521504 48.590000152587898 60.787999554731606 44.295000076293952 -0.016838247344061048 42.645000457763679 -0.0011500125088329497 0.0063788697964739004 0.0051909309420309011 0.00028194172671120002 0.48863794557566925 -0.0007295721575986499 -0.0038998714139227499 0.0086288628035801011 0.87498626731336671 0.0094098447334918008 60.032118184938774 0.0016378991629196502 0.048120154093072305 1.5000000000000002 59.905598391448954 -0.005985050805767899 24.379321525990246 4.5000000000000009 2.5000000000000004 -0.017555366353312646 -0.043662255508920743 54.402400362569189 -0.0045479156702593494 -0.0019301182724341997 0.064858641404685904 -0.54401428857296341 -0.013369344637780599 0.0020513415804793004 -0.022877545284456294 0.0029682261966439004 3.6681965856502012 0.0019421869377227003 0.0051933018858725003 316.19999694824224 16.025000572204593 15.332469011339294 95.975002288818374 -0.010156190965946449 0.074926498180173759 0.010783861291516901 -0.0092544987085180479 0.35883351356736176 44.726281000044509 36.584999084472663 1247.8950042724612 2.7201978307681149 0.0068990525204593511 44.793077820629136 1.0171239393086042 -0.014855156881204699 -0.041699760234508845
decision_type=10 8 10 10 10 10 8 8 10 8 10 10 10 10 10 8 10 8 10 8 10 10 10 10 10 10 10 10 10 10 10 8 10 10 10 10 10 2 10 10 10 2 2 10 10 10 10 10 8 10 10 10 10 10 10 10 10 10 10 10 2 10 8 10 10 8 10 2 8 8 10 10 8 8 10
left_child=1 -1 3 4 6 9 -3 8 -8 -6 16 12 14 -13 15 29 17 21 19 54 -20 23 25 31 27 26 -23 -24 -22 -12 -26 32 45 36 35 -34 73 -38 -17 -21 -25 -40 43 -35 -44 48 -47 -48 53 60 -51 52 -52 74 -19 -15 -43 -46 59 -59 61 69 -63 65 -65 -64 -67 -68 72 70 -50 -62 -69 -33 -9
right_child=-2 2 -4 -5 5 -7 7 10 -10 -11 11 13 -14 55 -16 38 -18 18 20 39 28 22 24 40 30 -27 -28 -29 -30 -31 -32 33 34 42 -36 -37 37 -39 41 -41 -42 56 44 -45 57 46 47 -49 49 50 51 -53 -54 -55 -56 -57 -58 58 -60 -61 71 62 63 64 -66 66 67 68 -70 -71 -72 -73 -74 -75 -76
leaf_value=0.00036100113519368953 -0.00049613345793643622 -0.0002630974177233107 -0.00030306356348800388 0.00033786521438496455 -0.00022463029259056451 0.00044726091474216482 0.00047255925645229684 -0.0001456116408229328 -3.000225520898957e-05 0.00015386650279999211 2.9649553392910242e-05 -0.00046670729908497702 -0.00024648392177907595 -0.00023467965319509925 -0.00021946618846436114 -0.00010537022655880316 -0.00022929897088347091 -3.6940463864594172e-05 0.00017810621838174732 0.00016178745081117405 -0.00019498147273880323 0.00014575701563728787 -0.00048346945382151833 0.00034618403447478 9.2674714229755214e-05 0.00038397169319906172 -0.00022475118240227238 -0.00018478737935288757 5.863858039371718e-05 -0.00027461696755178532 -0.0001447290505828668 -0.00014807533737751097 -0.00010218772719534284 0.00037422284976451468 3.847609034763055e-05 -0.000417171540367785 5.4203061012605766e-06 -0.00029269537408610691 0.00020014351324601092 0.0004792434635180014 5.2996132421529626e-05 6.353589414079026e-06 -0.00014241421772066595 5.9219562666466496e-05 -0.00010818399984714806 0.00028144925713630262 0.00019842097599877755 -3.3002677838260293e-05 -4.4519178097744897e-05 -0.00030643927790637905 -0.00033076756015435382 1.2208462137972459e-05 -7.9309993468871211e-05 0.0002577762409966755 0.00018990837141558606 6.0723365128982528e-06 0.00023127416153517465 7.0454058298479203e-05 0.00019647511932271365 -0.00014381586475071964 -9.8613807249437108e-06 -0.00015947152157496313 0.00010033474852478556 -0.0002010595950157702 3.6013248382493124e-05 -0.00018818124936622948 0.00021855165610260379 -0.00014889319573637997 7.0455128058804475e-05 2.0322834621696313e-05 -0.00024680163872069043 -0.00022610537892957572 2.0269020986020415e-05 2.3631030542172586e-05 7.7623413487070875e-05
leaf_weight=37 31 39 31 32 22 30 23 24 22 36 25 25 33 39 26 34 25 32 33 22 44 30 29 32 36 22 27 38 33 26 54 32 30 24 24 25 27 28 62 32 25 129 24 26 23 25 26 80 95 31 27 212 181 27 38 24 22 120 94 27 52 29 250 36 44 27 34 57 120 103 39 35 64 484 66
leaf_count=37 31 39 31 32 22 30 23 24 22 36 25 25 33 39 26 34 25 32 33 22 44 30 29 32 36 22 27 38 33 26 54 32 30 24 24 25 27 28 62 32 25 129 24 26 23 25 26 80 95 31 27 212 181 27 38 24 22 120 94 27 52 29 250 36 44 27 34 57 120 103 39 35 64 484 66
internal_value=-1.40872e-07 3.68762e-06 2.27514e-07 2.72937e-06 0 0.000159263 -3.79856e-06 -9.98256e-07 0.00022047 5.33895e-06 -3.79295e-06 -5.88301e-05 -1.46142e-05 -0.000234937 8.11429e-06 2.89356e-05 3.71445e-06 5.62536e-06 0.000105719 0.000203365 -1.73881e-06 -2.17709e-06 -7.95331e-05 4.40713e-06 -0.00016439 8.54659e-05 -2.47e-05 -0.000318361 -8.25512e-05 -0.000119826 -4.65712e-05 -1.40615e-07 -1.52968e-05 2.89383e-05 -0.000159133 -0.000250593 -1.86068e-06 -0.000141117 6.08163e-05 0.000355237 0.00022264 8.86943e-05 8.18195e-05 0.000216175 5.74952e-05 -8.37834e-06 7.29386e-05 2.10478e-05 -1.54229e-05 -2.28606e-05 -6.75941e-05 -4.92801e-05 -0.000113334 7.34053e-05 8.20965e-05 -0.000138398 4.10286e-05 7.67584e-05 9.56022e-05 2.91414e-05 -2.08655e-06 7.09491e-06 2.78672e-05 3.69186e-05 -6.70737e-05 5.25111e-05 1.19695e-05 3.26667e-05 5.24863e-06 -4.96259e-05 -0.000105539 -0.000100163 -5.70415e-05 1.24251e-05 1.48977e-05
internal_weight=3972 3941 3904 3873 3841 88 3753 3714 45 58 3669 445 357 88 324 298 3224 3199 234 124 110 2965 236 2729 157 79 57 67 77 51 90 2672 1763 909 79 55 571 55 247 54 57 213 338 50 288 1684 131 106 1553 1436 451 420 208 117 70 63 151 264 241 147 985 898 661 632 80 552 302 275 241 237 134 87 121 516 90
internal_count=3972 3941 3904 3873 3841 88 3753 3714 45 58 3669 445 357 88 324 298 3224 3199 234 124 110 2965 236 2729 157 79 57 67 77 51 90 2672 1763 909 79 55 571 55 247 54 57 213 338 50 288 1684 131 106 1553 1436 451 420 208 117 70 63 151 264 241 147 985 898 661 632 80 552 302 275 241 237 134 87 121 516 90
is_linear=0
shrinkage=0.0190957


Tree=4
num_leaves=76
num_cat=0
split_feature=52 23 66 44 79 49 4 59 50 47 68 86 80 58 61 58 32 25 62 17 81 4 74 31 56 7 67 76 75 60 21 60 31 76 32 67 28 84 33 52 34 35 46 10 50 6 64 65 52 19 75 27 69 34 71 47 56 61 31 35 78 76 42 76 9 33 55 34 18 18 24 49 32 31 75
split_gain=0.020321 0.0272475 0.0263921 0.0128095 0.012301 0.00679907 0.00767378 0.0132453 0.00620378 0.00555208 0.00602022 0.0048879 0.00429784 0.00544501 0.0100869 0.00712011 0.00533551 0.00522104 0.00497356 0.00476739 0.00478374 0.00458325 0.00487223 0.00382194 0.00539249 0.00374948 0.00382205 0.00418528 0.00367207 0.00359111 0.00298689 0.00322153 0.00295767 0.00307567 0.0029163 0.00282139 0.00280656 0.00279921 0.00267087 0.00266094 0.00314778 0.00264806 0.0035665 0.0031257 0.00339422 0.00273826 0.00269311 0.00263527 0.00255523 0.00253105 0.00371021 0.00251451 0.00567997 0.00288289 0.00350522 0.0032435 0.0028847 0.00272391 0.00250479 0.00243784 0.00236893 0.00303585 0.00278185 0.0022852 0.00429386 0.00226923 0.00224666 0.00264946 0.00254957 0.00290658 0.00222823 0.00215157 0.0021361 0.00212877 0.00209517
threshold=112.77907560273904 -0.032269107978116739 14.292258831274678 805.87500000000011 -2.324213109540874 -0.037680659603139592 0.045528083487091413 0.0047974580150897507 26.492998749335168 -0.029618097216318699 59.562249565124525 -0.0031471129396594163 3.1404896368655564 44.295000076293952 -0.018398760652591998 42.645000457763679 -0.0038998714139227499 0.43940008489340093 0.015953638824418751 0.029270472127484206 0.47467222667729037 0.023344935691460001 0.16578907454075223 -0.0018239336755850497 48.145000457763679 0.0086288628035801011 0.85871995792572464 -0.046206642332589691 0.0071636579822637507 -0.0085455479858147481 0.048120154093072305 0.011101585685393251 0.00039945266988205007 -0.067995234247703484 0.00035217539391250004 0.70157229751886041 2381.150024414063 1.5000000000000002 -0.0018222713192911999 51.455805913225788 -0.0039013850707937995 -0.014777526405012249 0.004388948418662701 2.6289372464853056 46.861798113933254 0.0095648339254480012 51.68364240634277 -1.60118767680966 22.330015412343911 -0.011698313589201049 0.054457425024948158 3.5778499290174373 39.576921975868665 -0.0020526902479821997 17.195000648498539 -0.0036340963759639998 27.464999198913578 0.013791941786940052 -0.014855156881204699 -0.0016737917195882499 41.575181614028928 0.045201161048179908 1223.8750000000002 -0.063143523469434235 1.9407602560706398 -0.0010920756950531998 1210.4762722398314 0.0023530701811486504 -0.012721351851713698 0.016717933159037305 0.23806883764278766 -0.0017438163671932498 0.0067744715383506009 0.0017367669206641001 -0.022721097841586897
decision_type=10 10 10 8 8 8 10 10 8 8 10 10 8 10 10 10 10 10 10 10 10 10 10 10 10 8 10 10 10 10 10 10 10 10 10 10 8 2 10 10 10 10 10 2 10 10 10 8 10 10 10 10 10 10 10 10 10 10 8 10 10 10 10 10 10 10 8 10 10 10 10 10 10 10 10
left_child=2 -2 3 -1 -5 -6 8 11 -7 -10 12 -8 13 15 18 25 17 -16 29 20 71 22 23 24 -14 26 41 -28 30 -15 31 58 -25 -34 65 38 66 -32 -35 40 -33 43 45 44 -11 49 -47 -44 -17 50 -43 52 53 56 -55 -56 -49 60 -27 -36 -53 62 70 -51 74 -29 67 68 -30 -70 -62 -18 -23 -64 -65
right_child=1 -3 -4 4 5 6 7 -9 9 10 -12 -13 21 14 16 48 19 -19 -20 -21 -22 72 -24 32 -26 28 27 34 36 -31 37 39 33 35 59 -37 -38 -39 -40 -41 -42 42 47 -45 -46 46 -48 51 -50 63 -52 57 -54 54 55 -57 -58 -59 -60 -61 61 -63 73 64 -66 -67 -68 -69 69 -71 -72 -73 -74 -75 -76
leaf_value=0.00035410758897439035 5.3819852161240045e-05 -0.00086478785798352732 0.00062293790470960753 -0.00044318489797617189 -0.00030798914463870455 -0.00029617790250781019 -0.00018853753352223772 0.000512525111175559 0.00022080515555607141 0.0002373115929288341 -0.0002299508480755219 0.00016255020115397766 0.00012647764459519084 -0.00020247690489502774 0.00011368323376957675 0.00037807656641664772 -0.00030548254412476861 -0.00022882970712529411 0.00029786264448956315 0 -0.00043250243258542112 -0.00023702933359018901 -0.00015710204135847646 -0.00012509273807230514 0.00047967626500942614 -0.00015756282105123235 -0.00031967617778929508 -9.2206972967014266e-05 -8.0703598695308922e-05 0.00012479845630438977 0 2.7620666861657193e-05 0.00031776992037995988 0.00016744636874792059 -0.00030577293728671043 0.00024560596272854584 -0.00012071904867340384 -0.00026102457626991709 -9.0085020981079899e-05 9.0843026144165755e-05 -0.00019276964920504879 -3.594068201319242e-05 8.6119402507131459e-05 0.00027879689808200096 -1.8488810946157499e-05 2.4098292767023646e-05 0.00018806981683028374 0.00019260321181177974 0.00010056827497257221 0.00012089541778626924 -0.00023857686946615259 5.0027406091654675e-05 -0.00041711949425939267 -5.5394643275027015e-05 -0.00044789663204345429 -9.863484998933905e-05 -7.5266755971779473e-05 0.00011918597361890318 4.9297547982903451e-05 -5.1253918875483825e-05 -0.00012858746378099448 6.5609973606436006e-05 1.6742341116439413e-05 -4.793225115484152e-05 -0.0002696074174121696 0.00015588089196916536 5.1327810737029769e-05 0.00027221585722644534 0.00027331485770310649 -1.2047176970194597e-06 -0.00039331855474966827 -4.4842054851312906e-05 1.8441111052521581e-05 -0.00016778757364219603 3.5246883554464843e-05
leaf_weight=37 23 23 25 23 26 26 25 29 41 23 42 34 52 22 40 22 22 27 28 24 49 22 22 22 25 22 29 23 23 27 33 33 22 22 23 22 25 30 44 27 68 222 40 22 99 344 42 22 36 55 40 54 22 70 22 22 43 36 393 43 35 34 51 178 22 30 268 45 31 22 22 31 22 38 289
leaf_count=37 23 23 25 23 26 26 25 29 41 23 42 34 52 22 40 22 22 27 28 24 49 22 22 22 25 22 29 23 23 27 33 33 22 22 23 22 25 30 44 27 68 222 40 22 99 344 42 22 36 55 40 54 22 70 22 22 43 36 393 43 35 34 51 178 22 30 268 45 31 22 22 31 22 38 289
internal_value=-1.36799e-07 -0.00039923 4.46601e-06 4.28722e-07 -2.88351e-06 -1.72077e-07 1.85035e-06 0.000178142 -2.23497e-06 -9.22541e-08 -2.64539e-06 8.90847e-06 0 -5.97598e-06 -8.8208e-05 1.15548e-06 -0.000162482 -2.00508e-05 9.42236e-05 -0.000235936 -0.000292928 7.25583e-05 0.000107197 0.000136394 0.000244888 -2.78188e-06 -1.80949e-05 -0.000111669 2.68865e-05 -1.62707e-05 -2.60406e-06 1.13508e-05 7.09266e-05 0.000112746 -5.85605e-05 5.82206e-05 7.07488e-05 -0.000127447 0 -7.16309e-05 -0.000117913 -1.04411e-05 -1.72247e-05 6.77868e-05 2.73779e-05 6.30422e-07 4.2685e-05 -5.94379e-05 0.00021079 -1.9153e-05 -6.79755e-05 -7.24102e-05 -0.00012408 -8.64573e-05 -0.000144532 -0.000279804 1.09713e-05 -3.28792e-05 3.76383e-05 -0.000144309 -5.75032e-05 -9.13605e-05 -0.000129886 3.83203e-06 -8.74633e-06 4.27924e-05 8.37934e-05 0.000153323 7.91413e-05 0.000153936 -0.000235811 -0.00015846 -0.000102756 -5.88135e-05 2.92664e-06
internal_weight=3972 46 3926 3901 3864 3841 3815 88 3727 3701 3660 59 3618 3343 270 3073 193 67 77 126 102 275 231 209 77 3015 1995 148 1020 49 606 543 132 110 119 88 414 63 66 128 101 1847 1703 144 122 1192 386 511 58 806 262 471 201 179 114 44 65 270 415 66 234 180 146 544 489 53 389 121 76 53 57 53 44 89 467
internal_count=3972 46 3926 3901 3864 3841 3815 88 3727 3701 3660 59 3618 3343 270 3073 193 67 77 126 102 275 231 209 77 3015 1995 148 1020 49 606 543 132 110 119 88 414 63 66 128 101 1847 1703 144 122 1192 386 511 58 806 262 471 201 179 114 44 65 270 415 66 234 180 146 544 489 53 389 121 76 53 57 53 44 89 467
is_linear=0
shrinkage=0.0190957


Tree=5
num_leaves=76
num_cat=0
split_feature=58 69 48 86 10 47 60 50 7 21 58 58 34 75 8 7 80 74 66 45 50 55 72 3 41 5 58 64 67 79 21 86 4 58 29 0 80 19 25 76 20 21 9 49 77 60 25 78 34 80 71 39 77 20 31 17 74 65 49 66 25 74 21 7 25 39 31 37 23 5 22 15 25 3 55
split_gain=0.0199184 0.00965006 0.0155367 0.0154463 0.00639475 0.00619527 0.00524145 0.00446051 0.00392389 0.00454645 0.00571988 0.00404531 0.00668599 0.00512027 0.00369454 0.00366347 0.00365704 0.00784871 0.00400499 0.0056212 0.00394904 0.00353683 0.00394894 0.00351583 0.00449514 0.00660633 0.00534028 0.00659992 0.00556827 0.00440967 0.00435453 0.00421383 0.00414074 0.00349702 0.00342017 0.00436844 0.00332414 0.0031581 0.00321611 0.00310389 0.00573176 0.00303534 0.00280489 0.0027735 0.00277523 0.00327827 0.00272779 0.00262516 0.00260451 0.00290719 0.00326067 0.00256946 0.00273306 0.00345961 0.00250593 0.0028557 0.00308864 0.00328698 0.00279798 0.00393641 0.00277296 0.00248964 0.00247924 0.00249001 0.00244138 0.0030306 0.00274117 0.00240253 0.00390792 0.00239155 0.00362691 0.00361096 0.00321497 0.00307765 0.00284253
threshold=86.36999893188478 66.378369221478138 0.016496565787335906 0.0033445263963218447 5.9949760241176806 -0.032943526368017041 -0.021026220788121497 26.492998749335168 0.0086288628035801011 -0.064950673581737742 30.244999885559086 47.924999237060554 -0.00043237125446964997 0.0071636579822637507 49.552997665021969 -0.023778329709908747 3.8403493908598167 -0.0019990513392192494 1.1987330638257829 0.014987028876339252 46.007782460846201 1210.4762722398314 26.904999732971195 0.0096882588415847012 1242.2963873656511 0.0073403701873034502 39.82500076293946 60.679710273708274 0.89791131723920614 0.26641272799726862 0.016717933159037305 0.0035291179421221498 0.0082902523010896529 30.954999923706058 1200.7000122070315 57.534999847412116 3.2797501571416805 0.00035412496635970004 0.45610950735405292 0.0040092517748158514 0.0093112328488550011 0.0069943168122811013 -0.31683266332528598 -0.0094471721797120493 -0.013372416704128748 0.035560062756050261 0.14368503640293087 39.597138391536312 -0.0091640517392032987 1.875429761812337 19.404999732971195 0.93482178691555651 0.051395965916024307 -0.014643120945115348 -0.014855156881204699 -0.010435258691581848 -0.053972877436073194 0.59609782671778089 -0.0048512583333684993 3.027963459713729 0.25218567609861769 -0.030749335470528497 0.047029312525520305 0.034628188149512358 0.24045323613674588 0.54761557435232022 0.00079453507703000018 5.3994716327342767 -0.023437344743796697 -0.0087305089133701483 39.581832767331704 6.49650001525879 0.29012951142057181 0.0075998906153873511 1210.4762722398314
decision_type=10 10 10 10 2 8 10 8 8 8 10 10 10 8 10 10 10 10 10 10 10 8 10 10 10 10 10 10 10 10 10 10 10 10 10 2 10 10 10 10 10 10 10 10 10 10 10 10 8 8 10 10 8 10 8 10 10 10 10 10 10 10 10 10 10 10 10 10 10 10 10 10 10 10 8
left_child=1 4 3 6 5 -1 -3 -7 9 10 14 13 -13 54 -9 -12 18 20 19 51 -18 22 39 24 25 34 28 32 42 -27 36 -32 -28 -30 37 -36 43 -20 -39 40 41 -15 46 -25 45 61 -26 -48 -23 50 -50 52 67 -54 -10 58 -57 62 -56 60 -60 -45 63 -58 -49 66 -66 69 -69 70 -11 74 -72 -73 -71
right_child=-2 2 -4 -5 -6 7 -8 8 11 16 15 12 -14 21 -16 -17 17 -19 23 -21 -22 48 -24 30 26 29 27 -29 33 -31 31 -33 -34 -35 35 -37 -38 38 -40 -41 -42 -43 -44 44 -46 -47 47 64 49 -51 -52 -53 53 -55 55 56 57 -59 59 -61 -62 -63 -64 -65 65 -67 -68 68 -70 71 72 73 -74 -75 -76
leaf_value=0.00027913763881598193 -0.00048235190415870548 0.00031723567708741475 -0.00022353670187895338 -4.6382863037054966e-05 -0.00029381866210393797 -0.00025524787414636267 0.00076221474655678448 -0.00048193508100229852 -0.00013508886804651496 0.00011093702596058786 -0.00020789207937132391 -0.00026738370367999941 6.5389045667741975e-05 -0.00014969145239616019 -0.00011027628076976436 9.4986059617152742e-05 0.00043116174659528299 -8.601401117630918e-05 0.00015235456365163817 0.00026176910858111287 9.3768682889108882e-05 0.00019994491325594238 0 -0.00021046623684198385 -0.00011293230697287745 -0.00012130951966908608 0.00015771766142399566 0.00043511348328337495 -6.5527608182554001e-06 -0.00042002841624533889 -0.00010868313005057838 -0.00038520228639332731 -0.00012618076408129958 -0.00030211590174320565 4.2178373377517403e-05 -0.00026704907410178861 0.00018434787942563612 -0.00020697925460179967 9.5314280955511395e-05 0.00035187042695942165 0.00038715671343797611 0.00016012305377947515 -2.0925669068878284e-05 -0.0002032507602420627 1.95546549261543e-05 -0.00029485033181762376 -9.7238691908745135e-05 0.00028911568270243191 2.364762073059112e-05 0.00011471962338345926 -0.00017627910223415181 -7.9514460777160972e-05 -0.00022564176563263317 3.4110814384521911e-06 0.00018392175601717611 0.00010365166737679353 -2.3492654015514673e-05 -0.00025590113019535987 8.0950345686895629e-05 0.00017972149599839531 -9.2761566360839359e-05 1.5529227207860128e-05 -0.00016969252664639345 0.0001524580109508791 0.00022525101535095137 -1.922466789799034e-05 -1.2198569798138904e-05 -3.2575497269179168e-05 0.00022093805237750517 0.00016469732360802636 -0.00026751297762221525 3.1368727238759096e-05 -2.9872902683822555e-05 -0.00018391570045044663 2.2301795892401004e-05
leaf_weight=29 31 22 23 23 27 25 23 22 44 41 23 43 43 22 22 39 26 42 60 34 30 38 37 38 26 75 53 22 28 26 91 28 28 36 30 34 22 25 25 43 22 24 374 26 149 26 22 27 166 99 36 100 33 80 57 65 259 24 55 47 83 63 37 33 60 57 22 32 61 113 30 74 79 35 103
leaf_count=29 31 22 23 23 27 25 23 22 44 41 23 43 43 22 22 39 26 42 60 34 30 38 37 38 26 75 53 22 28 26 91 28 28 36 30 34 22 25 25 43 22 24 374 26 149 26 22 27 166 99 36 100 33 80 57 65 259 24 55 47 83 63 37 33 60 57 22 32 61 113 30 74 79 35 103
internal_value=-1.358e-07 3.58433e-06 0.000197959 0.000344755 -9.35271e-07 1.05798e-06 0.000551062 -9.91746e-07 6.18425e-07 -1.32511e-05 -0.000135787 2.79093e-05 -9.76523e-05 3.72174e-05 -0.000302644 -1.27321e-05 -7.68676e-06 0.000106231 -1.26919e-05 2.10618e-05 0.000255552 8.48516e-05 0.0001636 -3.15628e-05 -1.18836e-05 -7.81223e-05 1.1862e-05 0.000139791 -7.90645e-06 -0.000201056 -7.66686e-05 -0.000176164 5.60285e-05 -0.000177302 -5.11109e-06 -0.000117604 -3.92378e-05 5.77241e-05 -5.00791e-05 0.000220588 0.000133341 5.69723e-06 1.00419e-05 -5.6478e-05 -3.32234e-05 -0.000104107 6.55071e-05 9.1715e-05 4.96232e-05 2.969e-05 -1.05588e-05 1.02146e-05 2.38131e-05 -6.09347e-05 3.85732e-06 1.35563e-05 -1.61157e-05 -3.89841e-05 6.59966e-05 2.81079e-05 -2.1444e-05 -4.51518e-05 -2.2286e-05 -2.62265e-06 0.00011849 8.32773e-05 0.000158037 4.11796e-05 0.000130614 2.30636e-05 -3.89129e-05 5.25532e-05 -9.79176e-05 -3.51201e-05 9.81276e-05
internal_weight=3972 3941 91 68 3850 3823 45 3794 3769 2492 106 1277 86 1191 44 62 2386 98 2288 815 56 487 148 1473 1030 275 755 103 652 101 443 119 81 64 174 64 324 110 50 111 68 46 588 302 264 115 214 188 339 301 202 781 681 113 704 660 418 353 242 185 138 89 329 292 166 139 82 568 93 475 150 325 109 109 216
internal_count=3972 3941 91 68 3850 3823 45 3794 3769 2492 106 1277 86 1191 44 62 2386 98 2288 815 56 487 148 1473 1030 275 755 103 652 101 443 119 81 64 174 64 324 110 50 111 68 46 588 302 264 115 214 188 339 301 202 781 681 113 704 660 418 353 242 185 138 89 329 292 166 139 82 568 93 475 150 325 109 109 216
is_linear=0
shrinkage=0.0190957


Tree=6
num_leaves=76
num_cat=0
split_feature=80 2 66 44 7 53 47 4 17 7 21 12 41 11 46 21 3 82 47 31 75 26 57 33 68 68 37 65 85 45 75 29 54 11 11 74 54 86 78 78 86 7 5 37 67 31 46 47 5 61 77 3 9 9 72 6 26 9 64 46 6 69 73 65 84 1 12 55 62 24 31 47 66 65 9
split_gain=0.0191687 0.0280704 0.0185727 0.00947437 0.00723164 0.00508669 0.00995476 0.00420511 0.00816213 0.00402349 0.00739134 0.00734568 0.00580919 0.00563945 0.00420835 0.00756169 0.00478403 0.00548971 0.00375346 0.00368108 0.0036334 0.00689979 0.00312088 0.00310617 0.00603861 0.00421269 0.00381885 0.0038525 0.00331644 0.00325568 0.003102 0.00309851 0.00542204 0.0029823 0.00421781 0.00313274 0.00295553 0.00350108 0.00305761 0.00355528 0.00359702 0.00263492 0.00262969 0.00407016 0.00337353 0.00785349 0.00333728 0.00316751 0.00341726 0.00401655 0.00307855 0.00298092 0.00258001 0.00250568 0.00312405 0.00247427 0.00240364 0.00264207 0.00250524 0.00247717 0.00228171 0.00376616 0.0022707 0.00480697 0.00330244 0.00294609 0.00395053 0.00317873 0.00316793 0.00288377 0.00319332 0.00255907 0.00254895 0.00219372 0.00216517
threshold=6.1449351249640829 41.629999160766609 14.292258831274678 805.87500000000011 0.061168125035871955 -0.031530546688701394 -0.032943526368017041 -0.053004952810199797 0.0075475941056998503 0.0010713477046420002 -0.064950673581737742 27.371749973297124 1833.4063313044446 0.36084605117307045 -0.017958637171882345 0.00035412496635970004 -0.030923104503674994 21.260999941825869 -0.0036340963759639998 0.0030394184426413002 0.049836179651313754 2.3216999948024752 45.104999542236335 -0.00030440937853254993 53.820499897003181 49.111250019073488 -10.029071326175311 0.6382568180196132 3.5000000000000004 -0.0013719663792273499 0.08439287638644051 318.55000305175787 1180.9809997558598 0.19890332022144583 0.31415149724703012 0.0058357850397366511 1063.5687500000001 -0.0017797227436358932 44.722659537161569 45.806615923219546 0.0029335389200499632 -0.0056980488020857986 -0.024715724792655797 -2.2614753537312136 0.85871995792572464 0.004046827496303051 -0.0026064376365135997 0.016089841666330752 -0.013898307017533149 -0.0023567435850645499 -0.011073809583885149 0.012368313047234602 -0.96324725898751484 0.90726197830530009 17.644999504089359 -0.0036575748175444495 2.1450000047683719 -1.9165472761650404 52.351749386788917 -0.0017491098932550999 0.017242468254326352 31.030780502026904 -0.056071676681950941 0.86276498121867118 3.5000000000000004 46.524999618530281 33.833250188827527 4175.6589676712165 -0.021829823453798598 0.44155295482041718 -0.0047740001447094489 -0.0021623776887850494 1.9590512428042561 -0.41918315610671003 0.45176422239172359
decision_type=10 2 10 8 10 8 8 8 10 8 8 10 10 10 10 10 10 10 10 10 10 10 10 8 10 10 10 8 2 10 8 10 8 10 10 10 10 10 8 10 10 10 10 8 10 10 10 10 10 8 10 10 10 10 10 10 10 10 10 10 10 10 10 8 2 2 10 10 10 10 10 10 8 8 10
left_child=2 -2 3 -1 5 22 -7 8 -8 10 12 19 13 -9 15 -13 17 18 -16 -12 42 -22 -5 25 28 26 27 -11 30 -27 -25 32 -30 41 -35 -36 37 -33 -38 -40 60 -23 43 -18 46 -46 51 48 49 -48 -45 53 -20 54 -44 -42 -50 58 -58 -59 73 -62 63 -28 65 66 -64 69 -69 70 74 -72 -66 -41 -67
right_child=1 -3 -4 4 -6 6 7 9 -10 23 11 14 -14 -15 16 -17 20 -19 52 -21 21 33 -24 24 -26 29 62 -29 31 -31 -32 36 -34 34 35 -37 38 -39 39 40 55 -43 44 50 45 -47 47 -49 56 -51 -52 -53 -54 -55 -56 -57 57 59 -60 -61 61 -63 64 -65 72 67 -68 68 -70 -71 71 -73 -74 -75 -76
leaf_value=0.00031434647087480867 -0.00088238542784188222 -8.3101899172293937e-06 0.00053450817894218133 -5.3658002154048174e-05 -0.00031266354369425783 0.00038556518387030861 -6.0068393375231079e-05 -0.00054682381542260996 0.00045035735358518232 0 0.00025724450691051465 0 4.2524523064683317e-05 -0.00014287530838767872 -0.00019001050664634386 -0.00043975583903917343 0.00027562745421585522 0.00031833994625055963 0.00026418893970051472 -2.7439462431040311e-06 -0.00037998776002265948 0.00017640109760370956 -0.00025312318819598989 4.3530781171059206e-05 -0.00030722495029216433 5.5945205935846684e-05 1.5189279467126227e-05 -0.00026765304396764552 -0.00032046838372436508 0.00039824069096269083 0.00026992759212248423 -1.8130187180023604e-05 3.8150432298869301e-05 -0.00028926300401136345 2.3640996877572105e-05 -0.00016755047497848881 -6.7904812399536592e-05 0.00023474375781427266 0.00019304452439341556 -7.2778760589390054e-05 -0.00024816549605580213 -8.7834530327388747e-05 5.7020486462825168e-05 0.00014050329711321217 -0.00038065284265937607 7.333748180522856e-05 -0.00035903992545774268 -0.00020037975112807219 0.00013935400049017244 -5.1615892644665934e-05 -0.00012873644068489806 -4.6463032052055243e-05 0 -2.6685506890102706e-05 0.00025203080283517609 8.1008429435715544e-07 -0.00030211275592454583 -0.00016207895063026609 -2.4302112232507331e-07 5.6720841933152936e-06 -2.2887305079490505e-06 0.00032935279507543966 5.467868529945864e-05 0.00030601051615995658 0.00012846820460223545 -0.00021573443226205225 0.00029861896934400595 0.00032066322792759905 3.6794389001562875e-05 -0.00020249427586429587 0.00016525546633980789 1.287814773241099e-05 -9.7138119318925865e-05 4.3032050656760495e-05 1.7283688953384692e-05
leaf_weight=35 22 36 24 131 27 25 22 22 22 86 54 34 24 36 22 24 29 32 22 28 27 33 39 190 23 23 49 26 31 22 26 36 28 33 84 48 246 40 38 92 33 22 83 30 29 25 22 38 39 63 32 78 33 44 52 22 22 34 22 550 25 22 66 39 22 29 42 26 38 22 61 132 90 169 25
leaf_count=35 22 36 24 131 27 25 22 22 22 86 54 34 24 36 22 24 29 32 22 28 27 33 39 190 23 23 49 26 31 22 26 36 28 33 84 48 246 40 38 92 33 22 83 30 29 25 22 38 39 63 32 78 33 44 52 22 22 34 22 550 25 22 66 39 22 29 42 26 38 22 61 132 90 169 25
internal_value=-1.40049e-07 -0.000344816 4.89407e-06 1.55257e-06 -1.2127e-06 9.08907e-07 5.72871e-06 3.03574e-06 0.000188607 6.80546e-07 -1.97329e-05 -1.09517e-05 -0.000196988 -0.000301057 -2.01126e-05 -0.000180226 -1.39277e-05 0.000107577 1.62512e-05 0.00016496 -2.33312e-05 -9.01244e-05 -0.00010111 2.07022e-05 -1.08358e-06 4.89365e-05 3.7753e-05 -6.39336e-05 5.68354e-06 0.000229682 7.2114e-05 -1.22977e-05 -0.000145401 -5.32426e-05 -9.45591e-05 -4.37039e-05 -1.03802e-06 0.000111176 -1.46639e-05 1.72802e-05 -3.26879e-07 6.54765e-05 -9.24937e-06 8.88871e-05 -1.76218e-05 -0.000165145 -9.73845e-06 -2.94129e-05 -2.03911e-05 -0.000134569 0 4.96201e-05 0.000103986 9.30958e-05 0.000134266 -0.000143345 -5.40938e-06 -1.48575e-05 -0.000157716 -3.60166e-06 2.42781e-05 0.000146827 5.59691e-05 0.000147345 4.09081e-05 6.47127e-05 0.000152208 3.5472e-05 0.000156611 5.58148e-06 2.52792e-05 6.25294e-05 -5.02541e-05 1.10767e-06 -0.000102528
internal_weight=3972 58 3914 3890 3855 3828 3658 3633 44 3589 1770 1688 82 58 1606 58 1548 109 77 82 1439 247 170 1819 1021 798 753 112 998 45 216 782 59 220 165 132 723 76 647 401 363 55 1192 91 1101 54 1047 790 752 85 62 257 55 179 135 55 667 628 44 584 308 47 641 88 553 441 108 333 64 269 247 193 112 261 54
internal_count=3972 58 3914 3890 3855 3828 3658 3633 44 3589 1770 1688 82 58 1606 58 1548 109 77 82 1439 247 170 1819 1021 798 753 112 998 45 216 782 59 220 165 132 723 76 647 401 363 55 1192 91 1101 54 1047 790 752 85 62 257 55 179 135 55 667 628 44 584 308 47 641 88 553 441 108 333 64 269 247 193 112 261 54
is_linear=0
shrinkage=0.0190957


Tree=7
num_leaves=76
num_cat=0
split_feature=52 23 66 79 44 10 47 46 4 59 62 9 17 50 6 0 3 72 79 33 19 3 60 69 47 35 38 77 35 74 64 62 36 65 64 33 3 58 42 79 27 2 41 74 75 19 81 34 36 23 37 38 63 27 48 25 66 72 79 80 32 8 56 18 4 4 18 83 72 69 81 81 38 81 44
split_gain=0.0185711 0.0259612 0.0243225 0.0117389 0.0115357 0.00638218 0.0053125 0.00490331 0.00396807 0.00793403 0.00414158 0.00401118 0.00310937 0.00418504 0.00457055 0.00486721 0.0046936 0.00323554 0.00404552 0.0040396 0.00509037 0.00624986 0.00422029 0.00477972 0.00414115 0.00395671 0.00687857 0.00544969 0.00459698 0.00357902 0.00577624 0.00426879 0.00370705 0.00387272 0.00335706 0.0040324 0.00378232 0.00364071 0.00323767 0.0030455 0.00304248 0.00302943 0.00340299 0.00312564 0.00340627 0.00313177 0.00403504 0.00299455 0.00285144 0.00277941 0.00272361 0.0035927 0.00271057 0.00248468 0.00465474 0.0035142 0.00492473 0.00262068 0.00244946 0.00262084 0.0024362 0.00358963 0.00274827 0.00229715 0.00490651 0.00349416 0.00317995 0.0022968 0.00224424 0.00331878 0.00219476 0.00219035 0.00218142 0.0021736 0.00215874
threshold=112.77907560273904 -0.032269107978116739 14.292258831274678 -2.324213109540874 805.87500000000011 5.9949760241176806 -0.032943526368017041 -0.029618097216318699 0.045528083487091413 0.0044228652178202503 0.058263936759527908 -4.3729096823973022 -0.038343224543464394 35.069825126297552 0.012287034177767052 88.604999542236342 -0.0089754002695471985 17.765000343322757 0.62886199205877358 -0.00030440937853254993 -0.047102328022808039 0.0082560769092481032 0.055774063960409806 40.367813010994119 0.022160572158105053 0.0099898898994547503 22.119169309141913 0.013711777399410301 -0.019588187710573298 0.00075478291301950013 60.679710273708274 -0.046576518989646092 50.112247902930314 0.86276498121867118 46.059290504382538 -0.0054473120215792993 0.010567213531089052 41.524999618530281 4237.1250000000009 -0.62462262356297582 2.9882934616242429 29.460000038146976 316.08183986520424 -0.015837449609213346 -0.013376856302241948 -0.018649509892662345 0.50904185119938561 0.013932032056486252 60.622468518350992 0.0043417966888594514 1.7808441471934204 11.243572690275419 0.030471888312563155 7.2790505252995983 0.0032940271961534001 0.058425695880654958 2.8025496380973069 12.265000343322756 -0.85718433934213312 2.0309795656894791 0.0025225013820614002 53.632846676224148 30.714999198913578 -0.021818251892648098 0.0067547190669479508 -0.012104757398399049 -0.00046274934655399994 20.412250273242684 19.82499980926514 41.241477447980884 0.27182058532754572 0.31359777783971154 18.611256186686003 0.8156750282359565 2099.3750000000005
decision_type=10 10 10 8 8 2 8 8 10 10 8 8 8 10 10 2 10 8 10 10 10 10 10 10 8 10 10 10 8 10 10 8 10 10 10 10 10 10 10 10 10 2 10 8 8 10 10 10 10 10 10 10 8 10 10 8 8 10 10 10 8 10 8 10 10 10 10 10 10 8 10 10 10 10 8
left_child=2 -2 3 -1 -5 6 -6 -8 11 10 -10 -9 13 -13 15 16 49 18 34 20 21 -19 25 -24 29 28 27 -27 -22 30 38 -31 -33 50 53 40 37 70 41 58 72 42 -21 45 -45 71 52 63 -18 -15 -34 -52 -47 55 57 56 -14 -55 59 -30 61 -20 -62 65 66 -41 -65 -50 69 -16 74 -43 -36 -68 -37
right_child=1 -3 -4 4 5 -7 7 8 9 -11 -12 12 17 14 68 -17 48 19 60 24 22 -23 23 -25 -26 26 -28 -29 39 31 -32 32 33 -35 35 36 -38 -39 -40 47 -42 43 -44 44 -46 46 -48 -49 67 -51 51 -53 -54 54 -56 -57 -58 -59 -60 -61 62 -63 -64 64 -66 -67 73 -69 -70 -71 -72 -73 -74 -75 -76
leaf_value=-0.00042966184282488732 6.0396295235784966e-05 -0.00083622660664210398 0.00059798942756478224 0.00033857390758452826 0.00023607158365520698 -0.00028746254242224833 -0.00021609708149765826 -0.00021387040804947817 -0.00020127373163754281 0.00040139286194762518 0.00013492465814339601 -0.00030717993049205578 -4.1196466820200586e-06 3.1686945331844882e-05 -6.6959550038559398e-05 -0.00019980642342929346 2.5576748256094435e-05 -0.00032087540691807598 3.107471113717359e-05 1.9011208783219925e-05 0.00028820931850547676 9.1872242723529376e-05 4.1869133113141618e-05 0.00044394165298440141 -0.00025764455725578933 0.0004540348861151207 -7.6526715446681559e-05 7.3825502054912555e-05 -5.1170803629748867e-05 0.00018573746414135664 0.00031481793074841097 4.735551494696116e-05 -0.0001936784498713765 -0.00028469306404360493 -0.0001241478577361111 -0.00020038201306353702 -9.991084461531532e-05 0.00022854449869733897 0.00024122633805752889 -0.00026355579811141231 -4.3188840101377543e-05 -4.3794783580632313e-05 0.00030490868386626115 0.00026815196615444351 -4.1863177320586927e-05 2.0240152087789525e-05 -0.00026371290851098263 -0.00020199631035840992 -0.00024702640676165638 0.000246257529777425 9.9965823430368822e-05 -0.00010184537036475721 -0.00021160641541581159 0.00010553051665800032 -0.00020547876726659337 2.1604358514561925e-05 0.00035067571543278073 -7.7641892483917076e-05 0.00026958304414754385 0.00016671107918103878 -6.5258523337733166e-05 -0.00023676782168707689 -0.00035933903368466852 0.00028909851439545516 -8.228949467446114e-05 2.9282302607041267e-05 0.0001268946551548322 0 -2.1095768014000121e-05 -0.00039189016830015408 2.80989339924901e-05 0.00021269479233316585 -0.00037781909623821834 -9.2827971561687599e-05 0
leaf_weight=23 23 23 25 37 35 28 38 32 22 27 34 22 25 49 25 38 105 26 63 48 26 26 22 25 22 35 24 26 40 28 28 82 44 36 36 34 130 28 24 25 77 24 24 25 24 72 42 27 32 46 54 78 24 59 49 940 29 54 27 38 27 25 25 32 64 33 50 22 31 26 283 22 24 23 51
leaf_count=23 23 23 25 37 35 28 38 32 22 27 34 22 25 49 25 38 105 26 63 48 26 26 22 25 22 35 24 26 40 28 28 82 44 36 36 34 130 28 24 25 77 24 24 25 24 72 42 27 32 46 54 78 24 59 49 940 29 54 27 38 27 25 25 32 64 33 50 22 31 26 283 22 24 23 51
internal_value=-1.35538e-07 -0.000381661 4.26144e-06 3.82722e-07 3.00745e-06 -1.50137e-07 1.88424e-06 -2.09167e-07 1.90743e-06 0.000132494 0 -9.77732e-07 8.2224e-07 -4.95888e-05 -3.36672e-05 7.30314e-07 3.18644e-05 7.09366e-06 -8.18115e-06 3.08819e-05 6.86834e-05 -0.000108969 8.71082e-05 0.000261858 0 6.90211e-05 0.00018793 0.000296694 4.20213e-05 8.55276e-06 5.05325e-05 -3.70966e-05 -5.92974e-05 -0.000101907 -4.09342e-07 -3.48182e-05 -1.01881e-05 1.85399e-05 2.71658e-05 2.33902e-05 -0.000127284 9.37848e-06 0.000118306 -2.30468e-05 0.000110437 -6.01576e-05 -0.000106501 -1.13471e-05 -3.01066e-05 0.000138612 -6.28843e-05 -1.71069e-05 -3.47249e-05 1.90763e-05 -4.95977e-05 3.05581e-05 0.000181091 1.54511e-05 0.000110161 5.12887e-05 -0.000107104 -4.1748e-05 -0.000212175 1.0062e-05 4.67849e-05 -9.19812e-05 0.000128198 -0.000143707 -0.000159664 -0.000238251 1.77957e-06 7.26205e-05 -0.000230411 5.37263e-05 -8.24641e-05
internal_weight=3972 46 3926 3901 3878 3841 3813 3778 3740 83 56 3657 3625 396 374 292 254 3229 1959 1270 569 52 517 47 701 470 85 61 385 679 357 322 294 212 1819 663 526 396 329 359 137 305 72 233 49 184 138 254 159 95 176 132 96 1156 162 994 54 113 105 78 140 88 52 227 169 58 105 54 82 51 368 46 60 73 85
internal_count=3972 46 3926 3901 3878 3841 3813 3778 3740 83 56 3657 3625 396 374 292 254 3229 1959 1270 569 52 517 47 701 470 85 61 385 679 357 322 294 212 1819 663 526 396 329 359 137 305 72 233 49 184 138 254 159 95 176 132 96 1156 162 994 54 113 105 78 140 88 52 227 169 58 105 54 82 51 368 46 60 73 85
is_linear=0
shrinkage=0.0190957


Tree=8
num_leaves=76
num_cat=0
split_feature=80 59 66 44 7 53 47 4 17 6 33 4 86 39 5 79 67 50 58 17 64 31 69 53 66 21 80 64 21 16 0 74 6 1 21 33 22 76 79 10 7 82 82 10 52 86 3 32 77 17 32 18 76 18 14 58 34 75 58 38 5 48 6 7 24 4 79 17 57 57 48 3 39 20 39
split_gain=0.0181822 0.0299844 0.0170952 0.00873387 0.00682345 0.00478573 0.00940848 0.00407374 0.00782387 0.00392948 0.00552898 0.00534857 0.0064184 0.00452563 0.00748652 0.00482416 0.00416131 0.00425592 0.00663302 0.00625411 0.00536802 0.00630961 0.0058528 0.00476297 0.00384602 0.00543581 0.00435318 0.00370876 0.00478461 0.00382308 0.00587695 0.00539263 0.00420272 0.00368608 0.00599479 0.00349991 0.00325279 0.00299064 0.00368133 0.00349502 0.00368204 0.0031394 0.0029364 0.00343335 0.002907 0.0027872 0.00436329 0.00275303 0.00273498 0.00273028 0.0026949 0.00260662 0.00251074 0.00263305 0.0026078 0.00373879 0.00331042 0.00272987 0.00245734 0.00245247 0.00242985 0.00286209 0.00236277 0.00225981 0.00409997 0.00288359 0.00300155 0.00291727 0.00260904 0.00370537 0.00256759 0.00243707 0.00241987 0.00218099 0.0023102
threshold=6.1449351249640829 0.022491556840574651 14.292258831274678 805.87500000000011 0.061168125035871955 -0.031530546688701394 -0.032943526368017041 -0.053004952810199797 0.0075475941056998503 -0.011003554445707249 -0.022666894318733147 0.045528083487091413 -0.00072284104027728964 0.87232733227374137 0.023344935691460001 0.007695054568804551 0.044445879641728456 48.979417780311259 47.32500076293946 -0.042874212872460495 49.703820815793172 0.0074473751502645005 46.781864677708661 0.24675221854290422 8.169599487451654 -0.070592312931720733 0.72682489532688455 59.976341774594886 0.029703062799619453 7.7469999790191659 106.16500091552736 -0.012805468469201697 0.04822201896711651 49.065000534057624 0.040313229261518008 -0.0042038832770695993 52.321819347327498 -0.036769584287662742 -0.56888681118036188 1.3911771879612842 0.0025818249646614505 20.151250123977665 16.782499861717227 2.4895862093002581 53.462665181587141 -0.00072284104027728964 0.024167531291771006 0.018143710040092152 -0.015300662968562948 -0.0046552431940103493 0.007355551315752001 0.0056843635736175012 0.00130038943713865 -0.017025295877892296 2.1694999933242802 35.149999618530281 0.012349919644210151 -1.0000000180025095e-35 34.625000000000007 16.308570195769644 0.038769252932398704 0.010518413149992101 0.010345287834606151 -0.0031710181524025496 0.40881554752648108 0.020705456912947603 -0.32739569539742858 -0.053523625497078245 45.449998855590827 42.68499946594239 -0.0024957703289900496 -0.0010853326778058499 0.60528273968907809 0.0018333378783395502 0.44898932388017349
decision_type=10 10 10 8 10 8 8 8 10 8 10 10 10 10 10 10 8 10 10 10 10 10 10 8 10 8 10 10 10 10 2 10 8 2 8 10 8 10 10 2 10 10 10 2 10 10 10 8 10 10 10 10 10 10 10 10 10 10 8 8 10 10 10 10 10 10 10 10 10 10 10 10 10 10 8
left_child=2 -2 3 -1 5 44 -7 8 -8 10 -9 13 -13 24 52 -16 -12 19 60 -18 23 22 42 -21 25 -11 -27 29 35 30 32 49 33 34 37 -29 -25 39 41 40 -28 -39 -22 -44 50 -40 73 63 -43 -31 -5 -33 54 -54 -15 56 57 -56 -55 -37 61 -19 -36 65 68 67 -67 -35 69 72 71 -69 -65 -47 -75
right_child=1 -3 -4 4 -6 6 7 9 -10 11 16 12 -14 14 15 -17 17 18 -20 20 21 -23 -24 36 -26 26 27 28 -30 31 -32 51 -34 47 62 59 -38 38 45 -41 -42 48 43 -45 -46 46 -48 -49 -50 -51 -52 -53 53 58 55 -57 -58 -59 -60 -61 -62 -63 -64 64 -66 66 -68 70 -70 -71 -72 -73 -74 74 -76
leaf_value=0.00030187851795296253 -0.00068960252742282285 0.00019002366430899827 0.00051288238900952402 0 -0.00030363162598417938 0.00037491356932596608 -5.7527436970697473e-05 -0.00030314966403375572 0.00044194690899261932 -0.00020262308210566886 -0.00023910233531250518 0 0.00040929319044374912 -0.00025473406938732288 -9.8851399279299801e-05 -0.00046264665966736656 -0.00037402088417444994 0 0.00026751139170970981 0.00015024330886564724 -0.00029469207872179107 9.4439688092340032e-05 -0.0004872555602356449 -0.00020284986643995831 0.00019077685419314813 0.00027287295379157796 0.00026691141452837624 -0.00017965668402510426 -0.00033770088465807734 0.0001536756615602374 -0.00027140568319862133 0.00011139966395341968 -0.00020399658396787678 -0.00022409094250085349 -0.00023678596388148471 -2.218812823704574e-05 5.2709487128209108e-05 -0.00019736315803911352 2.7167903002476053e-05 0.00037224702463420481 -4.6992262277617634e-05 0.00021623895857394293 0.00012838441308715015 -0.00019910988024366051 -0.00026137369487049157 0.00037989964729548485 0 0.00019179897344951609 -5.7847168295518624e-05 -0.00012490099371055023 -0.00018613463462261245 0.00039825236713342114 -7.0347703708086929e-05 1.6770675498934022e-06 -0.00011281378604224685 9.5795103943042297e-05 -0.00025247010288756389 5.0124733889019396e-05 0.00016658935103664653 0.00021357114955752841 0.00016951284233846431 -0.00016029179502664477 1.3300899848812534e-05 8.7474276781416173e-06 -0.00015341705875260032 -3.693298582754207e-06 -0.00031845395870178686 0.00018246032923667851 0.00018869543561848566 -0.00020298393337439031 -2.5004842621097574e-05 -4.3474891676881445e-06 8.5363273612429997e-05 5.7294583495542056e-06 0.00029365905055728448
leaf_weight=35 35 23 24 96 27 25 22 27 22 40 32 28 27 22 38 23 24 483 35 66 25 30 23 36 48 25 26 36 22 23 25 25 29 22 27 48 34 28 77 31 26 22 23 23 33 34 32 30 31 29 41 29 57 73 81 59 33 67 66 23 28 44 24 423 43 24 24 49 40 24 309 47 242 22 23
leaf_count=35 35 23 24 96 27 25 22 27 22 40 32 28 27 22 38 23 24 483 35 66 25 30 23 36 48 25 26 36 22 23 25 25 29 22 27 48 34 28 77 31 26 22 23 23 33 34 32 30 31 29 41 29 57 73 81 59 33 67 66 23 28 44 24 423 43 24 24 49 40 24 309 47 242 22 23
internal_value=-1.34583e-07 -0.000335825 4.76639e-06 1.55753e-06 -1.0945e-06 9.64238e-07 5.64146e-06 3.02118e-06 0.000185672 7.01789e-07 -3.29253e-05 1.26226e-05 0.000199209 8.56654e-06 -4.16969e-05 -0.000240736 -2.45548e-05 -1.63704e-05 1.24461e-05 -7.72486e-05 -4.87478e-05 -0.000140062 -0.000217963 3.2394e-05 2.12344e-05 1.70919e-05 2.16437e-05 1.83078e-05 -8.01366e-05 2.5366e-05 1.83687e-05 0.000137117 2.2776e-05 2.68617e-05 7.73289e-05 -2.4491e-05 -7.46115e-05 0.000105788 7.32056e-05 0.000207922 0.000104427 -3.16318e-05 -0.000126676 -2.91091e-05 -9.79864e-05 0.000119905 0.000181645 1.07099e-05 5.04967e-05 0 -5.65305e-05 0.000270777 -1.45593e-05 3.62628e-05 -5.36768e-05 -3.40479e-05 -7.79617e-05 -3.71074e-05 8.20503e-05 5.01329e-05 -3.12073e-06 -1.28388e-05 -0.000113457 6.12258e-06 2.64732e-05 -2.6347e-05 -0.000167067 -9.85466e-06 3.74787e-05 2.82822e-05 1.07257e-06 8.80058e-05 3.70613e-05 0.000257875 0.000159286
internal_weight=3972 58 3914 3890 3855 3828 3658 3633 44 3589 933 2656 55 2601 519 61 906 874 590 284 260 124 94 136 2082 2034 1994 1969 129 1840 1734 106 1709 1680 403 107 70 352 269 83 52 81 71 46 170 188 111 1277 53 52 137 54 458 196 262 240 181 148 139 71 555 527 51 1247 772 475 48 427 729 689 405 96 665 79 45
internal_count=3972 58 3914 3890 3855 3828 3658 3633 44 3589 933 2656 55 2601 519 61 906 874 590 284 260 124 94 136 2082 2034 1994 1969 129 1840 1734 106 1709 1680 403 107 70 352 269 83 52 81 71 46 170 188 111 1277 53 52 137 54 458 196 262 240 181 148 139 71 555 527 51 1247 772 475 48 427 729 689 405 96 665 79 45
is_linear=0
shrinkage=0.0190957


Tree=9
num_leaves=76
num_cat=0
split_feature=58 44 4 82 69 46 47 27 44 18 73 8 76 86 34 25 23 42 32 4 69 57 78 56 75 23 62 18 63 13 25 6 79 51 3 65 67 52 67 56 5 31 27 18 4 37 81 25 74 34 61 57 4 81 65 5 64 85 4 72 79 5 47 68 36 58 33 61 58 51 22 36 17 8 74
split_gain=0.0177416 0.0107218 0.00617554 0.0107914 0.00657132 0.00548647 0.00618856 0.00520528 0.00399245 0.00620454 0.00564666 0.00513271 0.00483587 0.00399335 0.00526882 0.00480929 0.0043479 0.00373454 0.00329311 0.00327765 0.00705677 0.00323294 0.00340389 0.00668238 0.00396213 0.00351538 0.0065698 0.00368102 0.00376313 0.00292748 0.00289946 0.00316084 0.00285202 0.00277076 0.00274248 0.00416919 0.0035787 0.00299486 0.00471288 0.00357183 0.00647891 0.00266074 0.00319558 0.00270033 0.00285915 0.00256612 0.00309468 0.00267972 0.00298659 0.00250879 0.00353896 0.00268368 0.00428035 0.00250579 0.00352969 0.00318048 0.00465774 0.00340507 0.00251604 0.00249531 0.00275359 0.00245283 0.00241889 0.00240518 0.00239812 0.00235954 0.00234612 0.00232944 0.00225979 0.00245506 0.00222448 0.00233846 0.00214097 0.00213025 0.002082
threshold=86.36999893188478 805.87500000000011 0.070965081689832815 38.461749935150159 66.378369221478138 -0.020844972067039048 -0.032943526368017041 2.8742525945008124 1150.8750000000002 -0.0095709247693540975 -0.050604556638212499 37.967589694245525 0.047749363642921656 -0.00068793852666534548 0.00039953246200105007 0.43940008489340093 -0.082557440894574133 1176.2500000000002 0.0020203621302382507 -0.053004952810199797 57.593938113715232 63.755001068115241 58.939609692290368 45.674999237060554 0.034482744310985504 0.18914022391919347 0.011111053693235751 0.070792061166223122 -0.0088376156785131988 108.14587952890459 0.10643844841251555 0.017938400896065753 -0.46011215257850402 3.5794338686235965 -0.038811222071434594 0.16838251495371634 1.0348843655287321 64.673150348914888 0.80036539615629254 49.260000228881843 -0.0048494062242281999 -0.010136657346615797 6.2737718855894462 0.012934082875647752 0.00026104573347225001 13.652468364540825 0.87205312198091411 0.8304669659455135 0.076310907941664563 0.017167429745405253 -0.0074334406384993492 47.885000228881843 0.0046813818120557014 0.18040933005799761 0.31371364648545713 0.0037287947296225504 46.059290504382538 3.5000000000000004 0.022527850284485302 30.23499965667725 1.1895057134998421 0.020169006100253902 -0.0080771087684973989 40.160750102996836 59.425775514685739 36.315000534057624 0.0045805838700566509 -0.014297607781963697 36.315000534057624 1.8552960086300347 50.64025202297784 51.147911188033646 0.0011897351451719501 53.359723011010004 -0.014699866054677648
decision_type=10 8 8 10 10 8 8 10 8 10 10 10 10 10 8 10 10 8 10 10 10 10 10 10 10 8 10 10 10 10 10 10 10 10 10 10 10 10 8 10 10 10 10 10 10 8 10 10 10 8 8 10 10 10 10 10 8 2 10 10 10 10 10 10 10 10 8 10 10 10 10 10 10 10 10
left_child=1 -1 3 4 5 7 -7 -3 9 12 18 -12 13 14 -8 16 -15 32 -11 -19 21 22 25 45 -25 27 61 29 -29 34 -13 41 -10 -14 35 -21 37 39 -39 49 -41 -32 43 -43 -45 46 -24 48 62 51 -51 53 -53 54 70 -55 58 64 65 60 -9 74 -48 68 -58 -57 -63 -28 69 -59 -36 -72 -33 -46 -27
right_child=-2 2 -4 -5 -6 6 8 59 17 10 11 30 33 15 -16 -17 -18 19 -20 20 -22 -23 23 24 -26 26 67 28 -30 -31 31 72 -34 -35 36 -37 -38 38 -40 40 -42 42 -44 44 73 -47 47 -49 -50 50 -52 52 -54 55 -56 56 57 63 -60 -61 -62 66 -64 -65 -66 -67 -68 -69 -70 -71 71 -73 -74 -75 -76
leaf_value=0.00032691347819717253 -0.00045524207630390792 -0.00036245835322104987 0.0003122744500867073 -0.00030601048412547523 0.00028809050355916503 0.00028656583304334862 0 -2.893166705629925e-05 0 0.00043170653490114135 -0.00018938178239302241 0.00029228316096337783 3.3929256121761683e-06 6.7603424378926501e-05 -0.00029252870362050969 0.00016435462088527334 -0.00025278431952107392 0.00020829347680394118 0.00011454699611767165 -2.9612712663627215e-05 -0.00033304689407043144 0.00022117031541394371 -0.00015219469337637726 -0.00046845137817133977 -8.6323700991607568e-05 -1.7804164372379363e-05 0.00037034066823039705 4.6980326161809266e-06 -0.00028264676264224287 -0.00016831749397658348 0.0002057114083298485 5.9385728098913803e-05 -0.00027223534807663751 0.00028381614207785734 1.7998580519644111e-05 0.00030338678474397428 -0.00021326571744595892 3.154314518065088e-05 0.00029840284890918011 4.9871374305043975e-05 -0.00038473725692916047 0.00011899763318882577 -0.00019517823111532936 0.0001153223096176295 -0.00024361780532266487 -0.00012771075400711592 -2.8549815299993168e-06 -0.0001161776380467877 -4.2635284765672483e-05 -0.00027687817539889337 0 0.00031583330557171546 -3.9377527089135053e-05 3.3129518621030772e-05 -0.00023232442360630998 2.4398236312489436e-05 -5.7421159505966565e-05 0 -0.00016039198061835113 9.7116755452780258e-05 -0.00029626413349294762 -0.00023058182928789348 0.00020460754047226827 -0.00029842878019485143 0.00015132119260647547 0.00019020087572717268 3.0028317769899289e-05 0.00010043384184977348 8.6168913958948066e-05 -0.00014520449137737164 -0.00018126862687852923 0 0.0002776215555329137 -1.7365721355294322e-05 0.00011158076467540812
leaf_weight=37 31 27 23 42 29 28 38 47 23 26 27 23 34 27 53 41 33 26 28 25 24 23 37 22 22 79 30 28 35 38 28 36 34 23 148 27 29 206 28 23 25 80 25 34 24 71 26 31 46 29 39 25 22 786 36 217 43 54 22 26 22 25 65 23 36 38 22 25 23 157 55 47 38 50 97
leaf_count=37 31 27 23 42 29 28 38 47 23 26 27 23 34 27 53 41 33 26 28 25 24 23 37 22 22 79 30 28 35 38 28 36 34 23 148 27 29 206 28 23 25 80 25 34 24 71 26 31 46 29 39 25 22 786 36 217 43 54 22 26 22 25 65 23 36 38 22 25 23 157 55 47 38 50 97
internal_value=-1.34022e-07 3.37287e-06 2.32846e-07 -1.54229e-06 1.71377e-06 -3.90498e-07 3.7015e-06 -0.000126448 1.45892e-06 4.37341e-05 8.87769e-05 6.07959e-05 -3.09055e-05 -7.76767e-05 -0.000169489 2.19752e-06 -0.000103815 -7.88339e-06 0.000272581 -4.80925e-06 -6.81281e-06 -3.99919e-06 -5.90924e-06 -6.46235e-05 -0.000283925 1.36885e-06 6.55454e-05 -6.38442e-06 -0.000150372 -2.13232e-06 8.16316e-05 6.53374e-05 -0.000161128 0.000121593 6.54258e-07 0.000137759 -2.58675e-06 2.09611e-07 6.47044e-05 -7.80128e-06 -0.000170494 3.0367e-05 5.96649e-06 3.42446e-05 -2.58718e-05 -2.86201e-05 4.29586e-06 4.04734e-05 7.80197e-05 -3.30298e-06 -0.000117117 9.99396e-07 0.000143444 -2.80311e-06 -5.443e-05 7.54544e-06 -2.47897e-05 -7.28487e-05 3.24672e-05 -5.63428e-05 -0.000118337 1.80503e-05 0.000142171 -0.000106831 3.40606e-05 5.02342e-05 -0.000102473 0.000252886 -8.67696e-05 -0.000106984 -2.76625e-05 -9.67361e-05 0.00017534 -9.46322e-05 5.18701e-05
internal_weight=3972 3941 3904 3881 3839 3810 3688 122 3660 668 419 365 249 192 91 101 60 2992 54 2935 2909 2885 2862 320 44 2542 278 2264 63 2201 338 315 57 57 2163 52 2111 2082 234 1848 48 241 213 188 108 276 205 168 137 1800 68 1732 47 1685 286 1399 613 336 277 95 69 223 91 257 79 255 47 55 234 211 250 102 74 74 176
internal_count=3972 3941 3904 3881 3839 3810 3688 122 3660 668 419 365 249 192 91 101 60 2992 54 2935 2909 2885 2862 320 44 2542 278 2264 63 2201 338 315 57 57 2163 52 2111 2082 234 1848 48 241 213 188 108 276 205 168 137 1800 68 1732 47 1685 286 1399 613 336 277 95 69 223 91 257 79 255 47 55 234 211 250 102 74 74 176
is_linear=0
shrinkage=0.0190957


Tree=10
num_leaves=76
num_cat=0
split_feature=12 57 4 69 10 47 55 20 68 37 62 52 7 5 64 31 45 7 57 60 77 51 17 62 7 58 9 3 66 69 19 22 21 77 79 56 20 81 78 19 8 3 65 58 21 77 3 34 73 7 49 65 53 78 19 23 32 80 36 51 85 68 62 51 65 5 84 0 32 4 7 15 81 31 59
split_gain=0.0262935 0.0285307 0.0095045 0.010027 0.00851586 0.00745026 0.00511614 0.0126225 0.0100524 0.0105597 0.0112751 0.00420128 0.00507452 0.00630083 0.00562187 0.004804 0.00477009 0.00466473 0.00460135 0.00789971 0.00449743 0.00433306 0.00738075 0.00424491 0.00478037 0.00416257 0.00376 0.00407011 0.00372028 0.00485975 0.00365221 0.00351443 0.00330682 0.00328463 0.00421753 0.00412155 0.00379115 0.00313676 0.00336745 0.00399624 0.00308279 0.00308046 0.00383427 0.00293437 0.00289745 0.00283741 0.00282362 0.00272914 0.00355702 0.0037756 0.00342363 0.00395448 0.00351726 0.00326846 0.00289422 0.00315324 0.00293899 0.00265847 0.00262357 0.00330519 0.00262089 0.00258938 0.00347674 0.00257056 0.00431057 0.0031161 0.00254404 0.00253227 0.00249362 0.00329213 0.0027912 0.00253135 0.00245277 0.00241586 0.00253053
threshold=19.071500253677371 101.21500015258792 -0.056559094877092549 58.789898680777846 5.9949760241176806 -0.032943526368017041 848.27380505670033 0.0027045017868298506 54.509249973297123 20.520000299530412 -0.017555366353312646 10.908036398184374 -0.015893714712174999 0.041697522946448608 43.076937536219056 -0.0040013270461001999 -0.030065580467259895 -0.030703237941199498 55.030000686645515 0.0090330914449221009 0.032851919728400257 -0.39361555760751793 0.0021054871265469505 -0.029697897552188896 -0.025781140206975795 45.905000686645515 -0.31683266332528598 -1.0000000180025095e-35 1.1987330638257829 30.555248275716156 0.042203163608197154 52.321819347327498 0.044679269474593754 0.0084547475850157011 0.1754488125640368 48.784999847412116 -0.063162720964337046 0.30676176082697221 48.078535327876878 -0.039140816463114993 55.145888645501586 -0.011914445777655299 1.3957356376113614 41.524999618530281 0.025864876544253752 -0.030225347163797597 0.0044867942425449005 -0.0007295721575986499 0.13156279789498293 0.0050003555605411506 0.0026951222383277506 -0.2904376298123274 0.32236345244590087 59.641932312223069 -0.017694434346060245 -0.029329288414133094 0.0013398725380226503 1.3265229357540771 45.022696325359519 16.413615553409958 7.5000000000000009 34.273000097274789 0.0019613780205261504 -3.9932111543299693 0.43612434965804431 -0.0083550510020429982 2.5000000000000004 49.114999771118171 -0.0053144589770962999 -0.0079398440370662491 0.0091709169858719009 5.7909998893737802 0.57833694448534512 0.00039945266988205007 0.010017556015434602
decision_type=10 10 10 8 2 10 10 10 10 10 10 10 10 10 10 8 10 10 10 10 10 8 10 8 10 10 10 10 8 8 10 10 10 8 10 10 10 10 10 10 10 10 10 8 10 10 10 10 10 10 10 8 10 10 10 10 10 8 10 10 2 10 10 10 8 10 2 2 10 10 10 10 10 10 8
left_child=-1 2 3 -2 5 -4 7 -7 11 10 -10 26 15 16 -15 23 -14 21 20 -20 28 22 -17 -13 31 58 -8 -28 29 -18 32 -25 41 35 40 36 45 68 73 -40 43 -22 46 60 -36 -30 63 53 49 50 52 -52 -49 -41 -51 -56 -57 -45 -19 -60 -35 67 -63 -43 65 -65 -23 72 71 70 -70 -38 -48 74 -39
right_child=1 -3 4 -5 -6 6 8 -9 9 -11 -12 12 13 14 -16 17 18 25 19 -21 30 66 -24 24 -26 -27 27 -29 33 -31 -32 -33 -34 34 44 -37 37 38 39 47 -42 42 -44 57 -46 -47 61 48 -50 54 51 -53 -54 -55 55 56 -58 -59 59 -61 -62 62 -64 64 -66 -67 -68 -69 69 -71 -72 -73 -74 -75 -76
leaf_value=0.00058573395111278918 0 -0.00068725443429572058 0.00026063370410808788 0.00051416399579505448 -0.00031142264223876862 7.6137225528951369e-05 -6.6467339357600302e-05 -0.00049202258462450912 0.00036098493736974732 0.0005257106932405009 -0.00013887513222184529 -7.3686089071469844e-05 -0.00026761480891436318 -3.7495623657105233e-05 -0.00043391768753012178 -0.00039104714009066248 3.2330771714593728e-05 -8.3592238067853024e-05 -3.8198411456749527e-05 0.00044072813288032853 -5.2847990277554761e-06 6.8561859395174635e-05 7.6062405936438631e-06 0.00012726252517528943 5.0548238818047916e-05 0.00030537145768300323 0.0003341769543209558 6.0190798437759503e-05 -5.0230834984378808e-06 0.00029061418945227089 7.6709241638208046e-05 0.00039332248283182225 7.8030920816143831e-05 0.00017116866878056191 -1.5569631515281076e-06 -0.00022196684108617644 -1.4913277449367942e-05 2.6866731919762218e-05 0.00014245273726021609 6.0417062685144755e-05 1.4964756706265586e-05 -2.2771903895166095e-05 -0.00034938000470272377 0.00011757151777411627 -0.0002524606067648998 -0.00030882339932729373 -0.00027906626213049766 -0.00020197004319629037 0.00014498967475495589 0.00017450146810683143 -0.00044845088203277931 -0.00014366249171974502 7.9469121994363336e-05 -0.00011960790841106398 5.6314107688548566e-05 -3.2707531715499081e-05 -0.00029066827383556133 0.00043063657057922864 0.00010555755505675785 -5.5724707796289796e-05 -4.0223575054448285e-05 -1.0864136129330108e-05 -0.00031204711613550933 2.9989449685438792e-05 -0.00040747314978326402 -0.00021645978144830158 -0.00014743651639099068 3.3036739359902817e-05 -0.00022902913646290514 -3.6921529522299436e-05 -1.6491384118405661e-05 0.00018849642696014461 0 9.4325974563235812e-06 0.0002023318202554893
leaf_weight=28 28 22 40 27 32 30 31 26 28 26 39 32 27 31 25 34 156 57 27 22 127 68 31 40 78 22 35 53 22 33 62 41 45 47 71 37 119 58 54 174 133 39 25 24 23 28 22 29 26 24 24 58 35 46 52 45 28 22 164 62 36 31 29 26 31 53 28 116 73 317 37 27 22 136 73
leaf_count=28 28 22 40 27 32 30 31 26 28 26 39 32 27 31 25 34 156 57 27 22 127 68 31 40 78 22 35 53 22 33 62 41 45 47 71 37 119 58 54 174 133 39 25 24 23 28 22 29 26 24 24 58 35 46 52 45 28 22 164 62 36 31 29 26 31 53 28 116 73 317 37 27 22 136 73
internal_value=2.62904e-06 -1.48254e-06 2.3327e-06 0.000251597 -1.1772e-06 1.36504e-06 -1.32235e-06 -0.000182514 1.34515e-06 0.000197419 6.57281e-05 -3.63602e-06 -7.52413e-06 -1.87036e-05 -0.000219607 4.0142e-05 -1.45397e-05 6.4301e-06 -1.19446e-05 0.000170959 -1.53769e-05 -7.60134e-05 -0.000196494 0.000120886 0.000161854 5.08926e-05 0.00010778 0.000172432 -1.63656e-06 7.89499e-05 -6.01439e-05 0.000265486 -7.56431e-05 -9.89988e-06 4.20387e-05 -2.22375e-05 -1.70673e-05 -1.11582e-05 1.15943e-05 -1.32852e-05 8.19017e-05 -8.94684e-05 -0.000115874 0.000148684 -6.60086e-05 -0.000180905 -9.92738e-05 -2.93619e-05 -6.50947e-05 -8.45858e-05 -0.000153826 -0.000236377 -4.35632e-05 2.14679e-05 -1.48088e-05 -5.34577e-05 -0.000135592 0.000273552 3.00933e-05 6.00391e-05 7.60146e-05 -5.38377e-05 -0.00016123 -0.00016443 -0.000212039 -0.000131709 2.56578e-06 -1.17675e-05 -4.58884e-05 -6.93414e-05 -0.000160154 2.07333e-05 -0.000136426 6.81148e-05 0.000126841
internal_weight=3929 3901 3879 55 3824 3792 3752 56 3696 93 67 3603 3484 2827 56 657 2771 466 2744 49 2695 161 65 191 159 305 119 88 2067 189 628 81 566 1878 356 1522 1485 1435 862 595 262 521 394 129 94 50 369 541 321 295 146 82 64 220 149 125 73 46 283 226 83 220 60 149 110 79 96 160 573 427 110 146 44 267 131
internal_count=3929 3901 3879 55 3824 3792 3752 56 3696 93 67 3603 3484 2827 56 657 2771 466 2744 49 2695 161 65 191 159 305 119 88 2067 189 628 81 566 1878 356 1522 1485 1435 862 595 262 521 394 129 94 50 369 541 321 295 146 82 64 220 149 125 73 46 283 226 83 220 60 149 110 79 96 160 573 427 110 146 44 267 131
is_linear=0
shrinkage=0.0190957


Tree=11
num_leaves=76
num_cat=0
split_feature=12 57 4 69 10 47 55 37 68 37 62 76 46 65 15 24 83 83 14 57 18 6 3 86 9 31 83 26 13 19 86 7 32 34 85 3 40 65 83 79 37 47 17 66 22 61 45 77 51 71 53 34 77 36 47 7 14 7 37 42 60 49 46 66 79 70 3 11 21 16 71 37 18 37 33
split_gain=0.0252992 0.0274512 0.00914406 0.00964884 0.00819358 0.0071686 0.00491702 0.0124142 0.00967254 0.0101583 0.0108505 0.0041036 0.00960293 0.00498603 0.00358445 0.00499156 0.00497704 0.00697619 0.00373952 0.00338644 0.00451006 0.00308315 0.00479507 0.00394842 0.00377332 0.00314371 0.00346712 0.00305323 0.00399944 0.00304112 0.00298011 0.00292337 0.00285969 0.00279783 0.00259074 0.00545515 0.00478321 0.00756969 0.00435016 0.00413386 0.00370487 0.00262547 0.00258011 0.00412147 0.00244673 0.00244829 0.00243627 0.00359585 0.0024184 0.00235621 0.00262756 0.00232645 0.00294917 0.00279237 0.00255049 0.00457279 0.00318728 0.0023499 0.00265223 0.00230073 0.00228541 0.00224804 0.00272755 0.00285736 0.00224293 0.00305026 0.00223737 0.00241118 0.00256632 0.0022951 0.00223609 0.00223195 0.00222233 0.00221544 0.00221259
threshold=19.071500253677371 101.21500015258792 -0.056559094877092549 58.789898680777846 5.9949760241176806 -0.032943526368017041 848.27380505670033 2.5060169191292236 54.509249973297123 20.520000299530412 -0.017555366353312646 0.10884922921470595 -0.029618097216318699 3.478706355856954 4.742500066757203 0.42163796657799024 27.201353485095229 24.28094213293814 4.548499822616578 54.024999618530281 -0.018950659371243298 -0.0023628042820576993 -0.013636197227135547 -0.0036387187578498597 0.053714062392295106 -0.0042065612586255491 19.838061466822683 10.535775017738343 44.277594977178858 -0.00046274934655399994 0.00094236310176722723 0.016368585791774654 0.012333105370230203 0.0028887945167742003 6.5000000000000009 -0.040219158811532645 1228.9924987792972 1.3526825301579495 23.098816665674384 0.79638900466600593 8.0798545375129169 0.014357923391959052 -0.0168030282669893 4.235063262519291 34.126654437024527 -0.036604429918583696 -0.005354048098378349 -0.027767355391416847 -0.39361555760751793 21.255000114440922 0.59149191539356372 -0.0022531856285378997 0.030491250753389851 60.622468518350992 -0.0056231634277926984 -1.0000000180025095e-35 2.7755000591278085 -0.016145151076983649 5.3994716327342767 1356.7500000000002 -0.024003630038206696 0.010980607142139403 0.00012690841723035003 2.6443698078557798 -0.40830773194968367 22.48499965667725 0.006900392678325251 0.47234373380905731 0.0066411076979639517 2.9125000238418584 17.07499980926514 12.160716314391381 0.0008447632528143001 0.4312398856583855 0.0018767539269760501
decision_type=10 10 10 8 2 10 10 8 10 10 10 8 10 10 10 10 10 10 10 10 10 10 10 10 10 10 10 10 10 10 10 10 10 10 2 10 10 10 10 10 10 10 8 10 10 8 10 10 10 10 10 10 10 10 8 10 10 10 10 10 10 10 8 10 10 10 10 10 10 10 10 10 10 10 10
left_child=-1 2 3 -2 5 -4 7 -7 11 10 -10 12 -8 14 18 21 17 27 34 20 60 23 31 -16 29 26 70 28 -17 -25 -31 48 -26 -29 38 -36 37 44 39 41 -41 51 43 -38 -37 -46 47 -44 -23 50 -30 52 53 -14 55 56 -53 74 61 -20 -13 62 63 -59 65 -27 67 69 -69 -47 -24 -40 -49 -71 -56
right_child=1 -3 4 -5 -6 6 8 -9 9 -11 -12 19 13 -15 15 16 -18 -19 59 -21 -22 22 25 24 32 64 -28 33 49 30 -32 -33 -34 -35 35 36 42 -39 71 40 -42 -43 46 -45 45 66 -48 72 -50 -51 -52 54 -54 -55 57 -57 -58 58 -60 -61 -62 -63 -64 -65 -66 -67 -68 68 -70 73 -72 -73 -74 -75 -76
leaf_value=0.00057454897392707183 0 -0.0006741308580234162 0.00025565673606498202 0.0005043456952102802 -0.000305475824499192 5.9300003756513619e-05 -0.00039805879954092301 -0.00050855852663990485 0.00035409169372206418 0.00051567190654512054 -0.00013622321805714744 3.0562883123412502e-05 0.00012213496783837745 -0.00022102216975456316 -0.00018204776573291589 0.00010230203771798855 0.00018457742690087311 -0.0002997264941000295 -0.00030208589231977927 0.00030183026337607616 9.9435328738724243e-05 -1.1712741481035917e-05 0.00015755649018415528 0.00024549243879010482 -6.2563354486492247e-05 3.2551878341129139e-05 0.00031137322101997136 0.00020269922946017832 -0.00029956650352082819 -0.00012910078012211696 0.00016163876347094315 0.00035114438321357129 0.00014713426493021399 -5.4764211752373502e-05 0.00019606840928605286 9.8945667475315412e-05 -3.1818504682665267e-05 -0.0003857995556652389 6.5550971594474967e-05 0 -0.00030722544411920013 -0.00018934764474131719 -6.4832954653513961e-05 -0.00026350994817182549 -0.00028305466193133947 6.2729132581939326e-05 -1.3595319140226562e-05 0.00030365280519271623 0.00019860945520566468 3.5029967265321034e-05 -9.0097894353584966e-05 -0.00039113670631862559 -5.07722260883091e-05 -8.0449000219463162e-05 0.00018883771518725043 2.9212502345768428e-05 -5.5042238239636812e-05 -6.5714132970650451e-06 4.5529331578237846e-05 -3.8431176064139781e-05 -0.00021774760946292654 -0.00024022068970732213 3.3003399609045855e-05 -0.00023319618183200512 -1.7026128873413324e-05 0.00029151875997113962 6.0214593698437212e-06 -0.00032496354914996709 -4.5542856810170521e-05 -0.00027869881330138812 -7.5567987620830254e-05 0.00028637398678021286 5.8742358365392904e-05 -1.5047141593936107e-05 -3.1073581725362643e-05
leaf_weight=28 28 22 40 27 32 32 23 24 28 26 39 22 180 39 38 40 32 40 27 22 160 28 34 42 141 82 31 35 32 24 27 31 28 25 36 26 145 32 57 26 30 24 32 36 23 36 510 29 53 30 92 24 65 27 46 45 22 48 171 27 29 22 101 39 218 22 82 33 23 22 25 27 32 30 23
leaf_count=28 28 22 40 27 32 32 23 24 28 26 39 22 180 39 38 40 32 40 27 22 160 28 34 42 141 82 31 35 32 24 27 31 28 25 36 26 145 32 57 26 30 24 32 36 23 36 510 29 53 30 92 24 65 27 46 45 22 48 171 27 29 22 101 39 218 22 82 33 23 22 25 27 32 30 23
internal_value=2.57509e-06 -1.45659e-06 2.28436e-06 0.000246777 -1.15692e-06 1.33531e-06 -1.29933e-06 -0.000178931 1.31423e-06 0.000193649 6.43909e-05 -3.57044e-06 -9.00512e-06 -6.24566e-06 -3.62657e-06 2.3494e-05 -3.9269e-05 -6.46117e-05 -1.82124e-05 7.37995e-05 4.86605e-05 4.86741e-05 7.66229e-05 0 2.62398e-05 4.55799e-05 0.000145781 -2.64532e-05 -6.41468e-05 0.000124479 1.91796e-05 0.000188248 -2.61184e-05 9.06283e-05 -1.40367e-05 -3.38176e-05 -4.16669e-05 -0.000105735 8.48688e-06 -3.55747e-06 -0.000162605 6.74003e-06 -1.62121e-05 -7.94901e-05 -7.20996e-05 -9.11151e-05 2.30473e-06 9.25917e-05 0.000122354 -0.000109248 -0.000146474 1.28824e-05 5.85906e-05 9.43213e-05 -9.56663e-06 -0.000102018 -0.00023665 8.48984e-06 -9.38602e-06 -0.000175586 -0.000104993 -5.54727e-05 -3.23231e-05 -0.000111468 1.668e-05 9.00994e-05 -7.03085e-05 -0.000115772 -0.000215338 -4.91425e-05 5.38992e-05 0.000139954 0.000179891 -0.000132124 0.000111365
internal_weight=3929 3901 3879 55 3824 3792 3752 56 3696 93 67 3603 3370 3347 3308 1150 326 294 2158 233 211 824 524 300 262 412 90 254 194 93 51 112 169 60 2104 1127 1091 307 977 893 56 837 784 181 275 249 603 93 81 154 124 813 272 207 541 91 46 450 381 54 51 210 188 87 322 104 226 144 56 88 59 84 61 52 69
internal_count=3929 3901 3879 55 3824 3792 3752 56 3696 93 67 3603 3370 3347 3308 1150 326 294 2158 233 211 824 524 300 262 412 90 254 194 93 51 112 169 60 2104 1127 1091 307 977 893 56 837 784 181 275 249 603 93 81 154 124 813 272 207 541 91 46 450 381 54 51 210 188 87 322 104 226 144 56 88 59 84 61 52 69
is_linear=0
shrinkage=0.0190957


Tree=12
num_leaves=76
num_cat=0
split_feature=12 57 44 72 5 57 56 5 70 20 60 19 19 34 66 68 2 10 74 62 17 62 49 49 26 47 39 58 62 76 80 30 5 24 58 23 31 19 59 35 46 49 40 64 10 4 75 24 46 57 82 10 61 25 34 54 31 84 85 47 84 62 34 18 19 71 21 74 11 68 53 6 46 60 80
split_gain=0.0243428 0.0264123 0.00897468 0.00892865 0.0191079 0.0111954 0.0109974 0.0184094 0.0076126 0.00783927 0.00450247 0.00424901 0.00552956 0.0039727 0.00377009 0.00405901 0.00372564 0.00496214 0.00463223 0.00366042 0.00452447 0.00389884 0.00354187 0.00373156 0.00329593 0.00430685 0.0049784 0.0041543 0.00430942 0.00386548 0.00340466 0.00394332 0.00326844 0.00304935 0.00414027 0.00314074 0.00371867 0.003544 0.00334898 0.00336286 0.0042448 0.00404524 0.00366796 0.00312992 0.00312175 0.00322194 0.00308412 0.00298636 0.00286182 0.00323515 0.00291663 0.00365906 0.0032414 0.0030716 0.0027988 0.00296285 0.00280085 0.00342337 0.00279223 0.00352187 0.002758 0.00275493 0.00272249 0.00279266 0.00270255 0.00454919 0.00262948 0.0024376 0.00242209 0.00239142 0.00232209 0.00282395 0.00231163 0.00220631 0.00233877
threshold=19.071500253677371 101.21500015258792 805.87500000000011 38.710000991821296 -0.023721873018834296 80.104999542236342 51.994998931884773 0.040078784693210356 21.954999923706058 0.0039993668513947506 0.14289043874035193 -0.0039243005757964491 -0.033056294119349787 0.00028194172671120002 1.1987330638257829 30.124250078201296 68.514999389648452 2.4416947910656055 0.048105802839087455 -0.045887421484966044 -0.018197664513266848 -0.0065996351595218493 0.0021469611980358505 0.0042916709402866507 2.7076499879360205 0.00012690841723035003 0.35127487072967628 38.149999618530281 0.015406189880477351 -0.011993881114271949 1.7296576685410543 1274.9500122070315 0.0057520011955105007 0.5188582511096741 46.104999542236335 0.17811429099828688 0.0054601622090377508 -0.016686406750030195 0.068418677236715908 0.0045082312901478004 0.0034437944268042504 0.0015499418334285503 1267.8775024414065 57.133799988219856 2.8674867679221414 0.0020513415804793004 -0.013376856302241948 0.12024725237167387 -0.0020134623873573495 47.315000534057624 15.340749907493594 2.0183280974705422 -0.036604429918583696 0.86961519233958506 0.0084008490565728507 1132.1112487792973 -0.00087113934461219994 1.5000000000000002 7.5000000000000009 -0.0033022767317112496 3.5000000000000004 -0.014039753937223948 0.0042382494502299509 -0.0070378250239150992 -0.0010442684598321998 17.005000114440922 -0.016686406750030195 0.017746743133487852 0.75519461696191803 40.522999763488777 0.8039833137254947 0.0084515338363910526 -0.0012124700476309998 -0.020447168555320947 2.2983296371706179
decision_type=10 10 10 10 10 10 10 10 10 10 10 10 10 10 8 8 2 2 10 8 10 10 10 10 10 10 10 10 10 10 10 10 10 10 10 10 10 10 10 10 10 10 10 10 2 10 10 10 10 8 10 2 10 10 10 10 10 2 2 10 2 8 10 10 10 10 10 10 10 8 8 10 10 8 10
left_child=-1 2 -2 6 -5 -6 10 8 9 -8 14 12 -10 -13 15 -4 17 22 19 -19 -21 -22 24 58 25 30 -27 54 -29 -28 -16 -32 -17 35 -35 37 67 43 39 40 -39 73 -43 44 45 66 -36 -44 49 -25 62 52 53 70 55 56 57 -26 -24 -60 -56 -47 63 -50 65 -41 -18 -37 -63 -65 71 -52 -45 74 -42
right_child=1 -3 3 4 5 -7 7 -9 11 -11 -12 13 -14 -15 16 32 33 18 -20 20 21 -23 23 48 27 26 29 28 -30 -31 31 -33 -34 34 46 36 -38 38 -40 64 41 42 47 72 -46 61 -48 -49 50 -51 51 -53 -54 -55 60 -57 -58 -59 59 -61 -62 68 -64 69 -66 -67 -68 -69 -70 -71 -72 -73 -74 -75 -76
leaf_value=0.00056357759706352232 0.00030234960273446812 -0.00066125788433987862 2.1043578817779119e-05 -0.00061349843667913391 -0.00028920990890739787 0.00030053647487304828 0.00028904035548119945 -0.00027959267520733791 0.00021067941881506129 -0.00017816116052563584 -0.00024951032747121707 0.00037893742001203452 0.00063748135629086949 2.1500529584316715e-05 -1.7485703094468588e-05 0.00029892153167262591 -5.2846476606416736e-05 -1.7892751844669737e-05 -8.9259438166431937e-05 0.00047248541362873079 0.00033516302604100917 0 0.00017575569977450309 -3.6822386282224293e-05 4.0402330186711711e-06 -0.00019713819081136513 0.00019519206153400902 0 0.00036564378507824576 -5.0439056141391567e-05 -0.00042904537231183232 -0.00012042863739648777 2.6407378370275225e-05 -0.00030042443437780432 0.00012920333271132446 0.00024415350801216444 -6.6959754933106067e-05 6.6909633400863131e-06 0.00011135955007019075 -3.6404554768055901e-05 0.0001706279946691289 -0.00041244904469395086 3.9572565122726711e-05 -0.00024802091719216857 0.00016419667614832477 5.235505289266961e-05 -0.0001853141347804073 -0.00022692364439772102 -2.6327409272447493e-05 0.00012810956710566338 -0.00029694656782771033 -0.00028334008194311823 9.1077613238684614e-05 8.7473722720655424e-05 -5.1044470560796249e-05 -2.1087701089177239e-05 0 0.00026939809060294828 -0.00016839314283629357 9.1611224168752857e-05 -0.00028582246662743854 -0.0002496956381053159 -7.8638521426914031e-05 3.9061346447840886e-05 -8.505275830879252e-05 -0.0003754030593659147 0.00012884219552515523 0 -3.3702900629446475e-06 0.00029009310004039215 -1.6399097025785515e-05 -3.437386712418559e-05 4.5176470605514517e-07 -0.00011304968005700409 -7.4636964191012847e-05
leaf_weight=28 36 22 209 27 22 25 25 30 22 27 27 23 29 26 36 42 40 22 27 24 22 30 99 65 34 37 44 24 22 47 29 39 30 36 23 44 41 291 39 27 30 24 23 26 59 38 22 38 37 118 43 26 50 28 116 518 100 43 24 85 23 37 45 29 163 37 91 24 28 33 45 27 24 58 25
leaf_count=28 36 22 209 27 22 25 25 30 22 27 27 23 29 26 36 42 40 22 27 24 22 30 99 65 34 37 44 24 22 47 29 39 30 36 23 44 41 291 39 27 30 24 23 26 59 38 22 38 37 118 43 26 50 28 116 518 100 43 24 85 23 37 45 29 163 37 91 24 28 33 45 27 24 58 25
internal_value=2.51925e-06 -1.43408e-06 2.23399e-06 -5.02544e-07 -0.000208293 1.83644e-05 3.50085e-06 0.00014835 0.000234705 4.09229e-05 -3.76842e-06 0.000332595 0.000459011 0.000195148 -1.82384e-06 6.51971e-05 -7.65505e-06 8.60193e-06 0.000125091 0.000187082 0.000250202 0.000142077 6.44391e-07 3.27427e-05 -2.08614e-05 -8.49475e-05 -8.40858e-06 -3.63912e-06 0.00017257 6.51664e-05 -0.000176383 -0.000256275 0.000189369 -3.30086e-05 -0.000147167 -2.51092e-05 7.17962e-05 -3.49912e-05 -5.81952e-05 -6.78325e-05 -3.87906e-05 -0.000107088 -0.000207197 1.52461e-05 3.98195e-05 7.23004e-06 -1.81681e-05 -0.000121726 5.96157e-06 6.79552e-05 -2.44989e-05 -6.88864e-05 -3.85058e-05 -8.58263e-05 -1.3703e-05 1.53493e-06 6.93665e-05 0.000155963 0.00010166 3.17234e-05 -9.19622e-05 -7.12972e-05 4.10093e-05 9.83004e-05 -0.000129127 -0.000236883 7.11688e-05 0.000159688 -0.000148012 0.000177315 -0.000130523 -0.000199778 -0.000123001 -2.92386e-05 5.39136e-05
internal_weight=3929 3901 3879 3843 74 47 3769 182 152 52 3587 100 51 49 3560 281 3279 1991 125 98 76 52 1866 754 1112 232 128 880 46 91 104 68 72 1288 81 1207 109 1098 755 716 489 198 85 343 293 234 45 61 546 183 363 219 193 143 834 695 177 77 208 109 139 103 144 99 227 64 131 68 65 62 115 70 50 113 55
internal_count=3929 3901 3879 3843 74 47 3769 182 152 52 3587 100 51 49 3560 281 3279 1991 125 98 76 52 1866 754 1112 232 128 880 46 91 104 68 72 1288 81 1207 109 1098 755 716 489 198 85 343 293 234 45 61 546 183 363 219 193 143 834 695 177 77 208 109 139 103 144 99 227 64 131 68 65 62 115 70 50 113 55
is_linear=0
shrinkage=0.0190957


Tree=13
num_leaves=76
num_cat=0
split_feature=79 7 4 48 46 47 7 72 39 57 25 5 36 66 52 35 68 43 6 45 22 59 36 34 4 7 67 36 26 81 52 10 11 84 5 39 21 3 57 34 31 20 24 9 10 7 57 46 31 37 35 20 62 19 61 63 3 86 2 11 34 34 68 59 65 35 0 70 71 60 72 11 3 7 31
split_gain=0.0237765 0.0247461 0.012547 0.0144568 0.0086573 0.00866074 0.00731671 0.0108672 0.0146746 0.00501176 0.0118835 0.0103926 0.0040752 0.00390192 0.00407667 0.00440283 0.00390721 0.0036256 0.0049626 0.00372727 0.0033331 0.00332853 0.00413065 0.00317983 0.00434351 0.00460276 0.00409393 0.0031839 0.00388455 0.00325544 0.00348078 0.00344033 0.00317424 0.00315496 0.00313921 0.00289472 0.00289581 0.00503247 0.00463993 0.00360937 0.00348008 0.00444531 0.00280871 0.00278017 0.00271501 0.00271022 0.00375158 0.00448866 0.00380182 0.00319948 0.0030608 0.00301738 0.00294186 0.00271851 0.00267252 0.00311988 0.00416971 0.00325043 0.00266763 0.00263991 0.00284374 0.00260352 0.00258219 0.00249554 0.00263968 0.00277387 0.00264401 0.0024291 0.00238064 0.00237887 0.0023236 0.00230746 0.00230719 0.00229099 0.00228232
threshold=-2.6930730063167689 0.070536475432730769 -0.056559094877092549 0.0019176604611325502 0.032473597500937007 -0.032943526368017041 -0.074087104042099033 39.850000381469734 0.45381459291392329 56.320001602172859 0.10643844841251555 0.025907263362384404 57.700320010994744 1.1987330638257829 10.908036398184374 0.0018767539269760501 30.124250078201296 1007.5000000000001 -0.0099298121920017475 -0.024392746619507143 74.02791386765621 0.095031022244601263 48.735982653422852 0.00070692980818230008 -0.035075035848168991 -0.04252003700281639 1.0001826605828823 42.861167182822747 7.7046000361442575 0.24092106024363627 19.268563530261478 2.5001792291224922 0.67241859141053761 1.5000000000000002 0.0057520011955105007 0.12304595427372846 0.011368837048435552 0.0091368367828797512 31.974999427795414 0.0066478369619850505 -1.0000000180025095e-35 0.011672359783943351 0.14034680606402092 -0.26884106497379706 1.0988965511542834 -0.0069857137114401491 40.98500061035157 0.0029899148097913505 0.0022011961567077005 3.0553334542093471 0.0045082312901478004 -0.033056294119349787 -0.026193284664749145 0.029688942080389805 -0.022202664618642846 0.0090330914449221009 0.006900392678325251 -1.0000000180025095e-35 58.210000991821296 0.96577675838531019 0.0015530625318186002 0.011727776681373101 31.423750019073491 -0.03416900892377394 -0.49626134204862454 -0.0067265679415191492 59.944999694824226 21.860000610351566 21.494999885559086 0.015932364012340255 21.595000267028812 0.64078387363791778 0.0099286585050837508 -0.0029576722877103496 -0.0039074957422502487
decision_type=10 10 8 10 10 8 10 10 10 10 10 10 10 8 10 8 8 10 10 10 10 10 10 10 10 10 10 10 10 10 10 2 10 2 10 10 10 10 8 10 10 10 10 10 2 10 8 10 10 10 10 10 10 10 8 10 10 10 2 8 10 10 8 8 8 10 2 10 10 10 10 10 10 10 10
left_child=-1 2 3 -2 5 -4 -7 9 -9 13 -11 12 67 16 15 58 -8 18 -16 -19 21 23 -23 24 -21 -26 35 28 29 30 -27 71 44 -22 -18 42 38 40 -37 -40 41 -38 -25 -24 -20 46 47 74 50 63 -48 52 -51 -53 72 56 57 -56 -15 60 -34 62 -42 -47 66 -66 -65 -12 -44 -67 73 -31 -41 -39 -29
right_child=1 -3 4 -5 -6 6 7 8 -10 10 11 -13 -14 14 17 -17 34 19 32 20 33 22 43 26 25 27 -28 45 -30 31 -32 -33 59 -35 -36 36 37 70 39 54 61 -43 68 -45 -46 49 48 -49 -50 51 -52 53 -54 -55 55 -57 -58 -59 -60 -61 -62 -63 -64 64 65 69 -68 -69 -70 -71 -72 -73 -74 -75 -76
leaf_value=0.00055696017864867572 -1.0776119476641672e-05 -0.00061276881278300222 0.00030003193609001413 0.00057296167843001625 -0.00027463389214454453 0.00033047793330437451 2.0641738904707546e-05 5.9621068521459933e-05 -0.00058657457313215629 0.00051280660904688918 -9.5201336570528323e-05 -0.00033462441541075842 0.00034994315285334659 7.1040333805701285e-05 -9.6643868285874613e-05 0.00021456955533501253 0.00029321343116025346 -0.00020389833732357418 9.377441981581773e-05 0.00017355785883971749 -0.00030777644613431406 0.00031836777935013842 -0.00014581026390298002 -6.6922113930308256e-05 -0.00027817855117842822 6.2988855551352027e-06 -0.00023018614820932443 0.00024334886063610939 -0.00027111696154082012 -7.512998510797377e-05 -0.00028808057636307523 0.00020253800009175174 8.6698066257819261e-05 -1.7325975225068497e-05 2.5903110957851359e-05 2.3890393093514319e-05 0.0001900653797430655 -0.0002267963285401239 -0.00013528073429151647 0.00013348224248617251 -0.00011071897174014348 -5.167492816956995e-05 0.00027321654128943928 0.00015088366416114848 0.00036080633290365221 -8.9667662977556067e-05 0.00030484528826467047 -0.00014563870110835387 2.5137766735680047e-05 -4.8067410914850561e-06 2.3227983376733128e-05 -4.2768687305943571e-05 -0.00028822186529456898 0.00011625631702772397 -0.00019595377348801158 -0.00021073541771559322 6.4778799606975666e-05 6.094720335116473e-06 -0.00018239700090889074 0.00020088203172736864 -0.00015580683996177744 -0.00016154356618110487 8.3851263492765822e-05 0.00030750315604090398 -0.00017047685204502213 7.4705925182024074e-05 7.3257835348442904e-05 0.00017631732333879305 0 -0.00012610132426513478 5.9482613416605824e-05 4.7059699233485699e-05 -9.6210183689591453e-05 -5.5848215462998935e-05 1.8849646981677659e-05
leaf_weight=28 30 24 35 30 42 24 209 23 27 23 24 22 23 48 53 60 42 40 34 52 28 24 22 29 22 23 40 23 27 139 33 27 40 31 30 173 94 49 296 50 34 37 30 24 29 46 55 51 66 26 22 248 33 46 68 48 83 46 22 28 31 34 87 27 24 158 65 23 22 24 30 92 22 84 71
leaf_count=28 30 24 35 30 42 24 209 23 27 23 24 22 23 48 53 60 42 40 34 52 28 24 22 29 22 23 40 23 27 139 33 27 40 31 30 173 94 49 296 50 34 37 30 24 29 46 55 51 66 26 22 248 33 46 68 48 83 46 22 28 31 34 87 27 24 158 65 23 22 24 30 92 22 84 71
internal_value=2.46558e-06 -1.44064e-06 2.26949e-06 0.000276298 -1.96264e-06 9.94849e-07 -1.72671e-06 -3.94969e-06 -0.000283571 -5.75031e-08 0.00012393 2.35843e-05 0.000140274 -4.15389e-06 -1.00977e-05 9.43952e-05 6.39912e-05 -1.45155e-05 6.08366e-05 -2.01526e-05 -1.75052e-05 -1.44276e-05 0.00011506 -1.78209e-05 2.17163e-06 -4.2263e-06 -3.86742e-05 1.01962e-07 -4.99687e-05 -3.00366e-05 -0.000162038 -2.70202e-07 0.000114134 -0.000160043 0.00018583 -3.26346e-05 -4.00412e-05 -7.01901e-07 -6.21477e-05 -8.68985e-05 4.69125e-05 0.000119592 7.67416e-05 2.7329e-06 0.00022126 1.77281e-05 6.70395e-05 0 0.000136447 -2.2346e-06 0.000228119 -4.30108e-05 -0.000168203 -1.69088e-05 -4.08139e-05 -7.14102e-05 -3.60026e-05 -0.000111902 -4.50185e-06 4.30566e-05 -1.51327e-05 -1.26572e-05 2.68012e-05 3.87722e-05 5.95638e-05 1.9953e-05 0.000145131 3.15489e-05 0.000162394 4.66453e-05 -8.6011e-05 -2.52204e-05 5.9303e-05 -0.000120992 7.68406e-05
internal_weight=3929 3901 3877 60 3817 3775 3740 3716 50 3666 115 92 70 3551 3270 130 281 3140 215 2925 2885 2826 70 2756 1400 1348 1356 1326 341 314 56 258 162 59 72 1316 1235 449 786 613 286 131 81 46 63 985 288 145 143 697 77 353 59 294 317 245 197 114 70 99 71 155 121 344 298 206 92 47 52 182 163 231 72 133 94
internal_count=3929 3901 3877 60 3817 3775 3740 3716 50 3666 115 92 70 3551 3270 130 281 3140 215 2925 2885 2826 70 2756 1400 1348 1356 1326 341 314 56 258 162 59 72 1316 1235 449 786 613 286 131 81 46 63 985 288 145 143 697 77 353 59 294 317 245 197 114 70 99 71 155 121 344 298 206 92 47 52 182 163 231 72 133 94
is_linear=0
shrinkage=0.0190957


Tree=14
num_leaves=76
num_cat=0
split_feature=12 57 44 55 68 24 70 52 22 46 71 42 17 52 38 77 24 59 15 65 17 46 11 85 83 60 7 62 33 46 36 65 86 60 47 59 5 47 47 14 45 49 7 51 20 74 74 81 70 86 28 23 40 31 34 73 10 74 43 47 9 59 74 82 22 31 86 71 49 35 3 82 21 39 69
split_gain=0.0228872 0.025258 0.0086647 0.00875086 0.00521629 0.017126 0.0121042 0.00801002 0.00607503 0.00569219 0.00499893 0.00494991 0.00446772 0.00423505 0.0037526 0.00351524 0.00439143 0.00452932 0.00431271 0.00430866 0.00367685 0.00343842 0.00339151 0.00330885 0.00468829 0.00375382 0.00365446 0.0037375 0.00410044 0.00350524 0.00330584 0.00316021 0.00533126 0.00432024 0.00360901 0.00563025 0.00327573 0.00312253 0.00551639 0.00305598 0.00300917 0.00290754 0.00361678 0.00259946 0.00376604 0.00266205 0.00262971 0.00299071 0.00257243 0.00252049 0.00326262 0.00311447 0.00300801 0.00248525 0.00246055 0.00244115 0.00240757 0.00239379 0.00326073 0.00238411 0.00231257 0.00225018 0.00249371 0.00246856 0.00243647 0.00214905 0.00277596 0.00213362 0.00268436 0.0021317 0.00212206 0.00251787 0.00209246 0.00205573 0.00254496
threshold=19.071500253677371 101.21500015258792 805.87500000000011 848.27380505670033 52.995250511169438 0.37115698878039333 21.729999542236332 45.619008394228118 45.503949454173309 -0.029618097216318699 35.194999694824226 1191.3750000000002 -0.00074460474234709986 10.908036398184374 6.5591737041243112 0.032851919728400257 0.46680106383862952 0.018965722803974055 4.8964998722076425 0.39365153946159387 0.068009881522833757 -0.00078144926528234983 0.62326223746381348 4.5000000000000009 23.264570214601871 0.068144180932469309 -0.0092063564499056481 -0.065633181210028244 0.0013384906709236501 -0.0019108311263435998 37.88932378408439 0.95345591634026061 0.0004829007834391557 -0.0085455479858147481 0.0055454056984242514 0.022491556840574651 0.0018701554441465501 0.013293698777725502 0.0038895458210966003 2.5855000019073491 0.0038876291225377504 0.0045018987363761509 0.007314547398710701 -1.6780343854979944 -0.0092781758410766992 -0.019279493923069296 0.045687150051992156 0.27182058532754572 21.654999732971195 -0.0057739258219758876 1162.9000244140627 0.10198668698674736 1328.5050140380861 -0.0056667453473948992 0.011727776681373101 -0.009344691001591748 2.5789435840249557 -0.044738200255033937 2789.8750000000005 0.0032878059948760504 0.40017183970957865 0.031397391122800759 -0.0067762282725717989 19.761499929428101 46.115990109499947 0.0061634770425079508 -1.0000000180025095e-35 22.714999198913578 -0.0016524994334803998 0.0018767539269760501 0.0020492404345807502 19.418999886512761 0.0089914449435257015 0.96334118049281603 32.502395952833879
decision_type=10 10 10 10 10 10 10 10 10 10 8 10 10 10 10 10 10 10 8 10 10 10 10 2 10 10 10 10 10 10 10 10 10 10 10 10 10 10 10 10 10 10 10 8 10 10 10 10 10 10 10 10 10 10 10 10 2 10 10 10 10 8 10 10 10 10 10 10 10 10 10 10 10 10 10
left_child=-1 2 -2 -4 9 6 8 -8 -6 -5 13 -12 -9 14 22 16 18 41 20 30 23 -21 -11 24 25 29 37 28 72 -15 -20 34 33 -33 36 53 -17 38 -25 -38 -34 67 -43 44 45 -32 47 -45 55 52 56 57 -29 -36 61 60 -51 58 -52 -30 -49 63 64 -31 -63 66 -46 68 -18 -24 71 -55 -28 74 -59
right_child=1 -3 3 4 5 -7 7 12 -10 10 11 -13 -14 15 -16 31 17 -19 19 21 -22 -23 69 26 -26 -27 27 49 59 54 43 32 40 -35 35 -37 39 -39 -40 -41 -42 42 -44 46 65 -47 -48 48 -50 50 51 -53 -54 70 -56 -57 -58 73 -60 -61 -62 62 -64 -65 -66 -67 -68 -69 -70 -71 -72 -73 -74 -75 -76
leaf_value=0.00054645229941189958 0.00029706748710901922 -0.00064665041825772145 -0.00028891222113237278 -0.0002318030173098497 0.00023467929669502408 -0.00026889394679578205 0.00064967812136203175 1.4129204947896444e-05 -0.00016454134776846215 0.00034200641351330406 4.5804789057463198e-05 0.00038027329640893536 0.00040863889544621269 0.00012164993444968483 -6.1707914637074612e-05 -8.9855768983942962e-06 0.00011309465856758349 -0.00032094665714148794 0.00020169684642032168 7.0714842759179396e-06 0.00016805342446261147 0.00029984383331712775 -4.1630027672840507e-05 -1.1257190768643294e-05 0.00028793025521544523 -0.00015518925979166222 4.6328808321892657e-05 0.0002436854059800007 -0.00037760507219381596 1.647088174760144e-05 -4.6430718512630017e-05 -0.00047781529155246639 -0.00012702188141114476 -0.00011015405715647068 0.00013544677583759749 0.0002527943081270397 -0.00029257958161960513 -0.00018321777909628874 0.00016100899711270501 -7.7348881121354785e-05 0.00012579164488468405 0.00018948806859026696 -0.00011251128638793161 0 -0.00032842442045853264 0.00023350470219960816 -6.2145977939457626e-05 0.00034674248943901756 0.00031728166772336677 -0.00024674695481267603 -9.9891802930920356e-06 -0.00012604888876007749 -5.1184203262431595e-05 -0.00029020528105596927 -0.00018023539124905244 3.4133015433548848e-05 0 -1.2794968716712716e-05 -0.00023051846247889541 -0.00010477926953292176 7.13894272299012e-05 0.0003287359107587027 -2.8925065857893668e-05 -0.00014748970677549278 4.3596250779865807e-05 2.1187040261149174e-05 -6.0472783479496557e-05 -0.00024208323179665322 -0.00013167542307732506 0.00018629147991259558 1.6603873129733665e-05 -9.0867112379768024e-06 -0.00016670326650026484 -0.00011351511949221658 8.4762473401073346e-05
leaf_weight=28 36 22 38 39 24 34 26 23 33 30 57 24 22 123 32 303 24 26 41 25 44 44 25 198 25 41 39 26 32 174 24 23 41 29 35 38 29 23 101 202 29 34 24 127 28 23 62 23 23 45 77 96 22 23 25 100 22 235 38 24 28 24 28 41 25 23 35 31 47 32 72 28 28 42 162
leaf_count=28 36 22 38 39 24 34 26 23 33 30 57 24 22 123 32 303 24 26 41 25 44 44 25 198 25 41 39 26 32 174 24 23 41 29 35 38 29 23 101 202 29 34 24 127 28 23 62 23 23 45 77 96 22 23 25 100 22 235 38 24 28 24 28 41 25 23 35 31 47 32 72 28 28 42 162
internal_value=2.4253e-06 -1.4058e-06 2.17959e-06 -5.07971e-07 2.29668e-06 0.00010836 0.000210816 0.000377211 0 -2.34088e-06 6.23778e-08 0.000148458 0.000213393 -3.26785e-06 0.000108558 -7.26167e-06 3.84777e-06 -8.53173e-05 1.0979e-05 5.49479e-05 -3.99691e-06 0.000197936 0.000174492 -8.5761e-06 3.2176e-05 1.82851e-05 -2.58556e-05 -4.59647e-05 -0.000144281 3.51036e-05 3.60394e-05 -4.08755e-05 -0.000131408 -0.000278306 -2.53513e-05 4.39446e-05 -5.13244e-05 2.8707e-05 4.5971e-05 -0.000105615 -1.81753e-05 -4.52296e-05 5.9563e-05 2.1766e-05 -4.93899e-05 8.44383e-05 4.86294e-05 7.24026e-05 0.000123838 -2.97809e-05 -3.90406e-05 -2.54392e-05 0.000102544 -4.46433e-06 6.15042e-07 9.24677e-05 -0.000166701 -7.48581e-06 -8.53612e-05 -0.000265817 0.000201209 1.7084e-05 0.0001061 -1.3458e-05 0.000189127 -0.000125874 -0.000184129 -0.000107638 -4.48846e-05 8.12791e-05 -4.66152e-05 -0.000141506 -3.8406e-05 1.22591e-05 2.62898e-05
internal_weight=3929 3901 3879 3843 3805 162 128 71 57 3643 3604 81 45 3523 119 3404 2552 186 2366 606 1760 69 87 1716 506 481 1210 888 123 440 537 852 122 52 730 196 534 322 299 231 70 160 58 496 133 47 363 301 174 765 717 650 48 158 317 151 67 554 115 56 51 292 77 215 49 86 63 102 71 57 123 51 67 439 397
internal_count=3929 3901 3879 3843 3805 162 128 71 57 3643 3604 81 45 3523 119 3404 2552 186 2366 606 1760 69 87 1716 506 481 1210 888 123 440 537 852 122 52 730 196 534 322 299 231 70 160 58 496 133 47 363 301 174 765 717 650 48 158 317 151 67 554 115 56 51 292 77 215 49 86 63 102 71 57 123 51 67 439 397
is_linear=0
shrinkage=0.0190957


Tree=15
num_leaves=76
num_cat=0
split_feature=13 57 44 72 5 56 5 66 70 45 46 56 81 4 63 58 66 2 10 62 23 24 19 35 46 49 69 5 49 49 45 85 47 41 26 5 35 60 77 5 61 31 19 71 28 5 61 47 47 46 86 48 7 52 34 21 35 13 31 21 36 45 46 10 71 65 34 45 31 7 23 77 15 24 49
split_gain=0.0225659 0.0206165 0.0084156 0.00839093 0.0170735 0.0102899 0.0169307 0.00638904 0.00882159 0.00538682 0.00477709 0.00457461 0.007683 0.00444336 0.00390628 0.00331483 0.00341502 0.00354004 0.0072421 0.00420499 0.00336496 0.00564915 0.00324831 0.00362203 0.00356178 0.00435152 0.00319207 0.00378532 0.00304963 0.003932 0.00330117 0.0029078 0.00335427 0.00288114 0.00283103 0.00364271 0.00347334 0.00339687 0.00297482 0.00272112 0.00276281 0.0026569 0.00263176 0.00353071 0.0024901 0.00246658 0.0024586 0.00243858 0.00243386 0.00249584 0.00345716 0.00242876 0.00354918 0.00259342 0.00269545 0.00333341 0.00256168 0.00244487 0.00300938 0.00394143 0.00237192 0.00236635 0.00232891 0.00230543 0.003233 0.00267309 0.00292702 0.00229221 0.00226755 0.00260537 0.0022417 0.00421957 0.00223954 0.00264856 0.0021383
threshold=19.269630981098889 101.21500015258792 805.87500000000011 39.850000381469734 -0.024176221017106148 51.239999771118171 0.040078784693210356 3.838872905348405 21.954999923706058 0.0059605804014981516 -0.029618097216318699 49.454999923706062 0.5439942046644799 -0.0033027752860274994 0.0048089846911023009 47.924999237060554 1.1987330638257829 68.514999389648452 2.4549604623934584 -0.042714494837939591 0.17811429099828688 0.52906765265169375 -0.016686406750030195 0.0047943192304858509 0.0036112511673846502 0.0015499418334285503 30.555248275716156 0.0057520011955105007 0.0021469611980358505 0.0042916709402866507 -0.021065295705458047 7.5000000000000009 -0.0033022767317112496 1258.7142175605379 2.7076499879360205 -0.023721873018834296 0.0015530625318186002 0.013791941786940052 -0.026584927829713497 -0.035156323512416841 -0.036604429918583696 0.005569029021631801 -0.0010442684598321998 17.005000114440922 1607.7500000000002 0.011098764933366402 -0.025216033767289248 0.0044977560283708503 0.006384454873425701 -0.0024030212238001498 -0.00072284104027728964 0.0070630548559501008 -0.015273997717127648 11.059202227645729 0.007475175819812001 -0.017327482962242596 0.0022611468539731005 46.133368252123773 -0.0018239336755850497 0.012547346094698401 50.874574115570361 -0.0028514255570893494 0.00085031103458790011 2.8674867679221414 21.884999275207523 -0.33311178907235289 0.007117453993587001 -0.012504387275124249 -0.0040013270461001999 0.0088276868251632012 0.031297096359050362 -0.020513782911251995 4.4625000953674325 0.13695492851201443 0.0036112511673846502
decision_type=10 10 10 10 8 10 10 10 10 10 8 10 10 10 10 10 8 2 2 8 10 10 10 10 10 10 8 10 10 10 8 2 10 10 10 10 10 10 10 10 8 10 10 10 10 10 8 10 10 10 10 10 10 10 10 10 10 10 10 10 10 10 10 2 10 10 10 8 10 10 10 8 10 10 10
left_child=-1 2 -2 5 -5 10 7 14 -9 13 -4 15 -13 -10 -7 16 26 18 28 -20 21 22 63 24 72 -26 -12 -28 30 31 -18 74 -33 -27 36 68 37 61 45 -31 -41 -22 43 -25 -35 60 -42 -38 67 -50 -51 53 -53 56 57 -56 -40 58 -55 62 -37 -32 -60 65 -65 -19 -67 -48 -36 -70 71 -21 73 -24 -30
right_child=1 -3 3 4 -6 6 -8 8 9 -11 11 12 -14 -15 -16 -17 17 20 19 70 41 -23 23 42 25 33 27 -29 29 39 34 32 -34 44 35 38 47 -39 51 40 46 -43 -44 -45 -46 -47 48 -49 49 50 -52 52 -54 54 55 -57 -58 -59 59 -61 -62 -63 -64 64 -66 66 -68 -69 69 -71 -72 -73 -74 -75 -76
leaf_value=0.00059877380030672143 0.00027116303830974653 -0.00055906838093805933 -0.00027297675657533414 -0.00062057324257368013 1.422598334696398e-05 -0.00016797943025556535 -0.00027138209202662566 2.1698671442890916e-05 0.00067863620463552775 0.00015600339117960739 2.7812321858601905e-05 2.6112666871899685e-05 -0.00039253067585442953 0.00032348798320912996 0.00019126014724630527 0.00021521540674355048 -0.00021168765271269702 4.3163015838678689e-05 -3.5625867838046053e-05 8.166419020213667e-05 0.00013111648945962509 -0.00028609689130902898 -1.920598762275348e-05 -4.3602031505847139e-05 -1.1558350888892617e-05 -0.0003874037619125595 0.00031050571932605107 0 0.00011566581297263428 -0.00019560509677956644 -3.6263322251116865e-05 -0.00016455377867851997 8.8817865081530485e-05 0 0.00024819751953504793 -3.9000352599189225e-05 -5.7070966863310722e-05 1.492162167588053e-05 1.11767766239615e-05 -0.00010415857561343601 0.00021073527736322005 -5.546486741790005e-05 -7.7370419539794547e-05 -0.0003466061604138813 -0.00022603396293741537 1.5936415233228032e-06 -0.00011611999600311006 0.00015104943811858196 8.9291750128017898e-05 -0.00031971066058526651 -1.0880606627496973e-05 0.00010987675897417882 -0.00013476353872801368 0.00020349310317158446 6.4710444149968251e-05 -0.00017384141388820449 0.00028100293168315026 -1.2510024641163032e-05 2.098607259272697e-05 0.00016535990490669587 -0.00030760204168994688 -0.00027574146645280219 -0.00020426917587144502 0.00024938617002944765 -1.0138317377711956e-05 -2.0514990282886577e-05 -0.00024149613872334394 5.6125340897108457e-05 -3.4525714762465197e-05 0.00021552654647538164 5.6763770267295373e-05 0.00044173887654384359 -9.3869256977202476e-05 0.00010182133219263763 0.00032880795962965474
leaf_weight=23 42 24 24 24 41 22 31 37 27 30 222 33 29 34 22 26 32 150 26 22 77 34 141 26 117 22 36 23 69 24 24 24 86 30 31 24 64 31 30 64 26 41 156 38 38 35 30 30 22 24 34 27 92 52 31 60 26 236 39 44 31 60 27 33 33 94 30 314 45 22 22 33 60 119 27
leaf_count=23 42 24 24 24 41 22 31 37 27 30 222 33 29 34 22 26 32 150 26 22 77 34 141 26 117 22 36 23 69 24 24 24 86 30 31 24 64 31 30 64 26 41 156 38 38 35 30 30 22 24 34 27 92 52 31 60 26 236 39 44 31 60 27 33 33 94 30 314 45 22 22 33 60 119 27
internal_value=2.37287e-06 -1.06532e-06 2.31037e-06 -5.55297e-07 -0.000215736 3.07359e-06 0.000135366 0.000210348 0.000278654 0.000379969 -4.3642e-06 -2.46612e-06 -0.000165065 0.000485401 5.10243e-06 3.43241e-07 -1.18826e-06 -6.91009e-06 9.07824e-06 0.000164895 -3.21765e-05 -4.25411e-05 -3.46583e-05 -5.70043e-05 -2.91172e-05 -9.09837e-05 6.252e-05 0.000188239 1.85045e-07 3.0161e-05 -1.99562e-05 0.000101143 3.09216e-05 -0.00019104 -1.39024e-05 1.21495e-06 -7.69057e-05 -0.000147411 -1.2678e-05 2.44725e-06 1.22545e-05 6.38495e-05 -0.000122499 -0.000228006 -0.000123281 -0.000115732 2.94503e-05 6.29013e-06 1.76553e-05 -7.59822e-05 -0.000143632 8.56903e-07 -7.68395e-05 1.83496e-05 3.64793e-06 -8.94153e-05 0.00014159 2.5649e-05 8.30144e-05 2.34457e-05 -0.000195624 -0.000210744 -6.68052e-05 1.35912e-05 0.000115265 -9.84978e-06 -7.62981e-05 4.02677e-05 0.000111041 4.32874e-05 0.000236339 0.000302939 1.00038e-05 3.50809e-05 0.000178609
internal_weight=3929 3906 3882 3840 65 3775 203 172 128 91 3572 3548 62 61 44 3486 3460 3179 1940 103 1239 1121 1087 747 527 207 281 59 1837 744 1093 206 110 90 1061 852 209 115 754 538 514 118 220 64 68 90 450 94 424 80 58 664 119 545 489 91 56 398 162 110 55 84 66 340 66 274 124 344 98 67 77 55 320 260 96
internal_count=3929 3906 3882 3840 65 3775 203 172 128 91 3572 3548 62 61 44 3486 3460 3179 1940 103 1239 1121 1087 747 527 207 281 59 1837 744 1093 206 110 90 1061 852 209 115 754 538 514 118 220 64 68 90 450 94 424 80 58 664 119 545 489 91 56 398 162 110 55 84 66 340 66 274 124 344 98 67 77 55 320 260 96
is_linear=0
shrinkage=0.0190957


Tree=16
num_leaves=76
num_cat=0
split_feature=79 7 4 68 46 47 7 72 39 5 56 56 72 15 82 58 15 65 51 15 16 17 45 64 44 37 14 15 33 31 45 7 73 18 42 85 66 83 40 79 59 58 17 69 7 0 4 50 35 45 58 17 58 62 63 60 27 73 7 18 22 65 6 60 62 68 85 17 45 35 63 37 11 7 76
split_gain=0.0220528 0.023473 0.0120995 0.0135003 0.00801661 0.00830768 0.00687859 0.0100495 0.0176578 0.00468123 0.0119001 0.00765228 0.00683761 0.00618812 0.00507909 0.0045345 0.00382138 0.0055223 0.00444032 0.00738346 0.00489859 0.00363849 0.00361619 0.00350487 0.00342658 0.00356448 0.00322203 0.00317822 0.00315756 0.00301439 0.00319405 0.00404332 0.00344027 0.00285223 0.00284118 0.00270191 0.0047145 0.00434484 0.00360019 0.00356475 0.0038521 0.00341518 0.00308137 0.00310973 0.00290306 0.00290177 0.0028882 0.00359243 0.002807 0.00274397 0.00330411 0.00290957 0.00271064 0.00303725 0.00265381 0.00255324 0.00253997 0.00250079 0.00244827 0.0024333 0.00241358 0.00235124 0.00283605 0.0027048 0.00270165 0.00267686 0.00232086 0.00230139 0.00226323 0.00217855 0.0028828 0.00251817 0.00235692 0.00216182 0.00213412
threshold=-2.6930730063167689 0.070536475432730769 -0.056559094877092549 54.509249973297123 0.032473597500937007 -0.032943526368017041 -0.062834528393864442 39.850000381469734 0.45381459291392329 0.041697522946448608 51.239999771118171 51.590000152587898 26.085000038146976 2.9835000038146977 27.991250085830693 49.000000000000007 4.742500066757203 0.39365153946159387 -1.6780343854979944 7.2744998931884775 7.5510001182556161 0.068009881522833757 0.0056231406068845005 55.85473325893404 1215.1250000000002 20.520000299530412 4.548499822616578 2.9064999818801884 0.0049129160664722008 -0.0060777669005028989 -0.0020320912292916497 -0.0110141704408854 -0.005206650139046449 0.00059739733053340018 1356.7500000000002 6.5000000000000009 3.9900989512846929 23.264570214601871 1228.9924987792972 0.43963089245972858 0.033464756602106356 41.524999618530281 0.0054489898780480011 45.567662121310711 -0.0092063564499056481 69.165000915527358 0.011943111868662303 56.539463571232496 0.0026048991624810004 0.0062685539476337515 29.404999732971195 0.0080492225020340012 43.395000457763679 -0.0096844046873568474 -0.055728884573893599 -0.0044300519878662488 5.9926702888288617 -0.061593346543049189 0.0031465213688344003 -0.0065044652783540491 42.938498106728353 -0.4737454543043213 -0.0062842854901897496 -0.0091859268992786486 0.013297285554833602 27.213499975204474 8.5000000000000018 -0.00074460474234709986 -0.0043264975682938489 0.0019421869377227003 -1.0000000180025095e-35 -1.7867799904837793 0.68027746605537665 0.018194640664292955 -0.035027854233578043
decision_type=10 10 8 10 10 8 8 10 8 10 10 10 10 10 10 10 8 10 8 10 10 10 10 10 10 8 10 10 10 8 10 10 10 10 10 2 8 10 10 10 10 10 10 8 10 2 10 10 10 10 10 10 10 10 10 8 10 10 10 10 10 8 10 8 10 8 2 10 10 10 10 10 10 10 10
left_child=-1 2 3 -2 5 -4 -7 9 -9 10 15 67 13 -12 -14 16 21 18 19 22 -21 26 28 -19 29 57 35 -23 73 56 33 -32 59 -31 -28 37 38 39 52 46 54 -40 43 -38 -44 55 47 49 74 50 58 -52 53 -37 -41 -39 -20 -26 -8 -33 -50 64 -63 -64 -49 -65 -45 -11 -59 70 71 -70 -73 -18 -48
right_child=1 -3 4 -5 -6 6 7 8 -10 11 12 -13 14 -15 -16 -17 17 23 24 20 -22 27 -24 -25 25 -27 34 -29 -30 30 31 32 -34 -35 -36 36 42 45 41 40 -42 -43 44 66 -46 -47 48 61 60 -51 51 -53 -54 -55 -56 -57 -58 68 -60 -61 -62 62 63 65 -66 -67 -68 -69 69 -71 -72 72 -74 -75 -76
leaf_value=0.00053634579992214071 3.3511406343901491e-06 -0.00059682809540724979 0.00029374989886707723 0.00058809073907706993 -0.0002643619708512334 0.00028605420298463105 0.00014053394745112694 9.4749040341873326e-05 -0.00064452772065993862 6.3387493469221751e-05 0.00023264365004112855 -0.00044612233989150114 0.00057626861954390642 -0.00011159001996014657 0.00018226971503566364 -0.00021708428736505938 -2.2428723758960908e-05 0.00026574650022147717 0.00010252965157223422 -0.00036214671855179693 -7.982890152476079e-05 0.0003000456531343453 0.00012754638384526921 2.0431415293186834e-05 0.00019649127166959239 -0.00020036555669924574 -0.00030072358774237221 1.0774163183491829e-05 -0.0001673069882323539 3.3027473862791915e-05 0.00015731626467801289 -9.7047817736148023e-05 -0.00019791280654935146 0.00025537891058934758 -2.3974832810591313e-05 -0.00026178681943640509 -0.00023385761429700716 0.00035008186224390103 0 0.00014821911291427775 -0.00027148793852056573 0.0002053793449605187 0.00013284391723549231 3.9637243901077957e-05 -7.6139479629329563e-05 -3.0701429082063564e-05 0.00012418017054693106 8.1022348123412948e-05 -5.1210663082015209e-07 -5.0797663625612079e-05 0.00031630255416244008 6.7686029151580701e-05 4.1808070993680373e-05 -6.2576234030161873e-05 -8.2929893859174888e-05 8.6049452361115392e-05 0.00037260966413647773 9.6909409608237902e-05 -6.7221900494396253e-05 0.00010693986168823947 -0.00026024360139567578 4.6170839351100017e-05 0 -2.7581274802678286e-05 -7.1641070563102305e-05 -0.00030643444724331634 -0.00014395157864771676 -0.00014695333044350623 -0.00024386737946846467 3.1878456498351966e-05 0.00011794487908260426 3.0151317790073394e-05 -0.00017243432908657739 0.00019091205140407526 -4.9361148093040961e-05
leaf_weight=28 33 24 35 27 42 30 44 22 24 38 38 22 22 37 33 36 75 55 38 35 73 24 74 39 27 29 28 38 46 45 48 37 39 46 31 44 87 27 586 22 34 31 31 38 104 24 35 157 24 34 48 32 42 92 91 34 23 78 37 49 36 58 44 23 56 36 64 36 37 146 23 50 34 22 98
leaf_count=28 33 24 35 27 42 30 44 22 24 38 38 22 22 37 33 36 75 55 38 35 73 24 74 39 27 29 28 38 46 45 48 37 39 46 31 44 87 27 586 22 34 31 31 38 104 24 35 157 24 34 48 32 42 92 91 34 23 78 37 49 36 58 44 23 56 36 64 36 37 146 23 50 34 22 98
internal_value=2.32681e-06 -1.43245e-06 2.17906e-06 0.000271278 -1.97559e-06 8.67476e-07 -1.79649e-06 -4.20166e-06 -0.000284707 -6.01519e-07 2.86005e-06 -0.000132253 0.000182247 5.89861e-05 0.0003451 -3.83938e-06 -1.49826e-06 2.63979e-05 1.38217e-05 -4.4708e-05 -0.000173984 -1.6212e-05 1.83067e-05 0.000167027 3.96026e-05 3.13669e-06 -2.04435e-05 0.00012739 -3.62113e-05 8.62913e-05 5.68303e-05 6.90287e-06 -4.85545e-05 0.000148586 -0.000160189 -1.64054e-05 -3.6795e-05 6.25892e-06 -1.13626e-05 -5.64579e-06 -9.19482e-05 1.00466e-05 -9.83106e-05 -0.000148425 -2.60198e-05 0.000136954 1.06256e-05 3.25908e-05 -5.26415e-05 9.90648e-05 0.0001325 0.000220452 -8.71893e-05 -0.000129142 -3.53817e-05 0.000207632 0.000209079 1.88056e-05 4.20817e-05 1.58327e-05 -0.000161145 -1.2989e-06 -5.71081e-05 -0.000118058 3.95349e-05 -0.000202605 -7.27355e-05 -3.50531e-05 4.98722e-06 -1.87447e-05 -7.20687e-05 -0.000110564 -4.8423e-05 2.29922e-05 -1.52946e-06
internal_weight=3929 3901 3877 60 3817 3775 3740 3710 46 3664 3568 96 130 75 55 3438 3402 1168 1074 325 108 2234 217 94 749 424 2172 62 143 325 264 173 125 91 59 2113 1119 994 795 909 147 617 324 189 135 85 762 569 193 195 161 80 178 136 113 61 61 395 81 86 60 374 161 103 213 59 102 74 368 290 144 121 84 97 133
internal_count=3929 3901 3877 60 3817 3775 3740 3710 46 3664 3568 96 130 75 55 3438 3402 1168 1074 325 108 2234 217 94 749 424 2172 62 143 325 264 173 125 91 59 2113 1119 994 795 909 147 617 324 189 135 85 762 569 193 195 161 80 178 136 113 61 61 395 81 86 60 374 161 103 213 59 102 74 368 290 144 121 84 97 133
is_linear=0
shrinkage=0.0190957


Tree=17
num_leaves=76
num_cat=0
split_feature=13 57 44 55 4 81 7 68 33 18 4 46 71 7 86 52 66 56 38 68 8 86 62 4 79 36 59 48 17 35 86 50 46 10 62 27 5 42 85 57 6 9 4 75 14 70 9 22 56 57 62 65 23 64 18 34 32 81 34 76 7 9 73 45 20 25 46 34 10 50 62 31 63 78 62
split_gain=0.0214366 0.0198621 0.00809346 0.00807718 0.00651268 0.0079163 0.00734639 0.00557712 0.0110647 0.00943734 0.0074095 0.00510348 0.00449286 0.00460827 0.004337 0.00385257 0.00389563 0.00355698 0.00354085 0.00339234 0.00331428 0.003999 0.00340465 0.00325383 0.0031672 0.00507608 0.00369924 0.00445458 0.00321987 0.00443541 0.00401555 0.00401169 0.00310008 0.00306719 0.0028125 0.0047093 0.0027816 0.00267963 0.00265183 0.00312594 0.00465043 0.00560203 0.00498373 0.00321181 0.00280019 0.00328123 0.00276708 0.00267335 0.00315688 0.00314055 0.00274738 0.00546405 0.00277543 0.00338601 0.00248898 0.0033144 0.00342365 0.00260078 0.00246021 0.00243552 0.00243186 0.00298749 0.00339362 0.00281804 0.00349188 0.0026694 0.00244113 0.00288583 0.00242909 0.0024208 0.00239163 0.00224644 0.00266605 0.00218294 0.00216396
threshold=19.269630981098889 101.21500015258792 805.87500000000011 848.27380505670033 0.045528083487091413 0.28837531696477309 0.061168125035871955 54.509249973297123 -0.0119519700975793 -0.012721351851713698 -0.010154935909867048 -0.029618097216318699 35.194999694824226 -0.014655950444502698 -0.00065674718157651539 10.908036398184374 1.1987330638257829 55.215000152587898 6.5591737041243112 30.124250078201296 75.413683338147877 0.01054102474007376 -0.034056658311124095 0.0063383982325344009 0.69604576767836346 58.772213409245204 0.070685909032511804 -0.0011500125088329497 -0.038343224543464394 0.0036762743466301506 0.00012094289986433372 64.717125300382833 0.0036112511673846502 1.8576130624243874 -0.026658249347089599 7.5543198201678399 0.0057520011955105007 2199.5000000000005 6.5000000000000009 39.225000381469734 -0.026364395915612897 -0.57644658113634495 0.018508307315012702 -0.00079656818901779989 4.4005000591278085 19.474999427795414 0.7613602324354255 31.778680864063009 47.414999008178718 47.885000228881843 0.016523402373619853 0.91064082483701203 0.016252863878840802 48.946855910574421 0.019189716761567752 0.00070692980818230008 -0.0038998714139227499 0.37857264914843741 0.00089089801887960013 -0.058399833709258699 -0.015893714712174999 -0.59400419988734743 0.055551866156372157 -0.00077772487357199982 -0.013953320521032349 0.879000874866389 -0.0014291735077950499 0.0010437081956442002 1.879070040388849 51.811942496521191 -0.0019930790661234496 0.014109938088686252 -0.011841854646067499 41.640962596897005 -0.042714494837939591
decision_type=10 10 10 10 10 10 10 10 10 10 10 10 8 10 10 10 8 8 10 8 10 10 10 10 10 10 10 10 10 10 10 10 10 2 8 10 10 10 2 8 10 10 10 10 10 10 10 10 10 10 10 10 10 10 10 10 10 10 10 10 10 10 10 10 10 10 10 10 2 10 8 10 8 10 10
left_child=-1 2 -2 -4 6 14 7 11 -9 -10 -11 -5 15 -14 -6 18 19 -7 23 -17 21 24 32 -13 26 34 28 -28 29 30 58 33 -23 -31 74 59 -21 -29 39 44 68 43 54 -42 45 -30 -44 -40 49 50 51 60 -52 -54 55 57 -57 -43 -18 -36 65 66 63 64 -63 73 -62 -68 -41 -50 -32 72 -27 -49 -26
right_child=1 -3 3 4 5 17 -8 8 9 10 -12 12 13 -15 -16 16 20 -19 -20 36 -22 22 -24 -25 25 71 27 37 38 31 70 -33 -34 -35 35 -37 -38 -39 47 40 41 42 46 -45 -46 -47 -48 48 69 -51 52 -53 53 -55 -56 56 -58 -59 -60 -61 61 62 -64 -65 -66 -67 67 -69 -70 -71 -72 -73 -74 -75 -76
leaf_value=0.00058357501437157904 0.00026590784617683402 -0.00054876116041011264 -0.0002740281145673807 -0.00022980976015705073 -0.00020593434555340442 0.00015515034522267911 -0.00033465015312336748 -0.00022079948505762196 0.0004996163278018095 0.00030973613449302231 -0.00013810084657081114 0.0002815400221539539 0.00035060325767738719 3.2909343666998986e-05 0.00016830797205751727 1.9374660500997427e-05 0.00016057053489344964 0.00052370987578684303 -6.0107477489850067e-05 0.00027730599257332452 -0.00018155802166894462 0.00010767657668509875 0.00023085140518690938 3.1922357520588686e-05 0 -0.00032568951983839758 0.00026394162998017232 0.00018852823663971768 -1.4795260105613395e-05 -0.0001333969386152251 5.5350414672707551e-06 0 -0.000165063085450333 -0.00042801972162209934 -0.00017194605750377702 -0.00030899416845279044 2.3794752501090031e-05 -6.1434177579159421e-05 0.00014714199427712905 -0.00019985470330655716 0.00010510535557150353 3.7997865202753397e-05 -0.00020575543504011066 0.00040684259107759435 -0.00014152420203306817 0.00017032127281067669 2.0044771087661417e-05 -6.8975196991104035e-05 -0.00033419860215695631 0.00018140780513965438 -3.5219771768376091e-05 -0.00027025918870173546 0 0.00023062090514711157 0.00019538711432620401 0.00014027204748146539 -8.0790328541393964e-05 0.00023422191910629423 -4.3417748865622834e-05 9.4523047939671346e-06 -0.00030736664671040013 -0.00028320977139959007 0.00010481158449141573 -1.8357865506361646e-05 -5.6761351430350994e-05 -0.00012426982196333703 1.4033560611246403e-05 -0.00020609882967699821 3.291571978226218e-05 -3.4113105216850901e-05 -0.00022689232151496666 0 -0.00012427865806677188 0.00013557536393945754 0.00024583168341569124
leaf_weight=23 42 24 39 36 22 22 24 24 32 26 27 45 26 53 23 209 48 22 32 41 43 44 44 38 24 37 39 22 430 31 24 28 23 28 31 22 30 53 31 37 31 58 38 27 57 38 37 23 22 26 100 38 53 44 59 36 86 49 36 194 26 37 59 344 90 27 44 39 26 22 38 29 94 79 24
leaf_count=23 42 24 39 36 22 22 24 24 32 26 27 45 26 53 23 209 48 22 32 41 43 44 44 38 24 37 39 22 430 31 24 28 23 28 31 22 30 53 31 37 31 58 38 27 57 38 37 23 22 26 100 38 53 44 59 36 86 49 36 194 26 37 59 344 90 27 44 39 26 22 38 29 94 79 24
internal_value=2.28755e-06 -1.06164e-06 2.25034e-06 -5.585e-07 2.17174e-06 0.000163631 -1.62195e-06 4.67264e-07 0.000135094 0.000238966 7.61651e-05 -3.55248e-06 -1.17232e-06 0.000141108 -8.2623e-06 -4.50021e-06 -8.31153e-06 0.000345968 0.000103991 5.96715e-05 -1.46077e-05 -1.21402e-05 9.9989e-05 0.000170723 -1.65087e-05 -6.28816e-05 -7.81463e-06 9.8117e-05 -1.30848e-05 -8.05461e-05 -1.40894e-05 -0.000188765 9.75596e-06 -0.000278094 -1.48225e-05 -4.16779e-05 0.00017424 8.05255e-06 -5.50974e-06 1.66937e-05 5.18352e-05 7.51236e-05 4.6305e-05 0.000250529 -1.51555e-05 0 -9.05251e-05 -2.60631e-05 -3.13353e-05 -2.42416e-05 -2.98593e-05 -4.56355e-05 3.32269e-05 0.000106756 8.29366e-05 5.27085e-05 -1.32009e-05 0.000130546 6.97224e-05 -1.42618e-05 -3.41467e-05 -4.96178e-05 -3.02003e-05 -4.77234e-05 -0.000125 4.02589e-05 -0.000141394 -8.59363e-05 -9.92245e-05 -0.000190694 -0.000132281 -0.000149693 -0.000183362 8.66309e-05 0.000117378
internal_weight=3929 3906 3882 3840 3801 89 3712 3688 109 85 53 3579 3543 79 45 3464 3349 44 115 280 3069 3026 111 83 2915 455 2460 114 2346 233 146 87 67 59 295 247 71 75 2113 1009 484 421 363 58 525 468 75 1104 1073 1029 1003 806 197 97 288 229 122 107 84 225 768 639 530 471 127 129 109 83 63 44 62 160 131 102 48
internal_count=3929 3906 3882 3840 3801 89 3712 3688 109 85 53 3579 3543 79 45 3464 3349 44 115 280 3069 3026 111 83 2915 455 2460 114 2346 233 146 87 67 59 295 247 71 75 2113 1009 484 421 363 58 525 468 75 1104 1073 1029 1003 806 197 97 288 229 122 107 84 225 768 639 530 471 127 129 109 83 63 44 62 160 131 102 48
is_linear=0
shrinkage=0.0190957


Tree=18
num_leaves=76
num_cat=0
split_feature=79 7 4 48 46 47 7 72 39 5 56 56 72 82 69 82 56 86 15 65 14 51 73 14 13 64 17 48 8 71 63 16 5 78 8 85 83 66 40 79 59 73 51 17 69 65 0 42 7 63 39 75 53 62 34 33 8 54 60 7 75 3 76 4 80 48 39 17 86 31 74 20 19 9 56
split_gain=0.0209135 0.0221526 0.0116756 0.0136958 0.00761589 0.00789467 0.00658902 0.00963085 0.0168139 0.00449179 0.0112615 0.00732325 0.00662119 0.00586985 0.00614123 0.00484281 0.00393589 0.00963603 0.0033952 0.00502483 0.00425491 0.00615331 0.00389002 0.00345063 0.00333812 0.00324738 0.00324104 0.0030743 0.00369874 0.00314279 0.00304239 0.00291498 0.00287663 0.00284591 0.00314977 0.00279668 0.00405695 0.0039523 0.00359879 0.00358305 0.00397734 0.00326593 0.00336976 0.00313901 0.00322392 0.00289623 0.00277713 0.00258935 0.00258281 0.00255166 0.00254094 0.0027661 0.00246458 0.00312905 0.00296692 0.00305807 0.00245898 0.00310801 0.0024345 0.0023928 0.0024726 0.00286238 0.00248212 0.00227131 0.00264359 0.00225153 0.0022208 0.00220647 0.00217708 0.0021545 0.00349065 0.00206693 0.00206206 0.00200217 0.00211264
threshold=-2.6930730063167689 0.070536475432730769 -0.056559094877092549 0.0022955375307958507 0.032473597500937007 -0.032943526368017041 -0.062834528393864442 39.850000381469734 0.45381459291392329 0.041697522946448608 51.239999771118171 51.590000152587898 26.085000038146976 22.563250017166144 53.480044979859549 27.991250085830693 49.454999923706062 -0.0010082053983747118 4.742500066757203 0.39365153946159387 7.0455000400543222 -1.6780343854979944 -0.014460881587985898 4.548499822616578 75.598017857281704 55.85473325893404 0.068009881522833757 -0.00051325943626804986 40.727980688051581 13.875000000000002 -0.0029981284124216494 7.5510001182556161 -0.025254981997147097 44.655523388778015 49.552997665021969 6.5000000000000009 23.264570214601871 3.9900989512846929 1228.9924987792972 0.43963089245972858 0.03683608334084016 0.12619809961619435 -9.5914592204098863 0.0054489898780480011 45.567662121310711 0.86276498121867118 69.165000915527358 1356.7500000000002 -0.0092063564499056481 -0.055728884573893599 0.88638753711034712 1.0000000180025095e-35 0.55393263665980841 0.051106401182014462 -0.0047676966526282996 0.0026048991624810004 50.599539875639273 1202.3924987792971 -0.0044300519878662488 -0.023265112319725497 -0.013376856302241948 -0.0083725117993305471 -0.035027854233578043 0.011343752482774052 1.639746382357598 0.0029228375444519503 0.25479146433623684 -0.00074460474234709986 -0.0062191496528925016 -0.0022548372622298494 -0.0025755290954217994 0.0066411076979639517 0.011061495663966352 1.1337522506471205 44.145000457763679
decision_type=10 10 8 10 10 8 8 10 10 10 10 10 10 10 10 10 10 10 8 10 10 10 10 10 10 10 10 8 8 10 8 10 10 10 10 2 10 8 10 10 10 10 10 10 8 10 2 10 10 10 10 10 10 10 10 10 10 8 8 8 10 8 10 10 10 10 10 10 8 10 10 10 10 10 10
left_child=-1 2 3 -2 5 -4 -7 9 -9 10 16 67 13 14 -12 -14 18 -18 23 20 22 31 24 26 -20 -21 35 56 -29 -30 -28 -22 -23 50 -35 36 39 38 45 41 49 42 -8 44 -39 73 58 -25 -45 -41 51 -34 63 54 -54 66 57 -24 -38 -31 62 -62 -61 64 -44 -36 -56 -11 -46 -57 -71 -63 -33 74 -37
right_child=1 -3 4 -5 -6 6 7 8 -10 11 12 -13 15 -15 -16 -17 17 -19 19 25 21 32 27 47 -26 -27 30 28 29 59 -32 72 33 34 65 37 46 43 -40 40 -42 -43 52 48 68 -47 -48 -49 -50 -51 -52 -53 53 -55 55 69 -58 -59 -60 60 61 71 -64 -65 -66 -67 -68 -69 -70 70 -72 -73 -74 -75 -76
leaf_value=0.00052228884079910773 -3.4556205300759307e-06 -0.00057982095752800663 0.00028629445160526559 0.00056486398639667178 -0.00025773063449968517 0.00027990870747719298 -0.00022127751385488562 9.1213607361854396e-05 -0.00062990838239072053 6.185327339668747e-05 -3.4028101121319367e-05 -0.00043668181313911086 0.0005633756630749172 -0.00019227966605343621 0.00037193017016189637 0.00017817929577952616 0.00011036561289083401 -0.00039586617678650658 0.00012957372859194024 0.00025655783052744204 -0.00028977901246023905 0.00021073262612397812 0.00034400846120260798 -0.00029409131069755629 -3.1289836542015236e-05 1.9239339097387292e-05 0.00026726564806045478 -0.00025411287727930294 0.00017576024983600888 0.00013830442806328025 0 1.1549979820218321e-05 -3.9471435035215712e-05 0.00021168320252617842 4.642039624782558e-05 -4.6115649898177884e-05 0.00034255053766841977 -0.00023094510279740932 8.5913641218123438e-06 0.0001366978547165252 -0.00029667951280957475 0.00024235501196889241 6.2997575098491297e-05 0.00013345034412959352 -0.00022534761458734278 -0.00020979945226260005 -2.9583126879134113e-05 -2.6730000598523313e-05 -6.7096445579711538e-05 -8.4653861116062602e-05 4.9989323912094316e-05 -0.00029218897887285308 9.4451669649236067e-05 -0.00016172156404021412 -8.0705626118021302e-05 2.4868201387787156e-06 8.9300662554752553e-06 4.4592349135489077e-05 8.4341004059845909e-05 -1.6472247301745526e-05 0.00017454459818378357 -0.00017380736570893018 -0.00024584932291600299 -3.7365619385167801e-05 0.00027506815785679036 -0.00014173577386239911 5.3223102315861867e-05 -0.00014403633889581102 -1.1900938001594555e-05 -0.00026376859051235239 -1.837294811187109e-05 3.4333924132746298e-05 -0.00018677849022453576 -0.00017863628602479155 0.00016014111468905115
leaf_weight=28 31 24 35 29 42 30 23 22 24 38 25 22 22 23 27 33 24 30 226 54 40 24 23 28 56 39 29 26 28 23 33 38 40 32 92 73 27 86 616 23 28 22 82 30 24 52 24 30 101 95 31 30 113 43 57 55 97 34 34 34 25 33 42 40 32 31 201 36 76 45 45 33 34 28 24
leaf_count=28 31 24 35 29 42 30 23 22 24 38 25 22 22 23 27 33 24 30 226 54 40 24 23 28 56 39 29 26 28 23 33 38 40 32 92 73 27 86 616 23 28 22 82 30 24 52 24 30 101 95 31 30 113 43 57 55 97 34 34 34 25 33 42 40 32 31 201 36 76 45 45 33 34 28 24
internal_value=2.24525e-06 -1.4137e-06 2.09265e-06 0.000266438 -1.98727e-06 7.81886e-07 -1.81311e-06 -4.16872e-06 -0.00027877 -6.42698e-07 2.74646e-06 -0.000129603 0.000177255 5.59152e-05 0.000171226 0.000337488 -3.76851e-06 -0.000165547 -1.10192e-06 2.52038e-05 1.32301e-05 -3.64837e-05 4.23117e-05 -1.50424e-05 9.66091e-05 0.00016013 -1.09983e-05 3.11685e-06 -3.82857e-05 -1.12253e-05 0.000124571 -0.000156274 1.04052e-05 -7.25179e-06 4.29079e-05 -1.51397e-05 7.97424e-06 -3.59932e-05 -1.27896e-05 -3.57552e-06 -9.04458e-05 1.27773e-05 5.52402e-06 -9.31314e-05 -0.000143814 -8.88255e-05 0.000134194 -0.000160761 -1.89738e-05 -3.90712e-05 -8.70778e-05 -0.000151889 1.32437e-05 -4.90691e-06 7.60349e-06 -1.60347e-05 7.05837e-05 0.000170456 0.000203346 -4.02951e-05 -6.66152e-05 0 -0.000147018 8.09958e-05 0.00012505 0 2.25192e-05 -3.44218e-05 -6.60048e-05 -8.66179e-05 -0.000144267 -6.53781e-05 -7.81097e-05 -3.6199e-05 1.9513e-06
internal_weight=3929 3901 3877 60 3817 3775 3740 3710 46 3664 3568 96 130 75 52 55 3438 54 3384 1165 1072 392 680 2219 282 93 2161 398 244 218 62 112 280 256 155 2099 989 1110 793 904 146 758 736 317 186 177 85 58 131 118 101 70 713 559 516 403 154 57 61 190 167 91 76 154 114 123 258 74 100 145 90 66 72 125 97
internal_count=3929 3901 3877 60 3817 3775 3740 3710 46 3664 3568 96 130 75 52 55 3438 54 3384 1165 1072 392 680 2219 282 93 2161 398 244 218 62 112 280 256 155 2099 989 1110 793 904 146 758 736 317 186 177 85 58 131 118 101 70 713 559 516 403 154 57 61 190 167 91 76 154 114 123 258 74 100 145 90 66 72 125 97
is_linear=0
shrinkage=0.0190957


Tree=19
num_leaves=76
num_cat=0
split_feature=13 57 4 69 10 76 79 66 71 66 57 65 79 53 69 4 69 17 4 85 69 73 48 32 34 37 58 62 51 74 6 86 24 36 18 19 10 66 53 39 18 53 3 36 79 10 48 51 7 24 23 67 73 32 48 32 6 81 36 78 3 23 78 59 77 6 37 75 73 47 80 86 38 26 51
split_gain=0.020464 0.0190349 0.00755833 0.00828903 0.00736482 0.00626907 0.00476691 0.0044947 0.00699814 0.00473714 0.00465154 0.00619307 0.006858 0.00409679 0.0114124 0.00998563 0.00882736 0.00734699 0.00316035 0.00304185 0.00413343 0.00401354 0.00446142 0.00370903 0.00420112 0.00806593 0.00535413 0.0033397 0.00384642 0.00327209 0.00345036 0.00322985 0.00316682 0.00313037 0.00302975 0.00343125 0.00571208 0.00458504 0.00300394 0.00446758 0.00298174 0.00326459 0.00313136 0.00390978 0.00288828 0.00282023 0.00266533 0.00264475 0.00263461 0.00341488 0.00262402 0.00341968 0.00354722 0.002595 0.00298078 0.0029719 0.00243627 0.00367462 0.0031234 0.00323374 0.00354972 0.00299381 0.00314589 0.00331954 0.00266487 0.00257062 0.00258371 0.00243133 0.00239931 0.00238351 0.00237771 0.00229055 0.00219707 0.00218482 0.00297848
threshold=19.269630981098889 101.21500015258792 -0.056559094877092549 58.789898680777846 5.9949760241176806 0.10884922921470595 2.785761810944511 8.169599487451654 30.364999771118168 6.8799298853782895 80.104999542236342 3.478706355856954 1.1527826964721977 0.33400483957024973 46.936363151662611 -0.010335351290339098 51.139600087215236 -0.0042725547076476493 0.0038505639269557504 6.5000000000000009 39.18979611403558 0.066866295391778005 0.0092833057333266515 -0.0019036217898276498 0.00028194172671120002 -1.3006772039441328 42.975000381469734 0.059976033680090156 16.776397327032218 -0.0015337731772397999 0.0097041000692993009 -0.0024370338292265706 0.18572203897488379 62.135521978526263 -0.026083165732740946 -0.026615840370275947 2.1797014524448572 2.7121230618759209 -0.039590662503780495 0.70965872663465823 -0.025404406937522946 0.73751022488948437 -0.013636197227135547 61.166105267891972 -0.12503523947010103 2.8883108132614042 -0.011959601257377548 63.398282494479652 -0.019113243677892095 0.24422151384582078 -0.047543005975612493 0.24056175631137341 -0.045835236903559895 -0.0070547914577315995 0.011515716453905651 0.00046088192313650003 -0.0044975197603696485 0.76105775492757977 48.1235366365594 49.796671682806632 0.00064691452003535013 0.082431305037547573 52.572536974938572 -0.041477093414563994 -0.078044380963841337 -0.00047350611431744993 12.160716314391381 -0.0074999868869781491 -0.013948539273529249 -0.0022508047893651495 1.4856188493229612 -0.00015043047160750617 9.67984122442307 2.5192999899387365 44.144985972938237
decision_type=10 10 10 8 2 8 8 10 10 10 10 10 10 10 10 10 10 10 10 2 8 10 10 10 10 10 8 10 10 10 10 10 10 10 10 10 2 10 8 10 10 10 10 10 10 2 10 10 10 10 10 8 10 10 10 10 10 10 10 10 10 10 10 10 10 10 8 10 10 10 10 10 10 10 10
left_child=-1 2 3 -2 5 7 34 9 -9 10 11 13 -13 14 38 -16 19 -18 -11 20 73 22 27 44 25 -25 -26 28 40 31 47 -30 -33 67 -7 -36 70 -38 39 -4 41 -21 43 -42 -22 -19 -44 -31 -28 68 -48 -52 -53 -24 55 -55 57 58 -40 -60 -61 64 -63 -64 -58 -66 -67 -27 -50 -54 -37 -46 -23 74 -15
right_child=1 -3 4 -5 -6 6 -8 8 -10 18 -12 12 -14 16 15 -17 17 45 -20 21 23 72 53 24 26 33 48 -29 29 30 -32 32 -34 -35 35 36 37 -39 56 -41 42 -43 46 -45 71 -47 50 -49 49 -51 51 52 69 54 -56 -57 61 -59 59 60 -62 62 63 -65 65 66 -68 -69 -70 -71 -72 -73 -74 -75 -76
leaf_value=0.00057015190878854352 0 -0.00053724247072997708 -4.1877776906236468e-06 0.00046322261041029014 -0.00028947280886472675 -8.262544719876618e-05 0.00034643642325708031 1.0766577255790858e-05 0.00042868235494600287 -3.792834533942493e-05 0.00025375894237176551 -0.00046076060252026063 0 -0.00015015709773186345 0 -0.00047305696035175089 0.00045049950537002793 0.00020399546597503436 -0.00035959927248975428 -0.00018944547577462824 0.00020339135756935008 -3.8331618060884511e-05 3.0768534103929121e-05 -0.00013150591823104621 0.00015080041550889859 0.00012864095151959799 9.0789758759738078e-05 0.00015476647590264564 2.7754541157207196e-05 -0.00011575854114284066 0.00012999183329493897 -0.00010913055914606668 -0.00031771222931338907 2.1481180847833382e-05 -7.377840021769412e-05 0.00020826782580694742 9.9708164988046e-05 0.00050135050964985359 2.0867228975293948e-05 -0.0002524268013457771 5.4958442267649991e-05 0 -0.00018022721079943214 0.00034883942626785162 -0.00011288862244725384 -8.7028028367422053e-05 8.5532736142455933e-05 0.00011319265136638594 -8.7574367935128679e-05 -3.7429345233207504e-05 9.7674900867217846e-05 8.180921401091133e-05 -0.00023374947039557682 -0.00010473714735491886 -8.2991466745377732e-05 -0.00041353331431388818 -0.00021284196103426244 2.3303188689945871e-05 0 -0.00043330750279469576 -0.00011657534545438527 0.0002427946497618755 -6.9359412055760929e-05 0.00015448770860003406 0.00015059125309802894 1.0352210359327227e-05 -0.00017510339232223036 0.00036601087303992871 -0.00037986594500820836 -5.6085816109474788e-05 8.7225929289445435e-08 0.00012575845718243537 0.00014767803625389774 8.7198756859092026e-06 4.761357243334719e-05
leaf_weight=23 28 24 66 27 32 40 25 48 22 26 25 23 22 79 29 40 29 24 23 54 102 30 32 37 44 34 23 41 34 89 45 97 41 31 33 28 22 24 33 47 81 83 27 22 23 23 133 22 22 71 69 49 39 25 93 27 22 113 24 27 31 40 49 46 38 149 33 40 26 119 80 38 77 552 40
leaf_count=23 28 24 66 27 32 40 25 48 22 26 25 23 22 79 29 40 29 24 23 54 102 30 32 37 44 34 23 41 34 89 45 97 41 31 33 28 22 24 33 47 81 83 27 22 23 23 133 22 22 71 69 49 39 25 93 27 22 113 24 27 31 40 49 46 38 149 33 40 26 119 80 38 77 552 40
internal_value=2.20224e-06 -1.06841e-06 2.17232e-06 0.000224458 -9.47115e-07 1.40997e-06 9.34961e-05 -5.05856e-06 0.000146221 -8.19051e-06 -5.43615e-06 -7.42719e-06 -0.000230081 -4.35412e-06 -4.2523e-05 -0.000277413 7.23577e-06 0.000209983 -0.000194788 9.34491e-07 2.36113e-05 -1.86763e-05 -2.8676e-05 6.57702e-05 2.76743e-05 0.000106353 -3.08454e-05 -1.33486e-05 -2.05004e-05 -7.4217e-05 -8.89296e-06 -0.000131792 -0.000173185 0.000192909 6.4372e-05 9.73536e-05 0.000135893 0.000315514 -1.95493e-05 -0.000109983 5.13773e-06 -7.38722e-05 2.57537e-05 0.000120522 0.000140664 5.54591e-05 2.70603e-06 -6.77892e-05 -8.91559e-05 -0.000126353 1.54857e-05 -1.72266e-05 -5.69169e-05 -0.000117543 -0.000152258 -0.000270606 -2.18282e-06 -5.18943e-05 -0.000128285 -0.000191818 -0.000268979 2.71184e-05 9.94045e-05 3.60016e-05 -1.20178e-05 6.75698e-06 -2.16938e-05 0.000260836 -0.000251892 -0.00010176 5.67236e-05 3.10609e-05 9.28373e-05 -6.80948e-06 -8.12622e-05
internal_weight=3929 3906 3882 55 3827 3795 252 3543 70 3473 3424 3399 45 3354 787 69 2567 76 49 2491 1162 1329 1222 491 328 142 186 1045 1004 328 156 172 138 105 227 187 154 46 718 113 676 137 539 103 163 47 436 111 142 119 409 276 207 177 145 52 605 228 115 82 58 377 135 95 242 220 182 74 48 158 108 61 107 671 119
internal_count=3929 3906 3882 55 3827 3795 252 3543 70 3473 3424 3399 45 3354 787 69 2567 76 49 2491 1162 1329 1222 491 328 142 186 1045 1004 328 156 172 138 105 227 187 154 46 718 113 676 137 539 103 163 47 436 111 142 119 409 276 207 177 145 52 605 228 115 82 58 377 135 95 242 220 182 74 48 158 108 61 107 671 119
is_linear=0
shrinkage=0.0190957


Tree=20
num_leaves=76
num_cat=0
split_feature=80 56 3 47 43 6 86 57 8 50 69 74 76 9 78 4 63 47 8 49 86 64 86 62 4 72 36 18 49 78 12 49 69 18 17 27 46 63 67 5 6 18 6 65 9 63 13 66 53 4 56 53 62 45 3 58 66 52 56 68 81 3 81 20 39 38 43 6 35 75 33 49 17 10 58
split_gain=0.0201028 0.0200379 0.0130238 0.00740995 0.00639534 0.00842299 0.00760721 0.00814804 0.0142942 0.00789848 0.0072653 0.00823639 0.00894322 0.00620529 0.00499714 0.00373488 0.00356441 0.00347194 0.00331181 0.00390154 0.00328217 0.00408559 0.00379953 0.00418664 0.003543 0.00343651 0.00356375 0.00340142 0.00316541 0.00514093 0.00441166 0.00373595 0.00613641 0.00475681 0.00429816 0.0035767 0.00328886 0.00374349 0.00310221 0.00308565 0.00308533 0.00289865 0.0036235 0.00285278 0.00281142 0.00374826 0.00647001 0.00967997 0.00451283 0.00327266 0.00295697 0.00279391 0.00273287 0.00403359 0.00377241 0.00358668 0.00323493 0.00271865 0.0027009 0.00265127 0.0026005 0.00292255 0.00256654 0.0025154 0.00249703 0.00278484 0.00247516 0.00290256 0.00275189 0.00245952 0.00239856 0.00238337 0.00338668 0.00305576 0.0023708
threshold=7.3305810811532863 81.555000305175795 -0.0033082414936513494 -0.037680659603139592 1156.8750000000002 0.04545137106217341 -0.0024370338292265706 53.104999542236335 49.165161175516886 42.143994576230945 43.724961414971553 -0.0035386670151435497 0.00075478291301950013 -2.3461162585783835 64.401905206579826 0.023667259798770105 -0.042633410580531987 0.012955488605894102 27.541996459968917 -0.023166524512304245 -0.00084859443315885724 44.306389945368657 0.0093458126062393974 0.0012079313618551001 -0.015884541234352397 31.309999465942386 67.864238426952269 -0.0062103568734168989 0.0022095185838449504 59.280003027625966 43.28450012207032 0.017755834381733053 47.294808978115576 0.0086956604525008519 -0.0027068756349469497 2.648430115217935 -0.00070497051564969988 -0.0041716960014877491 0.50077386881996466 -0.011268819938523748 0.023664490681260805 0.015542080983221702 -0.0079536089202732977 -0.39135917340220056 0.70119248073313767 -0.011841854646067499 73.739495925594767 3.0074346359161011 0.29854148326268898 0.0025954368960225504 39.704999923706062 0.5450434279325983 -0.016519559942531594 0.0037087205995042505 0.010802429568660402 30.154999732971195 2.8969266913064438 26.644278859777867 43.570001602172859 34.44724974632264 0.28627196067234212 0.016492708986359354 0.60772695914596631 0.0015712112961513002 0.83302436567806593 8.4469536785098995 991.87500000000011 -0.0016015993967192497 0.0068936949274277012 -0.047160069402807495 0.0039588226205051012 -0.014571375321730898 0.01975162677871645 1.9363846368721054 31.925000190734867
decision_type=10 10 10 8 8 10 8 10 10 8 10 10 10 10 10 10 8 10 10 10 10 10 10 10 10 10 10 10 10 10 10 10 10 10 10 10 10 10 10 10 10 10 10 10 10 10 10 8 10 10 10 10 10 10 10 10 10 10 10 10 8 10 10 10 8 10 10 10 10 10 10 10 10 2 8
left_child=1 3 -2 -1 5 20 7 14 13 10 71 -12 -13 -9 15 16 -6 41 -11 -20 21 25 23 24 -22 26 66 -27 30 31 36 32 35 -34 -33 69 -21 -38 -23 -24 -26 -18 -43 -25 45 46 49 -48 -47 64 -46 -51 53 55 56 -50 63 -55 60 -56 -37 -62 -63 -54 65 -32 67 -5 -68 -30 -44 -8 73 74 -73
right_child=2 -3 -4 4 6 -7 9 8 -10 18 11 12 -14 -15 -16 -17 17 -19 19 28 22 38 39 43 40 27 -28 -29 29 -31 44 34 33 -35 -36 58 37 -39 -40 -41 -42 42 70 -45 50 48 47 -49 52 51 -52 -53 54 57 59 -57 -58 -59 -60 -61 61 62 -64 -65 -66 -67 68 -69 -70 -71 -72 72 -74 -75 -76
leaf_value=0.0003496229225194449 -9.2322944185149148e-05 0.00055358342662459412 -0.00073257404272699474 -6.7725189144762982e-05 -9.2175514990290651e-05 -0.00030838500479059467 -0.00021944286640027003 0.00013554932663923237 -0.00015024850275099493 -0.00018021548121618033 -4.7442098520439193e-05 -0.00072198035835096565 -0.00018406758217524296 0.00050759584400919555 -0.00019331940852207431 -9.6439922758383975e-05 5.2260500056510276e-05 -0.00011674328516386845 0.00022420189300708548 -0.00036231735899672478 0.0003003146382542455 0.00033591451288311622 -0.00022366557385235684 7.7725345301402995e-05 8.9666791816919099e-05 0 0.00018790573457197352 -0.00031496613141076098 -0.00023598318702613562 -0.00021087533928144104 -0.00027873766147146678 1.5340048298988712e-05 6.871174175025574e-05 0.00041351756755996828 -0.00030198729080119279 -1.8235997880740947e-06 2.8614960638842505e-05 -0.00027338998807640978 4.1693854108724111e-05 6.0057649430296295e-05 0.00029977970864731207 0.00039489090806869398 0.00019078406050434429 -0.00019913746574661898 -2.9270978193891258e-06 0.00019442838550274872 -9.808609193933212e-05 -0.00057259824114552803 -2.0232093492124631e-05 0.00020266398194461664 0.00016861299358629701 -2.3715017941418532e-05 7.8742986592208929e-05 -0.00011093102899050477 0 -0.00030208323292798601 0.00018074835879009672 0.00017111208733940701 -0.0001661704020447285 -0.00023943719394626389 0.00010779212070143509 5.2974791790520747e-05 -0.00020310551254383016 -0.0001152223508260965 4.3908764294305464e-05 -6.3615782973815699e-05 -1.3305988832460431e-05 0.00022058509727478564 -0.0002331326390696172 -2.7673453622890418e-05 -1.5110024189606008e-05 -2.8009724454364746e-05 9.4728097087893096e-05 0 -0.00025568051285832942
leaf_weight=22 27 24 22 22 56 23 31 32 29 44 38 22 27 40 39 73 298 33 25 24 50 22 22 34 210 22 35 26 26 36 43 33 39 26 27 225 36 24 39 36 31 22 50 22 405 36 51 24 30 25 40 91 58 24 32 44 54 25 22 31 273 38 22 42 25 54 78 27 30 125 31 31 52 83 46
leaf_count=22 27 24 22 22 56 23 31 32 29 44 38 22 27 40 39 73 298 33 25 24 50 22 22 34 210 22 35 26 26 36 43 33 39 26 27 225 36 24 39 36 31 22 50 22 405 36 51 24 30 25 40 91 58 24 32 44 54 25 22 31 273 38 22 42 25 54 78 27 30 125 31 31 52 83 46
internal_value=-1.1744e-06 3.47867e-06 -0.000385653 7.46392e-08 -1.80366e-06 4.91725e-05 -1.34628e-05 4.18876e-05 0.000200834 -2.90862e-05 -0.000116285 -0.000267029 -0.00043145 0.000346237 1.47427e-05 2.96665e-05 4.90408e-05 6.79251e-05 -1.57483e-05 -1.2224e-05 6.12284e-05 1.23663e-05 9.68329e-05 0.000120968 0.000150221 -2.2058e-05 1.26842e-05 -0.00016702 -1.51616e-05 1.19287e-05 -3.52374e-05 2.16351e-05 3.28732e-05 0.00021106 -0.000122663 1.66354e-05 -0.000169367 -8.73925e-05 0.000152522 -4.26017e-05 0.000117887 8.38396e-05 0.000172412 -2.59052e-05 -2.50481e-05 -4.92941e-05 -9.81943e-05 -0.000253766 -7.82225e-06 -4.7961e-05 1.18458e-05 2.25937e-05 -3.00831e-05 -0.000102202 9.46964e-06 -0.000191707 6.16115e-05 2.70977e-05 3.8501e-05 -0.000113422 4.7086e-05 8.09969e-05 -3.61268e-05 0 -0.000117404 -0.000161945 -2.45457e-05 8.52689e-05 -7.70325e-05 -6.54464e-05 0.000108434 -6.11316e-05 -3.66254e-05 -8.11132e-05 -0.000167757
internal_weight=4036 3987 49 3963 3941 729 3212 703 101 2509 330 87 49 72 602 563 490 434 2179 2135 706 301 405 347 291 240 192 48 2110 892 1218 856 796 65 60 731 84 60 61 58 241 401 103 56 1134 689 313 75 376 238 445 116 340 123 217 74 154 49 580 63 558 333 60 100 122 97 157 49 108 151 81 243 212 160 77
internal_count=4036 3987 49 3963 3941 729 3212 703 101 2509 330 87 49 72 602 563 490 434 2179 2135 706 301 405 347 291 240 192 48 2110 892 1218 856 796 65 60 731 84 60 61 58 241 401 103 56 1134 689 313 75 376 238 445 116 340 123 217 74 154 49 580 63 558 333 60 100 122 97 157 49 108 151 81 243 212 160 77
is_linear=0
shrinkage=0.0190957


Tree=21
num_leaves=76
num_cat=0
split_feature=83 11 12 6 44 74 56 44 14 62 52 86 56 3 42 51 68 53 4 78 47 11 79 27 49 49 85 8 37 30 65 21 27 69 56 17 68 77 4 34 18 69 65 68 21 52 73 31 68 39 75 75 18 60 77 7 61 81 79 46 11 61 81 86 24 68 51 27 73 81 0 66 50 78 57
split_gain=0.0145846 0.0128862 0.0123617 0.00925047 0.0108492 0.0104191 0.0110148 0.00685011 0.00573848 0.00566027 0.00555341 0.0054457 0.0103028 0.0051532 0.00475823 0.00488812 0.00410985 0.00388367 0.00384794 0.00396562 0.00378567 0.00375629 0.00373131 0.00341807 0.00331334 0.00339437 0.00409995 0.00329097 0.00401286 0.00385803 0.00586717 0.00600924 0.00400822 0.00552844 0.00376183 0.00595509 0.00359006 0.00341632 0.00362803 0.00311992 0.00305047 0.00299252 0.00541191 0.00298358 0.00375349 0.00382261 0.003664 0.00296032 0.00279858 0.00279163 0.00271745 0.00333634 0.0028845 0.00269585 0.00261506 0.00259413 0.00257548 0.00261639 0.00259057 0.00255877 0.00253298 0.00272758 0.0025143 0.00451404 0.00246059 0.00231939 0.00228824 0.00228768 0.00266125 0.00226807 0.00226708 0.00220107 0.0021431 0.00212709 0.00325389
threshold=48.418972726556156 0.21389185241667572 19.071500253677371 0.070536475432730769 805.87500000000011 0.06800805316018467 57.859998703002937 1145.3750000000002 2.5174999237060551 -0.003622642859016 31.715787436694402 -0.002566973741679589 54.73500061035157 -0.050329892442837941 867.87500000000011 -9.0769336889622974 49.623000240325936 0.42712232174572562 -0.017531076643252996 47.616867120930799 0.0038895458210966003 0.10651399072626641 2.785761810944511 6.4768262421216543 0.0027604504885184503 0.017755834381733053 7.5000000000000009 59.369167297729796 -23.626330097707065 1241.1499633789065 0.2977351799822987 0.012547346094698401 4.9659017924829163 47.858654618135219 39.840000152587898 -0.0053150678536706989 39.677750015258795 0.00130038943713865 0.0020513415804793004 0.005852690804901751 -0.0031694414508404993 47.294808978115576 1.6091749062157847 52.995250511169438 -0.030706625872073245 69.590161742187334 -0.04893874957251889 -0.012716849261632598 46.036999988555912 0.23952772513683182 0.10301620930250231 0.045042102744124561 0.011672359783943351 -0.0085455479858147481 0.027402457461068102 -0.018244172110164797 0.019251695816155202 0.82293025177328205 0.4532145008720852 -0.0012834927145880498 0.86797492285015487 -0.011811750781049747 0.53641604535667697 -0.0033970052522753788 0.14097055133182468 32.995249938964854 4.1633821636054344 2.648430115217935 -0.020130255207049797 0.7084878567512668 63.145000457763679 2.4079977576153131 57.345223244993313 43.872088965618474 31.545000076293949
decision_type=10 10 10 10 8 10 10 10 10 8 10 10 10 10 8 10 10 10 10 10 10 10 8 10 8 10 2 10 10 10 10 10 10 10 10 10 10 10 10 10 10 10 10 8 10 10 10 10 10 10 10 8 10 10 10 10 10 10 10 10 10 8 10 10 10 10 8 10 10 10 2 10 10 10 10
left_child=2 -2 -1 4 -4 7 8 10 9 -7 14 12 16 -13 15 -6 17 20 19 -16 -9 65 24 50 27 41 -27 28 -15 30 37 49 34 -34 36 -36 56 -30 54 60 -11 48 53 44 69 47 -45 -46 67 -32 51 62 -53 -43 -39 -49 57 58 -31 -40 61 72 -20 -64 73 -19 -48 68 -26 -10 -56 -70 -23 74 -29
right_child=1 -3 3 -5 5 6 -8 11 43 40 -12 13 -14 22 18 -17 -18 21 23 -21 -22 39 -24 -25 25 26 -28 64 29 32 31 -33 33 -35 35 -37 -38 38 59 -41 -42 42 -44 46 45 -47 66 55 -50 -51 -52 52 -54 -55 70 -57 -58 -59 -60 -61 -62 -63 63 -65 -66 -67 -68 -69 71 -71 -72 -73 -74 -75 -76
leaf_value=0.0004260804566657605 -3.7733738148351876e-05 -0.00067261560676578637 0.00038382191685575111 -0.00038172540571749321 5.6149566952384814e-05 1.4819962405001932e-05 -0.00048177843999120697 -0.00011254833981209767 -6.6698857166743188e-05 -0.00015282202847976997 0.0003230934439645937 -0.00027223329796417789 0.00038707812083457017 0.0001947705076022673 0.00030740005609039095 -0.00032898009720509091 -0.00016265063379133031 8.4973489482724902e-05 2.1651344512279988e-05 2.6551630161055014e-05 0.00012324912454157681 0.00017485676540612662 0.00021577837927819795 -0.00018032549334376521 -0.00017266329642129868 -0.000270879999754248 3.0021610155217586e-05 -1.1057640117650715e-05 -0.00014854874264595976 1.0707368482359061e-05 1.6537034064820014e-05 -0.00052327751854922531 -0.00041429655320479667 1.194172442286789e-06 0.00030772549137021628 -2.9716553344447595e-05 -0.00023724172829080008 4.793412230701113e-05 -8.5630750656655574e-05 -5.7333223448076009e-05 -0.00048376062815260829 0.00042941224084143995 -7.834953794586791e-05 0.00027961702490999688 -0.00019741009970700331 -0.00024023388484992471 -9.9576516333189769e-05 0.00019759693440012232 -0.00017447433416889054 -0.00023993214913109215 -0.00014261598627428039 0.00029667012353738943 1.5404615687851779e-05 0.00010757354438020603 -0.0002198309616724069 -7.5033160626955392e-06 -9.6326960303878557e-05 0.00014876489329636956 -0.00018056743782349702 0.00014935450675389726 -5.7869977842729563e-05 0.00018130813050004735 -8.7281941148450494e-05 0.00022124184894645567 6.1492784822183153e-05 0.00036521745394213376 0.00013816166087215494 4.079358811886129e-05 -0.00012851118563422166 -0.00035780025159142523 0 7.0014355228698654e-05 -4.3233085471894256e-05 1.8954508520839134e-05 -0.00027192119777449795
leaf_weight=25 27 22 27 23 23 23 24 86 22 22 30 28 32 23 47 23 36 24 302 34 34 24 26 22 42 32 31 50 110 222 22 22 22 22 33 42 29 33 22 67 26 22 23 22 27 29 38 25 27 40 22 41 23 22 52 206 107 44 29 59 33 106 22 65 198 26 24 544 29 23 22 67 49 105 29
leaf_count=25 27 22 27 23 23 23 24 86 22 22 30 28 32 23 47 23 36 24 302 34 34 24 26 22 42 32 31 50 110 222 22 22 22 22 33 42 29 33 22 67 26 22 23 22 27 29 38 25 27 40 22 41 23 22 52 206 107 44 29 59 33 106 22 65 198 26 24 544 29 23 22 67 49 105 29
internal_value=-1.16375e-06 -0.000328654 2.78893e-06 4.53773e-08 2.34759e-06 -2.11755e-07 -8.06814e-05 1.17942e-05 -6.03241e-05 -0.000219704 6.73449e-05 -1.32644e-06 5.43969e-05 -1.43743e-05 5.45883e-05 -0.000130162 3.18536e-05 4.80893e-05 6.97893e-05 0.000193065 -4.33418e-05 8.23124e-05 -1.09647e-05 4.91193e-05 -1.38062e-05 1.57088e-05 -0.000118251 -3.25427e-05 -5.15569e-05 -5.79444e-05 -0.000104802 -0.000246971 -2.48767e-05 -0.000200013 -9.07888e-06 0.000114922 -3.13243e-05 -6.37622e-05 -1.26229e-05 5.36575e-05 -0.000338074 2.69551e-05 0.000149428 -3.24307e-05 -5.86217e-05 -3.20219e-05 6.76613e-05 -7.50323e-06 1.49758e-05 -0.000144287 6.03518e-05 7.0844e-05 0.000200085 0.000275031 -8.69266e-05 1.34484e-05 -1.57539e-05 1.24957e-05 -1.0246e-05 8.19799e-05 9.00916e-05 0.000118977 4.88412e-05 0.000139918 1.42396e-05 0.000236454 -2.90902e-06 2.28978e-05 -4.55632e-05 -0.000221877 -0.000150955 7.04655e-06 2.4527e-05 -3.50455e-05 -0.000110459
internal_weight=4036 49 3987 3962 3939 3912 511 3401 487 71 654 2747 517 2230 624 46 485 449 578 81 120 329 2202 497 2176 839 63 1337 955 932 382 84 550 44 506 75 431 298 188 279 48 776 67 416 332 287 84 258 709 62 475 453 64 44 107 231 402 295 251 81 212 179 389 87 382 50 62 682 138 45 74 96 73 184 79
internal_count=4036 49 3987 3962 3939 3912 511 3401 487 71 654 2747 517 2230 624 46 485 449 578 81 120 329 2202 497 2176 839 63 1337 955 932 382 84 550 44 506 75 431 298 188 279 48 776 67 416 332 287 84 258 709 62 475 453 64 44 107 231 402 295 251 81 212 179 389 87 382 50 62 682 138 45 74 96 73 184 79
is_linear=0
shrinkage=0.0190957


Tree=22
num_leaves=76
num_cat=0
split_feature=80 56 3 47 79 43 78 19 31 24 73 7 65 56 85 60 64 29 59 35 85 47 58 58 35 31 39 14 22 81 79 65 7 66 51 73 24 3 60 76 22 7 56 9 62 82 26 6 57 17 41 35 35 25 5 22 72 80 60 9 20 9 66 4 38 82 9 70 79 47 84 57 34 0 42
split_gain=0.0188297 0.0192354 0.0124351 0.00707777 0.0063493 0.00747708 0.00561679 0.00535027 0.00516587 0.00477418 0.00464312 0.00400515 0.00373735 0.00411931 0.0075556 0.00572479 0.0064454 0.00371483 0.00438446 0.00365105 0.00397801 0.005034 0.00345052 0.0033917 0.00335335 0.00327659 0.00365949 0.00396194 0.00350718 0.00326649 0.00312032 0.00284471 0.00445758 0.00294099 0.00301769 0.00462377 0.0051822 0.00316793 0.00357126 0.00375638 0.00399448 0.0035654 0.00341568 0.00361132 0.0033665 0.00327764 0.00311016 0.00349139 0.00304913 0.00280559 0.00296957 0.00356868 0.00368344 0.00280547 0.00277641 0.00393783 0.00361421 0.00317204 0.00264667 0.00320829 0.00303432 0.00272777 0.00263897 0.00260478 0.00260102 0.00258328 0.00257664 0.0025741 0.00256972 0.00253157 0.00249787 0.00387416 0.00264542 0.00255352 0.00248176
threshold=7.3305810811532863 81.555000305175795 -0.0033082414936513494 -0.037680659603139592 -2.324213109540874 1156.8750000000002 58.939609692290368 -0.024519269127641446 0.00079453507703000018 0.29231327189994488 0.081357054709768103 0.023316975511363105 4.9020627273822628 51.239999771118171 7.5000000000000009 -0.0016456899191125498 47.261469277207908 1228.6499633789065 0.015248789542756502 0.018122790181470502 5.5000000000000009 -0.0056231634277926984 48.805000305175788 41.004999160766609 0.011355058744789003 0.0057247719991400511 0.72052889129969766 2.6194999217987065 46.351146514672457 1.0757489768071504 0.46736062520436233 2.5877880342776085 1.0000000180025095e-35 1.7748473722345832 -2.5860067569193457 -0.041858419273835497 0.35128990588103176 -0.016002712418285898 0.027044183481892154 -0.0088155567404418992 57.80450504751844 -0.027043645428687296 47.414999008178718 -1.792952853142239 0.019709559082038502 13.891249966621402 6.8962499737739575 -0.011846328274254398 45.449998855590827 0.071185217250719121 289.00555899144388 0.0068936949274277012 0.0022611468539731005 0.66993106276870507 0.0046813818120557014 42.773071075195944 20.804999351501468 1.875429761812337 0.025729075629629752 0.43467737763349845 -0.015528692454557647 -1.0995801428949432 3.4303739497168704 -0.010570632361586198 3.6175918238521052 16.180749940872197 0.41565916959441834 16.845000267028812 -0.058227283913247989 -0.0097269996210621983 3.5000000000000004 36.704999923706062 0.00035217539391250004 56.975000381469734 867.87500000000011
decision_type=10 10 10 8 8 8 10 10 10 10 8 10 10 10 2 10 10 10 10 10 2 10 10 10 10 10 8 10 8 10 8 10 10 8 8 10 10 8 10 10 8 10 10 10 10 10 8 10 10 10 10 10 10 10 10 10 10 10 10 10 10 10 10 10 10 10 10 10 10 10 2 10 10 2 10
left_child=1 3 -2 -1 -5 19 10 8 -8 25 12 17 13 22 15 16 -15 18 -12 20 21 68 31 -11 30 26 27 -9 -28 -27 74 33 -33 -7 35 36 63 38 39 45 -41 46 43 44 -43 -36 47 -39 58 50 -22 52 69 -19 56 -56 67 -58 61 60 -60 -45 -62 -35 -53 -40 -57 -37 -6 -52 73 72 -72 -63 -23
right_child=2 -3 -4 4 5 6 7 9 -10 23 11 -13 -14 14 -16 -17 -18 53 -20 -21 49 24 -24 -25 -26 29 28 -29 -30 -31 -32 32 -34 34 37 54 -38 41 65 40 -42 42 -44 48 -46 -47 -48 -49 -50 -51 51 64 -54 -55 55 66 57 -59 59 -61 62 70 -64 -65 -66 -67 -68 -69 -70 -71 71 -73 -74 -75 -76
leaf_value=0.0003416483777341022 -8.640782774359326e-05 0.00054233403873176801 -0.00071220743522438926 -0.00029923962342819126 0.00038293613038069892 2.7662358495350783e-05 -0.0003274189158966645 0.00024180072878160255 -3.842705251137384e-05 -6.2206895113419008e-05 7.0656795306809324e-05 0.00033054955954028164 -0.00025697049948860908 9.3420467130572027e-05 0.00040793778646751409 0.00018525013511285399 -0.00036136011572508888 2.0979783549414002e-05 -0.00027945345205407813 -0.00014069653548759255 -0.00016757910532857787 -0.00016851718008521077 -0.00021235273614877707 -0.0003084837004695177 0.00029119435163859182 0.00022077272277451241 -0.00034691888623162388 -3.3341206225943682e-05 -2.6631842174535624e-05 -5.2636654893458801e-05 0.00024414657168148762 0.00026458336952818793 -7.1839972836353888e-05 -0.00021078982895334392 7.0881721172135669e-05 -8.8361028156706082e-05 0.00024707393573522959 -0.00036824445409510277 2.4926287518910049e-05 1.1832898851122625e-05 0.00026433235878525892 -0.0002357882251261604 -0.00025023592542834427 0.00012899181228609793 3.2705159463791184e-05 -0.0001574697530285651 5.9615443542994783e-05 -9.7442891996463759e-05 0.00014087738132983753 0.00021007611372602462 -0.00010680041160455042 4.4708415269840378e-05 0.00018992086492254472 0.00023249525760344136 0 -0.00039132771335782666 -0.00036409336142330688 -5.0889003225561582e-05 5.1466062988100775e-06 2.7033849412861376e-07 -0.00035291387039942853 7.4669287473673758e-05 -7.1719504181511301e-05 1.3189019700695189e-06 -0.00015694313501732639 0.00031099525080865043 -0.00011585627176737455 0.0001520380605323223 0.00013529979985028317 5.7469286408893775e-05 5.8663529810177701e-05 -0.00023873477753458901 -0.00011131896609658438 -1.1012867200820259e-05 4.102437493273348e-05
leaf_weight=22 27 24 22 26 36 517 54 24 43 61 30 23 22 22 24 41 22 51 22 32 29 26 31 34 22 43 23 89 32 23 22 34 23 27 34 33 27 26 23 83 33 47 22 61 24 63 24 67 53 30 41 38 67 47 23 40 22 31 24 87 33 181 24 85 54 29 23 31 35 187 72 38 61 411 99
leaf_count=22 27 24 22 26 36 517 54 24 43 61 30 23 22 22 24 41 22 51 22 32 29 26 31 34 22 43 23 89 32 23 22 34 23 27 34 33 27 26 23 83 33 47 22 61 24 63 24 67 53 30 41 38 67 47 23 40 22 31 24 87 33 181 24 85 54 29 23 31 35 187 72 38 61 411 99
internal_value=-1.14302e-06 3.358e-06 -0.00037325 2.13674e-08 -1.81272e-06 8.90537e-08 -1.23435e-05 -7.69186e-05 -0.000202275 -3.90851e-05 -2.31223e-06 9.3335e-05 -8.79208e-06 -6.56087e-06 0.000108062 2.00069e-05 -0.000127432 5.50443e-05 -7.19347e-05 5.58475e-05 6.54351e-05 0.000128507 -1.17419e-05 -0.000153376 6.94978e-05 6.08579e-06 -3.73998e-05 2.25503e-05 -0.0001658 0.000121135 3.43618e-05 -9.07086e-06 0.000123787 -1.2375e-05 -2.36462e-05 -7.50561e-05 7.85451e-06 -1.18897e-05 4.77346e-05 1.16533e-05 8.61445e-05 -2.47089e-05 -1.41035e-05 -9.19079e-06 -0.000140978 -7.44634e-05 -0.000125404 -0.000176244 0 3.085e-05 1.72336e-05 3.18259e-05 6.47208e-05 0.000125356 -0.000133245 -0.000217244 -6.90429e-05 -0.000186326 -7.77618e-06 -7.69805e-05 -0.000163505 5.98432e-06 -0.000239563 -4.7246e-05 -7.05254e-05 0.000189997 -0.000295325 2.35875e-05 0.000264914 2.66679e-05 -3.47281e-06 -6.8062e-05 -1.71354e-05 1.46979e-05 -2.58919e-07
internal_weight=4036 3987 49 3963 3941 3915 3197 426 97 329 2771 173 2598 2576 109 85 44 150 52 718 686 240 2467 95 169 234 168 113 55 66 147 2436 57 2379 1862 342 139 1520 265 213 116 1255 1138 1116 71 97 117 93 1045 446 416 387 295 98 203 86 117 53 992 168 81 824 57 112 92 52 63 64 71 228 763 171 133 592 125
internal_count=4036 3987 49 3963 3941 3915 3197 426 97 329 2771 173 2598 2576 109 85 44 150 52 718 686 240 2467 95 169 234 168 113 55 66 147 2436 57 2379 1862 342 139 1520 265 213 116 1255 1138 1116 71 97 117 93 1045 446 416 387 295 98 203 86 117 53 992 168 81 824 57 112 92 52 63 64 71 228 763 171 133 592 125
is_linear=0
shrinkage=0.0190957


end of trees

feature_importances:
CLF_return_lag_5=56
CLF_return_lag_1=50
ESF_return_lag_2=42
OVX_low=40
GCF_log_return=36
CLF_log_return=35
GCF_return_lag_3=35
OVX_return_lag_3=35
VIX_macd=34
CLF_return_lag_2=33
NGF_log_return=32
OVX_atr=32
ESF_return_lag_1=31
NGF_return_lag_1=30
ESF_return_lag_5=30
OVX_close=30
OVX_high=30
OVX_macd=30
NGF_return_lag_5=28
OVX_ema_12=27
CLF_overnight_gap=27
CLF_return_lag_3=26
OVX_sma_20=26
CLF_atr=25
OVX_return_lag_1=25
VIX_bollinger_pband=25
CLF_macd=24
NGF_return_lag_2=23
ESF_log_return=23
GCF_return_lag_5=22
VIX_log_return=22
VIX_atr=22
GCF_return_lag_1=21
GCF_macd=21
ESF_macd=21
ESF_atr=21
OVX_log_return=21
VIX_return_lag_1=21
VIX_return_lag_3=21
NGF_bollinger_pband=20
VIX_rsi=20
month=20
NGF_atr=19
GCF_bollinger_pband=19
VIX_return_lag_2=19
NGF_return_lag_3=18
NGF_macd=18
GCF_rsi=18
ESF_low=18
OVX_return_lag_5=18
VIX_low=18
VIX_return_lag_5=18
CLF_rsi=16
GCF_return_lag_2=16
ESF_rsi=16
ESF_bollinger_pband=16
OVX_rsi=16
CLF_bollinger_pband=15
NGF_rsi=15
ESF_return_lag_3=15
OVX_return_lag_2=14
VIX_high=14
VIX_sma_20=14
NGF_ema_12=12
CLF_close=11
NGF_close=11
OVX_bollinger_pband=11
VIX_ema_12=11
NGF_high=10
ESF_close=10
CLF_sma_20=9
CLF_ema_12=9
NGF_sma_20=9
GCF_atr=9
ESF_ema_12=8
VIX_close=8
dayofweek=8
GCF_sma_20=7
GCF_ema_12=6
ESF_high=6
CLF_low=5
GCF_close=5
ESF_sma_20=5
NGF_low=4
GCF_high=4
CLF_high=2
GCF_low=2

parameters:
[boosting: gbdt]
[objective: regression]
[metric: rmse]
[tree_learner: serial]
[device_type: cpu]
[data_sample_strategy: bagging]
[data: ]
[valid: ]
[num_iterations: 23]
[learning_rate: 0.0190957]
[num_leaves: 76]
[num_threads: 0]
[seed: 42]
[deterministic: 0]
[force_col_wise: 0]
[force_row_wise: 0]
[histogram_pool_size: -1]
[max_depth: -1]
[min_data_in_leaf: 22]
[min_sum_hessian_in_leaf: 0.001]
[bagging_fraction: 0.62982]
[pos_bagging_fraction: 1]
[neg_bagging_fraction: 1]
[bagging_freq: 10]
[bagging_seed: 400]
[bagging_by_query: 0]
[feature_fraction: 0.920879]
[feature_fraction_bynode: 1]
[feature_fraction_seed: 30056]
[extra_trees: 0]
[extra_seed: 12879]
[early_stopping_round: 0]
[early_stopping_min_delta: 0]
[first_metric_only: 0]
[max_delta_step: 0]
[lambda_l1: 0.0150646]
[lambda_l2: 3.88799e-07]
[linear_lambda: 0]
[min_gain_to_split: 0]
[drop_rate: 0.1]
[max_drop: 50]
[skip_drop: 0.5]
[xgboost_dart_mode: 0]
[uniform_drop: 0]
[drop_seed: 17869]
[top_rate: 0.2]
[other_rate: 0.1]
[min_data_per_group: 100]
[max_cat_threshold: 32]
[cat_l2: 10]
[cat_smooth: 10]
[max_cat_to_onehot: 4]
[top_k: 20]
[monotone_constraints: ]
[monotone_constraints_method: basic]
[monotone_penalty: 0]
[feature_contri: ]
[forcedsplits_filename: ]
[refit_decay_rate: 0.9]
[cegb_tradeoff: 1]
[cegb_penalty_split: 0]
[cegb_penalty_feature_lazy: ]
[cegb_penalty_feature_coupled: ]
[path_smooth: 0]
[interaction_constraints: ]
[verbosity: -1]
[saved_feature_importance_type: 0]
[use_quantized_grad: 0]
[num_grad_quant_bins: 4]
[quant_train_renew_leaf: 0]
[stochastic_rounding: 1]
[linear_tree: 0]
[max_bin: 255]
[max_bin_by_feature: ]
[min_data_in_bin: 3]
[bin_construct_sample_cnt: 200000]
[data_random_seed: 175]
[is_enable_sparse: 1]
[enable_bundle: 1]
[use_missing: 1]
[zero_as_missing: 0]
[feature_pre_filter: 0]
[pre_partition: 0]
[two_round: 0]
[header: 0]
[label_column: ]
[weight_column: ]
[group_column: ]
[ignore_column: ]
[categorical_feature: ]
[forcedbins_filename: ]
[precise_float_parser: 0]
[parser_config_file: ]
[objective_seed: 16083]
[num_class: 1]
[is_unbalance: 0]
[scale_pos_weight: 1]
[sigmoid: 1]
[boost_from_average: 1]
[reg_sqrt: 0]
[alpha: 0.9]
[fair_c: 1]
[poisson_max_delta_step: 0.7]
[tweedie_variance_power: 1.5]
[lambdarank_truncation_level: 30]
[lambdarank_norm: 1]
[label_gain: ]
[lambdarank_position_bias_regularization: 0]
[eval_at: ]
[multi_error_top_k: 1]
[auc_mu_weights: ]
[num_machines: 1]
[local_listen_port: 12400]
[time_out: 120]
[machine_list_filename: ]
[machines: ]
[gpu_platform_id: -1]
[gpu_device_id: -1]
[gpu_use_dp: 0]
[num_gpu: 1]

end of parameters

pandas_categorical:[]
