tree
version=v4
num_class=1
num_tree_per_iteration=1
label_index=0
max_feature_idx=86
objective=regression
feature_names=CLF_close CLF_high CLF_low CLF_log_return CLF_return_lag_1 CLF_return_lag_2 CLF_return_lag_3 CLF_return_lag_5 CLF_rsi CLF_macd CLF_atr CLF_bollinger_pband CLF_sma_20 CLF_ema_12 NGF_close NGF_high NGF_low NGF_log_return NGF_return_lag_1 NGF_return_lag_2 NGF_return_lag_3 NGF_return_lag_5 NGF_rsi NGF_macd NGF_atr NGF_bollinger_pband NGF_sma_20 NGF_ema_12 GCF_close GCF_high GCF_low GCF_log_return GCF_return_lag_1 GCF_return_lag_2 GCF_return_lag_3 GCF_return_lag_5 GCF_rsi GCF_macd GCF_atr GCF_bollinger_pband GCF_sma_20 GCF_ema_12 ESF_close ESF_high ESF_low ESF_log_return ESF_return_lag_1 ESF_return_lag_2 ESF_return_lag_3 ESF_return_lag_5 ESF_rsi ESF_macd ESF_atr ESF_bollinger_pband ESF_sma_20 ESF_ema_12 OVX_close OVX_high OVX_low OVX_log_return OVX_return_lag_1 OVX_return_lag_2 OVX_return_lag_3 OVX_return_lag_5 OVX_rsi OVX_macd OVX_atr OVX_bollinger_pband OVX_sma_20 OVX_ema_12 VIX_close VIX_high VIX_low VIX_log_return VIX_return_lag_1 VIX_return_lag_2 VIX_return_lag_3 VIX_return_lag_5 VIX_rsi VIX_macd VIX_atr VIX_bollinger_pband VIX_sma_20 VIX_ema_12 dayofweek month CLF_overnight_gap
feature_infos=[-37.630001068115234:145.28999328613281] [13.689999580383301:147.27000427246094] [-40.319999694824219:143.22000122070312] [-0.28220613410748507:0.31963363001506739] [-3.0596606527245438:0.37662331847024161] [-3.0596606527245438:0.37662331847024161] [-3.0596606527245438:0.37662331847024161] [-3.0596606527245438:0.37662331847024161] [9.1192312961353963:83.210323620614091] [-9.8281223802334967:7.97885172563943] [0:10.452948508274901] [-0.57076319783242124:1.4043454832463376] [15.709000062942504:138.99549942016603] [12.291231566310916:140.80144695919438] [1.4819999933242798:15.378000259399414] [1.5670000314712524:15.779999732971191] [1.4320000410079956:14.85099983215332] [-0.30047975442423092:0.38172674938692641] [-0.25953710489588089:0.46481176972812022] [-0.25953710489588089:0.46481176972812022] [-0.25953710489588089:0.46481176972812022] [-0.25953710489588089:0.46481176972812022] [18.044605362972419:90.712653795761199] [-1.1013067389130224:1.0014697105002559] [0:0.90881418667804525] [-0.39331285298471508:1.5222821752089954] [1.660400003194809:13.632850074768069] [1.6222197076543536:13.996008695092531] [255.1000061035156:4529.10009765625] [256.10000610351562:4556.2998046875] [255:4502] [-0.098205791666101896:0.086431656660303502] [-0.093537657837483301:0.090276852010222106] [-0.093537657837483301:0.090276852010222106] [-0.093537657837483301:0.090276852010222106] [-0.093537657837483301:0.090276852010222106] [16.555741582929272:87.904153828387336] [-54.381705690513854:161.0150279738391] [0:97.227721193022717] [-0.45381279025607418:1.4579485613048675] [259.26999816894534:4320.8700195312504] [258.77246879729984:4383.5456758642604] [676:6982.5] [694.75:6994] [665.75:6969] [-0.109552441509657:0.1320221173165245] [-0.1037648367952522:0.14113355780022441] [-0.1037648367952522:0.14113355780022441] [-0.1037648367952522:0.14113355780022441] [-0.1037648367952522:0.14113355780022441] [14.108148414180109:88.011432871879066] [-229.5234008326338:118.85145603935509] [0:225.50356219258967] [-0.49529788249361201:1.2895570765549609] [736.25:6875.5395019531252] [720.46685627641943:6903.9879961157712] [14.5:325.14999389648438] [14.869999885559082:517.19000244140625] [13.930000305175779:213.58999633789065] [-0.62225072502498813:0.85769978680521874] [-0.4632649658851884:1.3577311672249306] [-0.4632649658851884:1.3577311672249306] [-0.4632649658851884:1.3577311672249306] [-0.4632649658851884:1.3577311672249306] [22.645342283431063:92.248920880423697] [-20.638006536848678:35.412549322046047] [0:82.552051007336871] [-0.30576588235305752:1.565497204701664] [15.597999954223631:166.58600044250488] [15.225394406259817:187.36498022544225] [9.1400003433227539:82.69000244140625] [9.3100004196166992:89.529998779296875] [8.5600004196166992:72.760002136230469] [-0.44244875916441467:0.76824502946630258] [-0.35753873962348431:1.1559792516603906] [-0.35753873962348431:1.1559792516603906] [-0.35753873962348431:1.1559792516603906] [-0.35753873962348431:1.1559792516603906] [24.368040061278009:91.037512365341044] [-5.4502543009591307:14.577704716716717] [0.5483063062588599:13.271699221808236] [-0.23851463087285141:1.5609696354247931] [9.7824999809265112:65.028999710083013] [9.7214706984371517:68.422373952761433] [0:4] [1:12] [-0.98874430337475949:0.27055315860086476]
tree_sizes=6535 7119 6589 6746 6646 6921 6904 7020 7121 7232 6924 6878 6943 7044 7070 6953 6944 6585 7203 7164 6772 6946 6686 7208 6961 6590 6923 7045 6960 7147 7223 7233 7334 6718 6926 7054 7148 7243 6837 7061 6982 6873 7331 7341 7536 7160 7049 7257 7236 6959 6880 7257 7148 7102 7067 7146 7199 7074 6686 6971 7088 6901 7610 7192 7165 6975 6973

Tree=0
num_leaves=72
num_cat=0
split_feature=58 56 56 56 56 0 56 79 11 67 50 3 56 68 19 3 8 32 45 2 12 65 24 41 24 2 20 31 53 2 76 77 58 48 74 4 29 11 4 22 28 38 36 11 75 11 23 80 81 79 4 39 45 85 13 53 51 53 4 77 12 51 34 36 11 47 8 34 65 62 67
split_gain=1.33224 0.298205 0.0866597 0.0487008 0.0254907 0.01758 0.0143759 0.00699247 0.00643812 0.00634984 0.00470994 0.00322784 0.00291061 0.00280447 0.00256521 0.00249031 0.00291586 0.00244456 0.00231636 0.00223601 0.00284017 0.00255983 0.00213998 0.00260642 0.00201005 0.00195743 0.00262079 0.00183766 0.0019042 0.00181203 0.00180976 0.00171034 0.00164337 0.00154298 0.00152063 0.00150136 0.00134149 0.00130878 0.00121712 0.00152652 0.00121341 0.00113798 0.00109356 0.00107646 0.000992377 0.000971358 0.000923777 0.00088446 0.000884429 0.000884135 0.0008721 0.000768155 0.000728528 0.00071853 0.000700027 0.000662755 0.000643251 0.000636678 0.000590946 0.000585969 0.000564008 0.000538973 0.000478432 0.000476603 0.000423447 0.000384396 0.00036886 0.000298683 0.000234408 0.000158843 9.71664e-05
threshold=79.529998779296889 49.454999923706062 33.174999237060554 61.000000000000007 41.23500061035157 21.860000610351566 24.664999961853031 1.6284452572069485 0.35109444854670352 0.88819074428543354 48.594057414961888 -0.040219158811532645 29.634999275207523 35.990749931335458 -0.014329121350782499 -0.018369303619020096 51.169035742295058 0.0025225013820614002 -0.01251838843849455 54.915000915527351 33.833250188827527 0.81868515940252717 0.40294037475279576 1323.7323870419118 0.21746160539101531 67.24499893188478 -0.0015627375435471999 0.0019403033311070001 0.52908549345195521 26.090000152587894 0.010512045174324402 -0.029624391831913746 19.230000495910648 0.00076519490722135009 -1.0000000180025095e-35 -0.019533801640039445 1441.299987792969 0.72806756691439911 -0.0034750222226861997 62.856833837022975 1267.9500122070315 3.8138248936782388 49.030974895066088 0.72581549584522687 0.019440906157256955 0.14228996926680329 0.021300059812833751 1.6751698543007467 0.2289310823494429 0.23128808222008959 -0.0010847439130260499 0.70938754181820995 -0.00060042069705159987 5.5000000000000009 79.247471588502535 0.78454954798644516 1.1937992551922891 0.84972817552148172 -0.0043000319464344492 -0.0235266056690677 57.806000041961674 23.42053477703411 -0.00078467976147879987 38.615388300087339 0.72806756691439911 0.0015485681218880003 55.022390961960582 0.0036762743466301506 -0.461863219220568 -0.005397429589970199 0.43215799556396689
decision_type=10 10 8 10 10 2 10 10 10 10 10 8 10 10 10 10 10 10 10 2 10 10 10 10 10 2 10 10 10 2 10 10 10 10 10 10 10 10 10 10 10 10 10 10 10 10 10 10 10 10 10 10 10 2 10 10 10 10 10 10 10 10 8 10 10 10 10 10 10 10 10
left_child=1 2 6 7 5 -4 32 14 11 22 -5 -7 40 19 -3 16 -10 -16 41 20 29 45 23 25 -22 26 -6 28 31 -13 37 -20 70 -15 -25 -14 44 51 48 57 47 -17 -24 54 53 49 -47 59 -30 -21 -33 -29 -39 -37 -42 -45 -38 60 -32 -8 -40 -58 -31 -34 -63 -54 -55 -60 -65 -61 -1
right_child=-2 3 4 10 9 8 12 -9 15 -11 -12 13 35 33 17 18 -18 -19 27 21 24 -23 42 34 -26 -27 -28 30 38 62 58 50 63 -35 -36 36 56 52 39 -41 43 -43 -44 55 -46 46 -48 -49 -50 -51 -52 -53 65 66 -56 -57 61 -59 67 69 -62 64 -64 68 -66 -67 -68 -69 -70 -71 -72
leaf_value=0.033063215910730845 0.037312323102077605 0.033802296085399669 0.033927060577010698 0.03476540671131282 0.033885558629717739 0.033750436070217812 0.033411851347480426 0.034254771762381994 0.033441640256224293 0.033911894866818296 0.034396402223791672 0.033621862242674938 0.033527225671810039 0.033763445612683907 0.033905168506707779 0.033493189431057314 0.033662637979777171 0.034135064145224346 0.033649684420576219 0.033311004094891031 0.03356925529078697 0.033632220551841188 0.033696599329388691 0.033503555703104058 0.033773783786396575 0.033588338144796753 0.033658262680313258 0.033460688202828166 0.033598520632302994 0.033497695579735885 0.033426597170016455 0.033572698423798057 0.033299467828798571 0.033584665597307731 0.033655272572967583 0.033469456051773955 0.033424888722794532 0.033481100155654211 0.033420667108279484 0.033528686301587889 0.033383184858911071 0.033659888230564268 0.033853780132572391 0.033292475282231858 0.033502959986780247 0.03356390041163064 0.033412767085113662 0.033457001440967193 0.03346217905158657 0.03346074519941545 0.03344802350568158 0.033578267693945833 0.033329904087172471 0.03340713706560669 0.033276072138872577 0.033170861933394392 0.033274568256134035 0.03344876391838425 0.033303026423079821 0.033260249660699875 0.033313594508487712 0.033414884890130975 0.033384740819487252 0.033147289401344489 0.03331176759668001 0.033424091463533777 0.033301727136811815 0.033387657044686332 0.033233913052149663 0.033342164177094083 0.033159724253402988
leaf_weight=76 55 62 59 67 53 51 46 54 60 75 47 49 50 47 76 47 83 50 61 52 60 47 66 91 53 60 70 70 47 46 64 54 47 71 67 51 54 65 57 63 83 48 46 69 76 49 46 50 68 46 85 61 56 47 79 65 81 79 87 47 75 57 46 63 51 61 46 50 84 49 46
leaf_count=76 55 62 59 67 53 51 46 54 60 75 47 49 50 47 76 47 83 50 61 52 60 47 66 91 53 60 70 70 47 46 64 54 47 71 67 51 54 65 57 63 83 48 46 69 76 49 46 50 68 46 85 61 56 47 79 65 81 79 87 47 75 57 46 63 51 61 46 50 84 49 46
internal_value=0.0335839 0.033535 0.0334735 0.0342079 0.0335552 0.0335166 0.033313 0.0340097 0.0335044 0.0337058 0.0346214 0.0335664 0.0333585 0.0335508 0.0339363 0.0334737 0.0335697 0.0339999 0.0334623 0.0335253 0.0335756 0.0334722 0.0336711 0.0336404 0.0336661 0.0337027 0.0337579 0.0334524 0.033482 0.033503 0.0334187 0.0335431 0.0331699 0.0336568 0.033568 0.0333996 0.0333859 0.0334559 0.0334507 0.0334228 0.0333157 0.0335774 0.033763 0.033284 0.0334306 0.0334332 0.0334899 0.0333657 0.0335177 0.0333795 0.0334961 0.0335151 0.0334138 0.0333932 0.0333295 0.0332311 0.0333462 0.0333915 0.0333616 0.0333345 0.0333584 0.0333246 0.0334399 0.0332183 0.0333643 0.0333774 0.0333528 0.0333324 0.0331943 0.0332994 0.0330961
internal_weight=4319 4264 3908 356 2591 2063 1317 242 2004 528 114 663 1001 612 188 1341 143 126 1198 494 254 240 453 341 113 183 123 1103 589 141 514 200 316 118 158 513 463 313 389 274 488 95 112 296 220 193 95 192 115 98 139 131 182 144 162 134 243 211 201 142 132 189 92 194 108 117 93 137 147 96 122
internal_count=4319 4264 3908 356 2591 2063 1317 242 2004 528 114 663 1001 612 188 1341 143 126 1198 494 254 240 453 341 113 183 123 1103 589 141 514 200 316 118 158 513 463 313 389 274 488 95 112 296 220 193 95 192 115 98 139 131 182 144 162 134 243 211 201 142 132 189 92 194 108 117 93 137 147 96 122
is_linear=0
shrinkage=1


Tree=1
num_leaves=74
num_cat=0
split_feature=57 58 57 57 57 0 57 8 9 78 8 57 59 64 55 55 26 58 1 6 59 6 7 85 77 78 65 53 85 16 3 35 62 20 4 3 4 18 3 6 21 3 4 28 76 51 18 58 19 74 0 34 4 6 60 8 20 70 38 9 3 53 78 80 52 65 47 4 49 77 0 16 50
split_gain=1.30487 0.293276 0.0840721 0.0432252 0.0217588 0.0158267 0.0152792 0.00979913 0.00733876 0.00550194 0.00547955 0.00442997 0.00338665 0.00326072 0.00324631 0.00436788 0.00319218 0.00263538 0.00236815 0.00229279 0.00219888 0.00211337 0.00224507 0.00208589 0.00223381 0.0020419 0.00194696 0.00190253 0.00190088 0.00233403 0.00216649 0.00238032 0.00189925 0.00188059 0.00186553 0.00213071 0.00173503 0.00149657 0.00147991 0.00138511 0.00137768 0.00134187 0.00132731 0.00126248 0.00125277 0.0012045 0.00118258 0.00103204 0.00102448 0.000989301 0.000875068 0.000863376 0.000798283 0.00073123 0.000673519 0.000664631 0.000645893 0.00064359 0.000634703 0.000625456 0.000788323 0.000566587 0.000537827 0.000524186 0.000503052 0.000417175 0.000371049 0.000331095 0.000328408 0.000324531 0.000199566 6.43342e-05 4.27776e-05
threshold=88.909999847412124 48.475000381469734 35.475000381469734 62.30999946594239 44.135000228881843 21.860000610351566 24.460000038146976 42.625118717303785 -1.2686403702957898 57.865864928473648 42.377331501775608 30.384999275207523 0.024390124282890554 62.156128422739293 1203.4999410319033 1311.4465078326884 6.817325007915497 42.055000305175788 69.33499908447267 -0.028987059906560447 0.012801765363590451 -0.032848579319189393 -0.028338505863287997 3.5000000000000004 -0.03137139486908299 53.62252180267901 0.25136419887479811 0.26406919761303488 6.5000000000000009 4.5079998970031747 0.011872355694456252 0.0036762743466301506 0.058263936759527908 -0.00074432758824699986 -0.0024845289623788994 -0.0045045097534028491 -0.028974607671979746 0.017875118703644603 -0.0024876205263758993 0.015323866071945051 -0.010695746803674697 -0.014418671102185749 0.0063383982325344009 1254.2500000000002 -0.039471044033682193 -5.674960863480691 0.016717933159037305 19.230000495910648 -0.0046444243212711992 -0.030741830772714394 79.055000305175795 0.0043263741819201005 0.0051912470069397009 -0.0017587146910500496 0.012004739285580603 55.022390961960582 -0.00074432758824699986 13.914999961853029 29.044212451205908 0.33673905767668089 0.0038431694814464006 0.71581794109737318 49.799832690012877 1.3069670796691055 39.403621151317225 -0.23181950831347101 0.0013911031286943001 -0.0006292455904898499 0.00093001672775955009 0.0071636579822637507 63.82500076293946 4.2479999065399179 66.008725237599847
decision_type=10 10 8 10 10 2 10 10 10 10 10 10 10 10 10 10 8 10 2 10 10 8 8 2 10 10 10 10 2 10 10 10 8 10 10 10 8 10 10 10 10 10 10 10 8 10 10 10 10 10 2 10 10 10 10 10 10 10 10 10 10 10 10 10 10 10 10 10 10 8 2 10 10
left_child=1 2 6 9 5 -4 47 12 -5 20 13 27 -6 21 16 38 28 -9 33 -17 48 -7 -23 24 -21 49 41 -8 29 -12 31 52 34 -19 39 -36 -24 42 57 54 -28 -13 -31 53 -38 -43 56 71 -3 -20 58 66 -30 -29 -25 -26 -46 -16 63 60 -45 -52 70 -47 67 -49 -37 -61 -55 -34 -40 -1 -63
right_child=-2 3 4 8 7 10 11 17 -10 -11 14 26 -14 -15 15 19 -18 18 25 23 -22 22 36 32 55 -27 40 43 30 37 -32 -33 69 -35 35 51 44 -39 62 -41 -42 45 -44 59 46 50 -48 65 -50 -51 61 -53 -54 68 -56 -57 -58 -59 -60 64 -62 72 -64 -65 -66 -67 -68 -69 -70 -71 -72 -73 -74
leaf_value=-0.00041315189419444402 0.0039603921317979806 0.00019645125252317259 0.00034715985973169273 0.0012164814239918682 0.00021648585348985598 0.00015024740346410265 -0.0001317923379674201 -4.1406498076915381e-05 0.00081841629359009427 0.00065166811469355955 0.00013144368368623129 -8.2587658833018456e-05 0.00047433623273223318 0.00021283463094084481 -5.0986807285637382e-05 9.3830477448031727e-05 0.00014125433820467631 0.00030960182524942588 -8.762210759159058e-05 0.00012555969513176364 0.00049310730421960622 0.00012897985823284963 8.1716804539102631e-05 4.0574433440657459e-06 -6.8464195576549292e-07 0.00018214513885653891 2.0221129039224342e-05 -0.00013960562326321711 -5.1047023294038696e-05 -1.572593057544632e-05 -0.00019940286214040881 5.8422900296648264e-05 -0.0002345379701727627 9.8925526994643635e-05 -1.5929397308734143e-05 -0.00026312667836752722 2.4863017992518071e-05 7.0525870230791094e-05 -0.00021871973584024505 9.6498342893527018e-05 -0.0001366891325601138 -9.6393197656538147e-05 -0.00016352682721375127 -0.00019000860472745729 -0.00019895896321195662 -0.00019526504486828622 -4.1244026573332097e-06 -0.00040067926557190163 0.00035539313562632193 5.4981485620277017e-05 -0.00019675873467287779 -8.5070264767551698e-05 -0.00018050966317086509 -0.0003013830510168224 -0.00012305701628943303 -0.0001245329343211897 -8.6343426309228204e-05 -0.00017589085453838675 -0.00024445580113067019 -0.00029926628991423326 -0.00032425554492007983 -0.00032501822988312349 -0.00016817047572713668 -0.00010434248829479933 -0.00025394573520703284 -0.00029871925770970066 -0.00016475976612205544 -0.00039743358653220962 -0.00019904902660113107 -0.00014285771292653712 -0.00030232098760482693 -0.0005017356373115706 -0.00025865404441123693
leaf_weight=57 48 49 59 56 82 47 67 90 79 49 59 72 50 47 52 46 57 49 47 51 46 48 48 46 46 50 52 56 56 81 80 74 62 53 73 51 53 51 48 46 89 63 64 63 68 82 46 75 58 71 67 46 58 50 52 57 58 47 67 55 53 51 59 77 48 65 56 80 46 47 57 65 46
leaf_count=57 48 49 59 56 82 47 67 90 79 49 59 72 50 47 52 46 57 49 47 51 46 48 48 46 46 50 52 56 56 81 80 74 62 53 73 51 53 51 48 46 89 63 64 63 68 82 46 75 58 71 67 46 58 50 52 57 58 47 67 55 53 51 59 77 48 65 56 80 46 47 57 65 46
internal_value=1.2197e-05 -3.30469e-05 -9.20879e-05 0.00065449 -6.35579e-06 -4.20741e-05 -0.000239498 0.00013835 0.000990903 0.000426065 -5.40951e-05 -0.00020201 0.000316859 2.41958e-05 -7.54449e-05 -0.000103299 -3.01085e-05 7.22315e-05 0.000110127 -7.05331e-05 0.000350226 -3.80647e-07 -2.2817e-05 -8.26017e-05 -4.68535e-06 5.34765e-05 -0.000160075 -0.000255532 -4.90091e-05 -1.42586e-06 -9.41154e-05 -4.85289e-05 -0.000107591 0.000202068 -8.09322e-05 -0.000124379 -4.98652e-05 -4.18689e-05 -0.000187331 -1.23689e-05 -7.9067e-05 -0.000181647 -8.16094e-05 -0.000273596 -7.81661e-05 -0.000197183 -0.000109881 -0.000407561 0.000284988 -2.05667e-06 -0.000213188 -0.000175699 -0.000117871 -0.000213493 -6.39159e-05 -6.97437e-05 -0.000148163 -0.000111404 -0.000180409 -0.000303373 -0.000253492 -0.000257053 -0.000232253 -0.000152122 -0.000333512 -0.000355683 -0.000213559 -0.00035982 -0.000254792 -0.000196593 -0.000266419 -0.000463873 -0.000296374
internal_weight=4319 4271 3934 337 2488 1996 1446 492 135 202 1937 1184 132 415 1522 942 580 360 270 679 153 368 321 633 154 168 666 518 523 255 268 188 479 102 370 226 273 196 263 144 141 525 145 451 225 453 172 262 107 118 390 153 114 152 98 103 126 99 226 299 116 164 164 159 183 140 107 135 96 109 105 122 97
internal_count=4319 4271 3934 337 2488 1996 1446 492 135 202 1937 1184 132 415 1522 942 580 360 270 679 153 368 321 633 154 168 666 518 523 255 268 188 479 102 370 226 273 196 263 144 141 525 145 451 225 453 172 262 107 118 390 153 114 152 98 103 126 99 226 299 116 164 164 159 183 140 107 135 96 109 105 122 97
is_linear=0
shrinkage=0.0243204


Tree=2
num_leaves=68
num_cat=0
split_feature=58 57 57 58 58 18 67 0 57 9 67 38 74 9 13 58 24 41 45 31 31 75 31 67 18 53 44 19 65 76 81 21 0 4 86 61 8 41 55 17 20 17 23 85 17 73 58 7 5 20 58 66 77 69 74 72 17 86 47 72 67 28 60 82 21 31 67
split_gain=0.805778 0.291813 0.0777525 0.0485447 0.0280566 0.00881476 0.0084223 0.00846722 0.00805772 0.00590575 0.00410585 0.00395319 0.00388111 0.00359627 0.00310326 0.00369191 0.00368604 0.00260648 0.00255651 0.00255095 0.0024924 0.00247969 0.00213452 0.00211329 0.00250308 0.00205552 0.00197138 0.00195991 0.00193376 0.00190548 0.00180862 0.00166383 0.00164684 0.00154862 0.00153189 0.00150122 0.00149008 0.00145967 0.00144709 0.00139765 0.00131614 0.00123793 0.00133693 0.00121973 0.00107351 0.00106309 0.00106099 0.00100912 0.000898393 0.000789396 0.000771517 0.000755224 0.000648589 0.000727206 0.000621034 0.000584514 0.000577361 0.000543301 0.00059976 0.000499614 0.000458321 0.000423394 0.000399695 0.000432792 0.00038503 0.000186046 0.000123795
threshold=86.590000152587905 53.104999542236335 32.640001296997077 62.149999618530281 40.23500061035157 -0.02941795980956485 1.0634690609935888 26.244999885559086 24.460000038146976 -0.66010144282251904 0.89795778658357206 25.125717394374622 -1.0000000180025095e-35 -1.0026597801913348 55.421137840964889 31.925000190734867 0.26016253821259644 1256.1428622080668 -0.0011536647625520998 0.0060415468021035512 -0.0065601278647802489 -0.0083108400172759982 0.00039945266988205007 0.37457874321772117 0.0089914449435257015 0.31037278253085659 1222.8750000000002 0.004242078133044851 -0.92770173899301145 -0.020408149549399245 0.20360746037166727 -0.0020635125961153996 70.604999542236342 -0.0017587146910500496 0.00038666925128557142 0.0086004643243154516 52.938430772596945 552.06762340792136 1426.2530109652769 0.0015699781257735002 -0.011979737461977199 0.0078132199529805015 0.022719557486781502 6.5000000000000009 -0.0070471185922429489 -0.022394072968259248 27.729999542236332 -0.0027786359813975997 0.0090272293292357007 0.012547346094698401 34.815000534057624 1.031811514355734 -0.024255469088150548 29.928823489184172 -0.0074828876142112493 15.394999980926515 -0.0080651190721586479 1.0000000180025095e-35 0.0026951222383277506 16.204999923706058 0.40371386055019426 1271.850036621094 -0.012892387079534497 16.474749875068671 -0.00074432758824699986 0.0043170423186708008 0.19210345217736677
decision_type=10 10 8 10 10 10 10 2 10 10 10 10 10 10 8 10 10 10 10 10 10 10 10 10 10 10 10 10 10 10 10 10 2 10 10 10 10 10 10 10 10 10 10 2 10 10 10 10 10 10 10 10 10 10 10 10 10 10 10 10 10 10 10 10 10 10 10
left_child=1 2 8 5 6 -3 7 21 51 14 17 13 -5 35 16 56 34 -7 23 29 -15 -4 30 26 27 39 41 -25 -22 -17 31 -20 -30 40 -9 -6 52 43 -39 -10 -24 42 -11 -32 -28 -40 61 -31 55 -42 57 -1 -27 54 -54 -46 -16 58 -35 -59 -53 -38 -48 -64 -43 66 -63
right_child=-2 3 4 12 11 10 -8 9 25 18 -12 -13 -14 20 15 19 -18 -19 22 -21 28 -23 33 24 -26 36 44 -29 32 47 37 -33 -34 50 -36 -37 46 38 45 -41 49 64 -44 -45 48 -47 62 -49 -50 -51 -52 60 53 -55 -56 -57 -58 59 -60 -61 -62 65 63 -65 -66 -67 -68
leaf_value=-0.00044215823409273679 0.0031715620590723305 0.00073349402998988894 6.6869514357905297e-06 0.0012230260235299596 0.00019382086485457385 0.00042480704619374379 0.00024650296564861267 9.1183684794343719e-05 -6.7823927087059198e-05 -7.7950231789726136e-05 0.00056756229433081588 -2.3961237520954446e-05 0.00087156146500005363 0.00025131703086947053 -0.0002358504355515458 0.00017081896197193575 0.00022450032416346455 0.00020912535737124265 -0.00010597307632810624 -0.00014387378934414851 0.00017628742665623239 0.00021404525236854907 -2.9992416753612628e-05 0.00014930053916813551 -0.00012525599184667609 -0.00014202943111779913 -0.00021005485079199845 -5.25469453742318e-05 0.00011168797454683652 7.3745553677707909e-05 2.5883901275713501e-05 7.5223977705780006e-05 -4.361934225582604e-05 -0.00013469286378555304 -9.7222018877698245e-05 0.00036445911085258642 -0.00025177467317730727 -0.00024848666321354161 -5.1152089589467302e-05 -0.00022794978865657808 -0.00020707653454040548 -6.2279646294790381e-05 6.5849291993977783e-05 -0.0001179056696339803 -0.00020582237778048862 -0.00017956745144083599 -0.00017764285661827584 -8.2552525884121953e-05 -1.5641222047843184e-05 -9.3457356626298733e-05 -0.00012153828358750323 -0.0003877815884514703 -0.00032377517979796698 -0.00015189550610289184 -0.00019417435589179959 -8.2310528807297569e-05 -0.00011391777977203516 -0.00020400371598939043 -0.00024441879471193676 -0.00031818980148437759 -0.00028985037896711927 -0.00035640922349694065 -0.00019910852603482261 -0.0003028139067634577 -0.00016232031468528527 -0.00039510004041137082 -0.00027793636705308406
leaf_weight=109 46 50 65 58 75 58 50 46 71 70 46 78 50 64 46 55 63 85 54 48 82 71 78 72 56 83 87 46 77 46 62 65 83 78 55 57 60 68 81 60 78 48 82 78 46 73 63 50 49 72 69 92 57 53 46 48 52 59 53 50 70 46 51 69 46 47 63
leaf_count=109 46 50 65 58 75 58 50 46 71 70 46 78 50 64 46 55 63 85 54 48 82 71 78 72 56 83 87 46 77 46 62 65 83 78 55 57 60 68 81 60 78 48 82 78 46 73 63 50 49 72 69 92 57 53 46 48 52 59 53 50 70 46 51 69 46 47 63
internal_value=3.074e-06 -3.21875e-05 -9.28077e-05 0.000642471 -2.6712e-05 0.000446093 -6.28644e-05 -6.97947e-05 -0.000272538 -8.16898e-05 0.000366763 0.000135299 0.00106935 0.000163653 -4.62379e-06 -5.14698e-05 8.0015e-05 0.00029884 -0.000102974 8.85248e-06 0.000117256 0.000115682 -0.000127048 -6.5138e-05 7.3684e-06 -0.000231794 -9.16062e-05 7.08152e-05 8.09528e-05 5.80043e-05 -8.95282e-05 -7.18023e-06 3.13347e-05 -0.000160436 -1.13539e-05 0.000269593 -0.000249932 -0.000116506 -0.00015522 -0.000142286 -0.000111537 -4.34869e-05 -4.40828e-07 -5.44757e-05 -0.000142678 -0.000112759 -0.000279264 -7.66105e-06 -0.000100562 -0.000153478 -0.00019606 -0.000386936 -0.000200046 -0.00022986 -0.000268211 -0.000144219 -0.000172878 -0.000216916 -0.000180535 -0.000258691 -0.000347411 -0.000317134 -0.000233152 -0.00026066 -0.000112382 -0.000340588 -0.000313859
internal_weight=4264 4218 3871 347 2831 239 2315 2265 1040 2129 189 516 108 438 461 297 164 143 1668 199 306 136 1018 650 174 769 476 118 242 151 481 119 160 537 101 132 638 362 222 131 228 246 152 140 230 154 399 96 143 150 309 271 239 156 103 94 98 240 131 109 162 216 183 120 94 156 109
internal_count=4264 4218 3871 347 2831 239 2315 2265 1040 2129 189 516 108 438 461 297 164 143 1668 199 306 136 1018 650 174 769 476 118 242 151 481 119 160 537 101 132 638 362 222 131 228 246 152 140 230 154 399 96 143 150 309 271 239 156 103 94 98 240 131 109 162 216 183 120 94 156 109
is_linear=0
shrinkage=0.0243204


Tree=3
num_leaves=70
num_cat=0
split_feature=58 57 58 58 57 58 18 9 67 64 0 74 13 67 58 11 58 65 13 9 58 28 52 10 35 75 38 10 8 53 60 49 83 31 49 70 8 64 39 15 52 73 51 51 45 63 33 46 74 59 52 66 61 39 20 65 45 83 11 86 19 3 9 77 26 65 38 76 76
split_gain=0.767832 0.278025 0.0741347 0.0462514 0.0238327 0.0117453 0.00839999 0.0079322 0.00543353 0.00496355 0.00444679 0.00369573 0.00354508 0.00506928 0.003174 0.00324915 0.00311522 0.00289666 0.00278833 0.00259428 0.00255023 0.00252209 0.00233188 0.00213102 0.00221509 0.00195779 0.00188012 0.00175109 0.0016109 0.00158097 0.00151835 0.00151484 0.00149015 0.00148945 0.00131863 0.00130418 0.00129587 0.00127815 0.00126383 0.00115397 0.00163215 0.00112038 0.00111069 0.00108065 0.0010647 0.000886508 0.000857327 0.000800884 0.000768141 0.000680997 0.000674021 0.00066733 0.000624696 0.000712511 0.000612819 0.000596321 0.000589556 0.000534306 0.000459882 0.000522627 0.000439201 0.000390668 0.000304709 0.000264171 0.000223691 0.000219564 0.000152325 0.000139313 0.000131273
threshold=86.590000152587905 53.104999542236335 32.385000228881843 62.149999618530281 43.32500076293946 24.425000190734867 -0.02941795980956485 -0.59400419988734743 0.8460288256012255 60.691845279106445 26.244999885559086 -1.0000000180025095e-35 44.669143847466934 0.78031304587380645 34.625000000000007 0.78585880431190935 43.600000381469734 -0.15367152895710126 59.190882500024813 1.6982038400915871 29.295000076293949 1251.8999633789065 23.27743332235438 1.1584423822000047 0.0088884802988772032 0.052257090765485056 2.1265083643456637 2.5882863364840678 54.153226535039714 0.32236345244590087 -0.0061405632112657487 -0.0015774205057999997 25.209684558896985 -0.0039074957422502487 -0.0028156222835541995 15.055000305175783 52.938430772596945 48.702819485938129 0.60974932773465251 9.4239997863769549 20.080429210394204 0.024787260110343452 28.215445158703009 -10.190904971807752 0.0034527878729828502 -0.01343011479012095 0.00039953246200105007 -0.00012831638566249996 0.00075478291301950013 0.018579715116225953 47.799054297399358 1.2625294450368079 -0.0023567435850645499 0.73565088557021452 0.0027045017868298506 0.16765894742588472 0.00012690036421905002 13.322296437865424 0.82538136232890291 -0.00033473753569165254 0.0060137947569343505 0.0033264958878376507 0.47721062609722514 -0.022163031410329045 3.0011500060558323 -0.2625676733503805 9.6823419816437006 -0.011993881114271949 -0.0019990513392192494
decision_type=10 10 8 10 10 10 10 10 10 10 2 10 8 10 10 10 10 10 10 10 10 10 10 2 10 10 10 2 10 10 10 8 10 10 10 10 10 10 10 10 10 8 10 10 10 10 10 10 10 10 10 10 8 8 10 10 10 10 10 10 10 10 10 8 10 10 10 10 10
left_child=1 2 5 6 7 37 -3 12 16 21 -9 -5 22 31 18 19 30 32 23 34 29 -8 -4 26 28 43 -12 -19 35 -7 44 46 -18 -28 -16 -25 47 51 -29 40 48 62 -36 -22 -6 -42 -14 -31 61 -39 54 -1 -33 63 -17 58 -50 -30 59 -45 66 -20 -35 -54 -62 -49 -38 -60 -61
right_child=-2 3 4 11 8 20 9 10 -10 -11 14 -13 13 -15 15 50 17 27 39 -21 25 -23 -24 24 -26 -27 33 38 57 36 -32 52 -34 41 42 -37 60 49 -40 -41 45 -43 -44 55 -46 -47 -48 65 56 -51 -52 -53 53 -55 -56 -57 -58 -59 67 68 64 -63 -64 -65 -66 -67 -68 -69 -70
leaf_value=-0.00044833359179810833 0.0030959910048076441 0.00071598819632891577 0.00022117074937515955 0.0011937614808560937 0.00015987049925208797 -0.00013702247123514687 0.0004093662711505974 9.9680641685549634e-05 0.0003082917841019247 0.00053451955357130718 -0.00022856556376324154 0.00085076046159860558 9.659066512766934e-05 0.00020138206783540518 -0.00012232791130793386 -0.00020795728008764661 0.000309958639119495 0.0001956020655361486 -0.00020865001869975458 0.00018830135589850729 -6.6705519965322879e-05 0.00018029749480147093 2.6215402053389576e-05 -6.7744022567996389e-05 0.00012046434543636153 -4.3352125805985002e-05 -7.6817742086187774e-06 0.00010115393105354352 -5.3458825809815498e-05 -0.00013496606677665263 -5.6552829982644946e-05 -2.1987277640153934e-05 0.00012959282049750481 -0.00019091763997321849 7.6519496305211748e-05 0.00010609803797349918 -0.0002706279106820858 -0.00034537564434185876 -7.5480998360911658e-05 -4.698836450070002e-05 -2.0648139599290071e-05 -4.4868660494932976e-05 -6.9758562945905771e-05 -0.00013505495637809525 -7.5544727614760319e-07 -0.00015695441192946341 -4.5472251557163908e-05 -0.00028578688487472721 -9.8371856734763316e-05 -0.00022220095170912766 -3.6845330363168764e-05 -0.00034895806291199003 -0.00010674194758022216 -3.4642020809469956e-05 -8.974992203247775e-05 -0.00011831572005461949 -0.000216580305869971 -0.00015936699453029059 -0.00028895330403391702 -0.00018200632842754234 -0.00027813764913992792 -0.00030748339626551991 -0.0001156809108731335 -0.00019209684358915505 -0.00019504342273083869 -0.00019748423408457447 -0.00034411424100970299 -0.0002109276153989899 -0.00025034259512756926
leaf_weight=101 46 50 79 58 51 90 46 77 86 63 72 50 52 56 47 52 71 47 60 47 49 80 67 55 48 81 91 48 47 75 83 63 47 91 88 46 55 70 46 46 47 72 46 87 46 71 47 48 47 57 47 119 47 46 56 61 60 75 46 50 63 59 59 49 47 46 89 46 54
leaf_count=101 46 50 79 58 51 90 46 77 86 63 72 50 52 56 47 52 71 47 60 47 49 80 67 55 48 81 91 48 47 75 83 63 47 91 88 46 55 70 46 46 47 72 46 87 46 71 47 48 47 57 47 119 47 46 56 61 60 75 46 50 63 59 59 49 47 46 89 46 54
internal_value=3.00814e-06 -3.14131e-05 -9.05839e-05 0.000627114 -1.33832e-05 -0.000237289 0.000435431 -5.1467e-05 0.000132396 0.00035799 -7.94455e-05 0.00104379 3.17959e-05 -9.26802e-06 -8.91581e-05 -2.91623e-05 9.73435e-05 0.000151202 -0.000111079 2.92368e-05 -0.000194157 0.000266374 0.00013246 -8.02623e-05 -2.78711e-05 -0.000152857 -0.000116978 7.59912e-05 -6.01802e-05 -0.000231962 1.9455e-05 -4.85823e-05 0.000239737 -9.06917e-05 -1.28305e-05 1.16734e-05 -0.000251806 -0.000359104 1.48152e-05 -0.000162589 -0.000177873 -0.000124536 2.61598e-05 -0.000175265 8.442e-05 -0.00010327 2.93462e-05 -0.000197201 -0.000216224 -0.000292163 -0.000114726 -0.000396319 -8.61824e-05 -0.000114321 -0.000147992 -0.000190499 -0.00016599 -0.000119303 -0.000205607 -0.00018187 -0.000287264 -0.000259709 -0.000162246 -0.000151776 -0.000244619 -0.000244996 -0.000318013 -0.000252509 -0.000219445
internal_weight=4264 4218 3871 347 2537 1334 239 2012 525 189 1506 108 506 360 1429 383 439 259 1046 228 987 126 146 656 271 474 385 141 223 513 180 304 118 313 181 101 423 347 94 390 344 222 134 393 97 118 99 169 226 127 155 220 205 142 108 344 107 122 283 191 254 119 150 96 110 94 144 92 104
internal_count=4264 4218 3871 347 2537 1334 239 2012 525 189 1506 108 506 360 1429 383 439 259 1046 228 987 126 146 656 271 474 385 141 223 513 180 304 118 313 181 101 423 347 94 390 344 222 134 393 97 118 99 169 226 127 155 220 205 142 108 344 107 122 283 191 254 119 150 96 110 94 144 92 104
is_linear=0
shrinkage=0.0243204


Tree=4
num_leaves=69
num_cat=0
split_feature=56 25 56 56 56 56 56 64 13 11 59 10 2 32 61 56 8 56 18 40 60 11 24 0 31 73 10 11 54 50 33 5 18 21 85 19 11 1 64 1 56 9 21 79 21 47 48 72 10 31 64 52 47 36 5 33 32 18 36 73 36 42 23 7 2 5 38 11
split_gain=0.366374 0.127135 0.1292 0.0840889 0.0258534 0.0179207 0.0138566 0.00626401 0.0062277 0.00499236 0.0047696 0.00402039 0.0025807 0.00222682 0.00217998 0.002173 0.00205249 0.00190356 0.00181789 0.0027128 0.00197126 0.00178866 0.00196592 0.0020167 0.00191403 0.00184484 0.00166901 0.00163438 0.00154468 0.00147501 0.00176605 0.00157007 0.00145596 0.0013669 0.00130045 0.00174146 0.00125626 0.00140997 0.00124828 0.00113895 0.00112415 0.00107501 0.00106363 0.000944165 0.000918652 0.000901674 0.000862394 0.000925192 0.000814029 0.000749306 0.000705203 0.000684704 0.000637964 0.000601812 0.000600973 0.00078904 0.00069947 0.000566831 0.000513422 0.000482336 0.000410747 0.000385707 0.00036164 0.000347488 0.00029528 0.000172636 0.000216853 0.0001536
threshold=50.114999771118171 0.83604014416081063 76.645000457763686 34.125000000000007 39.354999542236335 61.000000000000007 26.119999885559086 60.440718477070185 22.132733881939547 0.35109444854670352 0.064145240122784955 3.8974168477028326 39.905000686645515 -0.0115922164445672 -0.0078386487220230474 30.090000152587894 29.991306765767941 21.305000305175785 0.012182678097282551 446.71250000000003 -0.035405333172691587 0.80093055555028669 0.19054266788609883 58.07500076293946 -0.0019054359811760497 0.048869499219610757 2.0826767355992151 0.78034971194449965 1267.1709991455079 54.719883344736452 0.0010437081956442002 -0.0012762316287939998 -0.011988351353292797 0.0008447632528143001 8.5000000000000018 -0.0046444243212711992 0.42361875595288212 78.655002593994155 45.988192312757491 92.720001220703139 41.805000305175788 0.74793129790265322 -0.011979737461977199 -0.066853634992337832 0.0030257957172899505 -0.00096826351368009989 -0.0024984450810500995 15.835000038146974 1.960926612610602 -0.0032994489105134996 41.102470014008738 22.195344842369988 0.00085505556203100015 67.262296142927923 -0.0029457648599564494 0.0066478369619850505 -0.0012868977944638499 0.0039993668513947506 49.767020140476426 -0.0072185652908365499 59.80811505228499 1416.2500000000002 -0.0012278983484879499 -0.0027786359813975997 96.255001068115249 0.0048780073874754009 10.881106469876324 0.61911052839552549
decision_type=10 10 10 8 10 10 10 10 8 8 10 2 2 10 10 10 10 10 10 10 10 10 10 2 10 8 2 10 10 10 10 10 8 10 2 10 10 2 10 2 10 8 10 10 10 10 10 10 2 10 8 10 10 10 10 10 10 10 10 10 10 10 10 10 2 10 10 10
left_child=3 2 5 6 8 7 17 14 -5 13 11 12 -6 -10 -2 36 -15 64 20 -20 28 22 32 24 -24 49 57 34 43 30 31 -17 -11 -26 35 45 37 -8 -36 46 -29 58 -40 -18 -42 -14 -31 48 62 52 -19 67 -23 63 -51 56 -56 -25 -34 -32 -58 -49 -48 -38 -1 66 -65 -52
right_child=1 -3 -4 4 10 -7 15 -9 9 21 -12 -13 27 16 -16 29 18 50 19 -21 -22 25 23 26 33 -27 -28 40 -30 39 59 -33 41 -35 38 -37 53 -39 42 -41 44 -43 -44 -45 -46 -47 47 61 -50 54 51 -53 -54 -55 55 -57 60 -59 -60 -61 -62 -63 -64 65 -66 -67 -68 -69
leaf_value=-0.00035175702662776273 0.00045288958721483567 -0.00051741121778858335 0.0017249751676887083 0.00018890942742777963 0.00023591234294630323 0.00088025167357857126 -9.7214546509103103e-05 0.00064990125088361026 0.00013864520614018612 -3.0670423293261543e-05 0.00029150541622174859 0.00024726278538765855 0.00013832909344300545 0.00013105640559771167 0.00024537504637789945 -0.00011540002346421783 -6.0357550263584186e-06 -0.00036157730895791022 0.00017548321644215452 -4.8503492579405161e-05 3.3753882420151774e-05 -0.00015206393299945802 0.00011341333685870047 -0.00020202157952308545 -0.00011087285521637907 -2.4414988230321184e-05 -7.738904676029515e-06 -9.7016210908965769e-05 -0.00019772463874924374 -0.00023900177824440495 -0.00022808816486807122 6.5060245153137025e-05 -0.00025376277045488526 3.1835761586045749e-05 0.00013855988243877587 0.00022139808446394247 -0.00021878689289101997 -0.00025434905971395385 -7.6187456016156796e-05 -0.00027740905694406172 -3.6090626223799604e-05 -6.31209400576545e-05 6.1454872620320862e-05 -0.00012675801748935936 0.00011464745159807614 -8.3429069660195235e-06 -0.00018566571867793447 -0.00015284526202719912 -2.7451940633647963e-05 -0.00024010344312424097 -0.00025762091000217818 -0.00018366414236551168 -2.5266984633013583e-05 -0.00016519977325050192 -0.00018640167585509438 -0.0002328384213663232 -3.2185284708647416e-05 -9.0725787643950194e-05 -0.00014598678032941203 -0.00011799325346611719 -0.00013271381898800089 -0.00025251208844270383 -9.0370629272086103e-05 -0.00025853159963791267 -0.00043806869213307216 -0.00025022589387306083 -0.00034920668693910739 -0.00033787808465669534
leaf_weight=70 66 46 75 60 51 88 84 67 59 73 84 90 48 48 63 64 85 83 52 80 83 48 76 61 73 83 82 56 71 72 52 50 58 85 52 73 86 58 60 64 47 48 72 69 47 50 56 61 55 62 53 49 46 47 62 53 51 53 58 50 46 46 46 47 120 83 60 55
leaf_count=70 66 46 75 60 51 88 84 67 59 73 84 90 48 48 63 64 85 83 52 80 83 48 76 61 73 83 82 56 71 72 52 50 58 85 52 73 86 58 60 64 47 48 72 69 47 50 56 61 55 62 53 49 46 47 62 53 51 53 58 50 46 46 46 47 120 83 60 55
internal_value=-1.79835e-05 0.00067791 0.000832036 -8.91926e-05 -1.31868e-06 0.00059125 -0.000231874 0.000457865 -5.26597e-05 -6.14684e-05 0.00011991 9.72002e-05 7.2527e-05 -1.24936e-06 0.000354091 -0.00018513 -1.84016e-05 -0.000348717 -3.49559e-05 4.03507e-05 -6.72581e-05 -9.09046e-05 -6.54483e-05 -3.43165e-05 1.38941e-05 -0.000128334 -9.1668e-05 5.56122e-05 -0.00010451 -0.000154646 -0.000102654 -3.6359e-05 -0.000121565 -3.43621e-05 8.399e-05 0.000132124 -0.000225114 -0.000162668 3.88016e-05 -0.000182408 -1.16481e-05 -0.000161608 -1.20007e-06 -6.05779e-05 3.96618e-05 6.41259e-05 -0.000163578 -0.00014222 -0.000103543 -0.000151646 -0.000300209 -0.000265777 -9.08992e-05 -0.000252005 -0.000172096 -0.000151219 -0.000122783 -0.000151466 -0.000201509 -0.000175718 -8.06943e-05 -0.000197549 -0.000143931 -0.000266166 -0.000408185 -0.000286409 -0.000312015 -0.000301095
internal_weight=4371 405 359 3966 2455 284 1511 196 1725 1665 730 646 556 547 129 1081 488 430 440 132 308 1118 667 430 234 451 196 505 225 616 216 114 237 158 355 171 465 142 184 400 150 164 132 154 94 98 336 264 157 368 240 157 94 323 274 212 159 114 116 102 97 107 102 276 190 190 107 108
internal_count=4371 405 359 3966 2455 284 1511 196 1725 1665 730 646 556 547 129 1081 488 430 440 132 308 1118 667 430 234 451 196 505 225 616 216 114 237 158 355 171 465 142 184 400 150 164 132 154 94 98 336 264 157 368 240 157 94 323 274 212 159 114 116 102 97 107 102 276 190 190 107 108
is_linear=0
shrinkage=0.0243204


Tree=5
num_leaves=72
num_cat=0
split_feature=57 25 69 57 58 58 58 81 64 3 13 69 11 11 32 85 73 48 58 80 0 27 58 11 11 3 8 38 86 57 38 53 5 21 68 52 28 50 58 33 82 47 65 23 39 31 31 22 47 25 50 2 82 23 37 7 33 39 39 25 4 2 5 4 33 12 19 23 64 82 63
split_gain=0.336489 0.167102 0.164564 0.075264 0.0182795 0.0179101 0.0125897 0.011619 0.00739174 0.00721243 0.00626113 0.00419557 0.00409691 0.0032556 0.00296823 0.00260535 0.00257387 0.002304 0.0021596 0.00211636 0.00229883 0.00281559 0.00235877 0.00206818 0.00202569 0.00200085 0.00191363 0.00174118 0.0015367 0.00228144 0.00153036 0.00148762 0.00131194 0.0012864 0.00127174 0.00126283 0.00124437 0.00119146 0.0011593 0.000978927 0.000974811 0.000966004 0.000965617 0.000957581 0.00098659 0.000975094 0.000914658 0.000909365 0.000831917 0.00119459 0.000786258 0.000786814 0.000761081 0.000655806 0.000603659 0.000565149 0.000511246 0.000445 0.000443868 0.000436509 0.000417122 0.000339275 0.000321428 0.000291199 0.000279656 0.000269794 0.000263649 0.000256686 0.000230537 0.000159957 0.000158627
threshold=52.170000076293952 0.8521675357591616 76.004445615181808 35.475000381469734 38.954999923706062 62.149999618530281 25.595000267028812 0.6767990503321436 60.217139634304175 -0.043053448779718347 22.132733881939547 54.737766330162962 0.80093055555028669 0.78034971194449965 -0.0115922164445672 9.5000000000000018 0.048869499219610757 -0.010557383532833199 21.170000076293949 3.0691693109659357 56.725000381469734 6.4768262421216543 33.635000228881843 0.35109444854670352 0.47948297593434624 -0.014693389858368799 43.14094002280266 2.6501882713626297 0.00012094289986433372 33.300001144409187 18.789823319210971 0.22153203809405939 -0.0029457648599564494 0.0018333378783395502 46.425750350952157 16.946929657789848 1391.5500488281252 50.848219388985633 29.095000267028812 0.0039588226205051012 13.341749930381777 -0.0089871783703683473 -0.461863219220568 -0.14246301973855138 0.8281995479725327 0.00035211338087335004 0.00060015981854000006 51.107660992366029 0.00021493930003290001 0.59401294119881409 58.95845044849785 60.104999542236335 21.471249866485596 -0.0039888506275932989 4.2708273990184589 -0.0023680191635547495 0.0024459368607161005 0.6143286484246967 0.27519453411748512 0.89412487423833786 -0.0038443133539227997 96.255001068115249 0.015052309051653853 0.016138715934314103 -0.0033530560696894995 69.69224967956545 0.0089914449435257015 0.0056531794461165009 46.916591069160297 17.933500075340273 -0.016289886838992948
decision_type=10 10 10 8 10 10 10 10 10 8 8 10 8 10 8 2 8 10 10 8 2 10 10 10 10 10 10 10 10 10 10 10 10 10 10 10 10 10 10 10 10 10 10 10 10 10 10 10 10 10 10 2 10 10 10 10 10 10 10 10 10 2 10 8 10 10 10 10 10 10 10
left_child=3 2 5 6 9 7 18 11 -9 -5 -11 -2 14 15 23 17 32 -6 61 20 21 27 40 -12 28 -17 -24 52 29 36 -28 -29 63 -15 39 60 -8 -20 64 53 56 -34 -30 -33 45 67 -23 -44 62 -50 55 -52 -16 -19 -27 -40 -22 -54 -39 -51 -26 -1 -43 -14 -37 -66 -42 -45 -60 -32 -62
right_child=1 -3 -4 4 13 -7 24 8 -10 10 12 -13 16 33 19 25 -18 34 37 -21 22 46 26 -25 35 54 30 31 42 -31 69 43 41 -35 -36 38 -38 58 50 -41 66 48 47 44 -46 -47 -48 -49 49 59 51 -53 57 -55 -56 -57 -58 -59 68 -61 70 -63 -64 -65 65 -67 -68 -69 -70 -71 -72
leaf_value=-0.00033859061848272944 0.00018233563178648979 -0.00075795118222059862 0.0017986217320727716 0.00022963863022427579 0.00032287051240441605 0.00089688616593264702 -7.6564631211245592e-05 0.00040940419349514936 0.00081056770901266097 0.00019326842471968764 0.00018057448500312116 0.00045909888315506033 -0.00027332515202343848 -6.3279052410603081e-05 -3.5421025622965641e-05 0.00018672240332101646 -9.1448558576639806e-07 0.00012916031360187135 -0.00016613875848390017 9.4705136169709144e-05 -0.00014291587691723308 0.00015331083049913301 7.3283341325773428e-05 -2.733012379266335e-05 -0.00018843868754620904 5.8493086603015609e-05 4.487912115647299e-06 9.6945113381742527e-05 -0.00026497670803345646 2.8071462508572032e-05 -0.00011011220585844993 5.623261570693332e-05 -1.9874911980695382e-05 7.5391913566455243e-05 0.00023070640181553599 -0.00028731612477370051 -0.0002272222965050289 -0.00025006252190295548 -3.805913401003203e-05 0.00018850730782530756 -0.00016113966423892344 -0.00023940348273821215 -6.8377124352822676e-05 -8.4127186912362164e-05 3.3653642008000484e-05 -0.0001680337902453764 1.1829357532910672e-05 -0.0002040780389542295 -1.0130972087165745e-05 -0.00019527103554520313 -0.00010729818529347833 -0.00023424970091259298 -0.0002001750068056319 9.9895802178977606e-06 -5.7719601934086906e-05 -0.00014240731397870054 -5.2289680410545879e-05 -9.7132227033206855e-05 -0.00036451994722387453 -9.640642435177892e-05 -0.00031508432260205302 -0.0004230554987746374 -0.00014392896838517317 -0.0001772921622462494 -0.00024617548236989127 -0.00016500012015288577 -0.00024168515806306435 -4.0413887678652903e-06 -0.00027624191051414736 -0.0001801436096014509 -0.0002478539599174298
leaf_weight=78 87 46 75 54 56 65 74 56 60 58 58 53 46 71 48 48 87 51 47 56 81 57 65 54 51 50 69 55 60 68 46 47 47 87 78 47 59 72 48 61 72 52 55 46 46 62 51 65 53 60 47 87 56 58 54 89 70 50 89 53 63 126 46 48 61 59 49 48 47 46 87
leaf_count=78 87 46 75 54 56 65 74 56 60 58 58 53 46 71 48 48 87 51 47 56 81 57 65 54 51 50 69 55 60 68 46 47 47 87 78 47 59 72 48 61 72 52 55 46 46 62 51 65 53 60 47 87 56 58 54 89 70 50 89 53 63 126 46 48 61 59 49 48 47 46 87
internal_value=-1.75567e-05 0.000617906 0.000779164 -8.91768e-05 -6.45358e-06 0.000536359 -0.000226117 0.000441834 0.000621816 -4.4873e-05 -5.33101e-05 0.000289508 -6.17083e-05 0.000108319 -3.79624e-05 0.000141226 -0.000120979 0.00018227 -0.000331967 -4.99121e-05 -5.76023e-05 -2.40038e-05 -9.5668e-05 8.09403e-05 -0.000178219 5.85077e-05 -3.73642e-05 -5.03539e-05 -0.000133168 -8.62848e-05 -8.22096e-05 -1.64747e-05 -0.000146706 1.30659e-05 0.000149405 -0.00020484 -0.000144544 -0.000282269 -0.000180763 0.000111021 -0.000143809 -0.000121949 -0.000184788 -4.18047e-05 -6.47768e-05 -9.38353e-05 8.71956e-05 -0.000142917 -0.000139981 -0.00010573 -0.000148642 -0.000190799 -0.000116714 6.63921e-05 -1.81521e-06 -0.000106369 -0.0001015 -0.000152875 -0.000307629 -0.000150101 -0.000256204 -0.000392486 -0.000196413 -0.000226565 -0.000231745 -0.000207884 -0.000195396 -4.36926e-05 -0.00033615 -0.000146623 -0.000277905
internal_weight=4371 442 396 3929 2450 321 1479 256 116 1836 1782 140 1724 614 1232 456 492 304 459 1120 1064 566 498 112 1020 152 226 458 381 201 161 304 405 158 248 639 133 255 438 170 272 311 180 249 202 156 108 120 264 166 271 134 154 109 104 137 151 106 208 113 201 204 98 94 167 120 121 94 136 92 150
internal_count=4371 442 396 3929 2450 321 1479 256 116 1836 1782 140 1724 614 1232 456 492 304 459 1120 1064 566 498 112 1020 152 226 458 381 201 161 304 405 158 248 639 133 255 438 170 272 311 180 249 202 156 108 120 264 166 271 134 154 109 104 137 151 106 208 113 201 204 98 94 167 120 121 94 136 92 150
is_linear=0
shrinkage=0.0243204


Tree=6
num_leaves=72
num_cat=0
split_feature=80 57 22 57 58 57 58 57 13 73 3 4 67 57 9 3 6 38 3 6 35 68 85 42 9 80 40 43 44 83 55 49 0 35 15 36 64 57 45 53 6 37 68 17 67 31 31 69 18 81 40 24 10 11 53 54 0 81 35 31 84 61 31 11 39 39 10 1 64 85 46
split_gain=0.626115 0.216879 0.16694 0.130948 0.0717751 0.0192993 0.0135133 0.0118286 0.00827707 0.00669661 0.00494901 0.00433139 0.00431042 0.00321343 0.00290691 0.00300891 0.00279088 0.00273273 0.00244708 0.00238523 0.00230643 0.00208615 0.00173139 0.0031534 0.00165781 0.00157924 0.00154668 0.00142369 0.00181349 0.00145741 0.00130229 0.0012659 0.0012403 0.00151392 0.00162765 0.00123393 0.00123044 0.00115654 0.00138927 0.00115541 0.00114432 0.00109161 0.00105735 0.00102785 0.00101772 0.000974015 0.000944131 0.00091929 0.000845214 0.000831082 0.000764499 0.000706956 0.000680863 0.000658856 0.0006181 0.000617528 0.000600753 0.000592981 0.000509971 0.000503018 0.000496544 0.000414777 0.000329843 0.000325087 0.000315309 0.000291534 0.000201542 0.000195644 0.000162066 8.27042e-05 5.81127e-05
threshold=7.421839751323418 52.584999084472663 60.336366309671128 78.014999389648452 33.344999313354499 44.649999618530281 62.149999618530281 26.914999961853031 22.132733881939547 0.041356699302334106 -0.035588043596536799 -0.0043000319464344492 0.8460288256012255 38.495000839233406 -0.71709268537855297 -0.011288855797348398 0.0038470064633335005 22.314935267848099 0.0020492404345807502 -0.024167815866508447 0.0016378991629196502 44.355000495910652 5.5000000000000009 1224.7500000000002 0.96583898555467596 2.1624056809787491 1267.9950012207034 1462.8750000000002 1231.7500000000002 15.446443355639474 2714.6516255129559 0.011291927312396201 62.024999618530281 0.0053581815715206009 5.3224999904632577 49.158420877274708 45.421068925476611 30.384999275207523 -0.0042267597399317488 0.83783460359071549 0.013346378208027252 3.0553334542093471 30.124250078201296 -0.019132524599032145 0.52699016139318411 0.00070668005078020014 -0.0017471546924411497 29.928823489184172 0.0069943168122811013 0.45014007327522693 427.01249923706058 0.095953235705693571 1.7549149818716485 0.30820282084283462 0.88612536635603834 2727.9500000000003 57.840000152587898 0.42046384085875083 0.0026048991624810004 -0.0012189514459011498 2.5000000000000004 -0.015958740905491899 -0.0020460680606597496 0.78318677174338103 0.78118126751214689 0.32365460656961448 2.1343960930824335 97.694999694824233 47.533334097818276 3.5000000000000004 -0.00065149635272389989
decision_type=10 10 10 10 8 10 10 10 8 10 10 8 10 10 10 10 10 10 10 8 10 10 2 10 10 10 10 8 10 10 10 10 2 10 10 8 8 10 10 10 10 10 8 10 10 8 10 10 10 10 10 10 2 10 10 10 2 10 10 10 2 10 10 10 10 10 2 2 10 2 10
left_child=1 4 3 6 7 8 9 30 -6 20 43 13 17 19 35 24 25 21 36 -12 26 -7 23 -21 48 -15 -3 28 29 -24 52 32 33 50 -35 -13 47 51 -39 40 46 42 62 -10 -43 -37 -23 -9 -16 61 59 -20 67 -31 60 -46 -40 -52 64 -17 -49 -34 -38 -61 -58 -54 -60 69 -69 -1 -53
right_child=-2 2 -4 -5 5 12 -8 18 10 -11 11 14 -14 16 15 31 -18 -19 37 22 -22 39 27 -25 -26 -27 -28 -29 -30 53 -32 -33 49 34 -36 45 41 38 56 -41 -42 44 -44 -45 55 -47 -48 54 -50 -51 57 70 65 -55 -56 -57 58 -59 66 63 -62 -63 -64 -65 -66 -67 -68 68 -70 -71 -72
leaf_value=-0.00038274817748057676 0.0024931648045406853 0.00050870273770095759 -0.00084986758969845253 0.0017650397819725036 0.0002467989652121409 2.1146474349481132e-05 0.00083679710925907923 -0.00026469453830208167 0.00020665899658471948 0.00061774132928355029 0.00012215917881706288 7.5928410151478843e-05 0.00032452554785679437 7.781074196855901e-05 -0.00011769235121365004 -0.00011559099800362849 -3.451129227718828e-05 -1.7910377913390207e-05 -0.00018835524718489719 0.00011169817441955366 0.00022125971567445811 0.00017259991704221591 4.4214458474836872e-05 -9.6032840588763585e-05 8.7612612205091947e-05 0.0002590676786828716 0.00029740276342911728 1.0357937837798371e-05 -0.00021639206609855324 -4.7115461537395235e-05 -0.00023120003886459753 -2.3896114689151134e-05 -0.00026265138915098805 4.1259737592184622e-05 -0.00014279384029801181 2.2279243268414369e-05 -0.00014031818507975619 -6.2058151098929261e-05 -0.00013302120785682148 7.6500737940048101e-05 0.00011204428579646417 1.9413422590129389e-05 -5.7001009104885538e-05 4.6240061398176295e-05 -0.00016583699102679989 -0.00011018091489151275 0.00031712724484318837 -0.00022582206162893631 -1.4753915922194089e-06 -0.00012467304868709814 -0.00014746170056600057 -0.00025644309721225032 -0.0002350932674138998 -0.00016502549271949946 -7.7524008150282639e-05 -4.93031704411783e-05 -0.00028485673444099755 -3.3177463561291889e-05 -0.00021218976366903746 -0.00015412239058138315 -0.00012374636850553085 -0.0001680119450591883 -0.00023277697491166729 -0.00024546817616686998 -0.00019599191840324423 -0.00033340720730857257 -0.00013489156030536959 -0.00044209807600744413 -0.00034695503690412063 -0.00030850857296122678 -0.00031824134100542017
leaf_weight=48 58 46 46 56 59 61 53 60 47 64 49 77 67 73 79 64 80 75 61 85 79 53 46 86 59 47 48 66 74 49 75 65 74 67 48 63 46 48 61 49 50 57 48 48 53 67 65 68 69 91 52 50 48 68 50 56 87 56 51 51 56 57 63 59 48 55 47 68 46 70 77
leaf_count=48 58 46 46 56 59 61 53 60 47 64 49 77 67 73 79 64 80 75 61 85 79 53 46 86 59 47 48 66 74 49 75 65 74 67 48 63 46 48 61 49 50 57 48 48 53 67 65 68 69 91 52 50 48 68 50 56 87 56 51 51 56 57 63 59 48 55 47 68 46 70 77
internal_value=3.82245e-06 -3.04259e-05 0.000514121 0.000697296 -8.53848e-05 -2.79577e-06 0.000486011 -0.00021743 -3.46476e-05 0.00040453 -4.3433e-05 -5.238e-05 0.000146721 -6.13882e-06 -8.27959e-05 -0.000101851 7.65514e-05 0.00011219 -0.000175166 -3.78437e-05 0.000322702 0.000147233 -5.45977e-05 7.26637e-06 -2.04874e-05 0.00015029 0.000404875 -8.94277e-05 -0.00011715 -7.10959e-05 -0.000328814 -0.00012641 -0.00013712 -0.000110865 -3.60956e-05 -6.805e-07 -0.000139086 -0.000212765 -0.000184932 0.000182426 0.00021271 -0.000107725 -0.000153634 0.000126877 -6.3671e-05 -4.62858e-05 0.00025412 -0.000181759 -6.3872e-05 -0.000183396 -0.000141128 -0.000262206 -0.000349949 -0.000116431 -0.000151871 -0.00010692 -0.000204725 -8.90191e-05 -0.000222876 -0.000172806 -0.000181024 -0.000222988 -0.000195318 -0.00020481 -0.00025486 -0.000290171 -0.000176781 -0.000375191 -0.000406904 -0.000341535 -0.000296006
internal_weight=4342 4284 392 346 3892 2395 290 1497 1975 237 1916 1821 420 723 1098 891 200 353 1087 523 173 278 474 171 207 120 94 303 237 163 410 684 619 397 115 207 557 530 342 217 168 323 157 95 166 130 118 234 148 222 282 188 335 117 174 109 294 108 233 174 124 131 109 110 135 103 98 232 114 118 127
internal_count=4342 4284 392 346 3892 2395 290 1497 1975 237 1916 1821 420 723 1098 891 200 353 1087 523 173 278 474 171 207 120 94 303 237 163 410 684 619 397 115 207 557 530 342 217 168 323 157 95 166 130 118 234 148 222 282 188 335 117 174 109 294 108 233 174 124 131 109 110 135 103 98 232 114 118 127
is_linear=0
shrinkage=0.0243204


Tree=7
num_leaves=73
num_cat=0
split_feature=80 56 37 58 56 56 58 13 56 56 9 2 26 50 45 3 38 85 39 58 38 11 5 4 35 45 45 17 62 27 77 50 75 74 35 81 56 3 39 83 36 3 42 56 46 32 5 53 39 74 6 5 32 27 48 57 47 50 16 74 66 31 65 64 14 11 22 4 79 44 72 14
split_gain=0.59651 0.215017 0.106027 0.155555 0.0498006 0.0284461 0.00947064 0.00887028 0.00810133 0.00547798 0.00493524 0.00474514 0.00591752 0.00448023 0.00387837 0.00350752 0.00262022 0.00247497 0.00235395 0.00233544 0.00218179 0.00215322 0.00208433 0.00174418 0.00175015 0.00172282 0.00168199 0.00155144 0.00155083 0.00147613 0.001451 0.00139772 0.00135287 0.00135071 0.00141144 0.00134384 0.00123291 0.00106012 0.0010304 0.000969375 0.000902352 0.000886365 0.0012098 0.00122197 0.00144978 0.000875137 0.000852701 0.000834567 0.000716422 0.00069647 0.000787508 0.000690231 0.000734076 0.000695919 0.000682355 0.000624513 0.000604771 0.000703667 0.000519147 0.000504724 0.000503916 0.000384928 0.000371513 0.000373836 0.000292467 0.000257785 0.000240688 0.000229776 0.00020877 0.000394936 0.000171322 6.20086e-05
threshold=7.421839751323418 43.93499946594239 31.73531972024114 70.42999649047853 30.795000076293949 52.469999313354499 62.149999618530281 22.132733881939547 39.354999542236335 26.119999885559086 -0.76429845521807838 54.915000915527351 6.4152999520301828 49.495854717513879 -0.00077772487357199982 0.0024229672332497002 3.7576579994044166 9.5000000000000018 0.51672669235323621 33.93499946594239 24.435793759637715 0.86396992093806635 -0.022394028226073497 -0.022833212249059345 0.0051059611465880507 -0.0040918988121638996 -0.0057028906055552496 -0.025732670374370398 0.012884059362056751 2.5462651409945742 -0.036725156770032144 53.700089911849503 -0.0029453994847917493 -0.031821280339412845 0.0030440421590758001 0.27902122702865523 19.404999732971195 0.0038431694814464006 0.78584646504568523 18.215557354393436 35.10748545577858 0.006900392678325251 1366.2500000000002 35.73500061035157 0.0025046241033054506 0.0037799706878344501 0.00026104573347225001 0.39847604205284098 0.88268662003889409 0.016040879115421004 0.0080671583130429003 -0.0044975197603696485 0.0083962286467907515 3.0216860870191824 -0.0012834927145880498 28.724999427795414 0.0041290620472512508 58.500795590931816 4.2479999065399179 -0.024031174136366046 1.9414597856083868 0.00035211338087335004 -0.33311178907235289 51.448995017956086 4.2714998722076425 0.45245282005624948 52.145059084004203 0.0022050157067148002 -0.54255796537435319 2457.2500000000005 17.07499980926514 2.9184999465942387
decision_type=10 10 10 10 8 10 10 8 10 10 10 2 8 10 10 10 10 2 10 10 10 10 10 10 10 10 10 10 10 10 10 10 10 10 10 10 10 10 10 10 10 10 10 8 10 8 10 10 10 10 10 10 10 10 10 10 10 10 10 10 10 10 8 10 10 10 10 10 10 10 10 10
left_child=1 4 3 5 9 10 14 -6 11 36 13 12 22 -3 -7 19 32 18 -12 29 28 26 31 -24 30 45 -10 -28 -21 -13 54 -9 -14 -29 -35 -26 64 39 -20 48 -38 58 59 44 -44 -17 -37 -39 55 56 -51 -32 53 -53 -25 -11 57 66 -27 -43 -57 -55 71 -64 -1 -62 -31 -59 -49 -70 -61 -42
right_child=-2 2 -4 -5 7 6 -8 8 21 37 17 15 16 -15 -16 25 -18 -19 38 20 -22 -23 23 24 35 41 27 33 -30 49 51 -33 -34 34 -36 46 40 47 -40 -41 62 42 43 -45 -46 -47 -48 68 -50 50 -52 52 -54 61 -56 60 -58 67 -60 70 65 -63 63 -65 -66 -67 -68 -69 69 -71 -72 -73
leaf_value=-0.00032817360441462096 0.0024335084104702182 0.00043455703059352757 -0.00075422419490884553 0.0017662929408452999 0.0002408919416672854 0.00058853480808408081 0.00084760879524634471 0.00013053385934019637 0.00017453520435626978 -0.00014652198187535618 0.000286243856483753 2.870303832892269e-05 -4.5589757321890583e-05 0.00018116064057531339 0.00034062374102589849 1.7409226869202209e-05 0.00024054668937569602 1.8903345615667641e-05 3.051020888119301e-05 -1.5853807098880671e-05 -0.00013748457015208952 -7.9889752808000636e-05 2.5725061963132022e-05 -0.00011855829169044712 -0.00012835413649323039 -0.00029110702404498186 -8.0959029448747635e-05 -1.5092234234451319e-05 0.00014638095881084749 -0.00015106410139258607 -0.00020520830184977322 -5.3588136981120561e-05 0.00012460482719177469 5.3945305450229481e-05 0.00022588977822188305 -5.4946060074808557e-05 -0.00019822732165241449 -0.00014906976940753242 0.00018911843934401218 -6.987864295697363e-05 -0.0003047908886068856 -0.00026614281009355552 -0.00023060496700840031 -4.3709875863753748e-05 -5.6812522033333747e-05 -0.00012664119216085145 7.4859142936559503e-05 -0.00031592817793841654 -0.0001029209375061408 -0.00011328646732512316 6.2163339862632573e-06 -6.613651445547577e-05 -3.5840502938476783e-05 -0.00012255650528071165 -3.1476540660495037e-07 -0.00029807410984762178 -7.8789159005406058e-05 -0.00024806170095462767 -0.00017561954243275988 -0.00012946617061950616 -0.00015211343413036894 -0.00021020186735026052 -0.00022241120880326189 -0.00032784649459981555 -0.00043151730088520707 -0.00023965408501598845 -7.0422843515987484e-05 -0.00016349453315768527 -0.00029439111901181567 -0.00020248630036982543 -0.00020301748607940662 -0.00037220019319354064
leaf_weight=50 58 86 47 47 59 76 51 50 73 70 80 47 61 83 85 46 51 71 51 87 49 65 84 46 52 53 48 66 57 46 85 46 49 73 46 52 55 48 46 46 57 56 74 86 47 53 68 55 47 89 51 51 47 58 75 58 77 48 53 46 46 76 57 47 71 52 47 49 63 74 47 76
leaf_count=50 58 86 47 47 59 76 51 50 73 70 80 47 61 83 85 46 51 71 51 87 49 65 84 46 52 53 48 66 57 46 85 46 49 73 46 52 55 48 46 46 57 56 74 86 47 53 68 55 47 89 51 51 47 58 75 58 77 48 53 46 46 76 57 47 71 52 47 49 63 74 47 76
internal_value=3.73289e-06 -2.96959e-05 0.00035241 0.000430304 -0.00010735 0.000327958 0.000556943 -5.15806e-05 -5.84895e-05 -0.000255699 0.000210539 -7.65267e-05 -3.58373e-05 0.000311824 0.000460426 -0.000108505 9.81563e-05 0.000140587 0.00018903 -6.97501e-05 1.12993e-06 4.64011e-05 -6.32312e-05 -7.79157e-05 -9.2207e-05 -0.000153006 7.33952e-05 4.11226e-05 4.88967e-05 -9.98234e-05 -0.000117983 4.26387e-05 3.06339e-05 7.30551e-05 0.000121684 -2.62753e-05 -0.000323178 -0.000205378 0.000106842 -0.000175091 -0.000293594 -0.000172733 -0.000153479 -0.000114502 -0.000164076 -6.01704e-05 1.86125e-05 -0.000244779 -0.000192511 -0.0001147 -6.99983e-05 -0.000145294 -0.00012259 -0.000144328 -4.58489e-05 -0.000210629 -0.000137804 -0.000161204 -0.000235448 -0.000206551 -0.000238327 -0.000173404 -0.000314841 -0.000272609 -0.000391714 -0.000200431 -0.000111446 -0.000207355 -0.000267849 -0.000246495 -0.000168327 -0.000345687
internal_weight=4342 4284 723 676 3561 629 212 2589 2530 972 417 2159 951 169 161 1208 161 248 177 647 193 371 790 694 610 561 306 233 144 454 438 96 110 185 119 172 413 559 97 319 292 462 356 207 121 99 120 240 273 407 140 317 232 185 121 226 267 190 106 149 156 134 237 104 121 98 93 97 192 137 93 133
internal_count=4342 4284 723 676 3561 629 212 2589 2530 972 417 2159 951 169 161 1208 161 248 177 647 193 371 790 694 610 561 306 233 144 454 438 96 110 185 119 172 413 559 97 319 292 462 356 207 121 99 120 240 273 407 140 317 232 185 121 226 267 190 106 149 156 134 237 104 121 98 93 97 192 137 93 133
is_linear=0
shrinkage=0.0243204


Tree=8
num_leaves=74
num_cat=0
split_feature=80 56 22 57 56 56 56 56 0 37 67 3 3 9 56 13 5 7 69 77 12 47 56 39 85 73 59 4 21 56 5 20 11 33 73 26 22 31 22 32 32 85 29 37 3 28 77 38 48 47 54 59 3 80 80 36 27 31 33 78 85 11 74 52 74 28 1 73 74 14 46 46 11
split_gain=0.611145 0.189566 0.122748 0.125565 0.0579583 0.012572 0.0123698 0.011824 0.00813995 0.00590664 0.00489153 0.00434204 0.00405917 0.0028071 0.00266505 0.002599 0.00227512 0.00220805 0.00212596 0.00227948 0.00235642 0.00208105 0.00197814 0.00193773 0.00227084 0.00191109 0.00189069 0.00183149 0.0016978 0.0016252 0.00145729 0.00144533 0.00136332 0.00143883 0.00132236 0.00129207 0.00118286 0.00115924 0.00159317 0.00110827 0.00111904 0.00107286 0.000989116 0.000991342 0.000982757 0.00112249 0.000958627 0.000932882 0.000924513 0.000916883 0.00088101 0.000789025 0.000726085 0.000821307 0.00071793 0.000709086 0.000701784 0.000678061 0.000780521 0.000596611 0.000531914 0.000494063 0.00044706 0.00041751 0.000396981 0.000352036 0.000282827 0.00048207 0.000274521 0.000250917 0.00021909 0.000203202 0.000191864
threshold=7.421839751323418 48.145000457763679 60.181726152235093 78.014999389648452 34.555000305175788 55.215000152587898 39.264999389648445 26.119999885559086 21.860000610351566 2.2373523925416525 0.84169053325874532 -0.015360272278168949 -0.030923104503674994 -1.0373205312557425 30.090000152587894 48.075507426111209 -0.0044975197603696485 -0.0021817641924103998 36.724769425364286 -0.017518511591112899 58.075000381469742 -0.0059577726431569488 43.800001144409187 0.5048399413722654 3.5000000000000004 0.0068075191126116515 0.0065960036799621513 -0.010989215428126949 -0.00046274934655399994 19.105000495910648 0.0069242552459344011 -0.013338280207897698 0.65627782450507965 0.0018767539269760501 0.011118163118204452 6.0103250026702888 64.943549574598876 0.008361176386888252 57.672995331181532 -0.0068851117976375491 -0.00043237125446964997 8.5000000000000018 1741.799987792969 3.2788186479719177 0.0044867942425449005 1521.4500122070315 0.0045006325865027509 4.8437846200387957 0.00044242894026495007 0.004391875304671701 2122.8250000000003 -0.035493689068711344 0.010315553614275802 1.6751698543007467 1.6919645235245702 39.337686338639656 2.9168508495632035 0.0032920628944569006 0.0018767539269760501 50.276341602896331 9.5000000000000018 0.72806756691439911 -0.004715907305717199 22.581704603048632 0.0058357850397366511 1769.549987792969 81.974998474121108 -0.013021318308913798 -0.011532114334866598 4.2714998722076425 -0.00065149635272389989 -0.0015174541770285998 0.6957656634309729
decision_type=10 10 10 10 8 10 10 10 2 10 10 10 8 10 10 8 10 10 8 10 10 10 10 8 2 10 10 10 10 10 10 10 10 8 10 10 10 10 10 10 10 2 10 10 10 10 10 10 10 10 10 10 10 10 10 10 10 10 10 10 2 10 10 10 10 10 2 10 10 10 10 10 10
left_child=1 4 3 5 7 10 8 29 -6 -7 25 22 30 15 52 -14 17 41 26 23 27 48 50 24 -20 -3 -15 35 -11 69 -10 -19 33 -25 -34 -21 59 38 42 -29 68 -13 43 -18 45 57 62 -26 -16 64 -8 -46 53 60 65 -31 -55 58 -23 72 66 -53 -17 71 -42 -47 67 -9 -41 -1 -54 -57 -22
right_child=-2 2 -4 -5 6 9 11 14 12 28 -12 16 13 18 21 46 37 31 19 20 36 44 -24 32 47 -27 -28 39 -30 55 -32 -33 34 -35 -36 -37 -38 -39 -40 40 49 -43 -44 -45 51 54 -48 -49 -50 -51 -52 61 70 56 -56 63 -58 -59 -60 -61 -62 -63 -64 -65 -66 -67 -68 -69 -70 -71 -72 -73 -74
leaf_value=-0.00032675088637952761 0.0024579069905776977 0.00014225573251244047 -0.00071723377939573269 0.0017153024175805313 0.00023560830151167467 0.00035603939077288746 2.7387104303190309e-05 -0.00014943458715154068 0.00016104527612587481 0.00057150994338650877 0.00049666908067870106 0.00026908386308054707 0.00015338688236358157 0.00010637115053183498 -0.00010002833968952626 -0.00014183318682322677 0.00010970305176509663 0.00012814676238752417 3.5714021896218194e-05 -6.9303180253560027e-05 -0.00020681750156269739 1.481299266717422e-05 0.00027086162321074707 -1.7116510962439704e-05 -8.4703442543095816e-05 0.00032339698864456101 -6.9941482282412316e-05 -1.8378220887332411e-05 0.00081949655230021789 -0.00021291105616916278 -1.55324401038469e-05 -4.6835603863548962e-05 -0.00011869696603845022 0.00015723182438894621 3.7027894086243684e-05 9.3407204318309635e-05 -7.1423771306420734e-05 -0.00011327548309455575 0.00012860378328650415 -0.00024747020552327826 -0.00017758830920293534 0.00010303911774105874 -8.9360109040002652e-05 -4.7623158268013042e-05 -0.00010775461445590018 -0.0002594892519183807 2.8103682369104921e-05 -0.00021046438891520708 4.5865846855061264e-05 -3.2127134299841124e-05 0.00017706812150279232 -0.00016656777103895787 -0.00021057571801013524 -0.00018939930105634585 -0.00010278617922051942 -0.00026369769402905023 -5.6792680521157913e-05 -0.00015174860461322412 -0.00011326554694686274 -0.00014614564326907923 -0.00029000939595413871 -0.00025593844412006336 -3.4184245870089997e-05 -0.00022585762684345807 -8.6075911248108212e-05 -0.0001568239357490159 -0.00014218991867111249 -0.00025270016636939018 -0.00015662779241220825 -0.00042318664010208693 -0.00029250597348256266 -0.00033845747033149534 -0.00028072420362426056
leaf_weight=52 58 88 47 50 57 46 46 50 62 46 50 46 56 62 51 46 46 47 49 74 66 64 79 65 65 59 83 57 48 84 49 66 80 48 53 46 46 49 55 48 74 49 71 47 58 46 74 80 50 72 47 79 48 49 67 53 47 46 49 63 46 88 46 47 50 47 57 77 48 75 70 138 57
leaf_count=52 58 88 47 50 57 46 46 50 62 46 50 46 56 62 51 46 46 47 49 74 66 64 79 65 65 59 83 57 48 84 49 66 80 48 53 46 46 49 55 48 74 49 71 47 58 46 74 80 50 72 47 79 48 49 67 53 47 46 49 63 46 88 46 47 50 47 57 77 48 75 70 138 57
internal_value=-1.54204e-06 -3.52839e-05 0.000446078 0.000588773 -8.94747e-05 0.000417272 -1.28097e-05 -0.000205239 -4.76953e-05 0.000593588 0.000289716 7.73552e-05 -5.78026e-05 -6.82591e-05 -0.000161687 1.15576e-05 3.9343e-05 9.95008e-05 -8.20368e-05 -9.31755e-05 -0.000120404 -0.000129745 0.000181751 -4.96264e-05 -0.000106897 0.000216577 5.64272e-06 -8.87317e-05 0.000705093 -0.000310303 8.36183e-05 2.63984e-05 -4.22013e-06 5.76289e-05 -5.68118e-05 -6.67884e-06 -0.000183805 -7.5299e-06 1.65133e-05 -0.000116847 -0.000135943 0.00018532 -2.15971e-05 3.05067e-05 -0.000148544 -0.000120365 -3.6884e-05 -0.000155015 -2.804e-05 -0.00010176 0.000104069 -0.000187817 -0.00020771 -0.000187665 -0.000165824 -0.000279225 -0.000125681 -7.39002e-05 -4.1199e-05 -0.000211088 -0.000212908 -0.00021485 -8.89197e-05 -0.000301685 -0.000141632 -0.000209728 -0.000192235 -0.000213465 -0.000204041 -0.000386431 -0.000261137 -0.000319127 -0.000242966
internal_weight=4354 4296 434 387 3862 337 2324 1538 1676 140 197 648 1619 1508 1089 222 476 208 1286 1141 701 645 172 440 194 147 145 469 94 449 111 113 246 113 133 120 232 268 219 349 292 95 164 93 544 319 166 145 101 196 93 225 444 326 160 322 96 159 113 186 230 167 92 238 124 93 184 127 96 127 118 191 123
internal_count=4354 4296 434 387 3862 337 2324 1538 1676 140 197 648 1619 1508 1089 222 476 208 1286 1141 701 645 172 440 194 147 145 469 94 449 111 113 246 113 133 120 232 268 219 349 292 95 164 93 544 319 166 145 101 196 93 225 444 326 160 322 96 159 113 186 230 167 92 238 124 93 184 127 96 127 118 191 123
is_linear=0
shrinkage=0.0243204


Tree=9
num_leaves=75
num_cat=0
split_feature=57 57 58 58 58 3 67 0 75 57 3 9 73 78 12 10 58 58 45 12 8 85 58 10 25 31 18 84 23 76 73 77 24 84 50 6 50 40 49 33 68 43 48 64 11 11 14 75 5 15 63 47 10 24 18 33 69 31 46 33 46 31 49 67 22 3 6 53 27 60 60 54 24 51
split_gain=0.548009 0.205586 0.0561265 0.0289635 0.0183092 0.00838519 0.00797901 0.00665279 0.00534675 0.00513938 0.00422233 0.0037548 0.0025104 0.00250747 0.00301812 0.00277788 0.00239957 0.0023516 0.00262325 0.00225721 0.00205136 0.00223958 0.00167267 0.00161009 0.00153243 0.00152819 0.00200238 0.00147047 0.00135684 0.00137534 0.00132005 0.00131062 0.0012563 0.00125507 0.00137111 0.00168604 0.00163264 0.00125386 0.0011883 0.00117927 0.00122375 0.00104679 0.000962063 0.000951293 0.000919277 0.000903208 0.000895872 0.000829042 0.000814471 0.000783702 0.00103947 0.000765052 0.000739012 0.000734042 0.000673469 0.00065473 0.00063241 0.000679309 0.000625743 0.000593641 0.000523771 0.000461366 0.000439275 0.000415821 0.000360132 0.000444295 0.000345616 0.000316802 0.000282584 0.000232858 0.00021942 0.000140962 9.80587e-05 5.60139e-05
threshold=93.645000457763686 52.584999084472663 29.685000419616703 62.149999618530281 40.23500061035157 -0.030074163376232897 0.90948795682116113 21.860000610351566 0.0067161388590435004 24.460000038146976 -0.014693389858368799 -0.76429845521807838 0.039199051965047305 50.075064170527348 57.098000144958505 2.4670710706574401 34.914999008178718 48.805000305175788 -0.00098629591051559986 54.833000183105476 37.496424326799144 5.5000000000000009 36.715000152587898 2.6051882159535409 0.4040505645425122 -0.00036217598370469995 0.0093112328488550011 1.0000000180025095e-35 0.12387881852418876 0.0034486611944762502 0.10761179137045877 -0.015261855255644148 0.35970089391935289 1.0000000180025095e-35 61.77861808054179 0.017938400896065753 55.363572263956378 1245.7849975585939 -0.0022508047893651495 0.0094683935423085022 34.273000097274789 1238.8750000000002 0.0035642266181518507 45.920445893271825 0.62779352928938648 0.79202070857866846 4.2714998722076425 0.0018916721690449003 -0.0010847439130260499 7.2744998931884775 -0.01343011479012095 -0.0037384861575164995 1.8051273561743966 0.20001814982495322 1.0000000180025095e-35 0.0044307406964627016 27.245977879779797 -0.0028346717648202496 0.00091706120397235013 -0.00013913016079854996 -0.00098580968049914969 -0.00013913986536349997 0.005976133157321901 0.21311716429839203 49.027504511745001 0.0034993877912078502 0.007314547398710701 0.3550749204383834 3.8833297370255546 -0.0074334406384993492 0.022180332082355005 1347.0785003662111 0.14251531898707007 16.76299668032846
decision_type=10 10 8 10 10 8 10 2 10 10 10 10 10 10 10 2 8 10 10 8 10 2 10 2 10 8 10 2 10 10 10 10 10 2 10 10 10 10 8 8 10 10 10 10 10 10 10 10 10 10 8 10 2 10 10 10 10 10 10 8 10 10 10 10 10 10 10 8 10 10 10 10 10 10
left_child=1 2 9 6 5 20 17 -7 -5 46 23 16 19 14 33 27 54 -3 -19 37 -4 -22 31 -6 -20 26 -18 51 39 -30 43 49 47 -13 35 36 53 -12 -27 40 41 48 -24 60 -38 52 68 -21 -29 50 62 -15 -33 -35 -9 61 70 -58 -59 -40 66 -36 -16 -54 73 -66 -11 -43 69 -1 -45 -47 -48 -62
right_child=-2 3 4 8 10 7 -8 11 -10 30 12 13 -14 15 22 -17 25 18 24 32 21 -23 42 -25 -26 38 -28 28 29 -31 -32 45 -34 34 55 -37 44 -39 59 -41 -42 67 -44 56 -46 71 72 -49 -50 -51 -52 -53 63 -55 -56 -57 57 58 -60 -61 64 -63 -64 -65 65 -67 -68 -69 -70 -71 -72 -73 -74 -75
leaf_value=-0.00035645717558643576 0.0026117951897602467 0.0001380335123386875 0.0002283299694991461 0.00066951109638844423 0.00030371109701650439 0.00020954275606858673 0.00059498634055639866 -3.5563988226876712e-05 0.0010390232068166888 -0.00023691804702604972 0.00019534251087261617 -0.00015690158567767943 0.00018211038491694251 -6.5528885147526835e-05 -3.78516722119617e-05 7.4725553818790524e-05 1.0706610570421762e-05 0.00046249023766944416 0.00015201018739817549 -0.0001221552512422539 0.00017008254363986696 -4.5266034085688262e-05 3.7798897056057482e-06 0.00013450762357419859 0.00034878926132780527 7.3951732013451601e-05 0.00020028552709689345 7.7213432319642279e-07 0.00010261815168629621 -5.5490299037780865e-05 -7.9405891688577457e-05 -0.00025406047918883701 5.9538991371665117e-05 -0.00018279021134471091 -2.2815009572832897e-05 8.7030503334106611e-05 8.5680379016528062e-05 2.6912134104294468e-05 -6.1524598024946652e-06 2.5368347781466079e-05 5.6260515528796622e-06 -0.00013928977671548451 -0.0001442354916132176 -0.00025586159660857409 -5.5668262252268651e-05 -0.00029485458099040958 -0.00042494132586517992 6.3591346554339043e-07 -0.00013519022597419025 -3.4367602375127458e-05 -0.00021227276704108939 -0.00019115351338424831 -8.2346776478530562e-05 -6.2034587721244064e-05 -0.00013524720380373676 -0.00019069826095444929 -6.6198034929946758e-05 -0.00011755085522789313 -0.00024123444122080206 -0.00011753867988117185 -0.00033442101371280287 -0.000131228071173205 -0.00014411059883187829 -0.00017294660888888503 -0.00017744400316653135 -0.0002811738102206317 -0.000142949778993111 -0.00023148422592025471 -0.00023677784332017809 -0.00027276537631425396 -0.0001777544940545583 -0.00021946638762059058 -0.00034080849068778967 -0.00026754235204089969
leaf_weight=64 46 49 54 66 64 48 68 74 47 61 56 85 76 46 47 84 85 60 49 70 49 66 58 74 49 49 53 48 56 75 46 47 73 53 46 62 53 49 51 51 50 55 46 67 54 57 59 60 56 46 80 82 51 70 89 47 46 52 51 63 53 47 46 84 56 59 48 47 56 67 50 47 53 53
leaf_count=64 46 49 54 66 64 48 68 74 47 61 56 85 76 46 47 84 85 60 49 70 49 66 58 74 49 49 53 48 56 75 46 47 73 53 46 62 53 49 51 51 50 55 46 67 54 57 59 60 56 46 80 82 51 70 89 47 46 52 51 63 53 47 46 84 56 59 48 47 56 67 50 47 53 53
internal_value=-1.49839e-06 -2.99733e-05 -8.28708e-05 0.000503348 -3.11183e-05 -5.89118e-05 0.000366473 -7.11311e-05 0.000830601 -0.00024651 9.95701e-05 -7.72323e-05 5.78267e-05 -9.332e-05 -0.000115283 -5.51588e-05 -1.55881e-05 0.000289023 0.000334737 2.66899e-05 0.000105985 4.71255e-05 -0.000151978 0.000214528 0.000252817 2.5115e-05 8.43955e-05 -7.45296e-05 -5.31258e-05 1.23433e-05 -0.000207109 -0.000170273 -2.07079e-05 -7.18575e-05 -5.48141e-05 -2.46491e-05 -5.49927e-05 0.000117698 -2.5266e-05 -8.10171e-05 -0.00010223 -0.000128319 -6.23932e-05 -0.000216821 1.44747e-05 -0.000204799 -0.000330182 -6.58821e-05 -7.2991e-05 -0.000124489 -0.000148127 -0.000146831 -0.000170288 -0.000115079 -9.0467e-05 -0.000117132 -0.000180976 -0.000145827 -0.000180449 -6.81796e-05 -0.000245108 -7.83886e-05 -9.1347e-05 -0.000139543 -0.000267815 -0.00023254 -0.000197141 -0.000183527 -0.000293554 -0.000315935 -0.000224193 -0.000263092 -0.000388343 -0.000303668
internal_weight=4354 4308 3920 388 2979 2457 275 2288 113 941 522 2240 384 1776 1126 650 464 207 158 308 169 115 609 138 98 301 138 566 438 131 642 505 203 517 432 292 230 105 163 307 256 206 104 596 107 286 299 130 104 219 173 128 182 123 163 140 266 149 103 114 330 93 93 135 221 115 109 102 187 131 117 104 112 106
internal_count=4354 4308 3920 388 2979 2457 275 2288 113 941 522 2240 384 1776 1126 650 464 207 158 308 169 115 609 138 98 301 138 566 438 131 642 505 203 517 432 292 230 105 163 307 256 206 104 596 107 286 299 130 104 219 173 128 182 123 163 140 266 149 103 114 330 93 93 135 221 115 109 102 187 131 117 104 112 106
is_linear=0
shrinkage=0.0243204


Tree=10
num_leaves=72
num_cat=0
split_feature=80 56 17 56 56 56 2 64 36 2 58 21 81 57 24 68 51 4 80 8 31 79 21 10 7 17 64 2 26 80 60 45 62 24 16 20 38 64 11 75 43 8 14 35 3 33 16 33 0 56 8 4 4 3 12 10 23 54 0 76 36 77 57 35 45 31 5 4 77 6 64
split_gain=0.610061 0.146606 0.115746 0.10356 0.0428648 0.0311993 0.00762767 0.00709209 0.00511046 0.00488746 0.00477756 0.00420943 0.00415273 0.00368833 0.00309584 0.00299293 0.00273186 0.00272712 0.00251687 0.00247903 0.00215748 0.00196527 0.00196477 0.0019408 0.00178811 0.00176376 0.00164355 0.00156152 0.00148974 0.00147077 0.00142091 0.00141213 0.00138539 0.00178679 0.00139829 0.0012996 0.00115747 0.00112912 0.00100627 0.00101748 0.00138557 0.000955584 0.000924683 0.000885184 0.000866039 0.000862134 0.00083628 0.00100117 0.00080511 0.00111561 0.000802966 0.000701475 0.000682872 0.000658422 0.00061868 0.000591819 0.00055266 0.000527513 0.000509881 0.000487088 0.000469781 0.000425909 0.000417015 0.00036805 0.000451759 0.000470759 0.000356749 0.000295419 0.00017797 0.000116157 7.64418e-05
threshold=7.421839751323418 43.93499946594239 0.058504480931981108 73.235000610351577 30.714999198913578 52.469999313354499 22.389999389648441 59.406562967964568 45.278244459113651 55.704999923706062 33.93499946594239 0.019607835716819653 0.74654253440953389 23.535000801086429 0.26453901895637283 30.124250078201296 -29.37593685390652 -0.022833212249059345 2.8938054226208991 49.417519596509585 -0.0018239336755850497 -0.92386160913160953 -0.006482037411338749 1.7760360443624659 0.0010713477046420002 -0.011361957039153598 46.187462479168694 66.365001678466811 2.5102249920368194 1.8757129816483105 -1.0000000180025095e-35 -0.021080091888043998 -0.03290566888029494 0.19284047841957583 3.9385000467300419 -0.02063479469483465 16.53474409512059 49.612285260381888 0.82973588186634828 0.018707239731117351 1386.3750000000002 52.350853286076408 5.0985000133514413 0.0036762743466301506 0.00041323632621940006 0.0032974876865352006 3.7619999647140507 -0.0012182088239422499 91.779998779296889 38.914999008178718 51.409547667702675 -0.0099244070556178485 -0.0024845289623788994 0.0037218600072340502 81.981000137329104 2.3042937494218507 -0.005080330200642749 1391.9687500000002 96.655002593994155 -0.0062578457739680985 64.068764278090526 -0.032645997324451996 28.005000114440922 0.0043263741819201005 -0.0013724876986086498 -0.00087113934461219994 0.0008476009752245501 0.0091787050941089521 0.0024848749894090002 0.00083492750668375003 48.545085020289825
decision_type=8 10 10 10 8 10 2 10 10 2 10 10 10 10 10 10 10 10 10 10 10 10 10 2 10 10 10 2 10 10 10 10 8 10 10 10 8 10 10 10 10 10 10 10 10 10 10 10 2 10 10 10 10 10 10 2 10 10 2 10 10 10 10 10 10 10 10 10 10 10 10
left_child=1 4 3 5 13 11 -6 9 -7 14 28 16 22 58 23 -9 -3 -16 21 -13 26 -18 -10 31 -17 -19 -12 -23 -11 44 -28 -8 -33 37 -35 52 -25 43 39 55 59 -27 -36 61 46 -44 47 -15 49 50 -37 -46 -22 -31 62 63 -49 60 -1 -41 -40 -34 -53 64 -30 -66 -65 -63 -64 -67 -60
right_child=-2 2 -4 -5 6 8 7 15 12 10 20 19 -14 29 17 24 18 25 -20 -21 35 27 -24 36 -26 41 30 -29 38 53 -32 32 33 34 42 48 -38 -39 57 40 -42 -43 45 -45 51 -47 -48 56 -50 -51 -52 54 -54 -55 -56 -57 -58 -59 70 -61 -62 67 68 66 65 69 -68 -69 -70 -71 -72
leaf_value=-0.00027052838951978955 0.0026687866191125076 0.00025983079652632158 -0.00088338353826986722 0.0014685858649723562 0.00019474331239715845 0.00032502114180035725 6.4698785672255346e-05 -5.9750103189445801e-05 0.00037388903977812423 -2.183785365308298e-05 -6.4038700595405487e-05 0.00042195132269287595 0.00078238894950662726 -0.0002902126770176934 0.00021623133599696495 0.00023929800880097583 0.00025695630720020399 0.00010138787869827637 -5.0842831582734001e-05 0.00017624941686490955 6.6175135801404866e-05 0.00016707298272204704 0.00061521472130580935 -1.9290529994000086e-05 5.2394016196182172e-05 1.0961036103624949e-05 0.00017282755781880972 2.5240547165987114e-06 -8.8743291752397619e-05 -8.7351884577793729e-05 -4.0295448338292974e-06 4.5285589412133695e-05 -0.00010306441831611398 7.3895537794033139e-05 -0.00012888710877938632 -0.00020017820270200695 0.00013334270649015538 -2.1006174593971166e-05 -0.00027923423546002176 -7.0681233689469464e-05 -0.00016277849599539198 -0.00013589492072974896 2.3121948024060494e-05 -7.581785854042126e-05 -0.00018365446127670897 -9.2579658156612254e-05 -0.00010700536163891509 -0.00023116002132106528 -0.00019189247955132431 -4.8126275073725702e-06 -6.2606119475826086e-05 -0.00028609692397503175 -6.2313328476936472e-05 -0.00019394688246131042 -0.00033275164905025104 -8.2351507341145601e-05 -0.00012761489545830472 -0.00014392564839441421 -0.00038447756305580238 3.194820628551774e-05 -0.000166287173198382 -0.0001616336373037834 -0.00024195720680003971 -0.00024445773168768571 -0.00010429019197308227 -0.00023166842018573029 -0.00014708749509915697 -0.00024083948022681547 -0.000163765352457192 -0.00016497048315295866 -0.0003108418434663107
leaf_weight=80 49 61 46 46 74 58 47 52 48 66 64 48 53 72 47 70 48 72 65 53 47 61 46 73 54 59 57 76 68 74 50 54 46 53 82 50 48 56 56 57 67 46 86 87 74 67 56 58 50 69 52 88 49 68 83 70 75 84 84 51 46 90 46 56 51 46 48 52 47 48 48
leaf_count=80 49 61 46 46 74 58 47 52 48 66 64 48 53 72 47 70 48 72 65 53 47 61 46 73 54 59 57 76 68 74 50 54 46 53 82 50 48 56 56 57 67 46 86 87 74 67 56 58 50 69 52 88 49 68 83 70 75 84 84 51 46 90 46 56 51 46 48 52 47 48 48
internal_value=-3.38993e-06 -3.45763e-05 0.000284629 0.000366819 -9.80296e-05 0.000282542 -4.71365e-05 -5.42457e-05 0.000527123 -6.53278e-05 -9.69209e-05 0.000159908 0.000604255 -0.000237598 -2.66512e-05 9.43411e-05 0.000114981 5.35342e-05 7.87833e-05 0.000295876 -3.66512e-05 0.00012436 0.000496975 -4.80461e-05 0.000158931 9.40181e-06 3.2852e-05 7.64442e-05 -0.000132967 -0.000211438 9.08679e-05 -6.31848e-05 -7.21959e-05 -8.25e-05 -3.80135e-05 -7.41326e-05 4.18181e-05 -0.000120985 -0.000142731 -0.000126048 -7.67106e-05 -5.40093e-05 -6.34528e-05 -0.000141198 -0.000228276 -2.77975e-05 -0.00019312 -0.000216036 -0.00010647 -8.05634e-05 -0.000131279 -0.000254802 6.14656e-07 -0.000139355 -0.000274011 -0.000148113 -0.000174098 -0.000192236 -0.000327678 -2.23527e-05 -0.000230314 -0.000170914 -0.00024547 -0.000162342 -0.000142521 -0.000166991 -0.000201267 -0.000192055 -0.000204509 -0.000199614 -0.000360124
internal_weight=4328 4279 709 663 3570 617 2617 2543 205 2367 1302 412 147 953 1065 176 311 224 250 101 488 185 94 841 124 177 171 137 814 741 107 720 673 619 288 317 121 331 748 562 175 105 235 275 599 153 261 205 221 171 102 338 96 142 264 387 133 186 212 108 102 188 181 317 213 145 104 142 93 94 132
internal_count=4328 4279 709 663 3570 617 2617 2543 205 2367 1302 412 147 953 1065 176 311 224 250 101 488 185 94 841 124 177 171 137 814 741 107 720 673 619 288 317 121 331 748 562 175 105 235 275 599 153 261 205 221 171 102 338 96 142 264 387 133 186 212 108 102 188 181 317 213 145 104 142 93 94 132
is_linear=0
shrinkage=0.0243204


Tree=11
num_leaves=72
num_cat=0
split_feature=80 56 17 56 56 56 37 2 56 21 81 13 24 57 83 9 53 64 47 51 78 80 79 41 74 36 36 86 11 80 71 61 2 6 80 10 11 86 56 66 57 65 51 79 9 8 56 11 64 56 24 12 63 8 69 57 66 77 0 14 66 65 24 4 27 40 20 24 30 37 64
split_gain=0.581296 0.139684 0.110294 0.0986862 0.0408312 0.0297278 0.00907938 0.00733017 0.00695974 0.00401119 0.0036406 0.00361409 0.00380806 0.00351324 0.00314742 0.00309287 0.00285965 0.00284504 0.00268158 0.00260242 0.00240364 0.00239793 0.00187281 0.00184897 0.001718 0.00164772 0.00175709 0.00173731 0.00155179 0.00160343 0.00153383 0.00159452 0.00148762 0.00146199 0.00140106 0.00122994 0.00177598 0.00110075 0.0013244 0.00107498 0.00136841 0.00105677 0.000992899 0.0015467 0.000922049 0.000917332 0.000767033 0.000703647 0.000849449 0.000685191 0.000630214 0.000595642 0.000594525 0.000567901 0.000548759 0.000513114 0.000500841 0.000754025 0.000485901 0.000469333 0.000446664 0.000430933 0.000426529 0.00039509 0.00038626 0.000315078 0.000287908 0.00020029 0.000146039 0.000107098 7.22866e-05
threshold=7.421839751323418 43.93499946594239 0.058504480931981108 73.235000610351577 30.714999198913578 52.469999313354499 1.3924021445534722 24.960000038146976 38.475000381469734 0.019607835716819653 0.74654253440953389 58.055326514892073 0.31559688106925976 23.535000801086429 25.869851044825804 -1.7437097524447116 0.56883874951944713 60.217139634304175 0.00058414489264390008 -29.37593685390652 49.970586283220818 2.8938054226208991 -0.92386160913160953 422.17452923607499 0.074607538508238411 44.539899945766777 47.078886190779997 0.0013335311007628863 0.75507848334226912 1.6231062741356779 18.214999198913578 -0.013745564046798449 66.365001678466811 0.018718858721217754 1.8757129816483105 1.8426162298059152 0.74235304728195262 -0.0014891224050483129 35.844999313354499 3.894565268857852 34.114999771118171 -0.67180120726889914 5.8050586813360505 0.24059395340057141 1.7775927129180253 47.734374292129608 41.805000305175788 0.77083908879567864 48.796856509650247 32.065000534057624 0.20133034096913202 84.370248794555678 0.014348614660194802 49.800343392676474 29.928823489184172 27.48499965667725 2.4653246798054003 0.0078416092795614029 96.655002593994155 2.9275000095367436 2.8450414122219625 -0.17558481020448544 0.10107950231921871 0.0084595317795050518 3.0216860870191824 1742.49001159668 0.0063939043204443513 0.13695492851201443 1285.5999755859377 3.8660262251646889 48.545085020289825
decision_type=8 10 10 10 8 10 10 2 10 10 10 8 10 10 10 8 10 10 10 10 10 10 10 10 10 8 10 10 10 10 10 10 2 10 10 2 10 10 10 10 10 10 8 10 8 10 10 10 8 10 10 10 8 10 10 10 10 10 2 10 10 8 10 10 10 10 8 10 10 10 10
left_child=1 4 3 5 13 9 -7 18 11 19 -8 12 24 58 23 -13 -11 28 -6 -3 35 22 -21 -14 25 45 -27 33 29 -10 -31 -32 -24 42 47 66 39 41 44 40 53 -22 43 -28 56 -9 -30 48 51 -44 59 62 -50 -37 60 68 57 -39 -1 -29 -36 65 -15 -47 -57 -38 69 -64 -49 -17 -60
right_child=-2 2 -4 -5 7 6 10 8 17 16 -12 15 14 34 -16 20 -18 -19 -20 21 37 -23 32 -25 -26 26 27 50 46 30 31 -33 -34 -35 54 36 61 38 -40 -41 -42 -43 49 -45 -46 63 -48 55 52 -51 -52 -53 -54 -55 -56 64 -58 -59 70 -61 -62 -63 67 -65 -66 -67 -68 -69 -70 -71 -72
leaf_value=-0.00026402633788298423 0.0026051166138965696 0.00025360863440809171 -0.0008623345841538069 0.001433592878808866 0.00027662525335551697 0.00030015537330688592 0.00052506907925912755 -5.3274808485993714e-05 0.00016566145580980258 0.00042384671890093918 0.00081260343452085155 3.1935136545411701e-05 -7.7264587202492343e-05 -0.0001417353460581838 0.00023224559556821823 -0.0002637022691426841 0.00016118874256432561 0.00015948787291300163 2.506219961050686e-05 0.0002508284637953432 -8.1873126773621257e-05 -4.9624147044748181e-05 0.0001630720844249542 9.9942927288208932e-05 4.8206177974376839e-05 7.9288845282483267e-05 5.5028719210920978e-05 -0.00011274978930591579 -0.00011268700377569029 -9.3497265730552908e-05 0.00014377522930041702 -1.6000489699799705e-05 2.4634271932385684e-06 6.3511798909721509e-05 -4.4260978890602162e-05 -5.5287874680158172e-05 -0.00024393655963078672 -5.5083862462811015e-05 2.2237403719962731e-05 -0.00016546044513025701 1.5655419118988594e-05 7.2685186192535036e-05 -0.0001602169735106504 -0.00011135045685296341 -1.7975556844046723e-05 -0.0001374532752448414 7.8653090947744677e-06 -0.00025664320910077058 -0.00010318264931203616 -4.2252228637927358e-05 -6.2740653363846654e-05 -0.00028792317303351508 -0.00021417828095384871 -0.00017403560985742493 -0.00020199580814700389 -0.00018494313507957073 -0.00019746055160534988 -0.00016714247065203786 -0.00037523160859924615 -0.00021903952241244609 -0.00015167581445368376 -0.00012316347603954226 -0.00027122709885988498 -0.0002355985862081364 -0.00027465230223861972 -0.0001544771738214021 -0.00016254328395871233 -0.00019141042165235475 -0.00034039740087484589 -0.00019540994199684919 -0.00030342894502371874
leaf_weight=80 49 61 46 46 52 77 79 48 46 48 49 91 77 58 46 47 53 82 48 48 49 65 61 62 74 52 76 52 79 61 62 89 76 68 46 49 72 72 49 67 91 54 72 57 47 62 51 47 78 50 51 73 48 48 49 83 60 72 84 54 47 54 47 48 57 46 81 58 50 49 48
leaf_count=80 49 61 46 46 52 77 79 48 46 48 49 91 77 58 46 47 53 82 48 48 49 65 61 62 74 52 76 52 79 61 62 89 76 68 46 49 72 72 49 67 91 54 72 57 47 62 51 47 78 50 51 73 48 48 49 83 60 72 84 54 47 54 47 48 57 46 81 58 50 49 48
internal_value=-3.30084e-06 -3.37431e-05 0.000277835 0.000358065 -9.56802e-05 0.000275795 0.000514539 -4.60089e-05 -5.41414e-05 0.000156089 0.000640331 -7.35138e-05 -3.86948e-05 -0.000231898 6.0085e-05 -0.000103547 0.000288816 3.02073e-05 0.000157258 0.000112232 -0.00011581 7.69019e-05 0.000121389 1.91282e-06 -6.26603e-05 -7.46017e-05 -5.39443e-05 -6.85081e-05 2.55943e-06 3.70585e-05 8.53422e-06 5.00858e-05 7.46136e-05 -3.60548e-05 -0.000206366 -0.000146515 -0.000123624 -6.95524e-05 -9.30391e-05 -8.23814e-05 -5.20845e-05 -9.09687e-07 -6.2747e-05 -1.65539e-05 -0.000115546 -0.000143412 -6.56725e-05 -0.0002228 -0.000199952 -0.00011258 -0.00013465 -0.000227643 -0.000146762 -0.000115179 -0.000136012 -0.000256757 -0.000137833 -0.000111849 -0.000319814 -0.000168373 -9.95422e-05 -0.000183973 -0.000199126 -0.000181942 -0.000223081 -0.000210585 -0.000200776 -0.000229261 -0.000302712 -0.000231114 -0.000351487
internal_weight=4328 4279 709 663 3570 617 205 2617 2517 412 128 2047 949 953 185 1098 101 470 100 311 1007 250 185 139 764 690 532 480 388 258 212 151 137 323 741 604 427 403 300 255 188 103 255 133 251 158 130 599 362 122 157 236 126 97 142 237 204 144 212 106 93 172 163 110 140 118 177 105 97 96 132
internal_count=4328 4279 709 663 3570 617 205 2617 2517 412 128 2047 949 953 185 1098 101 470 100 311 1007 250 185 139 764 690 532 480 388 258 212 151 137 323 741 604 427 403 300 255 188 103 255 133 251 158 130 599 362 122 157 236 126 97 142 237 204 144 212 106 93 172 163 110 140 118 177 105 97 96 132
is_linear=0
shrinkage=0.0243204


Tree=12
num_leaves=72
num_cat=0
split_feature=80 56 63 57 56 56 56 56 8 79 38 3 54 3 18 10 82 27 56 0 80 57 75 31 34 70 4 73 2 59 8 70 33 20 4 48 68 17 73 33 49 25 46 33 82 51 74 60 48 31 49 34 58 0 3 40 31 7 3 32 64 82 39 64 50 39 10 30 78 8 46
split_gain=0.501836 0.164407 0.120541 0.0748006 0.0528785 0.0146998 0.0144607 0.00804051 0.0056761 0.0049349 0.00440462 0.00415865 0.00335178 0.00290797 0.0027474 0.0023594 0.00361376 0.0020753 0.0019168 0.00187937 0.00187114 0.00178373 0.0016894 0.00251243 0.00167611 0.00158546 0.00154414 0.00153763 0.00151675 0.00151724 0.00151229 0.00136829 0.00126768 0.00133637 0.00121746 0.0014112 0.000990383 0.000987657 0.000940195 0.00184737 0.00091902 0.000910179 0.000834882 0.000824356 0.000819 0.000794734 0.000768688 0.000752297 0.000922428 0.000907725 0.000721239 0.000657981 0.000623047 0.000611887 0.000604043 0.000715474 0.000591832 0.000563961 0.000554864 0.000706675 0.000498465 0.000478378 0.000449428 0.000442537 0.000412499 0.000380753 0.000357297 0.000285339 0.000106162 7.2383e-05 1.63758e-05
threshold=7.421839751323418 49.260000228881843 -0.053652281377325292 78.014999389648452 33.30999946594239 55.215000152587898 41.805000305175788 24.664999961853031 49.911462020250418 1.4837617867844657 21.434050362248012 -0.014693389858368799 5724.3260009765636 -0.018369303619020096 0.013771759587704801 0.96530652377369408 25.387500047683719 7.2265135846185897 29.634999275207523 26.880000114440922 2.2602961579071894 37.655000686645515 -0.025922877863517997 0.00051620225763355013 -0.0017475803502030997 18.464999198913578 -0.0027606232966719993 -0.051437786096893943 54.915000915527351 -0.036800994888799593 40.916895690646236 14.50500011444092 -0.0013657765581000499 -0.0027032153470703496 -0.021320573408961398 0.0066237701085450516 45.070250225067149 0.022095790607777051 0.031880970677824305 0.0028887945167742003 0.011000379212275551 0.69855232797286038 -0.0016608888207570499 0.0010437081956442002 18.61424989700318 -9.0769336889622974 -0.0015337731772397999 -0.047062908661181589 -0.0010498223823711998 0.00060015981854000006 0.0020419493266337504 -0.0030364312688118495 21.170000076293949 67.314998626708999 0.011037625599350351 1337.2674896240235 1.0000000180025095e-35 0.0051832381247001015 0.0024229672332497002 0.0014352617978496502 48.545085020289825 13.228250002861026 0.60974932773465251 42.918017400507104 58.95845044849785 0.42402639793748559 2.1027715295688307 1288.2500000000002 51.032063556454908 58.691291502258551 0.00021493930003290001
decision_type=10 10 10 10 8 10 10 10 10 10 10 10 8 10 10 2 10 10 10 2 10 8 10 10 10 10 10 10 2 10 10 10 10 10 10 10 10 10 10 10 10 8 10 10 10 10 10 8 10 10 10 10 10 2 10 10 10 10 10 10 8 10 10 10 10 10 2 10 10 10 10
left_child=1 4 -3 5 7 9 8 52 12 24 -7 30 14 25 15 46 20 32 42 -15 28 -16 -23 -24 -4 -10 27 -21 31 61 -8 -17 36 -34 -20 45 -13 41 40 -40 47 51 53 -31 -37 -36 -6 -28 49 -49 62 -29 68 -9 55 57 -55 -47 59 65 67 -30 -50 -54 -64 -44 -57 -60 70 -52 -1
right_child=-2 2 3 -5 6 10 11 18 13 -11 -12 17 -14 19 21 16 -18 -19 34 26 -22 22 23 -25 -26 -27 38 37 29 43 -32 -33 33 -35 35 44 -38 -39 39 -41 -42 -43 58 -45 -46 54 -48 48 50 -51 69 -53 63 56 -56 66 -58 -59 60 -61 -62 -63 64 -65 -66 -67 -68 -69 -70 -71 -72
leaf_value=-0.00030759659016907072 0.0024216083504418518 -0.00070574555794390747 0.00030508487512935847 0.0015030372515677675 -0.00018274566649045649 0.0004757568409368336 0.00034084349641986736 -8.4428632270595864e-05 -5.3517249481744572e-05 0.00050398575998152214 0.00078769217750284792 -9.7635632467709549e-05 -0.00015499119392930487 5.4514366124547902e-05 -4.1868382748018683e-05 0.00010243923726081086 0.00021015397638397552 0.00020206578489180197 -1.3407524947243959e-05 7.679606313718465e-05 0.00012135452799791904 1.1396349819508964e-05 0.00027499842269668363 7.0211527820499217e-05 0.00011443610622505324 0.00012909178570820774 -0.00023869642449400971 -1.6094276593767218e-06 -8.4442272828285953e-05 6.1644915581771282e-05 0.00016168998239714219 -4.0429694229221698e-05 0.00014601448673779273 1.252372414933792e-05 -7.7353030147230648e-05 8.0446411411829075e-06 4.4248466927545254e-05 -0.00014306340589047194 -0.00013829306798568671 3.0141506763163688e-05 -3.3104156313983323e-05 3.9974571117767879e-05 -0.00028459145149029984 -6.7273491432095421e-05 -0.00013247476758916464 -0.00015665473220758918 -4.6483881415243535e-05 -1.7167505373668376e-05 -0.00017955963849030501 -0.00013679409116170203 -0.00018275197890811029 -0.00011453413433336527 -0.00032209573288838165 -0.00012327027220115667 -0.0002348314485358111 -0.00015858388684071337 -0.00024423708892112221 -4.3745726290841429e-05 -0.00023621937124681291 -0.00012915533387959012 -0.0001905372404568945 -0.00018744325955919616 -0.00014427708797453366 -0.00021954597097496525 -4.1144115999470667e-05 -0.00017879350229284974 -0.00024312962437537166 -0.00032976634651881267 -0.00028398879349215446 -0.00024273846483456479 -0.00036879052180052057
leaf_weight=51 49 46 57 47 51 53 46 55 53 51 72 54 70 51 52 76 48 55 46 46 55 63 64 80 55 58 46 46 61 54 78 81 90 87 55 50 61 84 87 68 49 55 47 62 47 63 48 66 62 87 46 90 47 50 89 83 53 46 54 74 58 51 46 86 47 50 58 57 53 49 94
leaf_count=51 49 46 57 47 51 53 46 55 53 51 72 54 70 51 52 76 48 55 46 46 55 63 64 80 55 58 46 46 61 54 78 81 90 87 55 50 61 84 87 68 49 55 47 62 47 63 48 66 62 87 46 90 47 50 89 83 53 46 54 74 58 51 46 86 47 50 58 57 53 49 94
internal_value=-1.95296e-06 -3.02977e-05 0.000451202 0.000611618 -7.75686e-05 0.00046167 -1.15618e-05 -0.00019939 -3.94644e-05 0.0003066 0.000660031 0.000109834 5.58272e-06 -7.57627e-05 1.90293e-05 -1.01032e-05 1.19217e-05 6.62894e-05 -0.000165739 -8.8563e-05 -1.01081e-05 8.48543e-05 0.000116739 0.000162442 0.000213223 4.21776e-05 -9.61016e-05 -5.21933e-05 -2.91438e-05 -6.90875e-05 0.000230247 2.89241e-05 4.01387e-05 8.08235e-05 -0.000133372 -0.000144561 -2.26215e-05 -7.39636e-05 -0.000117577 -6.46599e-05 -0.000133891 -4.30107e-05 -0.000200319 -7.23827e-06 -6.06576e-05 -0.000165019 -0.00011776 -0.000144794 -0.000133537 -8.56216e-05 -0.000162421 -7.66225e-05 -0.000303831 -0.000152144 -0.000178983 -0.000158282 -0.00018719 -0.000109805 -0.000222216 -0.00018865 -0.000254928 -0.000132537 -0.000128581 -0.000257823 -9.31107e-05 -0.000232332 -0.000194765 -0.000286659 -0.000333351 -0.000215802 -0.000349419
internal_weight=4319 4270 381 335 3889 288 2523 1366 2052 163 125 471 916 1136 846 587 488 347 1035 1025 440 259 207 144 112 111 974 321 385 228 124 157 292 177 537 491 115 275 653 155 498 191 498 116 97 394 99 449 403 153 250 136 331 158 339 250 103 109 340 171 169 112 155 133 93 97 141 111 198 95 145
internal_count=4319 4270 381 335 3889 288 2523 1366 2052 163 125 471 916 1136 846 587 488 347 1035 1025 440 259 207 144 112 111 974 321 385 228 124 157 292 177 537 491 115 275 653 155 498 191 498 116 97 394 99 449 403 153 250 136 331 158 339 250 103 109 340 171 169 112 155 133 93 97 141 111 198 95 145
is_linear=0
shrinkage=0.0243204


Tree=13
num_leaves=73
num_cat=0
split_feature=6 56 73 56 56 58 56 37 56 11 78 3 12 18 27 4 56 3 14 31 4 73 7 61 66 18 35 48 31 4 48 1 34 11 77 54 3 21 79 9 20 6 46 82 36 73 4 37 73 58 71 49 30 35 83 34 78 82 69 3 32 64 30 68 10 0 72 83 35 56 49 63
split_gain=0.486592 0.150115 0.118203 0.0850826 0.0497574 0.0161151 0.0133831 0.00875451 0.0076588 0.00667595 0.00420715 0.00358903 0.00340712 0.00327953 0.0019774 0.00197562 0.00182685 0.0017561 0.00181454 0.00164769 0.00157101 0.00190867 0.00145717 0.00143585 0.0014286 0.0014161 0.00141062 0.00176814 0.00133041 0.00115972 0.00134402 0.00108474 0.00100827 0.000980877 0.000999404 0.000966803 0.000851022 0.0015388 0.000843829 0.00133046 0.000883252 0.000838061 0.000798422 0.000780421 0.000771623 0.000738395 0.000737585 0.000729332 0.000680954 0.00067501 0.000633926 0.000625263 0.000663609 0.000673821 0.00059719 0.000748098 0.00059583 0.000579541 0.000540269 0.000514272 0.000712112 0.00047585 0.000349373 0.000303232 0.0002921 0.000271467 0.000260159 0.000251748 0.000247922 0.000321229 0.000127967 5.40899e-05
threshold=-0.062942387244558931 49.260000228881843 0.10139030954758746 79.58499908447267 33.30999946594239 55.549999237060554 41.805000305175788 14.520420296737486 24.664999961853031 0.34589629900230018 58.07691683893718 -0.011029248172740699 26.230250024795538 0.012547346094698401 7.2265135846185897 -0.029661819788275399 29.634999275207523 -0.011288855797348398 4.4915001392364511 0.005569029021631801 -0.0043000319464344492 -0.050604556638212499 -0.029042767051510647 -0.0088320215712918981 4.457958734223614 -0.0024078061552908494 -0.0012212503001206498 -0.0013496153379445998 0.00021788762287480002 -0.021320573408961398 0.0066237701085450516 63.32500076293946 0.0023530701811486504 0.63335365307725999 -0.037300715236181094 2094.9375000000005 -0.0004736183026770499 0.0060137947569343505 0.1754488125640368 0.040827502159451905 -0.013953320521032349 -0.027023744293401698 -0.0012834927145880498 18.61424989700318 54.642012319327328 0.031880970677824305 -0.016107173853928899 11.269180400260156 -0.011202140909671398 34.43499946594239 17.760000228881839 -0.0080831791468404472 1338.799987792969 0.00039953246200105007 22.672678891635282 -0.00078467976147879987 51.032063556454908 15.563750076293948 26.427665617295212 0.0020492404345807502 0.0014352617978496502 48.545085020289825 1288.2500000000002 37.57899999618531 1.9659894302801437 96.344997406005874 15.50500011444092 15.603695360170478 -0.0023494925813920997 32.215000152587898 0.0034477188963774508 -0.017538655524596745
decision_type=10 10 10 10 8 10 10 10 10 10 10 10 10 10 10 10 10 10 10 10 10 10 10 10 10 10 10 10 10 10 10 2 10 10 10 10 10 10 10 10 10 10 10 10 10 10 10 10 10 10 10 10 10 10 10 10 10 10 10 10 10 8 10 10 2 2 10 10 10 10 10 10
left_child=-1 4 3 5 8 10 9 -7 56 13 19 28 -11 15 24 -6 42 18 49 -3 21 -19 -17 41 36 -20 -15 -28 -8 -18 51 33 -27 50 -35 -25 -13 44 39 -23 -41 -24 58 -32 -38 47 -43 63 -48 -14 -22 -31 53 -53 55 -36 64 -57 -10 60 -44 62 -61 -33 71 -58 -42 -60 -54 70 -70 -2
right_child=1 2 -4 -5 6 7 11 -9 16 12 -12 14 17 26 -16 22 29 20 25 -21 31 38 23 35 -26 32 27 -29 -30 30 43 45 -34 34 54 -37 37 -39 -40 40 66 46 59 -45 -46 -47 48 -49 -50 -51 -52 52 68 -55 -56 57 65 -59 67 61 -62 -63 -64 -65 -66 -67 -68 -69 69 -71 -72 -73
leaf_value=0.002293319556949551 -0.00029194045791832552 0.00028000329217324352 -0.00068164562364373554 0.0015380471607955202 9.7480787543212971e-05 0.00045995229969585018 0.00027347013685466784 0.00092301656712799975 -7.954179588588888e-05 8.3840232137136374e-05 0.0004820643618382945 -1.8251699850144747e-05 -0.00015749196661903048 2.4838613880512015e-05 0.00019301396049907829 8.8962903623363994e-05 -1.3088052845740547e-05 9.452372990897044e-05 -5.7156555796314923e-05 9.9725964434749169e-05 -8.2533090972007451e-05 4.1968716552385802e-06 3.1863893591331779e-06 -5.86829357516397e-05 -6.4010247284960052e-05 7.0360327644724512e-06 0.00026213016806480471 7.5326117165909872e-05 0.00012173573751369959 -7.4584653262945057e-05 7.8526457538228665e-06 -0.00016657808581532432 0.00016579051706875402 -2.2721551802206001e-05 -0.000159987595836477 8.6006423388842529e-05 -3.6537000103498067e-05 0.00019693859669586643 7.0759996188134538e-06 -4.3944212077856502e-05 -0.00021309179539411431 -0.0001940776870698139 -0.00022996629721032768 -0.00012931684023628428 9.8467237904480571e-05 -7.5225435690887447e-05 -1.7713584626357058e-05 -0.00010678020766082441 -0.00013187866354840531 -3.8231631291369495e-05 4.1318142975595461e-05 -7.7511787582734324e-05 -0.00025617255565794353 -0.00018180340922530931 -0.00019267127936390961 -0.00011639489760767539 -0.00019164009276207615 3.1643464762343388e-06 -0.0001415757323997501 -0.0002268518594157002 -0.00012235404097482114 -0.00018597806997768416 -0.00032620593160800443 -0.00024175113769967936 -0.00025049614773993444 -0.00028366871908783089 -0.00013292774803238915 -0.00021753183845917888 -0.00017722331607446644 -0.00012748159881492802 -0.00024448868698995403 -0.00035150633144893342
leaf_weight=53 55 90 49 47 80 58 78 46 48 80 50 54 56 78 54 48 46 46 66 47 47 59 46 50 67 46 53 70 65 46 50 88 48 64 82 58 46 54 61 50 47 48 88 47 53 65 56 78 69 57 49 73 46 78 68 49 49 46 66 55 69 58 57 67 46 51 67 57 57 48 46 130
leaf_count=53 55 90 49 47 80 58 78 46 48 80 50 54 56 78 54 48 46 46 66 47 47 59 46 50 67 46 53 70 65 46 50 88 48 64 82 58 46 54 61 50 47 48 88 47 53 65 56 78 69 57 49 73 46 78 68 49 49 46 66 55 69 58 57 67 46 51 67 57 57 48 46 130
internal_value=-1.90251e-06 -3.09231e-05 0.000425229 0.000587158 -7.65258e-05 0.000429064 -1.22862e-05 0.000671288 -0.000194614 -3.92477e-05 0.000291631 0.000104446 -6.94858e-05 2.46462e-05 5.98018e-05 -1.15307e-05 -0.000161772 -7.89328e-05 -2.39664e-05 0.000219277 -9.34229e-05 -4.94354e-05 -3.49768e-05 -5.3378e-05 3.29678e-05 2.87e-05 0.000106212 0.000157221 0.000205767 -0.000130173 -0.000141094 -0.000113975 8.89611e-05 -8.7678e-05 -0.000108725 1.90843e-05 6.45107e-05 9.36595e-05 -7.29938e-05 -9.48376e-05 -0.00013029 -8.90451e-05 -0.000195531 -5.92115e-05 3.59777e-05 -0.000149319 -0.000113458 -0.000169595 -8.12604e-05 -9.81639e-05 -1.95223e-05 -0.00016106 -0.000172253 -0.000132191 -0.000131012 -0.000106415 -0.000296547 -5.90356e-05 -0.000151092 -0.00021826 -0.0001837 -0.000248973 -0.000279746 -0.000200355 -0.000319583 -0.000240815 -0.000167476 -0.000178182 -0.000202172 -0.000184215 -0.000209236 -0.000335387
internal_weight=4319 4266 387 338 3879 291 2513 104 1366 2042 187 471 1386 656 328 455 1035 1306 273 137 1033 330 375 327 274 160 201 123 143 537 491 703 94 405 309 108 207 153 284 223 164 219 498 97 99 298 173 233 125 113 96 394 348 151 245 177 331 95 171 327 157 170 112 155 231 100 114 123 197 151 103 185
internal_count=4319 4266 387 338 3879 291 2513 104 1366 2042 187 471 1386 656 328 455 1035 1306 273 137 1033 330 375 327 274 160 201 123 143 537 491 703 94 405 309 108 207 153 284 223 164 219 498 97 99 298 173 233 125 113 96 394 348 151 245 177 331 95 171 327 157 170 112 155 231 100 114 123 197 151 103 185
is_linear=0
shrinkage=0.0243204


Tree=14
num_leaves=73
num_cat=0
split_feature=56 56 56 56 56 56 2 36 78 11 17 67 17 64 65 85 11 86 47 38 43 77 10 21 39 73 3 32 78 33 21 27 12 63 73 59 61 25 9 9 32 32 45 56 36 48 38 73 11 55 68 3 3 86 59 34 86 50 76 59 67 20 12 21 32 75 64 38 73 65 59 68
split_gain=0.810731 0.173135 0.0469124 0.0158676 0.0115903 0.00817304 0.00712215 0.00710911 0.00603402 0.00454812 0.00397136 0.00355061 0.00301107 0.00276087 0.00259042 0.00258329 0.00252147 0.0022911 0.00228008 0.0021066 0.00209357 0.00175374 0.00174345 0.0016597 0.00158912 0.0015473 0.00149793 0.00148195 0.00136134 0.00194399 0.00173956 0.00134124 0.00114921 0.00114393 0.00109985 0.00108407 0.00107103 0.00103487 0.00101604 0.00098778 0.00106043 0.000978225 0.000975194 0.000945864 0.00102055 0.000849918 0.00103655 0.00143165 0.000843876 0.000748586 0.00109724 0.000862775 0.000919623 0.000984748 0.000705437 0.000671144 0.000654811 0.000963294 0.00059875 0.000442735 0.000436266 0.000404215 0.000394089 0.000360487 0.000294165 0.000276101 0.000227052 0.000215121 0.000182681 0.000125377 5.71806e-05 4.24598e-05
threshold=85.145000457763686 49.454999923706062 34.774999618530281 61.000000000000007 41.805000305175788 24.664999961853031 22.389999389648441 58.915235771794428 60.742340914264965 0.78585880431190935 0.025051001839382307 0.88819074428543354 0.00084440659146645016 48.25004758941683 -0.4737454543043213 4.5000000000000009 0.72581549584522687 0.0042055912063108892 -0.0089871783703683473 26.182913407580706 1138.1250000000002 -0.031915456027515741 2.5461368304247265 0.0011904432007145502 0.71995970477003912 0.111022819104878 -0.0097309851265266981 0.011295841756146551 48.499157884473227 -0.0019036217898276498 0.0086956604525008519 4.1462687984464042 91.485749244689956 -0.0061611484286952485 0.028350359454858354 -0.011060977408781298 0.013791941786940052 0.90119284984383052 -1.0995801428949432 0.068476422045709015 0.0015537259501775004 0.00051633551438085002 0.0024242320610237005 19.105000495910648 37.684844898182561 -0.0031423261062347996 4.9815636706410684 0.00076337729400605006 0.62779352928938648 5727.8465082157973 33.781999874114994 0.0038431694814464006 -0.0019546508924595499 -0.0020183322649799541 -0.010112466409594198 -0.0011601503621195997 -0.00011494879107455686 59.740538872896401 0.037199583886844502 -0.056352818745910589 0.4233898296703878 0.004242078133044851 67.750750923156758 0.0152744453007138 0.0027002290182272502 0.00075478291301950013 47.164180339526645 22.847514993479781 -0.010108388965757248 -0.3711753115093081 -0.0054120483429143992 31.760249996185305
decision_type=10 10 8 10 10 10 2 10 10 10 10 10 10 10 10 2 10 10 10 8 10 10 2 10 8 10 10 8 10 10 10 10 10 10 10 10 8 10 10 10 10 8 10 10 10 10 10 10 10 10 10 10 10 10 10 10 10 10 10 10 10 10 10 10 10 10 10 10 10 10 10 10
left_child=1 2 5 8 6 43 -4 -5 10 14 12 13 23 17 15 20 22 21 -11 28 -8 -6 25 -3 38 32 -15 31 30 -30 35 -26 49 60 37 -16 -28 58 -17 40 -22 -41 -33 70 -45 65 47 -47 -23 50 51 52 53 -7 66 -36 64 -58 63 -48 61 71 -55 68 -35 -40 -53 69 -20 -46 -1 -18
right_child=-2 3 4 7 11 16 9 -9 -10 18 -12 -13 -14 26 19 24 33 -19 34 -21 39 48 -24 -25 27 -27 36 -29 29 -31 -32 42 -34 56 55 -37 -38 -39 45 41 -42 -43 -44 44 67 46 59 -49 -50 -51 -52 54 -54 62 -56 -57 57 -59 -60 -61 -62 -63 -64 -65 -66 -67 -68 -69 -70 -71 -72 -73
leaf_value=-0.00037474203070303523 0.0030943009236599783 0.00021663728114593343 0.00020232422962505192 0.00053159706870315078 -2.6515717427764155e-05 -5.0422484782721649e-05 0.00013277523585106672 0.00091221924028414222 0.0005905130339037499 2.1940063066807459e-05 0.00048839946643084982 0.00026887221585836815 9.1290981452737239e-05 9.7552172508584881e-05 2.7268954128905763e-05 2.8565561857087202e-06 -0.00031360797016104745 0.00026383819843064579 -0.00018618499494412193 -0.00010144430443582787 0.0001026403788097302 0.00020976286376544586 7.4622974212350224e-06 0.0004172304201895149 0.00013591220431923479 1.6257883270318074e-06 2.0461713119379055e-05 -0.00011530476914408702 0.00024662278535588893 5.4080897085921468e-05 0.00011545035796290056 -7.3694792237864832e-05 -0.00023157987345954188 -0.00024276032217852264 -0.00012836855523291706 -0.00013079831071044563 -0.00012026439456371919 -6.9529239844552792e-05 -0.00020014027000923477 -0.00013816520998593447 -5.1285253253962006e-05 1.2962580042688569e-05 6.5813235773182663e-05 -0.00014685782535471781 -0.00033036874490550516 3.8489633777299044e-05 -0.00018782495363945051 -0.00011797391054462649 7.1651057536913963e-05 -0.00020234206495778735 -3.0002205358856183e-05 -0.00025133361219346629 -2.3552851226971337e-05 -0.00022372144601827938 -9.570956040763424e-05 -9.7477514299636846e-06 -5.8232887136220869e-05 -0.00017568030660107349 -0.00010043298380196654 -8.9617491261080622e-05 -0.00016565614720630468 -0.00019925384234587966 -0.00013286389529293123 -0.00013950248150604107 -0.00015319223521189176 -0.00011733929418969407 -0.00016856859530733586 -0.00022728314480913425 -0.00025747184611758155 -0.00025832584714241259 -0.00030160629092721087 -0.000249235309551224
leaf_weight=56 49 59 74 88 53 65 76 49 49 75 46 65 60 77 56 58 47 60 68 52 60 55 62 47 46 51 78 59 47 90 65 72 69 53 47 46 53 79 59 55 46 46 49 49 64 72 52 65 52 67 77 53 65 48 46 69 79 89 56 63 60 73 87 57 51 50 49 57 53 57 51 49
leaf_count=56 49 59 74 88 53 65 76 49 49 75 46 65 60 77 56 58 47 60 68 52 60 55 62 47 46 51 78 59 47 90 65 72 69 53 47 46 53 79 59 55 46 46 49 49 64 72 52 65 52 67 77 53 65 48 46 69 79 89 56 63 60 73 87 57 51 50 49 57 53 57 51 49
internal_value=1.36389e-05 -2.19195e-05 -7.09201e-05 0.000460821 -2.20251e-06 -0.000173671 -2.99728e-05 0.000673091 0.000347356 -3.96899e-05 0.000288764 0.000102536 0.000230969 7.67325e-05 -1.53585e-05 -3.67466e-05 -0.000144704 0.000136601 -0.000101529 4.03414e-05 2.4453e-05 8.76039e-05 -0.000115858 0.000308508 -6.35965e-05 -0.000127148 1.30718e-05 -1.15405e-05 6.48381e-05 0.000121388 1.80168e-05 2.55585e-05 -0.000137627 -0.000186951 -0.000123118 -4.45569e-05 -3.69226e-05 -0.000146824 -9.15824e-05 -1.57383e-05 3.59715e-05 -6.98466e-05 -1.71192e-05 -0.000280491 -0.000249782 -0.000106726 -8.16376e-05 -3.60395e-05 0.000143875 -0.000125612 -0.000114746 -0.000130439 -0.000103472 -0.000129207 -0.000177747 -5.8471e-05 -0.000152104 -0.000121097 -0.000172528 -0.000135209 -0.000227537 -0.000248451 -0.000166515 -0.00019455 -0.000200633 -0.000163511 -0.000213508 -0.000277178 -0.000219182 -0.000298719 -0.000342857 -0.000283529
internal_weight=4376 4327 3929 398 2355 1574 1862 137 261 1788 212 493 166 428 1284 928 1240 220 504 356 283 160 739 106 645 677 208 226 304 137 167 167 626 501 429 102 131 313 419 207 106 101 121 334 227 361 252 137 107 557 490 413 265 200 148 116 272 168 234 115 229 169 135 178 104 109 102 178 121 121 107 96
internal_count=4376 4327 3929 398 2355 1574 1862 137 261 1788 212 493 166 428 1284 928 1240 220 504 356 283 160 739 106 645 677 208 226 304 137 167 167 626 501 429 102 131 313 419 207 106 101 121 334 227 361 252 137 107 557 490 413 265 200 148 116 272 168 234 115 229 169 135 178 104 109 102 178 121 121 107 96
is_linear=0
shrinkage=0.0243204


Tree=15
num_leaves=72
num_cat=0
split_feature=56 56 56 56 56 56 0 36 39 11 82 39 64 64 43 65 11 86 47 3 44 24 60 55 8 77 10 55 39 73 35 4 65 76 12 63 73 25 38 56 36 33 78 11 4 83 55 58 4 3 73 12 86 50 24 33 32 86 32 82 76 20 3 64 32 32 9 63 5 22 14
split_gain=0.772508 0.164954 0.0446931 0.0151129 0.0110419 0.00778715 0.00741301 0.00677838 0.00584251 0.00442747 0.00310607 0.00409778 0.00277475 0.0028394 0.00247776 0.0036891 0.00240225 0.00218261 0.00217319 0.00215247 0.00202451 0.00256776 0.00197965 0.00184879 0.00230767 0.00167093 0.00166098 0.00164452 0.00163598 0.00147412 0.00144006 0.00192729 0.00158939 0.00118714 0.00109455 0.00109015 0.0010453 0.00100703 0.000921067 0.000901355 0.000972051 0.000881051 0.000863076 0.000803977 0.000757563 0.000754076 0.000712977 0.000923911 0.000935017 0.000679845 0.000883333 0.000662793 0.000624251 0.000917451 0.000616044 0.000482816 0.000474466 0.00043927 0.00043025 0.000409127 0.000385548 0.000384114 0.000532254 0.000343609 0.0003263 0.000280241 0.000219367 0.000216933 0.00013005 8.13299e-05 5.89682e-05
threshold=85.145000457763686 49.454999923706062 34.774999618530281 61.000000000000007 41.805000305175788 24.664999961853031 21.860000610351566 58.915235771794428 0.86815780556197197 0.78585880431190935 21.182249927520754 0.34723339002789061 59.991156983903402 48.25004758941683 6043.5000000000009 -0.77071089292688899 0.72581549584522687 0.0042055912063108892 -0.0089871783703683473 -0.011029248172740699 1215.1250000000002 0.28186410336105755 -0.04272976491207179 1311.4465078326884 42.246730139027214 -0.031915456027515741 2.5461368304247265 1040.2701370596681 0.79859374071105926 0.111022819104878 0.0078986891677389013 -0.0050480469464263484 0.89415629641095873 0.011634321558452402 91.485749244689956 -0.0061611484286952485 0.028350359454858354 0.89412487423833786 2.460575296458519 19.105000495910648 37.684844898182561 -0.0034372656713831497 47.357935333372282 0.62779352928938648 -0.0038443133539227997 16.696077039208276 5727.8465082157973 30.154999732971195 0.0069242552459344011 0.0038431694814464006 -0.010108388965757248 70.5490001678467 -0.00011494879107455686 59.740538872896401 0.26016253821259644 -0.0010029604589308499 0.0015537259501775004 -0.0017797227436358932 0.0025225013820614002 14.050500035285951 0.033596049795602559 0.0033693468390714005 0.0041856141994999511 42.180650112677121 -0.00065142488452264995 0.0027002290182272502 -0.13514005486378972 -0.017538655524596745 0.0018701554441465501 48.903667083908566 4.3155000209808358
decision_type=10 10 8 10 10 10 2 10 10 10 10 10 10 10 10 10 10 10 10 10 10 10 10 10 10 10 2 8 8 10 10 10 10 10 10 10 10 10 10 10 10 10 10 10 10 10 10 10 10 10 10 10 10 10 10 10 10 10 10 10 10 10 10 10 10 10 10 10 10 10 10
left_child=1 2 5 8 6 39 -4 -5 10 14 -3 -12 13 17 15 20 26 25 -11 -15 21 27 -17 51 -25 -6 29 33 38 34 31 32 -24 -8 46 61 37 44 -29 70 -41 -23 -40 -27 -20 -33 47 49 64 50 -7 58 65 -54 -38 -52 -21 -26 -22 -59 68 63 -63 -18 -49 -37 -51 -42 -46 -69 -1
right_child=-2 3 4 7 12 16 9 -9 -10 18 11 -13 -14 19 -16 22 35 -19 36 56 23 41 30 24 57 43 -28 28 -30 -31 -32 45 -34 -35 -36 52 54 -39 42 40 67 -43 -44 -45 60 -47 -48 48 -50 66 55 -53 53 -55 -56 -57 -58 59 -60 -61 -62 62 -64 -65 -66 -67 -68 69 -70 -71 -72
leaf_value=-0.00029038042622966535 0.0030204792748373677 0.00040980950088342135 0.00023235931517519968 0.00051880666178120115 -2.5882214951861138e-05 -4.7255075794975684e-05 -4.0007149376762443e-05 0.00089045617577868422 0.00058129882701533149 2.1413154267594392e-05 0.00034364692822305096 7.902361002507221e-05 0.00022859592123587443 0.00011294745253219898 -0.00018782236413270316 -6.0039134348358331e-05 -0.0003024680058157007 0.0002575216871702469 -8.5607845291190134e-05 -0.00010502158919192266 -5.3718007414510835e-05 0.00018003131961097125 5.8552581378853179e-05 9.9402573618632623e-05 -0.00013151060733665785 0.0002047480760347511 7.2835539337111897e-06 -0.00012280666737060495 0.00010417371820405189 1.5869716587616674e-06 0.00020225520070787771 5.7969244431389849e-05 0.0002370125543569113 -0.00018218129286350041 -0.00022602434062299692 -0.00023696038650412114 -1.1187851126018898e-05 -6.809424614954682e-05 -5.75555190124952e-05 -0.00014335419868077677 -0.00021703178148444475 4.3398233641908162e-05 8.27389158935854e-05 6.9939782593161698e-05 -0.00025023560607286146 -7.0067409139373685e-05 -0.00019748991121171889 -7.0462300983571227e-05 -2.5337181394996705e-06 -0.00022575849741036152 -0.00021656682304817322 -0.00020087697579854947 -5.6833488561706116e-05 -0.00017145287181808601 -0.00012524517046183536 -0.000101614334844315 -9.2683353448013831e-06 -9.813190572815113e-05 -0.00015034999248202 -8.5826237061585248e-06 -0.00012690001987735407 -0.00011728389500029436 -0.00023425317867511742 -0.00021156247668773255 -0.00014412522826566718 -0.00014953475506156521 -0.00014604667385352486 -0.00031572107313736767 -0.000189095321493425 -0.00025209067739907515 -0.00036307022488670545
leaf_weight=46 49 74 61 88 53 74 91 49 48 75 69 70 82 69 46 67 54 60 53 59 61 46 82 60 54 55 62 48 72 51 51 47 46 56 69 53 70 81 57 49 51 71 46 52 51 62 67 72 72 57 46 59 79 89 46 46 63 53 51 69 46 46 54 75 77 51 46 72 84 55 61
leaf_count=46 49 74 61 88 53 74 91 49 48 75 69 70 82 69 46 67 54 60 53 59 61 46 82 60 54 55 62 48 72 51 51 47 46 56 69 53 70 81 57 49 51 71 46 52 51 62 67 72 72 57 46 59 79 89 46 46 63 53 51 69 46 46 54 75 77 51 46 72 84 55 61
internal_value=1.33149e-05 -2.13952e-05 -6.92241e-05 0.000449802 -2.1516e-06 -0.000169515 -2.9257e-05 0.000656963 0.000339068 -3.82365e-05 0.000282134 0.000211833 0.00010008 7.39678e-05 -1.43722e-05 -7.84523e-06 -0.00014124 0.000133333 -9.91688e-05 5.26174e-06 -3.41803e-05 -6.98026e-07 5.8386e-05 -7.41464e-05 -2.98105e-05 8.55099e-05 -0.000113084 -3.21276e-05 9.53951e-06 -0.000124104 8.60465e-05 6.0327e-05 0.000123969 -9.49983e-05 -0.000134332 -0.000182477 -0.000120155 -0.000143139 -3.59474e-05 -0.000273783 -0.000243805 9.81441e-05 5.27479e-06 0.000140436 -0.000168731 -1.48263e-05 -0.000122606 -0.000112002 -7.46192e-05 -0.00014234 -0.000110707 -0.000134826 -0.000148459 -0.000118184 -5.70765e-05 -0.000160729 -5.60373e-05 -7.41634e-05 -9.86242e-05 -4.79512e-05 -0.000192491 -0.000222097 -0.000182069 -0.000251559 -0.000109209 -0.000195841 -0.000191831 -0.000270543 -0.000213789 -0.000290251 -0.000334663
internal_weight=4376 4327 3929 398 2355 1574 1862 137 261 1801 213 139 493 411 1295 1249 1240 220 506 191 894 487 355 407 236 160 739 370 223 677 288 237 128 147 626 501 431 315 151 334 227 117 103 107 234 109 557 490 221 269 166 171 272 168 116 92 122 176 112 122 181 229 100 129 149 104 103 178 135 127 107
internal_count=4376 4327 3929 398 2355 1574 1862 137 261 1801 213 139 493 411 1295 1249 1240 220 506 191 894 487 355 407 236 160 739 370 223 677 288 237 128 147 626 501 431 315 151 334 227 117 103 107 234 109 557 490 221 269 166 171 272 168 116 92 122 176 112 122 181 229 100 129 149 104 103 178 135 127 107
is_linear=0
shrinkage=0.0243204


Tree=16
num_leaves=72
num_cat=0
split_feature=56 69 56 56 37 81 3 58 7 56 47 11 4 3 56 28 80 84 38 23 65 72 30 27 83 47 58 4 5 73 69 11 45 50 18 5 57 45 56 8 82 8 11 19 10 38 13 45 42 15 80 53 76 53 8 38 14 74 38 6 50 59 46 64 31 56 31 39 65 18 10
split_gain=0.264383 0.0684738 0.0476982 0.018403 0.0119229 0.0121655 0.00706206 0.00680098 0.00354012 0.00334364 0.00282519 0.00272435 0.00266232 0.00313719 0.00241483 0.00232611 0.00197241 0.00184778 0.00192793 0.00212477 0.00186086 0.00176315 0.00163119 0.00166595 0.00158387 0.00180022 0.00157002 0.00145644 0.00162833 0.00151906 0.00139623 0.00136844 0.00136551 0.00132258 0.00121272 0.00112304 0.00111191 0.00110393 0.00105858 0.000999082 0.000987302 0.000933989 0.000884958 0.000858894 0.000848081 0.000865149 0.000968656 0.000792375 0.000779956 0.000815152 0.000768305 0.00076709 0.000782638 0.00062611 0.000583387 0.000585918 0.00069972 0.000834246 0.000579546 0.000626762 0.000532228 0.000585214 0.000529389 0.000420794 0.000408944 0.000282437 0.000269516 0.000262208 0.000184407 0.000260989 9.3386e-05
threshold=52.469999313354499 86.322489883349505 33.30999946594239 42.754999160766609 -3.671979539465354 0.76105775492757977 -0.043053448779718347 21.170000076293949 -0.029042767051510647 61.000000000000007 -0.0023807330304579997 0.27116394309925734 -0.028974607671979746 0.0031427248971306007 30.795000076293949 942.89999389648449 1.8870101462120499 1.0000000180025095e-35 3.0509893816978679 0.0056531794461165009 -0.43089444675161548 14.914999961853029 1189.9500122070315 3.8039525984313118 24.480739901054548 0.0045811406463000508 34.625000000000007 -0.0043000319464344492 0.027730969190298455 -0.050604556638212499 31.65933001899641 0.10097775791208026 -0.00070377430339044992 48.988682648040118 0.0098768219463960024 -0.017883449958920498 48.815000534057624 0.0032127081868698003 47.014999389648445 56.956693663305238 26.105000162124636 43.600206725054001 0.72156440675554667 0.021023761653585854 2.0104123656935582 5.4911595067010088 32.491242711325221 -0.0022816131801130994 1922.3750000000002 3.8575000762939453 2.5227322287108938 0.45339045727695221 -0.022641186829172249 0.700426859787737 45.504365328184022 20.334535478445137 3.8934999704360966 0.0025062642519768003 12.353695230250844 0.0080671583130429003 66.97985114556711 -0.00066584959307409996 -0.0028347470874888494 43.666639625134444 -0.00030445572047469994 19.105000495910648 -1.0000000180025095e-35 0.51672669235323621 -0.80235572852898496 -0.0029249581833219493 1.7611847700005427
decision_type=10 10 8 10 10 10 10 10 8 10 10 10 8 10 10 10 10 2 8 10 10 10 10 10 10 10 10 10 10 10 10 10 10 10 10 10 10 10 10 10 10 10 10 10 2 10 10 10 10 10 10 10 10 10 10 10 10 10 10 10 10 10 10 10 10 10 10 10 8 10 2
left_child=2 4 7 6 -2 9 -4 65 10 -6 -8 22 21 17 16 -13 42 34 19 47 31 -10 -5 -24 25 36 -22 29 40 -15 32 -20 -16 -23 53 -33 -17 -28 -26 58 54 -12 48 51 45 46 -31 -19 49 64 -18 -37 -53 -14 -29 56 -56 66 -32 63 61 -50 -44 -60 -9 -1 -58 -54 70 -70 -64
right_child=1 -3 3 11 5 -7 8 14 12 -11 41 15 13 27 30 24 50 18 20 -21 26 33 23 -25 38 -27 37 28 -30 44 39 35 -34 -35 -36 43 -38 -39 -40 -41 -42 -43 62 -45 -46 -47 -48 -49 60 -51 -52 52 67 -55 55 -57 57 -59 59 -61 -62 -63 68 -65 -66 -67 -68 -69 69 -71 -72
leaf_value=-0.00034687276615258611 0.00025517009318751449 0.0015040530198735913 0.00023773577184272744 0.00011373312970910755 0.00030852848173929014 0.00088048379644319801 0.00022422591017190945 -0.00019928999199776018 -6.54827250322716e-05 0.00057318668922815453 8.3143986748810238e-05 0.000251781435102169 -8.9386354935758736e-05 7.0640043163013068e-05 6.655855295177765e-05 -1.8516045917626812e-06 -2.0271825157535592e-05 -8.2231210827247932e-05 -0.00017539527986788373 0.00016010936253205583 -5.6437539156955018e-05 1.8389493291974735e-05 0.00017379535927186844 0.00038186024403633203 -4.3134035872788847e-05 0.00024617529830520991 0.00013560776190235524 -6.2175624646063004e-05 1.7381068177846264e-05 -0.00013401752556666004 -2.8666195525084689e-05 6.8490135006580463e-05 -0.00010701020762217737 0.00019957318425619823 -1.2937039249709504e-05 -1.054151281774258e-05 0.00015229342393383003 -1.2994083191582061e-05 8.545753046364563e-05 -0.00020591425606787041 -4.1455869229419774e-05 -5.5820365713950908e-05 -0.00015595992559267759 1.1593294604264041e-05 -4.2574839388797812e-06 -0.00018678169239151336 9.6687335196787161e-06 5.4800845871054716e-05 -0.00014930914423655743 -0.00014110305941899729 -0.00013918616503824267 -3.1075974648065634e-05 -0.00018374500319807394 -0.00019853637734540535 -8.1443250495576375e-05 -0.00022274777051773683 -0.00015088565588872269 -0.00010268026111989986 -0.00010745403490724444 -5.9019706365036556e-05 -0.0002057116136966065 -4.3885080105472762e-05 -0.00030440767400262344 -0.00021235825701431259 -0.00030904747080296921 -0.0002719424480219674 -0.00023311758911769345 -0.00010782379458327891 -0.00026388603208787052 -0.00018437542259542146 -0.00023773209712950587
leaf_weight=102 79 48 55 62 52 67 48 51 49 75 49 46 77 52 47 62 50 48 52 73 77 46 50 46 88 47 81 48 49 57 47 46 60 49 74 66 49 46 65 82 66 66 53 77 72 51 53 50 81 67 91 55 53 55 91 63 46 84 47 54 47 52 57 51 48 84 78 68 56 71 55
leaf_count=102 79 48 55 62 52 67 48 51 49 75 49 46 77 52 47 62 50 48 52 73 77 46 50 46 88 47 81 48 49 57 47 46 60 49 74 66 49 46 65 82 66 66 53 77 72 51 53 50 81 67 91 55 53 55 91 63 46 84 47 54 47 52 57 51 48 84 78 68 56 71 55
internal_value=-6.85556e-06 0.000663863 -6.03182e-05 -9.67972e-07 0.000511424 0.000614016 -3.19971e-05 -0.000178013 -3.91156e-05 0.00046793 6.94843e-05 0.000129592 -4.8214e-05 -5.62326e-05 -0.000156005 9.19587e-05 -0.000180765 -2.73287e-05 -1.04059e-05 6.16869e-05 -3.03231e-05 5.21651e-05 0.000213559 0.000276272 6.76205e-05 0.00012139 2.97722e-05 -9.177e-05 -0.000115793 -4.72755e-05 -0.000105973 -5.97253e-05 -3.08461e-05 0.000112904 -9.20396e-05 -4.28306e-05 6.69017e-05 8.20795e-05 1.16806e-05 -0.000134375 -0.000129512 3.5786e-06 -0.000199005 -5.9042e-05 -7.37758e-05 -0.000104651 -6.52889e-05 -1.24525e-05 -0.00017149 -0.000210071 -9.74432e-05 -8.14783e-05 -0.000107874 -0.000135968 -0.000143555 -0.000154152 -0.000139035 -0.000163741 -0.000104053 -0.000127034 -0.000134986 -0.000108702 -0.000230943 -0.000163573 -0.00025495 -0.000314594 -0.000204001 -0.00014226 -0.000246883 -0.000221144 -0.000273952
internal_weight=4359 321 4038 2685 273 194 2170 1353 2115 127 163 515 1952 1808 1167 357 779 998 792 171 621 144 158 96 311 158 204 810 525 285 388 417 107 95 206 365 111 127 153 281 476 115 638 319 233 161 110 98 346 166 141 242 176 132 410 362 299 208 199 152 180 133 292 98 99 186 124 121 239 127 112
internal_count=4359 321 4038 2685 273 194 2170 1353 2115 127 163 515 1952 1808 1167 357 779 998 792 171 621 144 158 96 311 158 204 810 525 285 388 417 107 95 206 365 111 127 153 281 476 115 638 319 233 161 110 98 346 166 141 242 176 132 410 362 299 208 199 152 180 133 292 98 99 186 124 121 239 127 112
is_linear=0
shrinkage=0.0243204


Tree=17
num_leaves=68
num_cat=0
split_feature=56 69 56 56 37 81 56 11 86 11 82 10 10 56 1 52 38 31 79 11 21 23 63 52 27 56 78 85 22 53 79 47 47 86 48 77 33 65 34 7 73 31 4 10 82 41 4 86 38 73 81 21 38 8 74 60 31 85 46 16 4 44 77 24 10 70 13
split_gain=0.251874 0.0652566 0.0454407 0.0175348 0.0113588 0.011589 0.00647784 0.00507247 0.00328732 0.00259749 0.00256947 0.00310798 0.00251498 0.00234356 0.00231933 0.00203802 0.00188986 0.00171219 0.00168603 0.00165267 0.00163297 0.00174628 0.00195232 0.00158167 0.00156519 0.00151381 0.00144706 0.00135768 0.00138226 0.00131157 0.00178777 0.00124355 0.00120357 0.00169968 0.00114654 0.001136 0.00104527 0.00101637 0.00095803 0.00090743 0.000889332 0.000859693 0.000827684 0.00080768 0.000777895 0.000757357 0.000917279 0.00073586 0.000727694 0.000696049 0.000689468 0.000678054 0.000663499 0.000620038 0.000611963 0.000548379 0.000844203 0.00054223 0.000537205 0.000534701 0.000503664 0.000347053 0.000333547 0.000318059 0.000313551 0.000307539 0.000217838
threshold=52.469999313354499 86.322489883349505 33.30999946594239 42.754999160766609 -3.671979539465354 0.76105775492757977 21.305000305175785 0.34589629900230018 -0.00046897503356762557 0.29842320088398383 24.9720000743866 1.0716958872279922 1.8245264639697325 30.795000076293949 56.465000152587898 26.511927300635183 25.994941819795972 0.0035603364124066508 -1.0526821062517084 0.86396992093806635 0.022748146096348402 0.034023598196343208 -0.0078508335101764495 22.581704603048632 3.8528723325177645 39.065000534057624 45.966515807032131 4.5000000000000009 51.749714496536022 0.56421556369488746 0.46736062520436233 -0.0056242826812291985 0.00092712855513315011 -0.00065674718157651539 0.0032940271961534001 -0.030758509284764295 -0.0023438369750470498 -0.81708109086846281 0.0028887945167742003 0.00083492750668375003 -0.0063017095535954993 0.00046077574856260005 -0.0036533202654259996 1.5979690040121983 19.193750071525582 1576.2643248325678 -0.0096887772073360971 -0.00016679159038341244 4.0374896705040326 0.031880970677824305 0.50502212955901105 0.011368837048435552 14.779712745900182 53.268695222160567 -0.0015337731772397999 -0.010456712898840148 0.0044209538610528011 4.5000000000000009 0.00050981395104640018 4.2204999923706064 -0.0050480469464263484 2365.1250000000005 -0.024775187737730648 0.13197650794911878 2.2590969872818856 11.614999771118166 97.474861349583136
decision_type=10 10 8 10 10 10 10 8 10 10 10 2 2 10 2 10 8 10 10 10 10 10 10 10 10 10 10 2 10 10 10 10 10 10 10 8 10 10 8 10 10 10 10 2 10 10 10 10 10 10 10 10 10 10 10 8 10 2 10 10 10 10 10 10 2 10 10
left_child=2 4 6 7 -2 8 66 10 -6 15 12 -12 14 23 17 -5 19 34 -11 25 21 22 -14 45 -17 27 52 28 35 30 -20 -21 33 -28 -4 -9 54 63 42 -27 -30 -31 -38 -39 47 46 -8 -40 -37 55 62 -44 -15 -48 -29 -33 57 -57 -18 65 -16 -34 -45 -25 -54 -55 -1
right_child=1 -3 3 9 5 -7 13 16 -10 18 11 -13 20 26 60 24 58 -19 29 31 -22 -23 -24 37 -26 39 32 36 40 41 -32 49 61 -35 -36 48 38 43 44 -41 -42 -43 51 50 -46 -47 53 -49 -50 -51 -52 -53 64 59 -56 56 -58 -59 -60 -61 -62 -63 -64 -65 -66 -67 -68
leaf_value=-0.00027095116734347216 0.00024903808497452105 0.0014681846478072978 4.7101848864667785e-06 6.3752604978939756e-05 0.00058324948863697245 0.00085936983426155363 -0.00011273206777354499 4.9761279337922883e-05 0.00032541306702941743 0.00018809447930021392 -1.6886153966326969e-05 0.00024349554055235064 0.00016191716168075269 -9.2186213142722101e-05 -0.00018490728465624166 0.00017177265617098378 -0.00021009386564745848 9.5843315944656136e-05 0.00019291419117922114 -1.0071240371261282e-05 0.00015173700928764264 -7.0104748694391591e-05 -1.2177906327641482e-05 -0.00024116735144866157 0.00034886098123609221 0.00012132473702263326 0.00010536145890219472 -0.00016003757334517955 0.00014701930771089783 7.1900802221631598e-05 2.8661441811847407e-05 -0.00020548182930444955 -0.00017103663875348322 -8.1260050672519218e-05 -0.00014431022647904565 -8.4506670866077975e-06 -1.0026414593413322e-05 -2.0253931335847799e-05 -0.00010518855658432199 -1.5157687680919671e-05 5.8855562715724464e-06 -6.4321355524568901e-05 -6.4390718694872832e-05 -0.00011635409825098014 7.9354896884907162e-05 -0.0002728855833128389 -0.00014959555551186397 2.7830418916170954e-05 -0.00012993385168026531 -4.8847690275216403e-05 -6.4029345502539779e-05 -0.00017355830620645552 -0.00023354348861350568 -0.00020688076179986285 -6.8006930757684371e-05 -1.480306809189597e-05 -0.00018148875110632809 -0.00012321450878783669 -0.00010272703305997114 -0.00015493290128379536 -7.5701938252131546e-05 -7.5681134518580366e-05 -0.00020500731578754279 -0.00015060822006369062 -0.00014375005920019327 -0.00028549737238461317 -0.00034120587320632628
leaf_weight=82 79 48 81 46 63 67 76 55 64 76 48 61 70 65 60 68 51 72 71 87 72 82 82 54 57 55 46 87 47 47 87 52 48 74 48 48 77 51 46 59 59 63 85 51 53 88 81 51 74 74 62 57 57 66 88 53 67 56 67 47 46 47 62 54 51 95 96
leaf_count=82 79 48 81 46 63 67 76 55 64 76 48 61 70 65 60 68 51 72 71 87 72 82 82 54 57 55 46 87 47 47 87 52 48 74 48 48 77 51 46 59 59 63 85 51 53 88 81 51 74 74 62 57 57 66 88 53 67 56 67 47 46 47 62 54 51 95 96
internal_value=-6.68764e-06 0.000647971 -5.88702e-05 -9.41455e-07 0.000499157 0.000599292 -0.000173746 -3.12297e-05 0.000456709 0.000126501 2.14089e-05 0.000129669 1.98608e-06 -0.000152801 -4.71208e-05 0.000203872 -5.74739e-05 1.55349e-06 8.75821e-05 -4.91226e-05 5.12499e-05 1.98375e-05 6.84996e-05 -0.000176983 0.000254557 -3.16347e-05 -0.000103434 -4.30917e-05 1.21278e-07 5.85106e-05 0.00010319 -9.12436e-05 -6.08754e-05 -9.44785e-06 -5.13824e-05 -4.14056e-05 -6.55348e-05 -0.000136039 -4.21313e-05 5.11398e-05 6.92238e-05 -5.99126e-06 -7.44523e-05 -0.000105908 5.22279e-06 -0.000206821 -0.000190223 -3.56499e-05 -8.25802e-05 -0.000114519 -0.000130621 -0.000109082 -0.000155698 -0.000210161 -0.000114383 -0.000135538 -0.000113874 -7.10936e-05 -0.000150448 -0.000232953 -0.00013862 -0.000125089 -0.000166309 -0.000197607 -0.000192775 -0.00025468 -0.000310459
internal_weight=4359 321 4038 2685 273 194 1353 2170 127 515 722 109 613 1175 307 171 1448 201 344 1330 306 234 152 787 125 941 388 827 283 268 158 389 215 120 129 177 544 334 369 114 106 110 219 226 150 453 365 97 122 302 175 142 173 289 175 228 176 109 118 208 106 95 113 108 108 161 178
internal_count=4359 321 4038 2685 273 194 1353 2170 127 515 722 109 613 1175 307 171 1448 201 344 1330 306 234 152 787 125 941 388 827 283 268 158 389 215 120 129 177 544 334 369 114 106 110 219 226 150 453 365 97 122 302 175 142 173 289 175 228 176 109 118 208 106 95 113 108 108 161 178
is_linear=0
shrinkage=0.0243204


Tree=18
num_leaves=75
num_cat=0
split_feature=80 56 22 57 56 56 37 34 57 56 0 36 8 4 49 34 39 3 60 84 7 69 56 54 22 1 85 38 9 73 51 59 43 24 10 38 85 10 81 24 39 19 7 39 77 31 38 19 60 82 37 36 51 75 25 7 57 14 35 10 2 1 3 34 74 59 39 75 73 67 67 65 73 75
split_gain=0.498231 0.126003 0.12534 0.0949292 0.0355119 0.010165 0.007578 0.007754 0.00674463 0.00662571 0.00628363 0.00433342 0.00341223 0.00294868 0.0018847 0.00206409 0.00180412 0.00174034 0.00164429 0.00155822 0.00150733 0.00160871 0.00150059 0.00147977 0.00282464 0.00136996 0.00133087 0.0013037 0.00124669 0.00122236 0.00118399 0.00117733 0.00137148 0.00228774 0.00130829 0.00116714 0.00115119 0.00112419 0.00200429 0.0012572 0.00112006 0.000970202 0.000959095 0.000855718 0.00124897 0.000827612 0.000784623 0.00078007 0.000755622 0.000746853 0.000701467 0.000588664 0.000572129 0.000700856 0.000545422 0.000534455 0.000524401 0.000521544 0.000494136 0.000522213 0.000492404 0.000657398 0.00102029 0.000655299 0.000474025 0.000435857 0.000411099 0.000391671 0.000355638 0.00024924 0.000231406 0.000208586 0.000145543 1.04692e-05
threshold=7.421839751323418 48.995000839233406 61.289232427944221 78.014999389648452 33.844999313354499 39.354999542236335 -3.671979539465354 -0.0048989882792822492 56.725000381469734 25.19999980926514 21.860000610351566 41.11400758642845 38.898088578161648 -0.0046470321876986498 0.0075504756908208502 0.00070692980818230008 0.34723339002789061 0.0028042620300163007 0.0019613780205261504 1.0000000180025095e-35 -0.015273997717127648 41.244595891844178 30.714999198913578 1231.2649993896487 62.67088566149409 61.995000839233406 9.5000000000000018 15.063330508278236 -0.76429845521807838 -0.0072185652908365499 1.1937992551922891 -0.029131543251130196 1225.2500000000002 0.31559688106925976 1.7830960393186284 4.0374896705040326 10.500000000000002 2.6883667268534892 0.48212609091916253 0.11125636390414712 0.74999661980755283 -0.0029173041866412995 0.010345287834606151 0.25479146433623684 -0.022163031410329045 0.0014326917611515503 3.3626511846995126 0.0152744453007138 -0.046576518989646092 22.17750010490418 -1.7867799904837793 48.62030016495941 8.2670610484591425 -0.012349450890797647 0.52256498962600972 0.0027959966364471006 33.114999771118171 4.2565000057220468 0.0052247973687634007 1.8794640125946132 90.645000457763686 71.774997711181655 0.0075998906153873511 0.00322442478823665 -0.019274401713880295 0.0095169858598432525 0.595063689165228 -0.0029453994847917493 -0.011621700508153547 0.25702152070684137 0.30887457750779451 -0.046194712074329944 -0.036721671211842589 -0.0025301577426444996
decision_type=10 10 10 10 8 10 10 10 10 10 2 10 10 8 10 8 10 8 10 2 10 10 10 10 10 2 2 10 8 10 10 8 8 10 2 10 2 2 10 10 10 10 10 10 10 10 10 10 10 10 10 10 10 10 10 10 10 10 10 2 2 2 10 10 10 10 10 10 10 10 8 8 10 10
left_child=1 4 3 6 9 10 11 -8 -9 57 -6 -3 16 14 31 -16 -7 19 26 35 -20 -22 36 24 42 28 37 29 -19 67 -29 -12 33 40 64 -15 43 39 -39 -14 55 -23 46 44 -11 -31 -21 -36 -27 58 -30 -32 53 -52 -46 -33 -53 65 59 -25 61 68 63 -63 -34 72 -28 -24 -45 -58 -70 -59 -1 -74
right_child=-2 2 -4 -5 5 12 7 8 -10 22 13 -13 18 17 15 -17 -18 25 20 23 21 41 27 49 -26 48 66 30 50 45 51 32 34 -35 47 -37 -38 38 -40 -41 -42 -43 -44 60 54 -47 -48 -49 -50 -51 52 56 -54 -55 -56 -57 69 71 -60 -61 -62 62 -64 -65 -66 -67 -68 -69 70 -71 -72 -73 73 -75
leaf_value=-0.00021426256040544029 0.0022991467996304458 0.00037133436017357442 -0.00079018192479740623 0.0015682103149243295 0.00020756012313099292 6.5083732944362877e-05 0.00071635316082024176 0.00015888364460950278 0.00050920836470845087 4.6239216968537836e-06 7.7898971410730154e-05 4.5097422490273661e-05 6.6030421314701893e-05 -0.00021240675394834516 0.00017456165263207398 -2.601957981016533e-05 0.00025824439890442184 3.3008060587782539e-05 0.00010862177737512318 -0.00013863736263480624 -0.00013997532593647955 9.6682362789835913e-05 -0.00016712591569062341 -0.00011902979745176497 0.0001792753175768436 -0.00022506266436003305 -4.9073615483307091e-05 -4.3591013627665202e-05 -0.00017978491976644584 7.0451030120042142e-05 -8.5889350261815297e-05 -0.00013952044349797101 -7.7806265358268663e-05 0.00014586405658406954 -6.9838977926667289e-05 -6.1559585754940616e-05 -0.00025731138402577844 -5.6167878689068107e-05 0.0001643085232744641 0.00023461816117140651 4.9941765908646775e-05 -4.8921968941545659e-05 4.7600178553894365e-05 -0.00014768219129705971 -8.7209984138998455e-05 -6.9803137251015358e-05 -6.0403294289546189e-06 5.1369498677826364e-05 -0.00011860002860308828 1.3811295085649304e-05 2.4731061729532522e-06 -0.00012423495350966158 -0.00014847528475731155 -0.0001023318314996402 -0.00020693619700390956 -2.7338723830076092e-05 -0.0001681736694371001 -0.00034172455538136092 -0.00015954036304924031 -2.6272202518564434e-05 -0.00024476248452583941 -0.00012947977589919892 -0.00019608050832695321 -6.3284018852151407e-06 -0.00017165281598212511 -0.00018553599175469323 5.0620134784261395e-05 -6.6577622676403464e-05 -0.00026185054867830033 -0.00025119436171065448 -0.00018093416789156426 -0.0002561125126593552 -0.00024965868615938722 -0.00030220973484026286
leaf_weight=52 54 47 46 46 55 48 56 55 83 47 50 49 46 53 59 61 73 46 48 54 64 46 47 66 48 79 47 62 56 52 47 56 57 49 87 72 69 50 46 63 50 63 58 85 47 46 51 48 87 49 66 60 56 87 47 46 48 61 48 79 47 54 65 48 80 84 49 48 49 64 62 53 56 58
leaf_count=52 54 47 46 46 55 48 56 55 83 47 50 49 46 53 59 61 73 46 48 54 64 46 47 66 48 79 47 62 56 52 47 56 57 49 87 72 69 50 46 63 50 63 58 85 47 46 51 48 87 49 66 60 56 87 47 46 48 61 48 79 47 54 65 48 80 84 49 48 49 64 62 53 56 58
internal_value=-1.76208e-06 -3.16036e-05 0.000389155 0.00055239 -7.33943e-05 -1.57868e-05 0.000386656 0.000474157 0.000371637 -0.000167991 -4.61223e-05 0.000206904 6.68607e-05 -5.44515e-05 -1.33687e-05 7.31889e-05 0.000182732 -7.94551e-05 3.97163e-05 -5.09423e-05 -1.06451e-05 -4.41551e-05 -0.000137865 -2.98286e-05 1.72152e-05 -0.000113833 7.66129e-05 -0.00010487 -8.32813e-05 -5.57913e-05 -0.000138274 -3.33276e-05 -4.52199e-05 2.97238e-06 -8.07224e-05 -0.000126648 -0.00016289 0.000111473 5.00428e-05 0.000164667 -4.37058e-05 1.28218e-05 -3.12654e-05 -0.000150641 -9.78009e-05 4.56958e-06 -7.48746e-05 -2.66777e-05 -0.000170265 -7.07568e-05 -0.000103517 -0.00016477 -8.23548e-05 -5.73797e-05 -0.000148557 -8.96581e-05 -0.000185728 -0.000257935 -9.21949e-05 -6.90001e-05 -0.000168541 -0.000158056 -0.000121217 -7.21295e-05 -0.00013342 -0.000235679 1.79923e-06 -0.000117496 -0.000188702 -0.000217339 -0.000218584 -0.00030438 -0.000259845 -0.000278683
internal_weight=4290 4236 382 336 3854 2396 290 194 138 1458 1753 96 643 1698 643 120 121 1055 522 578 221 173 1094 453 211 477 301 474 311 193 281 523 473 201 272 125 620 205 96 109 152 109 163 551 141 98 105 135 166 242 265 219 209 153 94 102 172 364 193 145 410 363 167 102 137 250 96 95 196 112 111 114 166 114
internal_count=4290 4236 382 336 3854 2396 290 194 138 1458 1753 96 643 1698 643 120 121 1055 522 578 221 173 1094 453 211 477 301 474 311 193 281 523 473 201 272 125 620 205 96 109 152 109 163 551 141 98 105 135 166 242 265 219 209 153 94 102 172 364 193 145 410 363 167 102 137 250 96 95 196 112 111 114 166 114
is_linear=0
shrinkage=0.0243204


Tree=19
num_leaves=74
num_cat=0
split_feature=6 72 27 56 58 58 56 84 0 56 21 8 4 37 3 77 86 86 45 67 5 75 5 67 12 24 0 26 11 52 86 36 18 32 32 32 45 58 32 83 4 45 75 20 77 24 19 1 85 18 39 78 0 73 23 86 5 0 14 34 51 15 19 36 73 3 25 7 65 73 21 65 47
split_gain=0.481287 0.127417 0.111903 0.120657 0.0344756 0.0236215 0.00939024 0.00887343 0.00632872 0.00569516 0.00451722 0.00328174 0.00287883 0.00218556 0.00198493 0.00190783 0.00192092 0.00229093 0.00165677 0.00160235 0.00155104 0.00168323 0.00172238 0.00175123 0.00132394 0.00130141 0.0041718 0.00146999 0.00123207 0.00113977 0.00111919 0.00105579 0.00100758 0.000990343 0.00115717 0.00102026 0.000988096 0.00149495 0.00154384 0.000919121 0.000914986 0.000872149 0.000870059 0.000856835 0.000793184 0.000762531 0.000689574 0.000650221 0.000644497 0.00061651 0.00087995 0.000551776 0.000532502 0.000687371 0.000723807 0.000645202 0.000537329 0.000509918 0.000496965 0.000476532 0.000469552 0.000500645 0.000453158 0.000450841 0.000369559 0.000309659 0.000275991 0.000250872 0.000198571 0.00017793 0.000164186 0.000279309 0.000112467
threshold=-0.062942387244558931 41.994998931884773 1.7610489856303182 48.995000839233406 32.385000228881843 62.149999618530281 39.354999542236335 3.5000000000000004 21.860000610351566 25.19999980926514 -0.0018439829091808498 31.429281344854861 -0.0043000319464344492 -3.9448256041640657 0.0025920744843339004 -0.020485831595297547 -0.00072284104027728964 -0.0021743012545198657 -0.0060522616937404494 0.7506190426926781 -0.0069655181090524992 0.060338936958683059 -0.028987059906560447 0.49286034520088345 46.367249965667732 0.35503713953206756 55.315000534057624 2.8133749961853032 0.63756605661978016 27.993424701150371 -0.0012438480180620205 43.144209937379394 -0.010047196788678998 0.0094683935423085022 0.014816404916139751 -0.0074993007968062993 -0.010933440133415398 42.179998397827156 0.0076034775027798507 24.712005054438613 0.0010782853641764002 -0.0051000198327592989 -0.0056284380286038488 -0.011282459774144498 0.07594277369501222 0.26453901895637283 0.0086956604525008519 60.854999542236335 11.500000000000002 0.023139969709557003 0.40795839934253736 49.085591427250613 92.579998016357436 0.023669401683656905 0.00072838384918110009 0.00012094289986433372 1.0000000180025095e-35 53.254999160766609 4.2565000057220468 -0.00013913016079854996 8.8757112511810892 5.1115000247955331 0.012547346094698401 62.615368802024122 -0.017133894570406098 -0.0087668101482692978 0.75887150080235044 0.0043151710082704508 -0.046194712074329944 -0.029512490086509347 -0.012385807413637448 -0.068974154020482445 0.0011745045137009002
decision_type=8 10 10 10 8 10 10 2 2 10 10 10 10 10 10 8 10 10 10 10 10 10 10 10 8 10 2 8 10 10 8 10 10 8 10 10 10 10 10 10 10 10 10 10 8 10 10 2 2 10 10 10 2 10 10 10 10 2 10 10 10 10 10 10 10 10 10 10 8 10 10 10 10
left_child=-1 2 -2 4 9 7 8 10 -6 58 19 -8 15 -12 18 16 17 -10 30 -5 21 22 -13 -24 28 27 -27 -17 -16 45 -14 32 -11 35 -35 -20 -22 40 39 -39 -38 43 60 -33 47 -18 -34 59 52 50 -26 67 53 54 63 56 -56 -44 65 -29 61 -37 64 69 -30 -4 -57 -52 -60 -43 -67 72 -72
right_child=1 -3 3 5 6 -7 11 -9 12 31 13 20 14 -15 24 25 29 -19 33 -21 36 -23 23 -25 49 26 -28 44 62 -31 -32 41 46 34 -36 42 37 38 -40 -41 -42 48 57 -45 -46 -47 -48 -49 -50 -51 51 -53 -54 -55 55 66 -58 -59 68 -61 -62 -63 -64 -65 -66 70 -68 -69 -70 -71 71 -73 -74
leaf_value=0.0023025854205350315 -0.0012278873770299602 0.0010301544479596205 -0.00016940132334729538 1.9173406418336615e-05 0.00021460534710685108 0.00087615346928698933 0.00025936919515386037 0.00060343105399990359 2.2498539300216295e-05 -7.4409748957359315e-06 0.00023550371338682989 2.6675417134700551e-05 -5.9724151566135517e-05 0.00046124991316918225 3.1415404980699132e-05 3.0369460123026581e-05 -0.0001335571152951729 0.00024244834346890279 7.3141175525460272e-06 0.00022159727745798598 0.00011687065903980238 -1.1178061615396472e-05 0.00031181793584970506 0.00010395150283033066 -0.00026216099805132035 0.00018212547826636902 -0.00010252346122992537 -0.00013438635640617059 -0.00012019292389426773 7.7631174522417245e-05 9.0838668812031852e-05 -1.8899277578608617e-05 -8.0601856223919046e-05 7.2320324112133466e-05 -9.0762262727501426e-05 -0.00023245751278566925 2.8935268390317294e-06 6.0512925341937886e-05 0.00017086451099946484 -6.7048952989221729e-05 -0.00011634280002322713 -0.00015628228109921299 -8.9843120454531017e-06 -0.00014210834926102554 -9.3092189304506525e-06 7.8340367358172007e-07 -0.00019540412785985217 -0.00018086937958238953 -0.00025284112891814299 -9.2055026252699693e-05 -0.00013252408384416213 -7.5179369341781788e-05 -0.00021853700148602938 -0.00020952603110220547 -0.00011353185374932274 -0.00010133348881589567 -2.7910674870718125e-06 -0.00010076047110020425 -0.00033354128076149145 -4.0009227489463833e-05 -9.085961057037813e-05 -0.00011761182888852846 -0.00016402103617050307 -0.00011470118636413945 -2.6428339816628756e-05 -0.00019660533138839053 -0.00018528316029983087 -0.00021824204828118992 -0.00024999357003297466 -0.00021465215088197051 -0.00032224467397094601 -0.00020604962018746294 -0.00024485096377951932
leaf_weight=52 46 65 51 46 53 56 46 53 70 63 53 49 47 56 55 65 50 46 57 46 52 56 46 52 49 53 69 63 48 46 74 54 83 56 46 49 82 82 46 55 70 79 64 88 47 49 51 69 46 85 49 52 75 90 49 53 54 81 61 65 66 48 48 84 52 51 49 46 53 82 49 53 46
leaf_count=52 46 65 51 46 53 56 46 53 70 63 53 49 47 56 55 65 50 46 57 46 52 56 46 52 49 53 69 63 48 46 74 54 83 56 46 49 82 82 46 55 70 79 64 88 47 49 51 69 46 85 49 52 75 90 49 53 54 81 61 65 66 48 48 84 52 51 49 46 53 82 49 53 46
internal_value=-1.71699e-06 -3.05012e-05 -4.72536e-05 -3.3814e-05 -7.13265e-05 0.000426876 -1.68035e-05 0.00032492 -4.49529e-05 -0.000169299 0.00024898 6.35626e-05 -5.28634e-05 0.000354479 -7.78096e-05 -1.41633e-05 3.76428e-05 0.000110991 -4.7661e-05 0.000121628 4.79018e-05 0.000102188 0.000145176 0.000203591 -0.000114269 -4.55515e-05 2.158e-05 -7.20445e-05 -6.64633e-05 -2.13699e-05 3.2338e-05 -0.000139072 -8.78797e-05 -6.84145e-05 -1.37647e-06 -8.70935e-05 1.92427e-05 3.7976e-06 5.0505e-05 9.18578e-06 -5.23937e-05 -0.000151511 -0.000104537 -9.56985e-05 -9.93428e-05 -6.76811e-05 -0.000125372 -0.00012067 -0.000163344 -0.000148461 -0.000172355 -0.00014092 -0.000156268 -0.000147249 -0.000134376 -9.97785e-05 -5.60396e-05 -6.05815e-05 -0.00025176 -8.71166e-05 -0.000143054 -0.000177331 -0.000102812 -0.000162823 -7.21533e-05 -0.000230035 -0.000143011 -0.000175792 -0.000297097 -0.000187103 -0.00024469 -0.000259891 -0.000287579
internal_weight=4290 4238 4173 4127 3817 310 2453 254 1817 1364 201 636 1764 109 1072 692 261 116 588 92 590 203 147 98 484 431 122 309 203 145 121 1000 197 467 102 365 387 335 183 137 152 803 308 142 244 99 134 197 661 281 196 147 615 540 450 205 103 145 364 128 163 97 148 245 100 250 102 95 114 161 199 148 95
internal_count=4290 4238 4173 4127 3817 310 2453 254 1817 1364 201 636 1764 109 1072 692 261 116 588 92 590 203 147 98 484 431 122 309 203 145 121 1000 197 467 102 365 387 335 183 137 152 803 308 142 244 99 134 197 661 281 196 147 615 540 450 205 103 145 364 128 163 97 148 245 100 250 102 95 114 161 199 148 95
is_linear=0
shrinkage=0.0243204


Tree=20
num_leaves=70
num_cat=0
split_feature=6 70 27 56 56 58 56 56 84 0 20 3 8 51 9 7 78 33 0 6 11 37 23 32 33 39 85 35 35 6 6 56 32 78 77 20 19 32 72 32 24 50 63 52 45 75 72 76 63 72 85 23 22 31 6 38 56 64 22 85 86 51 51 17 58 58 3 40 24
split_gain=0.455483 0.0926613 0.0963515 0.0959867 0.0347197 0.0156769 0.00946827 0.00618369 0.00611448 0.00424468 0.0029157 0.00251885 0.00217063 0.00237172 0.00196611 0.00189928 0.00144944 0.00150086 0.00150743 0.00141376 0.00139434 0.00139383 0.00134868 0.0013496 0.0013114 0.00252723 0.00160695 0.00148689 0.00130572 0.00128829 0.00159794 0.00129887 0.00120849 0.0012013 0.00118713 0.00113234 0.00112877 0.00102505 0.00101152 0.000966803 0.00113187 0.00103366 0.000960646 0.00154138 0.00103397 0.00194449 0.000952803 0.00092129 0.000889749 0.000854444 0.000780659 0.000644441 0.00116307 0.000559676 0.000820433 0.000652831 0.000540057 0.000489901 0.000445065 0.000368018 0.000341914 0.000773397 0.000338215 0.000287142 0.000275344 0.00025212 0.000202839 0.000200919 0.000104521
threshold=-0.062942387244558931 44.020000457763679 1.7610489856303182 49.260000228881843 33.174999237060554 60.770000457763679 39.354999542236335 24.32499980926514 3.5000000000000004 21.860000610351566 -0.0070223458782265992 -0.037680328914750393 40.727980688051581 7.3954552850673858 -0.54824814200764738 -0.029042767051510647 50.276341602896331 0.0067744715383506009 49.375000000000007 0.0046752409757559506 0.72806756691439911 -1.9531121975312826 -0.060764435536909842 -0.007645745524177649 -0.00072692925571399985 0.62739967576430411 6.5000000000000009 0.0054750960628969511 0.013067433429635402 0.013606287724437002 -0.0036575748175444495 43.204999923706062 0.0045805838700566509 51.838818603512031 -0.016475666299659599 -0.0020635125961153996 0.0015712112961513002 0.0084943479260689032 18.445000648498539 0.0010502049642414503 0.13917365217947972 64.003844986657086 -0.0019930790661234496 41.681245592652424 -0.00086042663080434991 0.00130038943713865 17.974999427795414 0.0034486611944762502 -0.011841854646067499 16.835000038146976 8.5000000000000018 -0.10604888498875613 38.920116564561582 -0.00030445572047469994 -0.0021550943816788493 3.4401800107018254 31.085000038146976 45.850642589566682 59.419191602068516 7.5000000000000009 0.00080680569761336959 15.738202395544592 21.849444711323034 -0.0027068756349469497 21.170000076293949 27.795000076293949 0.0053622893717086006 1298.905001831055 0.12027273685274782
decision_type=8 10 10 10 8 10 10 10 2 2 10 10 10 10 10 10 8 10 2 10 10 10 10 10 10 10 2 10 10 10 10 10 10 10 10 10 10 10 10 10 10 10 10 10 10 10 10 10 10 10 2 8 10 10 10 10 10 10 10 2 10 10 10 10 10 10 10 10 10
left_child=-1 2 -2 4 7 8 9 57 10 -6 -5 -11 13 33 15 -13 17 42 -19 -12 21 34 51 -24 25 26 -17 36 29 30 31 -14 47 -8 -9 -32 -26 39 48 41 -41 56 43 44 45 -16 -34 -25 62 -44 -31 52 -18 55 -55 -46 -23 67 -49 -36 65 -62 -22 -20 68 -50 -56 -4 -59
right_child=1 -3 3 5 6 -7 12 20 -10 11 19 14 28 -15 16 24 22 18 63 -21 38 37 23 32 27 -27 -28 -29 -30 50 35 -33 46 -35 59 -37 -38 -39 -40 40 -42 -43 49 -45 53 -47 -48 58 60 -51 -52 -53 -54 54 66 -57 -58 64 -60 -61 61 -63 -64 -65 -66 -67 -68 -69 -70
leaf_value=0.0021826204186499738 -0.0010815198745857374 0.00084565931648451591 -0.00033039332977925399 0.00031845207764233347 0.000168231338781349 0.00068406333753096135 -6.4088630927455407e-06 -8.7951957637576292e-05 0.0005029458275381299 9.7913986004336117e-05 0.00021175706720444942 0.00011629347171077196 -3.4172397276620608e-05 0.00028957358657199779 -8.8577174365162055e-05 5.4909762156438945e-05 -0.0001213909652295984 -5.0522204784003071e-05 -0.00014704726346319153 3.4827483541338199e-05 -0.0002658205773044042 -9.5864450461390305e-05 0.00010415426707107961 -2.9878857618201516e-06 -9.8047218948803659e-05 0.00017449098958326951 -0.00012476737427378321 -0.00017076848032292785 -5.3571978186529226e-05 4.5177892633307911e-05 0.00022017587763744335 0.00010089544318933641 -3.6875925137767787e-05 0.00016559094006553986 -0.00016641128830781904 7.9043902299853833e-05 3.6443298732256248e-05 -0.00017365105899950971 -8.0082753041985278e-05 7.3852627166761582e-05 -7.7053359502388317e-05 -0.0001939632606496321 -5.8320767890821619e-05 4.9621232481248023e-05 1.5767489638782092e-05 9.8884342522352709e-05 0.00010807124248010932 -5.6472110275251079e-05 -0.00021778424397222301 -0.00020010818332345137 -7.2080668150542964e-05 -0.00015875812934749935 2.5313485264852993e-05 -5.733965784967352e-05 -0.00012893608074966996 -0.00010047750836956145 4.8561424347150808e-06 -0.00020842507657279136 -0.00016003128545540648 -0.00025627618886036143 -5.7411921016030189e-05 -0.00018870400753627357 -0.0001784296983421632 -0.00022359636407163851 -0.00016850085367874849 -0.00013685140618280973 -0.00020745462752930999 -0.00025847090539562567 -0.00027681123878251586
leaf_weight=55 51 70 68 86 57 74 47 91 56 71 55 65 77 49 80 58 71 74 67 52 84 90 56 84 67 47 58 57 66 88 69 91 50 48 79 68 80 56 68 55 61 46 50 77 47 54 56 48 61 52 53 51 57 65 46 71 48 46 53 52 58 50 53 70 48 49 48 87 56
leaf_count=55 51 70 68 86 57 74 47 91 56 71 55 65 77 49 80 58 71 74 67 52 84 90 56 84 67 47 58 57 66 88 69 91 50 48 79 68 80 56 68 55 61 46 50 77 47 54 56 48 61 52 53 51 57 65 46 71 48 46 53 52 58 50 53 70 48 49 48 87 56
internal_value=2.4459e-06 -2.59626e-05 -4.0598e-05 -2.76295e-05 -6.14549e-05 0.000374441 -9.09236e-06 -0.000163332 0.000280168 -3.67616e-05 0.000213373 -4.32312e-05 7.04354e-05 0.000153591 -4.89788e-05 -3.89896e-06 -6.36403e-05 -8.42307e-05 -0.000139868 0.000126846 -0.000133888 -0.000108965 -3.21877e-05 -4.15409e-06 -2.54347e-05 2.59154e-05 -3.52047e-05 -6.6399e-05 4.68047e-05 6.17432e-05 8.97738e-05 3.91398e-05 -2.52717e-05 8.12664e-05 -0.000156824 0.00015116 -2.50849e-05 -7.87786e-05 -0.000167621 -6.05729e-05 -5.47617e-06 -9.50959e-05 -6.41387e-05 -4.97666e-05 -6.84606e-05 -1.28613e-05 3.99711e-05 -6.26724e-05 -0.000184127 -0.000131795 9.07547e-07 -8.62176e-05 -5.63494e-05 -9.52175e-05 -0.000124991 -5.44126e-05 -6.10309e-05 -0.000259246 -0.000111811 -0.000203681 -0.000152226 -0.000119321 -0.000233483 -0.000187439 -0.000223919 -0.000183223 -0.000170717 -0.000291853 -0.000248191
internal_weight=4348 4293 4223 4172 3849 323 2543 1306 249 1887 193 1830 656 144 1759 432 1327 801 211 107 1001 578 526 347 367 163 116 204 512 446 305 168 291 95 222 137 147 356 423 300 116 184 590 488 411 134 106 185 355 102 141 179 128 277 159 118 138 305 101 131 218 108 137 137 150 110 94 155 102
internal_count=4348 4293 4223 4172 3849 323 2543 1306 249 1887 193 1830 656 144 1759 432 1327 801 211 107 1001 578 526 347 367 163 116 204 512 446 305 168 291 95 222 137 147 356 423 300 116 184 590 488 411 134 106 185 355 102 141 179 128 277 159 118 138 305 101 131 218 108 137 137 150 110 94 155 102
is_linear=0
shrinkage=0.0243204


Tree=21
num_leaves=72
num_cat=0
split_feature=6 25 56 2 56 56 37 58 56 67 4 4 64 38 84 11 55 52 44 6 18 3 52 11 54 11 33 43 21 65 3 12 15 37 19 86 34 10 25 77 72 76 38 40 63 73 33 74 53 64 60 55 74 19 1 43 52 2 61 17 64 34 51 19 86 28 10 51 40 30 18
split_gain=0.433966 0.0907308 0.160479 0.0439325 0.0377279 0.01532 0.00771549 0.00610597 0.00575776 0.00543675 0.00506867 0.00386905 0.00287616 0.00263965 0.00241456 0.00292365 0.0024043 0.00249823 0.00280961 0.00263621 0.00233224 0.00201558 0.00190157 0.00189657 0.00164976 0.00138682 0.00138477 0.00163456 0.00131701 0.00129472 0.00123194 0.0012316 0.00119693 0.00119064 0.00115493 0.00111564 0.001092 0.00108743 0.00112338 0.00107485 0.000973962 0.000956289 0.000937287 0.00114002 0.000910976 0.000837312 0.00085882 0.000807608 0.00080687 0.000767926 0.000700554 0.000694673 0.000656155 0.000671347 0.000645429 0.000644889 0.000557211 0.000532408 0.000506829 0.000591324 0.000454556 0.000451721 0.000419706 0.000377672 0.000378851 0.000356958 0.000283087 0.000279582 0.000261959 0.000229527 1.01041e-05
threshold=-0.062942387244558931 1.1595755953252793 52.469999313354499 32.135000228881843 33.174999237060554 42.444999694824226 1.4792096096150831 63.82500076293946 24.32499980926514 1.0004676468345302 -0.042186233915281597 -0.004494379661184599 62.156128422739293 22.679505563392322 1.0000000180025095e-35 0.7521648420145407 5911.2520265945977 29.356130762529308 1231.7500000000002 -0.020852292837634945 -0.019308491587054794 0.0089867274579184513 36.249057317122656 0.36982187124731586 1309.3500000000001 0.72806756691439911 -0.0043337796324082996 1121.3750000000002 0.004792476448181501 -0.99130200302751348 -0.014693389858368799 27.303000020980839 2.9574999809265141 -1.9531121975312826 -0.0015627375435471999 -0.0022725530835560159 0.0035666819388160006 1.0275445615901111 0.33813906661019499 -0.016475666299659599 18.445000648498539 0.017680720638353655 19.024946161050945 1348.4024993896487 -0.011841854646067499 0.03857627307711186 0.0023530701811486504 -0.0051727114289068987 0.52908549345195521 46.059290504382538 -0.0082417752287809991 1077.1391043513895 0.010538799929356302 0.0152744453007138 58.295000076293952 1421.7500000000002 15.605723675856188 60.565000534057624 -0.00066562782516139984 -1.0000000180025095e-35 47.261469277207908 0.0012725027717003501 3.5794338686235965 -0.019924711708880046 0.00080680569761336959 1540.0000000000002 1.6754323277803358 20.191236150590047 1300.3350067138674 1313.7500000000002 -0.00046274934655399994
decision_type=8 10 10 2 8 10 10 10 10 10 10 10 10 10 2 10 10 8 10 8 10 10 10 10 8 10 10 10 10 8 10 10 10 10 10 10 10 2 10 10 10 10 10 10 10 8 10 10 8 10 10 10 10 10 2 10 10 2 8 10 10 10 10 10 10 10 2 10 10 8 10
left_child=-1 2 4 -4 8 10 11 -8 60 13 -6 -5 14 20 32 16 17 18 26 -19 23 22 50 -7 66 33 27 -16 37 -21 -31 -17 -12 39 -30 62 54 -28 -39 -10 44 -32 43 58 67 51 -47 -15 -37 -44 -22 -33 55 61 -26 57 -50 -53 59 -35 68 -54 -34 -46 -65 -41 -20 -27 -2 -62 -70
right_child=1 -3 3 6 5 9 7 -9 25 -11 12 -13 -14 47 15 31 -18 19 24 29 21 -23 -24 -25 36 40 28 -29 34 30 41 45 35 42 -36 48 -38 38 -40 65 -42 -43 49 -45 63 46 -48 -49 56 -51 -52 52 53 -55 -56 -57 -58 -59 -60 -61 69 -63 -64 64 -66 -67 -68 -69 70 -71 -72
leaf_value=0.0021304406029528772 -0.00031739826323757528 -0.00098114369578381259 0.0012231068637364505 0.00013232241498090694 0.00021322610348178963 0.00033345047943299764 0.00039037063874110034 0.00073942838469020459 -8.5114400381501891e-05 0.00036240134225500476 -1.1552311170896554e-05 0.00042414195705128138 0.00012587358229197796 -6.7152631890784702e-05 -1.9305109828151708e-06 3.4090618493869002e-05 -0.00015183236300281606 0.0002247128931644173 -0.00010381255276264175 -8.1466395204419817e-05 0.00013908446154488812 -1.5177326937496924e-05 0.00023594487952132041 0.00012710789337867608 -1.725535399962482e-05 -0.00026147563333039757 -0.00011954713443840276 0.00018160886572665346 -2.1413018868756289e-05 0.00015246411120007543 6.5922953223075122e-05 -2.4168985362603855e-05 -0.00023670581451114511 1.9139145767747696e-05 0.00012574001180064537 -2.9949480209815073e-05 5.6679626481219431e-05 -6.7028201730489392e-05 8.7429890033143763e-05 -0.00016092388967528241 -7.8161974452955256e-05 -7.0047521782904239e-05 -0.00017572555941867011 5.6970920505745817e-05 -0.00020993843577429348 -9.0387148354525944e-05 5.5247744898584236e-05 6.5257890208267563e-05 -0.00017913500282387836 -5.1264892541867796e-05 1.4704127376859852e-05 -0.0001262642949937023 -0.00016377020458284184 3.3801008797988617e-06 -0.00012200432812281086 -9.0375357151063025e-05 -6.8866973530881182e-05 -0.00023658859922301838 -0.00012061607700640289 -9.7128461052065987e-05 -0.00024007715586197659 -5.6461313005744283e-05 -0.00012889696771737597 -0.00016725763518657028 -9.3510682931986222e-05 -0.00025084188622681174 -0.00018870149052405103 -0.00018350116832682771 -0.00026741182021462886 -0.00016297947394309527 -0.00021638029197447337
leaf_weight=55 80 57 46 66 49 47 79 52 90 48 80 46 63 64 55 57 60 50 46 47 46 83 63 63 70 80 72 59 60 58 87 61 49 51 65 90 56 62 49 81 68 46 82 47 48 48 46 46 59 47 63 58 46 46 69 85 53 54 83 51 80 49 46 85 90 48 59 62 49 47 46
leaf_count=55 80 57 46 66 49 47 79 52 90 48 80 46 63 64 55 57 60 50 46 47 46 83 63 63 70 80 72 59 60 58 87 61 49 51 65 90 56 62 49 81 68 46 82 47 48 48 46 46 59 47 63 58 46 46 69 85 53 54 83 51 80 49 46 85 90 48 59 62 49 47 46
internal_value=2.38606e-06 -2.53433e-05 -1.22644e-05 0.000539979 -5.28204e-05 3.40209e-07 0.000406394 0.000533267 -0.000159146 0.000118045 -2.88883e-05 0.000254748 -3.47435e-05 9.26746e-05 -3.98686e-05 -2.69349e-05 -3.49314e-06 5.45272e-06 -1.87104e-05 6.58939e-05 0.000124077 8.31655e-05 0.00013045 0.000217384 -7.54927e-05 -0.000131134 2.17328e-05 9.37676e-05 -5.13294e-06 3.17628e-05 5.98961e-05 -7.24532e-05 -9.52355e-05 -0.000106192 5.54707e-05 -0.000117664 -3.3328e-05 -4.66069e-05 1.31096e-06 -0.000150989 -0.000164236 1.87249e-05 -7.86888e-05 -4.91293e-05 -0.000180024 -8.48155e-05 -1.92694e-05 -1.16875e-05 -8.46543e-05 -0.000131094 6.79528e-05 -0.000100173 -0.00011378 -7.29182e-05 -6.97357e-05 -0.00014253 -0.000127983 -0.000181009 -7.62432e-05 -3.93456e-05 -0.000252397 -0.00010954 -0.000186309 -0.000148066 -0.000130047 -0.00019598 -0.000152787 -0.000228885 -0.000279694 -0.000212976 -0.000245102
internal_weight=4348 4293 4236 289 3947 2632 243 131 1315 523 2109 112 2060 475 1997 1620 1070 1010 722 288 365 255 172 110 300 1013 422 114 308 238 191 550 377 580 125 297 195 183 111 219 433 133 361 232 365 493 94 110 202 129 109 399 338 141 139 197 112 112 185 102 302 95 95 223 175 129 105 142 175 127 95
internal_count=4348 4293 4236 289 3947 2632 243 131 1315 523 2109 112 2060 475 1997 1620 1070 1010 722 288 365 255 172 110 300 1013 422 114 308 238 191 550 377 580 125 297 195 183 111 219 433 133 361 232 365 493 94 110 202 129 109 399 338 141 139 197 112 112 185 102 302 95 95 223 175 129 105 142 175 127 95
is_linear=0
shrinkage=0.0243204


Tree=22
num_leaves=69
num_cat=0
split_feature=80 56 32 58 56 67 3 56 50 57 79 12 56 47 45 32 24 4 66 8 85 85 78 32 9 61 3 49 31 47 21 45 3 12 10 35 45 20 20 84 4 3 51 51 7 33 57 10 5 83 75 8 31 3 62 79 82 25 22 17 56 23 32 80 77 46 22 35
split_gain=0.372755 0.0995717 0.112147 0.0755759 0.0247807 0.0119272 0.00521372 0.00513363 0.00401826 0.00325779 0.00321318 0.00256534 0.00252467 0.00241682 0.00189779 0.00187557 0.00183319 0.00164071 0.00163914 0.00169232 0.00157742 0.00154951 0.00152334 0.00320664 0.00144067 0.00190572 0.00138535 0.00134695 0.00132733 0.00131682 0.00141969 0.00121473 0.00121432 0.00104534 0.00165084 0.00152654 0.00104795 0.000903226 0.000936042 0.000902735 0.000850563 0.000841539 0.000833212 0.000829242 0.000790212 0.000762735 0.000724105 0.000838168 0.00073074 0.000640128 0.000542168 0.000491665 0.000681116 0.0006149 0.000600691 0.000466489 0.000458174 0.000445341 0.000417371 0.000376264 0.000375698 0.000347286 0.00027434 0.000240228 0.000191533 0.000168389 0.000158964 0.000175835
threshold=7.421839751323418 45.145000457763679 -0.017590899257738397 62.149999618530281 30.795000076293949 0.89795778658357206 -0.047316847856554441 39.264999389648445 47.68647128816243 52.584999084472663 -1.0071446996750753 26.230250024795538 24.664999961853031 1.0000000180025095e-35 -0.01251838843849455 -0.0074993007968062993 0.20793144950304907 -0.019533801640039445 3.9952159710703024 59.619437224336188 9.5000000000000018 6.5000000000000009 46.673740776113569 -0.012643109108620898 -0.76429845521807838 0.036186260565918608 0.017116192343476853 -0.0039354486256913991 -0.0016732923271928497 -0.005849203771680799 -0.011282459774144498 0.0021456048200027005 0.00026101160204000006 58.075000381469742 1.7549149818716485 0.0067744715383506009 -0.0049365436911406992 0.004792476448181501 -0.019916866421571745 2.5000000000000004 0.0022050157067148002 0.0033264958878376507 6.0493846500263553 11.0250323699986 -0.012495023727623398 0.0012725027717003501 36.550001144409187 1.8860629973174403 0.0035055178047521504 18.433277956806961 0.011627895962725452 54.472053139612733 -0.0031205554630305997 -0.0087668101482692978 0.0033496803400736006 -0.12503523947010103 12.21699995994568 0.77292651485870756 44.190348671860725 0.0033636833025334502 21.755000114440922 0.016244792103554853 0.0033823004223140505 1.8152557764348847 -0.0067762282725717989 -1.0000000180025095e-35 42.779022272426623 0.0022611468539731005
decision_type=10 10 10 10 8 10 8 10 10 10 10 10 10 8 10 8 10 10 10 10 2 2 10 10 10 10 10 10 8 10 10 10 10 10 2 8 10 10 10 2 10 10 10 10 10 10 8 2 10 10 10 10 10 10 10 10 10 10 10 10 10 10 10 10 10 10 10 10
left_child=1 4 -3 5 12 8 -6 11 9 -4 16 13 55 -8 -9 22 -10 28 19 20 31 -12 57 50 25 27 29 -19 -17 30 -26 -16 -32 34 35 42 -35 38 -29 -30 -20 49 59 -23 -28 -44 62 64 -49 51 -24 52 -14 -54 -53 65 -43 58 -13 -31 -57 -46 -38 66 -48 -1 -58 -68
right_child=-2 2 3 -5 6 -7 7 14 10 -11 21 15 41 -15 18 17 -18 24 40 -21 -22 43 23 -25 26 -27 44 37 39 33 32 -33 -34 36 -36 -37 46 -39 -40 -41 -42 56 45 -45 61 -47 47 48 -50 -51 -52 54 53 -55 -56 60 63 -59 -60 -61 -62 -63 -64 -65 -66 -67 67 -69
leaf_value=-0.00021543703567756251 0.0019204707689506185 -0.00088495899142396813 0.00015412375764886304 0.0010127406835124784 0.00021782783183753543 0.00049571108414144991 0.00015198671987231741 0.00016654139986048961 0.00011801998840983863 0.0003823926312228341 0.00015128245427271662 -3.7660992347280983e-05 -3.785749710509091e-05 -5.2658007990066511e-05 6.6954378861436482e-05 6.8781034875227778e-05 0.0003378706574747045 9.8011892184113705e-05 1.0484707536596332e-05 -4.7830486719427106e-05 -6.4994891265876909e-06 6.5843771475288126e-05 3.0471092356380129e-06 0.0001546524338436131 -0.00011253897554109442 -0.00016549250213586771 -6.3584302132068462e-05 -7.4015703006687298e-06 -4.5828799907129948e-07 -0.0001916450099536125 8.9744277305053608e-05 0.00021838868151814817 -6.2141781547584828e-05 -4.5171511974033879e-05 6.4679110754557986e-05 1.666905668476863e-05 -0.00020786143849048106 3.1234750732377488e-05 -0.0001535531281306934 -0.00012083678925385248 -0.00012107980920822714 -0.00010660814917309509 -0.00012132158008226155 -7.1803816371212103e-05 -0.00021666608712589389 2.1166975182299763e-06 -0.00011836486913288332 -0.0001228219267085233 1.4081860932586775e-06 -3.7911150088391432e-05 -0.00011435158514815412 -0.00021070476366882038 -0.00020302668448241845 -8.2121278156986751e-05 -0.00010256908412868247 -0.00023307609592623538 -0.00024926586867164404 -5.4485015280928103e-06 -0.00013686393144648844 -0.00010032565760987787 -0.00015075617966396189 -0.00013936229196989016 -0.00013840416772327435 -0.00015173643067087323 -0.00019223225273085596 -0.00028086094327246889 -0.00016295218626623454 -0.00022734403251152728
leaf_weight=55 58 46 72 86 46 84 65 55 46 80 56 46 57 70 71 78 46 58 53 79 72 48 46 78 69 51 48 51 82 76 71 57 54 91 50 68 87 69 52 66 63 48 66 54 76 53 47 55 56 46 46 85 51 52 52 89 53 51 57 47 66 80 72 79 52 123 82 55
leaf_count=55 58 46 72 86 46 84 65 55 46 80 56 46 57 70 71 78 46 58 53 79 72 48 46 78 69 51 48 51 82 76 71 57 54 91 50 68 87 69 52 66 63 48 66 54 76 53 47 55 56 46 46 85 51 52 52 89 53 51 57 47 66 80 72 79 52 123 82 55
internal_value=-2.9234e-07 -2.66748e-05 0.000258698 0.000351989 -7.4745e-05 0.000233314 -3.62641e-05 -4.0779e-05 0.000177442 0.000275903 0.000116755 -5.61877e-05 -0.000178466 4.62416e-05 3.39632e-05 -6.29551e-05 0.000230288 -7.30347e-05 1.51448e-05 4.70587e-05 8.45937e-05 4.96577e-05 -9.23082e-06 4.08544e-05 -8.22397e-05 -3.24526e-05 -9.36908e-05 -2.3882e-06 -1.18873e-05 -8.19101e-05 -2.47744e-05 0.000135511 2.41481e-05 -9.53821e-05 -6.40549e-05 -8.49559e-05 -0.000119714 -3.66025e-05 -8.1926e-05 -5.45759e-05 -6.13639e-05 -0.000150475 -0.000113469 -7.00928e-06 -0.000151591 -6.67561e-05 -0.000137931 -0.000107359 -6.06593e-05 -0.00012332 -5.62115e-05 -0.000136382 -0.000106192 -0.000143306 -0.000170658 -0.000233354 -0.000179397 -6.44373e-05 -9.3319e-05 -0.000157796 -0.000199163 -0.000178114 -0.000177425 -0.00019196 -0.000158634 -0.000261904 -0.00020784 -0.000190199
internal_weight=4349 4291 618 572 3673 486 2680 2634 402 152 250 2184 993 135 450 2049 92 1725 395 279 200 158 324 170 1499 281 1218 230 226 1014 194 128 125 820 360 310 460 172 103 148 116 660 242 102 204 119 369 210 111 343 92 297 160 103 137 333 317 154 103 123 155 156 159 269 99 178 190 137
internal_count=4349 4291 618 572 3673 486 2680 2634 402 152 250 2184 993 135 450 2049 92 1725 395 279 200 158 324 170 1499 281 1218 230 226 1014 194 128 125 820 360 310 460 172 103 148 116 660 242 102 204 119 369 210 111 343 92 297 160 103 137 333 317 154 103 123 155 156 159 269 99 178 190 137
is_linear=0
shrinkage=0.0243204


Tree=23
num_leaves=75
num_cat=0
split_feature=3 56 46 57 56 56 37 56 73 12 56 82 51 84 1 25 47 58 75 66 10 1 21 4 8 74 84 10 69 46 34 47 41 45 4 34 37 49 3 34 54 11 38 10 38 79 3 12 35 12 58 52 32 10 14 83 4 32 8 86 3 36 23 82 51 45 4 41 25 22 79 20 59 64
split_gain=0.364047 0.105529 0.10661 0.111427 0.0223667 0.0145571 0.00743223 0.00448326 0.00444005 0.00266993 0.00240366 0.00230573 0.00222962 0.0022136 0.00229693 0.00213088 0.001987 0.00184577 0.00201087 0.00181671 0.00174945 0.0016661 0.00196292 0.00165007 0.00164063 0.00157807 0.00145441 0.00167643 0.00173358 0.00138102 0.00137075 0.00134041 0.00146355 0.00133379 0.00133264 0.00131037 0.00129925 0.00161874 0.00140691 0.00117414 0.00111883 0.000927218 0.00084631 0.00082813 0.000947601 0.000804384 0.000801675 0.00080153 0.000795289 0.000776613 0.000772566 0.000739521 0.000818701 0.000867487 0.000614673 0.000609752 0.000475695 0.000486938 0.000468104 0.000662853 0.00058042 0.000461801 0.000452296 0.000436315 0.000393388 0.000349949 0.000280359 0.000251359 0.000232631 0.000247709 0.000205978 0.000182004 0.000154679 1.42191e-05
threshold=-0.064179185308716941 45.145000457763679 0.024218062172185553 78.014999389648452 30.795000076293949 52.469999313354499 3.6165943256020232 39.264999389648445 -0.014473040959147098 58.075000381469742 24.664999961853031 28.57699980735779 -32.554792146545417 1.0000000180025095e-35 26.760000228881839 0.16168631050689247 0.00058414489264390008 34.625000000000007 0.058763475097739555 4.1883692899744611 1.6328300309047874 72.509998321533217 -0.0013292880995013998 -0.018533782853272795 43.776133539347796 -0.033448307041940691 2.5000000000000004 1.0821626525554426 33.933953405285294 0.00076159119173010005 0.00095411651532660016 -0.0047115998992420492 1167.2901894653451 -0.00031239081574119997 0.0008476009752245501 -0.0049915266551795994 4.2708273990184589 0.0029927099645475504 0.00026101160204000006 0.0011940677342174002 2070.8187500000008 0.82538136232890291 2.7136895865740165 1.9299806932579553 9.1178371039670392 -0.26466629527425833 0.0033264958878376507 94.355249977111811 0.00051633551438085002 28.705749893188479 41.004999160766609 14.366877138103764 -0.00054492947934219993 2.2590969872818856 4.8745000362396249 18.433277956806961 -0.0087284937192042486 0.0021398414274880506 54.472053139612733 -0.0015238134032448953 -0.0099715642469889992 36.760834250663329 -0.022414638208458397 12.21699995994568 3.7915024882530024 -0.00022356535070599997 0.00064712381520000016 1300.6658197650743 0.31939500468706356 58.301952324734962 0.057334829433159457 0.0008447632528143001 0.029309397238377954 44.971595690775771
decision_type=8 10 10 10 8 10 10 10 10 10 10 10 10 2 2 10 10 10 8 10 2 2 10 10 10 8 2 2 10 10 8 10 10 10 8 10 8 8 10 10 10 10 10 2 8 10 10 10 10 10 10 10 10 2 10 10 10 10 10 10 10 10 10 10 10 10 10 10 10 10 10 10 8 10
left_child=-1 4 3 5 10 11 40 9 -8 13 61 12 -3 20 16 -14 -15 18 41 21 54 22 -9 -19 -17 -20 27 49 30 -26 35 -23 -33 -25 -21 -29 38 -38 45 -35 -7 43 -40 44 56 -28 55 51 -32 -16 -24 -45 -53 -54 -6 58 -11 -58 59 -12 -61 -2 -44 -48 -43 -66 -60 73 -65 71 -69 -70 -46 -63
right_child=1 2 -4 -5 7 6 8 19 -10 17 46 -13 15 14 26 24 -18 23 25 34 -22 31 50 33 29 -27 36 28 -30 -31 48 32 -34 39 -36 -37 37 -39 42 -41 -42 64 62 47 72 -47 63 -49 -50 -51 -52 52 53 -55 -56 -57 57 -59 66 60 -62 67 -64 68 65 -67 -68 70 69 -71 -72 -73 -74 -75
leaf_value=0.0019488155250763127 -0.00016192509094302152 0.00033230930177123911 -0.0008143605205795779 0.0013893399786022349 -0.00018059677457224875 0.00016612063237955062 0.00038767011632737108 2.4092458179095734e-05 0.00072817197585812435 -0.00015318986162005344 -3.8026161794157294e-05 3.0516830065707898e-05 7.2389278787933556e-06 0.00019188015113855649 3.1747868738525236e-06 0.00029497976295265419 -1.1990192712225203e-05 0.0001082092060118018 -0.0001127877726734672 3.8579981013507127e-05 3.1704977245294988e-05 9.6834072146325035e-05 0.00011447248263704312 2.0953127725476829e-05 0.00022290367067556501 6.4756472590429208e-05 5.5333381526667586e-05 5.1108658102118061e-05 -6.5650558773327558e-05 4.4459975459586216e-05 8.4027028480198452e-05 -0.00014882514150577723 3.6911641763795432e-05 -0.00019261887188712067 -0.00011520031377550128 0.00022510031545612246 0.00010399254494962123 -8.9689873699812031e-05 -0.00020667782209961237 -3.8451615174591756e-05 0.00033986481659409388 -0.0001007471459714292 -3.1676989251965805e-05 3.6975619542572441e-05 -0.00015355695243923602 -7.2958119208065092e-05 -0.00010406577993767075 -0.00014407058480991709 -5.5403895161319118e-05 -0.00011158630920221219 0.00025746533484198445 -1.1988949162923078e-05 -0.00016576034783865348 -3.6258142708959929e-05 -8.0599973615678346e-05 -3.700781402091201e-05 -6.3897234177986692e-07 -0.00011200877902969695 -0.00011496753388574097 -0.00020225760633031187 -8.3430252441940784e-05 -0.00030356560311985381 -0.00013508530224400514 -0.00022265548339014924 -0.00012877696185431957 -0.0002166561262416481 -0.00019286450063209283 -0.00024149762846323945 -0.00017867497954994764 -0.00021294683942981718 -0.00017608122540219205 -0.00011455067804064343 -0.00022612630896347167 -0.00024708431139489702
leaf_weight=55 61 48 49 55 88 47 50 83 49 46 59 76 49 57 63 57 55 46 48 60 46 55 48 87 49 74 47 51 64 54 46 47 52 50 73 52 55 46 58 70 47 52 46 46 48 72 48 69 49 77 46 86 70 55 66 46 46 46 48 48 53 48 56 88 50 78 89 113 60 58 59 63 46 52
leaf_count=55 61 48 49 55 88 47 50 83 49 46 59 76 49 57 63 57 55 46 48 60 46 55 48 87 49 74 47 51 64 54 46 47 52 50 73 52 55 46 58 70 47 52 46 46 48 72 48 69 49 77 46 86 70 55 66 46 46 46 48 48 53 48 56 88 50 78 89 113 60 58 59 63 46 52
internal_value=-2.86447e-07 -2.5678e-05 0.000264842 0.000357043 -7.5687e-05 0.000246788 0.00041449 -3.90198e-05 0.000561537 -5.34639e-05 -0.000174183 0.000148685 0.000183385 -2.64471e-05 -1.00401e-05 0.000147827 9.24989e-05 -7.99734e-05 -9.6948e-05 2.965e-05 -9.93872e-05 6.01098e-05 0.000110797 -2.21223e-05 0.000190578 -5.42137e-06 -2.48217e-05 7.42729e-06 4.36891e-05 0.000130623 7.91809e-05 1.52405e-06 -5.1834e-05 -5.1452e-05 -4.60373e-05 0.000140214 -5.88737e-05 1.57575e-05 -8.58559e-05 -0.000103706 0.000255537 -0.000112051 -0.000132751 -9.62441e-05 -0.000131439 -2.22434e-05 -0.000146871 -7.08847e-05 1.22637e-05 -6.02641e-05 0.000186336 -5.0773e-05 -6.99876e-05 -0.000109491 -0.000138505 -0.000120367 -8.98396e-05 -5.69106e-05 -0.000133115 -0.000103656 -0.000141272 -0.00022774 -8.91831e-05 -0.000175099 -0.000160282 -0.000183539 -0.00016656 -0.00024188 -0.00018736 -0.00016912 -0.000220156 -0.00014697 -0.000190989 -0.00027681
internal_weight=4349 4294 630 581 3664 526 193 2671 99 2207 993 333 257 1094 894 209 112 1113 860 464 200 331 177 253 160 122 782 402 262 103 198 154 99 207 133 103 380 101 279 120 94 738 160 558 232 119 660 326 95 140 94 257 211 125 154 343 138 92 297 160 101 333 102 317 180 128 137 272 269 181 172 123 94 100
internal_count=4349 4294 630 581 3664 526 193 2671 99 2207 993 333 257 1094 894 209 112 1113 860 464 200 331 177 253 160 122 782 402 262 103 198 154 99 207 133 103 380 101 279 120 94 738 160 558 232 119 660 326 95 140 94 257 211 125 154 343 138 92 297 160 101 333 102 317 180 128 137 272 269 181 172 123 94 100
is_linear=0
shrinkage=0.0243204


Tree=24
num_leaves=72
num_cat=0
split_feature=3 25 57 57 57 57 57 5 2 4 83 32 31 8 83 9 49 8 48 7 45 3 61 26 66 79 11 27 13 45 47 86 46 19 74 20 3 7 26 39 60 80 55 55 19 80 32 31 19 32 6 4 16 22 36 7 62 64 12 49 68 78 80 46 65 86 30 26 50 75 50
split_gain=0.328239 0.0918753 0.127463 0.0279971 0.0270824 0.00624951 0.00518657 0.00515132 0.005315 0.00263055 0.00406731 0.00251029 0.00250199 0.00242159 0.00225913 0.00294075 0.00204357 0.0019408 0.00193455 0.00182487 0.00156452 0.00152849 0.00172294 0.00170153 0.00145772 0.00205266 0.00141801 0.0014054 0.00155511 0.00124783 0.00120981 0.00116193 0.00122958 0.00136603 0.00121332 0.00107275 0.00104195 0.00102098 0.000948878 0.000913263 0.000886842 0.000861654 0.00084535 0.000855019 0.0017099 0.000805868 0.000773752 0.000761799 0.000738113 0.000737219 0.000787669 0.00071373 0.00071292 0.000694569 0.000671026 0.000565435 0.000486281 0.000484144 0.00055468 0.000470398 0.000464832 0.000456609 0.000443009 0.000369585 0.00039919 0.000304765 0.000242318 0.000239902 0.000196564 0.000180969 0.000128056
threshold=-0.064179185308716941 1.1595755953252793 53.104999542236335 78.014999389648452 35.475000381469734 43.32500076293946 25.289999961853031 0.03747910109843041 47.510000228881843 -0.019533801640039445 16.860607052519288 -0.010085454553326998 0.0014326917611515503 59.619437224336188 28.556724182883805 -1.0214892464918355 -0.0039354486256913991 46.125714234320434 -0.00022114109882864999 0.037433060490160555 0.0030749952598052004 0.0025920744843339004 -0.0078386487220230474 2.7427500128746036 4.1631397033243722 -0.92386160913160953 0.10097775791208026 3.9012320065495154 78.828382847563631 0.00012690036421905002 -0.0044143637007229989 0.0030042011392054017 0.0034437944268042504 0.013150002211181502 0.0051342422401461007 -0.0080326832502510982 -0.015065576612548799 -0.0033072315120545497 2.4680000007152567 0.48388113821138307 0.025729075629629752 2.8675672889969737 1194.8934143314889 1317.0528886135291 0.013493403859649202 3.8450208880393446 0.0059454079359517005 -0.00093906017334249988 -0.015548293861033149 -0.0037949554376612497 0.016368585791774654 0.0065649471953070004 2.65149998664856 47.192586036446265 54.908863941088605 -0.010592545625413849 -0.016519559942531594 47.064307890806631 99.141499710083011 -0.00085550533233999992 19.529250049591067 42.525937305104684 1.5563900970087112 -0.00060125710460179988 -0.461863219220568 -0.00040325336899549948 1708.4500122070315 6.7004749894142153 56.22111094200519 -0.0088084210874443489 64.362305786630571
decision_type=8 10 10 10 8 10 10 10 2 8 10 8 10 10 10 10 10 10 10 10 10 8 8 10 10 10 10 10 10 10 10 10 8 10 10 10 10 10 8 10 10 10 10 10 10 10 10 10 10 10 10 10 10 10 10 8 10 8 10 10 10 10 10 10 10 10 10 10 10 10 10
left_child=-1 2 4 7 6 9 57 8 -4 10 35 17 -10 27 15 18 -12 -11 -7 21 -18 23 37 38 25 -17 59 28 30 -19 -8 32 34 48 53 -6 -29 -23 -13 -36 61 -26 55 67 51 -16 65 -41 -34 -15 68 -45 -27 -28 -54 -24 -30 60 -59 -25 -2 -32 -57 -63 -65 -38 -58 -44 -51 -62 -70
right_child=1 -3 3 -5 5 14 13 -9 12 11 16 19 -14 49 45 24 20 29 -20 -21 -22 22 42 26 41 52 31 36 56 -31 40 -33 33 -35 39 -37 46 -39 -40 47 -42 -43 43 44 -46 -47 -48 -49 -50 50 -52 -53 54 -55 -56 62 66 58 -60 -61 69 63 -64 64 -66 -67 -68 -69 70 -71 -72
leaf_value=0.0018270523794506153 -0.00032714302338128699 -0.0010288400117025307 0.00041962469794758721 0.00086993315471584846 2.2018028879877193e-05 0.00027638646869410256 9.2003982944375975e-06 0.0005476603533716626 0.00027683859466004685 0.00017547332219872223 -2.2718100213705164e-05 -2.6151952659155234e-05 8.5819038022373742e-05 -0.00010277450209552832 2.1008641023879359e-05 0.00022251368508778002 9.5658801159234302e-05 7.0440189611541511e-05 9.3018188132508347e-05 8.0570621884218339e-05 0.00027630062721396327 6.4486381638425891e-05 -1.612802387192493e-05 -8.2441205171087956e-05 -9.0959526460341949e-05 0.00010339104277915663 -0.00018559416993819492 5.5896900506304847e-05 -0.00011997415806424983 -7.7598217989687389e-05 -5.9052148666300126e-05 -0.00014092568411909205 4.0466948305551627e-05 0.00013223822969613539 -8.6228837085766753e-05 -0.00011643850243777 -6.0633700991088933e-05 -7.4315159636770514e-05 0.00010774366236769104 9.5109338223128134e-05 -3.1544374795667702e-05 4.5902562785087963e-05 -0.00023274013648784004 1.8356428209519718e-05 -0.00021044380141278061 -0.00011643600546880059 4.6026801784756741e-06 -3.6827057962249175e-05 -8.582188082903359e-05 -0.00016854906029638463 -0.00010981742071962332 -0.00010882933787825728 6.5965343991870792e-05 -6.237565401707487e-05 -5.9772774355970191e-05 -6.553687389364025e-05 -0.00024751223191425773 -0.00014947641743346911 -0.00025434236836207387 -0.00019199568271388503 -0.00018779306458188534 -9.5407253398064782e-05 -0.00015533811150130527 -0.00021333832092563739 -0.00012552786346429104 -0.00013819008815682795 -0.00016591605781594488 -0.00015157547716230482 -0.00025981646590139598 -0.00025808792353711023 -0.00020244461127214391
leaf_weight=56 49 53 89 65 53 63 63 47 84 46 47 59 80 75 54 46 76 64 76 55 46 58 68 48 59 62 48 48 64 69 47 56 57 51 61 86 57 66 65 53 72 49 53 53 56 46 56 49 51 59 59 50 46 64 53 84 54 82 54 49 54 66 55 64 71 69 55 53 68 75 85
leaf_count=56 49 53 89 65 53 63 63 47 84 46 47 59 80 75 54 46 76 64 76 55 46 58 68 48 59 62 48 48 64 69 47 56 57 51 61 86 57 66 65 53 72 49 53 53 56 46 56 49 51 59 59 50 46 64 53 84 54 82 54 49 54 66 55 64 71 69 55 53 68 75 85
internal_value=-7.10543e-06 -3.15789e-05 -1.88067e-05 0.000414943 -6.00317e-05 -9.97336e-06 -0.000143158 0.00031392 0.000268605 -3.1443e-05 3.33638e-05 -4.44092e-05 0.000184696 -0.000118716 6.1612e-05 8.46332e-05 0.000113235 4.10432e-05 0.000177448 -5.56612e-05 0.000165388 -6.14492e-05 -9.01641e-05 -3.72891e-05 4.32628e-05 8.09285e-05 -5.45725e-05 -9.49044e-05 -0.000115815 -6.36018e-06 -8.80931e-05 -3.75965e-05 -2.39824e-05 2.97372e-05 -5.5041e-05 -6.3848e-05 -4.40831e-05 -9.3875e-06 4.43135e-05 -1.25054e-05 -0.000107221 -2.89973e-05 -0.000111321 -0.000140161 -0.000103404 -4.27078e-05 -7.06103e-05 3.19642e-05 -1.93893e-05 -0.000172396 -0.000191234 -4.38059e-05 3.94003e-05 -0.00011631 -1.26762e-06 -7.39249e-05 -0.000176364 -0.000230646 -0.000192599 -0.00013912 -0.000258532 -0.000128984 -0.000101891 -0.000144976 -0.000168365 -0.00010383 -0.00020814 -0.000193876 -0.000213296 -0.00023026 -0.000229397
internal_weight=4323 4267 4214 365 3849 2403 1446 300 253 1849 308 1541 164 1132 554 454 169 179 139 1362 122 1307 596 711 315 207 587 786 556 133 383 490 434 159 275 139 230 124 124 163 320 108 472 265 159 100 182 102 108 346 271 103 161 112 99 207 173 314 136 97 178 248 139 201 135 126 109 106 212 129 153
internal_count=4323 4267 4214 365 3849 2403 1446 300 253 1849 308 1541 164 1132 554 454 169 179 139 1362 122 1307 596 711 315 207 587 786 556 133 383 490 434 159 275 139 230 124 124 163 320 108 472 265 159 100 182 102 108 346 271 103 161 112 99 207 173 314 136 97 178 248 139 201 135 126 109 106 212 129 153
is_linear=0
shrinkage=0.0243204


Tree=25
num_leaves=68
num_cat=0
split_feature=3 25 56 56 57 56 19 76 56 1 83 51 9 65 78 8 86 34 8 11 54 52 11 38 73 11 86 43 19 29 45 14 86 46 36 3 32 31 77 71 85 54 75 34 61 77 38 34 49 82 56 66 69 43 63 74 78 23 49 22 86 11 33 71 73 75 14
split_gain=0.312728 0.0875377 0.123687 0.029744 0.022665 0.01121 0.00572119 0.00630631 0.00466976 0.00295849 0.00278149 0.00351913 0.00263092 0.00215546 0.00204201 0.00203668 0.00177062 0.00162711 0.00157843 0.00154205 0.00184679 0.0022444 0.00261142 0.00197607 0.00161412 0.00159247 0.00173735 0.00151594 0.00137178 0.00131863 0.00129481 0.00170402 0.00116527 0.00115835 0.00114492 0.000896561 0.000881776 0.000843271 0.00085402 0.000829427 0.000799314 0.000788727 0.000786534 0.000817199 0.000765085 0.000736144 0.000677345 0.000669114 0.000708541 0.000622625 0.000583363 0.000569281 0.000564817 0.000661726 0.000555794 0.000540523 0.000498504 0.000432415 0.00038877 0.000367415 0.000336609 0.000319637 0.000318329 0.000317401 0.000212347 0.00013883 7.05579e-05
threshold=-0.064179185308716941 1.1595755953252793 52.469999313354499 33.23500061035157 78.014999389648452 42.754999160766609 -0.013344330517837398 -0.025334325706702295 25.19999980926514 26.48499965667725 29.24829295639719 -32.554792146545417 -1.4911197962000668 -0.15367152895710126 66.836668903125897 41.260702283077215 -0.0015993669755425064 -0.0029359186148506995 59.619437224336188 0.78318677174338103 5970.6750000000002 29.356130762529308 0.26632594044696273 2.1265083643456637 -0.072729937707092032 0.15779632406203162 0.0033986289399315257 1248.6250000000002 0.019187036528805105 1542.9500122070315 0.0042847323749003003 3.7669999599456796 0.00096812649335534142 -0.00018090508654349996 53.837804971541132 0.0024229672332497002 -0.0029294687651419998 0.0018068219975362501 -0.021678253179436245 21.064999580383304 7.5000000000000009 1424.8674987792972 -0.019907516083511146 0.0026048991624810004 0.0086004643243154516 -0.022163031410329045 20.08456960159732 0.00028194172671120002 -0.0010514284332936998 16.53974990844727 19.105000495910648 2.3579016926729373 40.759857214974481 1215.8750000000002 -0.017538655524596745 -0.025797191285353797 52.275337452179741 0.04464192908020511 0.0013911031286943001 47.966813191438781 -1.0000000180025095e-35 0.66464522940264759 0.00322442478823665 16.714999198913578 -0.028137399970765597 -0.015928400883884097 4.2714998722076425
decision_type=8 10 10 8 10 10 10 10 10 2 10 10 10 10 10 10 10 10 10 10 8 10 10 10 8 10 10 10 8 10 10 10 10 10 10 10 10 10 10 10 2 10 10 10 10 10 10 10 10 10 10 10 8 10 8 10 10 10 10 10 10 10 10 10 10 10 10
left_child=-1 2 3 8 6 9 -4 -8 50 16 11 -7 30 17 19 -15 -5 -13 29 20 21 23 -23 -14 -25 40 27 28 36 35 31 -11 -17 39 -12 42 -27 38 57 -24 -26 -31 59 -44 55 -38 -35 62 -49 60 66 -46 -40 -54 -52 -20 61 -21 -29 -10 -43 -37 -39 -57 -56 -66 -2
right_child=1 -3 4 5 -6 10 7 -9 18 12 34 13 14 15 -16 32 -18 -19 44 37 -22 22 33 24 25 26 -28 58 -30 41 -32 -33 -34 46 -36 56 45 47 52 -41 -42 49 43 -45 51 -47 -48 48 -50 -51 54 -53 53 -55 64 63 -58 -59 -60 -61 -62 -63 -64 -65 65 -67 -68
leaf_value=0.0017833598078324207 -0.00023424735155136173 -0.001004259286310492 0.00019377582788009703 -3.1721459083291784e-05 0.00087736877737876792 0.00032213642852155417 0.00068276879081311155 0.00032543260058105018 -4.0106435719324904e-05 -5.1315295616469035e-06 7.1110897854545868e-05 6.6859419840837217e-05 -0.00016974253179972859 0.00015805904148024198 8.5249319917215708e-05 7.0562323004675801e-05 0.00015986650629821664 0.00023574722898348757 -0.00013604200016574641 -4.8919581360091981e-05 -0.0001629712371359585 0.00015139524251293031 -1.8559623217668569e-05 8.2944767673311364e-05 -6.2809568254282552e-05 7.5942548545930873e-05 -0.00013161431678210649 -0.0001010042989105188 0.0001374699113625723 -0.00020792120640374624 -5.1815155372434005e-05 0.00016493916393495831 -6.259354374573621e-05 -9.7479274368627244e-05 -8.6558924837014785e-05 -0.00016496909204732573 3.6242800540104824e-05 -0.00012437857498008028 -2.6718208091389711e-05 0.00012123964881358433 -0.00017794234905161105 -0.00018829500782665358 -4.7853455464758225e-05 7.4154676382959849e-05 -0.00015944027297294178 -7.9439519937188948e-05 7.6650326343519929e-06 -0.00014835848988437251 -3.670925448282227e-05 -3.8712279953573491e-05 -0.00014584846934622274 -4.6261789927044419e-05 -6.5394927909331719e-05 -0.00018628005754675806 -0.00017250721835652472 -0.00026069053319830425 -4.2532007534888117e-05 5.03276883246241e-05 -2.6228782136479078e-05 -0.00013569173001295453 -0.00010467076044515174 -8.2653343124337221e-05 -0.00020699065228954868 -0.00017458782508956514 -0.00019874984569034581 -0.00026707066980125445 -0.00029896550033248009
leaf_weight=56 48 53 85 46 63 46 46 88 46 65 49 56 75 70 65 73 73 88 70 52 64 73 50 58 73 60 81 87 53 75 56 74 81 90 59 83 52 81 57 49 72 53 83 52 62 84 60 54 89 50 85 47 60 50 46 71 47 50 79 51 73 47 49 56 46 80 58
leaf_count=56 48 53 85 46 63 46 46 88 46 65 49 56 75 70 65 73 73 88 70 52 64 73 50 58 73 60 81 87 53 75 56 74 81 90 59 83 52 81 57 49 72 53 83 52 62 84 60 54 89 50 85 47 60 50 46 71 47 50 79 51 73 47 49 56 46 80 58
internal_value=-6.93591e-06 -3.08242e-05 -1.8357e-05 -5.36865e-05 0.000472772 -5.87687e-06 0.000353086 0.000452055 -0.000147255 -3.11608e-05 9.47911e-05 0.000123408 -3.83138e-05 9.7798e-05 -4.76711e-05 5.02466e-05 8.6135e-05 0.000170945 -0.000119095 -5.27928e-05 -3.69165e-05 -2.94198e-05 2.44855e-05 -5.18493e-05 -3.8985e-05 -5.01257e-05 -2.92792e-05 -9.04778e-06 2.88738e-05 -9.76572e-05 4.62927e-05 8.59085e-05 5.65292e-07 -1.31517e-05 -1.50184e-05 -7.04454e-05 -1.00873e-06 -8.66455e-05 -5.57637e-05 5.11197e-05 -0.000120773 -0.000141561 -3.87383e-05 -6.60635e-07 -0.000164884 -3.52565e-05 -5.56319e-05 -0.000116772 -7.95789e-05 -0.000112311 -0.000221685 -0.00011147 -8.94747e-05 -0.000121477 -0.000199997 -0.000193756 -0.00011157 -2.44137e-07 -6.57763e-05 -9.12021e-05 -0.000141001 -0.000136033 -0.000156802 -0.000224312 -0.000225801 -0.000243812 -0.000272012
internal_weight=4323 4267 4214 3932 282 2603 219 134 1329 2081 522 414 1962 368 1767 224 119 144 966 1702 1160 1096 322 774 699 641 496 415 249 660 195 139 154 249 108 409 196 542 269 99 145 251 232 135 306 136 150 273 143 176 363 109 167 110 257 197 177 102 166 97 126 130 130 127 172 126 106
internal_count=4323 4267 4214 3932 282 2603 219 134 1329 2081 522 414 1962 368 1767 224 119 144 966 1702 1160 1096 322 774 699 641 496 415 249 660 195 139 154 249 108 409 196 542 269 99 145 251 232 135 306 136 150 273 143 176 363 109 167 110 257 197 177 102 166 97 126 130 130 127 172 126 106
is_linear=0
shrinkage=0.0243204


Tree=26
num_leaves=72
num_cat=0
split_feature=56 37 58 56 56 37 74 56 2 0 51 25 6 56 85 38 3 4 31 27 42 48 42 27 66 10 71 39 61 60 43 85 54 15 41 50 68 34 35 8 3 52 5 76 46 76 2 50 40 10 6 73 59 79 10 32 67 20 32 54 85 61 10 20 4 85 7 70 40 4 20
split_gain=0.103242 0.108347 0.108389 0.0214935 0.0110231 0.00822981 0.0077628 0.00410812 0.00372557 0.00311127 0.00291055 0.00260125 0.00242849 0.00199663 0.00190046 0.0018541 0.00192379 0.00198674 0.00183474 0.0016634 0.00158867 0.00157055 0.00155221 0.00154187 0.003567 0.00178595 0.00162429 0.00152316 0.00139793 0.00193263 0.00158987 0.00244091 0.00167961 0.00136133 0.0013432 0.00125597 0.00106851 0.00106817 0.00102955 0.00098777 0.00119928 0.000939327 0.000810051 0.000909905 0.00113199 0.000924491 0.000761605 0.000741394 0.000702974 0.000667581 0.000610609 0.000588202 0.000569854 0.000563538 0.000553878 0.000543778 0.000518594 0.000498365 0.00049148 0.000452198 0.000442466 0.00040474 0.000366716 0.000362454 0.000353033 0.000305228 0.000304509 0.000299417 0.000202279 0.000152149 0.000128472
threshold=46.174999237060554 31.73531972024114 81.61999893188478 30.714999198913578 52.469999313354499 12.746708453826729 -0.047638294820614345 39.354999542236335 47.510000228881843 26.244999885559086 -34.077703374067021 0.43950018230846338 -0.032848579319189393 21.755000114440922 4.5000000000000009 29.044212451205908 -0.0024876205263758993 -0.0036533202654259996 0.00012542360391205003 2.8742525945008124 1356.1250000000002 0.0058462993834510011 1466.1250000000002 3.9821487442384096 1.9763895601530113 2.6883667268534892 24.304999351501468 0.71628607329935068 0.014348614660194802 -0.009655707369646549 1204.6250000000002 4.5000000000000009 1025.6587493896486 4.6319999694824228 1215.6746952784974 62.280660242140009 39.881749725341805 0.0082493073121244521 0.0028887945167742003 54.472053139612733 0.0031427248971306007 23.519615045295044 0.027730969190298455 0.027766432340003252 0.0035505894620738005 -0.0062578457739680985 45.885000228881843 47.00201894715412 1748.847500610352 1.960926612610602 -0.0044975197603696485 1.0000000180025095e-35 -0.025098842302314999 -0.036971729088127896 1.8051273561743966 -0.0025099263763968499 0.58327608312905699 0.0011904432007145502 0.0035714736308327002 2090.1812500000001 6.5000000000000009 -0.010456712898840148 1.9427241427384827 0.0027045017868298506 0.00041332172358170006 6.5000000000000009 -0.00083628685539294983 11.614999771118166 1300.3350067138674 0.0008476009752245501 0.0033693468390714005
decision_type=10 10 10 8 10 10 10 10 2 2 10 10 8 10 2 10 8 8 10 10 10 10 10 10 10 2 10 10 10 10 8 2 10 8 10 10 10 10 10 10 10 10 10 10 10 10 2 10 10 2 10 10 10 10 2 10 10 10 10 8 2 10 2 10 10 2 8 10 10 10 10
left_child=3 2 4 13 10 6 -6 9 -8 11 -2 -5 18 56 -12 16 28 22 -11 -16 -21 42 33 25 -25 26 36 -23 30 -30 31 -14 -33 -18 -10 -24 -9 49 53 40 41 61 43 44 58 -46 -38 -41 -27 57 -51 -34 -17 -35 -43 63 68 66 65 70 -42 -15 67 -49 -54 -19 -32 -57 -1 -69 -45
right_child=1 -3 -4 7 5 -7 8 23 34 12 14 -13 15 39 19 52 17 21 -20 20 -22 27 35 24 -26 48 -28 -29 29 -31 37 32 51 38 -36 -37 46 -39 -40 47 60 54 -44 59 45 -47 -48 55 -50 50 -52 -53 64 -55 -56 62 -58 -59 -60 -61 -62 -63 -64 -65 -66 -67 -68 69 -70 -71 -72
leaf_value=-0.00029260899894876944 0.00029605812787658863 -0.00083150431675578431 0.0014442910174780642 0.00019246216082188932 0.00054348058735078568 0.00060139198201424591 0.00036936468032691152 -8.4805998485412568e-05 7.8612285323501583e-06 -5.2565120315044103e-05 0.00024818792885097305 -2.6809261099482919e-05 0.00012452320805420611 -0.00017697916486318212 -4.3151917922993238e-05 -7.0487597863242926e-05 -0.00014333769693705551 -0.00012664666913715905 0.00015077834805793963 3.6863339539273734e-05 0.00021254693208186921 -9.3707966278049453e-05 9.9308160965069228e-05 -3.6390082274506959e-05 0.0001992776531652412 -1.726353814323926e-05 0.00012565914443002615 6.268859395008102e-05 -5.0733492879918693e-05 0.00014788011271568501 -0.00010070422853268845 -0.00014062046795881695 7.1012378507496563e-05 -3.2506409881068353e-05 0.00019200956292102141 -5.268583850126247e-05 0.00010142673107063182 1.1944283221840296e-05 -9.0538474709217105e-05 -7.6916229440884159e-05 -0.00021026277418572875 3.8448429789743273e-05 -2.3434942838752753e-05 -0.00023244854354622258 -0.00010171280997620704 4.2573064750290037e-05 -2.7024315673553823e-05 -0.00017236593063990897 -0.00014800853280309202 -0.00010717231847874909 -3.3333046845074748e-06 -4.4420328187660843e-05 -0.00012622485259162732 7.0933307433784681e-05 -7.8541455610381622e-05 -0.00016136349484548255 -0.00016475825234567572 -6.88188581611804e-05 -8.8110093622350183e-05 -0.00010877418573836785 -0.00011109117846155754 -8.6199847606313173e-05 -0.00015194040621282649 -8.041197919587098e-05 -0.0002207841466364417 -0.00021067987135405149 -0.00018925262800924871 -0.00019627668035464415 -0.00022147663021815237 -0.00026307244981120363 -0.00016842549387648988
leaf_weight=71 65 48 49 57 51 69 46 62 46 46 46 71 79 50 51 53 85 58 59 64 58 88 79 67 86 48 83 62 53 62 46 60 58 64 47 53 57 86 90 46 79 46 48 58 59 46 51 65 49 54 86 46 58 59 48 47 56 82 75 46 46 77 73 46 47 58 56 50 72 89 53
leaf_count=71 65 48 49 57 51 69 46 62 46 46 46 71 79 50 51 53 85 58 59 64 58 88 79 67 86 48 83 62 53 62 46 60 58 64 47 53 57 86 90 46 79 46 48 58 59 46 51 65 49 54 86 46 58 59 48 47 56 82 75 46 46 77 73 46 47 58 56 50 72 89 53
internal_value=-1.58223e-05 0.000269177 0.000359614 -6.51229e-05 0.000259377 0.000374012 0.000288847 -3.04213e-05 0.000192354 -4.45229e-05 0.00015393 7.15271e-05 -5.15857e-05 -0.000164043 0.000110643 -5.75559e-05 -5.06693e-05 -7.15687e-05 6.20134e-05 7.2908e-05 0.000121391 -9.83446e-05 -3.09015e-05 3.23404e-05 9.64833e-05 4.11252e-06 3.81313e-05 -2.907e-05 -2.11987e-05 5.66716e-05 -3.49765e-05 1.42836e-05 -3.92256e-05 -6.15966e-05 0.000101937 3.83327e-05 -5.05866e-06 -6.41399e-05 -2.84802e-05 -0.000145756 -0.00011473 -8.00949e-05 -0.000118989 -0.000129042 -0.000103312 -3.86781e-05 4.10541e-05 -0.000171239 -8.41158e-05 -8.43139e-05 -4.38453e-05 2.00066e-05 -0.000137355 1.72669e-05 -2.14693e-05 -0.000182736 -0.000233035 -0.000114716 -0.000138472 -0.00017663 -0.00017489 -0.000122997 -0.000202503 -0.000135275 -0.000170163 -0.000170043 -0.000150628 -0.000221468 -0.000258501 -0.000240549 -0.000203578
internal_weight=4344 640 592 3704 543 259 190 2743 139 2240 284 128 2112 961 219 2007 1849 1081 105 173 122 651 430 503 153 350 253 150 768 115 653 243 164 298 93 132 170 410 213 762 346 221 501 453 296 105 108 416 97 324 140 104 158 123 94 370 199 184 191 157 125 127 259 111 105 116 102 186 143 139 111
internal_count=4344 640 592 3704 543 259 190 2743 139 2240 284 128 2112 961 219 2007 1849 1081 105 173 122 651 430 503 153 350 253 150 768 115 653 243 164 298 93 132 170 410 213 762 346 221 501 453 296 105 108 416 97 324 140 104 158 123 94 370 199 184 191 157 125 127 259 111 105 116 102 186 143 139 111
is_linear=0
shrinkage=0.0243204


Tree=27
num_leaves=73
num_cat=0
split_feature=71 27 57 0 58 56 56 46 0 3 25 50 76 64 54 62 7 56 22 61 43 8 3 62 8 67 8 17 0 84 84 48 73 40 18 40 56 19 64 63 10 8 3 65 77 25 25 49 40 21 32 15 23 64 22 56 85 69 36 37 5 19 4 24 65 53 32 79 18 17 40 34
split_gain=0.0988427 0.0904555 0.0906919 0.0533977 0.0275925 0.0238438 0.0090007 0.0049425 0.00275657 0.00257428 0.00252793 0.0023847 0.0022578 0.00217105 0.00227271 0.00194432 0.00190705 0.00188236 0.00170209 0.00169425 0.0016357 0.00162853 0.00155099 0.00157681 0.00146394 0.00184141 0.00169736 0.00144212 0.00140182 0.00137336 0.00141491 0.00209504 0.00173208 0.00134621 0.00132849 0.00157174 0.00123985 0.00126336 0.00102583 0.00133853 0.000934486 0.000873564 0.000967108 0.000785375 0.000775863 0.000827638 0.000769378 0.000768164 0.000711157 0.000599431 0.000684875 0.000595951 0.00110182 0.00055735 0.000552454 0.000522018 0.000499502 0.000496164 0.000470749 0.000961734 0.000451873 0.000438502 0.000430915 0.000421099 0.000377182 0.000361411 0.000351356 0.000340874 0.000304434 0.000445654 0.000183124 0.000129672
threshold=43.954999923706062 1.7610489856303182 52.584999084472663 46.465000152587898 62.149999618530281 30.714999198913578 41.805000305175788 0.012334523050275251 21.860000610351566 -0.011029248172740699 0.23777319817904799 55.500398917986793 0.045201161048179908 62.156128422739293 847.94774932861344 0.031154138623697803 -0.029042767051510647 21.755000114440922 44.978583066132664 -0.0044300519878662488 5994.3750000000009 54.605803618811969 -0.0089754002695471985 0.014910529125272201 36.076671677598206 0.45734960711984057 43.600206725054001 -0.0069025250230069996 60.465000152587898 1.0000000180025095e-35 1.5000000000000002 -0.0063706204222728985 0.0019260599843589003 446.71250000000003 0.0073373503813110004 446.71250000000003 37.145000457763679 -0.0098093908877096483 48.25004758941683 -0.00093738384053529986 2.0893396623164091 60.19854811423388 0.0031427248971306007 -0.22219345401375526 -0.04025354344221934 1.0074585349448664 0.58135388459627635 0.0010505319207638503 1323.6175018310548 0.01463749850222445 0.00060033995690695013 5.7114999294281015 0.12879048344169555 50.111784988244729 51.107660992366029 27.564999580383304 8.5000000000000018 36.635621175549602 53.224130248526485 -1.3006772039441328 -0.00047350611431744993 0.004792476448181501 0.0008476009752245501 0.18475515626324099 -0.57332360389792381 0.79306514274617335 0.0031302350985277505 -0.10870846138154804 0.010422725604034552 0.0039913906324423511 1300.3350067138674 -0.00013913016079854996
decision_type=10 10 10 2 10 8 10 10 2 10 10 10 10 10 10 10 10 10 10 10 10 10 10 8 10 10 10 10 2 2 2 10 10 10 10 10 10 10 10 10 2 10 10 10 10 10 10 10 10 10 10 10 10 10 10 10 2 10 10 8 10 10 10 10 8 10 10 10 10 10 10 10
left_child=1 -1 5 -2 7 17 8 11 -7 10 -8 15 38 14 -10 18 28 53 -4 -12 21 24 23 -23 49 29 -27 -28 47 66 32 -32 33 -31 58 -36 40 -38 39 -11 44 42 43 54 -24 51 -45 -16 -40 50 -18 52 62 70 71 67 -57 63 59 -33 -22 -53 -46 -42 -44 -60 -26 -43 69 -66 -3 -19
right_child=3 2 4 -5 -6 6 9 -9 13 12 19 -13 -14 -15 16 -17 20 41 -20 -21 60 22 36 -25 25 26 27 -29 -30 30 31 34 -34 -35 35 -37 37 -39 48 -41 57 55 64 46 45 -47 -48 -49 -50 -51 -52 61 -54 -55 -56 56 -58 -59 65 -61 -62 -63 -64 -65 68 -67 -68 -69 -70 -71 -72 -73
leaf_value=-0.0010062830547271208 0.0011539354038711312 -0.00028738415913025917 0.00021739784563186884 0.00011814795005911762 0.00085081628834549701 0.00012806158549612476 3.2743224078511749e-05 0.00047004810220892284 0.00010850194546841207 -1.433259536616069e-05 0.00012588345569042176 8.4100138939329224e-05 0.00016092512171708408 8.0634545958009203e-05 4.3993496731886842e-05 0.00013739613815783191 -6.8922520343896946e-05 -0.00013446113415601133 0.00043017295496422666 0.00032911865540738482 -0.00019044489283522986 -0.00010525131892795269 -2.1861521076612295e-05 6.346256165302385e-05 -0.00014717243494705094 -5.1893688708974181e-05 -2.7769493894271964e-06 0.0001663803711618903 0.00013048935540647559 0.00019670624802953124 -0.00015128430516887971 -9.5129027959788039e-05 -7.1002203423639962e-05 1.5031954676939492e-05 0.00013898512748847287 -2.6667977392759426e-05 7.8465069957466091e-05 -7.7716914489308253e-05 -0.00010151629256667216 0.00014567632015977485 -0.00016816478654806181 -0.00024298440363625988 -0.00021089386909706453 4.3718080977591891e-06 -5.8362945845486726e-05 -7.0034887743802095e-06 -0.00011234350645091341 -8.5251713101109087e-05 1.4081521148675822e-05 -2.9975135723690337e-05 -0.00019776638864151254 -0.00010893140375030418 1.7817503812427309e-05 -0.00015895964299137861 -7.4144257220075372e-05 -9.0045671464836962e-05 -0.00019717193395292045 -0.00022321486669808475 -0.00013087874300033754 4.4158273879330937e-05 -9.4966565542492663e-05 -0.00019506169591744423 -0.00015121373187408901 -7.1818125802778238e-05 -5.5442703396019174e-05 -3.9407353591109846e-05 -6.0258710044563589e-05 -0.00015490350009063 -0.00019048371933130828 -0.00016374442860893793 -0.00021841397146194914 -0.00019916946656349928
leaf_weight=55 63 70 48 55 57 56 63 54 53 76 50 65 66 80 53 51 49 50 48 50 61 52 90 85 71 66 49 75 53 46 86 54 51 50 56 83 47 84 66 51 62 88 71 71 47 48 62 54 59 47 51 78 46 58 65 61 48 46 60 62 63 72 88 51 46 46 48 48 46 46 71 47
leaf_count=55 63 70 48 55 57 56 63 54 53 76 50 65 66 80 53 51 49 50 48 50 61 52 90 85 71 66 49 75 53 46 86 54 51 50 56 83 47 84 66 51 62 88 71 71 47 48 62 54 59 47 51 78 46 58 65 61 48 46 60 62 63 72 88 51 46 46 48 48 46 46 71 47
internal_value=-1.54425e-05 -3.48963e-05 -2.18605e-05 0.000675967 0.000368957 -5.4749e-05 -2.01149e-05 0.000263035 -3.92239e-05 7.58721e-05 0.000154185 0.000208436 3.53874e-05 -4.32387e-05 -4.76116e-05 0.000262514 -5.1367e-05 -0.00016057 0.000326972 0.000229654 -5.76195e-05 -5.2109e-05 -7.61874e-05 -8.52059e-07 -3.15108e-05 -1.98674e-05 4.72467e-05 0.000100016 2.93808e-05 -3.77924e-05 -2.25918e-05 -4.41003e-05 4.26684e-05 0.00010317 -1.82331e-05 4.05542e-05 -8.97662e-05 -2.15132e-05 2.02315e-06 5.05208e-05 -0.000103948 -0.000142534 -0.000123702 -9.47819e-05 -8.6345e-05 -0.000101562 -5.04411e-05 -2.14006e-05 -4.72522e-05 -0.000102441 -0.000135887 -0.000115212 -8.47077e-05 -0.000227447 -0.000130672 -0.000180644 -0.000138527 -0.000155043 -5.50616e-05 -2.09205e-05 -0.000143036 -0.000151249 -0.00011953 -0.000125652 -0.000163902 -9.18962e-05 -0.000112879 -0.000213196 -0.000138441 -0.000110725 -0.000254358 -0.000167454
internal_weight=4344 4226 4171 118 323 3848 2900 266 2419 481 163 212 318 2363 2283 147 2230 948 96 100 2070 1946 896 137 1050 903 190 124 160 713 594 447 147 96 361 139 759 131 252 127 628 749 504 295 469 379 133 107 125 147 100 331 181 199 162 245 109 159 222 116 124 150 135 113 209 106 119 136 138 92 141 97
internal_count=4344 4226 4171 118 323 3848 2900 266 2419 481 163 212 318 2363 2283 147 2230 948 96 100 2070 1946 896 137 1050 903 190 124 160 713 594 447 147 96 361 139 759 131 252 127 628 749 504 295 469 379 133 107 125 147 100 331 181 199 162 245 109 159 222 116 124 150 135 113 209 106 119 136 138 92 141 97
is_linear=0
shrinkage=0.0243204


Tree=28
num_leaves=72
num_cat=0
split_feature=7 25 56 52 56 1 56 9 56 4 11 24 59 40 3 18 10 32 81 12 56 3 22 3 38 11 77 6 32 85 46 66 51 55 19 73 46 37 39 32 58 64 1 32 7 7 64 34 10 48 80 77 24 72 12 13 74 3 4 32 73 71 30 77 74 69 32 34 21 9 41
split_gain=0.404901 0.08941 0.136983 0.0544643 0.0246168 0.0111979 0.00992437 0.00780986 0.00526436 0.00393147 0.00365087 0.00319902 0.00248206 0.00263586 0.00233782 0.00213948 0.00177574 0.00177012 0.00189386 0.00173271 0.00172029 0.00154487 0.00153318 0.0014167 0.0014101 0.00159725 0.00140764 0.00130646 0.00203122 0.00132497 0.00141402 0.00124089 0.00122573 0.00112251 0.000985519 0.000826477 0.000797281 0.000782771 0.00091235 0.00106772 0.000964423 0.000724825 0.000709935 0.000705362 0.000702135 0.00150822 0.00065894 0.000657768 0.000627433 0.000625049 0.000540589 0.000551269 0.000531152 0.000479888 0.000470365 0.000558494 0.00046601 0.000441942 0.000390762 0.000379505 0.000402389 0.000304216 0.000288353 0.000263696 0.000259523 0.000254471 0.000212979 0.000139231 0.000106363 7.51301e-05 4.41953e-05
threshold=-0.062942387244558931 1.1595755953252793 51.239999771118171 93.618772339697074 35.844999313354499 49.424999237060554 41.805000305175788 -1.1235147695466663 29.634999275207523 0.00026104573347225001 0.34246286067925702 0.42163796657799024 0.041058604034549258 1683.667501831055 -0.040219158811532645 -0.021818251892648098 2.4138089041245001 -0.0089046740841385984 0.11127787176625971 25.25324997901917 21.305000305175785 -0.0029322829820873997 42.140431687562369 0.0099286585050837508 2.1906959642815225 0.95382145038876232 0.10301620930250231 0.023664490681260805 -0.00036211040470144994 3.5000000000000004 -0.00022205287003139996 2.4079977576153131 14.124667466661778 5970.3435472668325 0.0080817048414012025 -0.042594147452803439 0.0049917671847558515 24.063805471556297 0.17697161615041754 0.0039588226205051012 32.385000228881843 45.421068925476611 36.210000991821296 0.0041464173862106506 0.0046752409757559506 -0.024715724792655797 45.675091051050011 0.00070692980818230008 1.0589109486882158 0.0027604504885184503 1.3331897314568411 -0.0056557126280789493 0.20793144950304907 12.404999732971193 84.370248794555678 63.184163879330093 -0.0092544987085180479 -0.0052627390018542492 -0.014057279273772897 0.0013398725380226503 0.014226215377022802 14.194999694824221 1256.7000122070315 -0.022163031410329045 -0.018466281581527497 33.11585715892874 -0.0028306578744135493 0.0010437081956442002 -0.0029173041866412995 0.80470168258894159 1300.6658197650743
decision_type=8 10 10 10 8 2 10 10 10 10 10 10 10 10 10 10 2 10 10 10 10 10 8 10 10 10 10 10 10 2 10 8 10 10 10 10 10 10 10 10 10 8 2 10 10 10 10 10 2 10 10 10 10 10 10 10 10 10 10 10 10 10 10 10 8 10 10 10 10 10 10
left_child=-1 2 4 5 8 7 10 -4 20 -7 14 12 13 15 -6 -8 -17 -16 -19 -12 63 -13 42 26 48 27 33 29 -29 30 -26 -31 44 35 46 -10 43 38 -37 50 -41 54 -20 53 45 -24 -25 -32 -21 -45 -40 -52 -38 -33 55 67 -15 -55 -43 62 -61 -57 -60 -2 -27 -36 -59 -22 -56 -64 -65
right_child=1 -3 3 -5 6 9 11 -9 23 -11 19 21 -14 56 17 16 -18 18 22 24 41 -23 32 34 25 64 -28 28 -30 31 47 36 -34 -35 65 37 52 -39 39 40 -42 58 -44 49 -46 -47 -48 -49 -50 -51 51 -53 -54 57 68 61 -58 66 59 60 -62 -63 69 70 -66 -67 -68 -69 -70 -71 -72
leaf_value=0.0020968043732145134 -0.00018289875473230407 -0.0010360661055597927 0.00070589689106989356 0.001242839719901373 0.00018812623578069208 7.4244033424413983e-05 0.00020103953096632069 0.00032856662095476138 -0.00012450209085906975 0.00035087170874447445 8.6795058399327649e-05 0.00010548999717274304 0.0001743705221846891 -0.00011977582280028625 0.00010714738764166719 0.0001087099810973811 -5.1503931666384677e-05 -0.00015226917159808423 -0.00013915945310942728 -0.00019609124324362722 -0.00015641918902506544 0.00027856978007990963 8.5330116336444558e-05 -0.00013326682265391547 7.7212761134578818e-05 -0.00017373579971269933 6.1997501708630379e-05 0.00015814771611512239 -4.2338171358189283e-05 3.4972189987212462e-05 8.1665038150405759e-06 -5.8794823184079617e-05 0.00013722460766638412 -0.00016274746370552299 -0.0002298549541408687 2.8468744310127816e-05 -8.2799927871461039e-05 4.6252570335399341e-05 -0.00017117210918788842 -7.0433620217405721e-05 6.9260024156766984e-05 -5.819627075419515e-05 -1.764162294462286e-05 -0.00010772775381188502 7.1790608692075112e-05 -8.2392703536837586e-05 -2.8841279569108841e-05 -0.00011531068871541951 -7.9605740875383132e-05 -2.4987193798952494e-06 -0.00011968052294104406 -1.7440861236577123e-05 1.9918296930300078e-05 -8.7672188612869176e-05 -0.00018280593074702697 -0.00015394857335123229 -1.7292867842787078e-05 -0.00021227610984971064 -0.00011030468710814868 -5.4293059714933814e-05 -0.00014887021634379865 -6.7780835026429951e-05 -0.00015327025004736923 -0.00027042508667748407 -9.82077171773058e-05 -0.00014346800515561303 -0.00013796713251883525 -0.00022424607376321824 -0.00024817714269670073 -0.00020973537172371494 -0.0002169215272749402
leaf_weight=53 65 50 59 46 46 82 59 78 90 48 50 58 88 54 89 83 79 49 46 57 52 68 49 82 87 51 51 48 76 59 49 46 58 68 49 63 55 50 57 74 47 55 73 69 73 86 64 52 56 64 81 51 63 51 50 46 51 56 58 64 47 56 47 78 69 48 55 48 49 47 48
leaf_count=53 65 50 59 46 46 82 59 78 90 48 50 58 88 54 89 83 79 49 46 57 52 68 49 82 87 51 51 48 76 59 49 46 58 68 49 63 55 50 57 74 47 55 73 69 73 86 64 52 56 64 81 51 63 51 50 46 51 56 58 64 47 56 47 78 69 48 55 48 49 47 48
internal_value=3.08384e-06 -2.33648e-05 -1.11349e-05 0.000477626 -5.03978e-05 0.000341843 2.77016e-06 0.000494821 -0.000120473 0.000178198 -2.63584e-05 9.33889e-05 6.04659e-05 2.92979e-05 2.37269e-05 7.68687e-05 3.07305e-05 8.95022e-06 -1.13751e-05 -5.19629e-05 -0.000165157 0.000200293 6.88552e-06 -7.89725e-05 -5.85622e-05 -4.88017e-05 -5.96251e-05 -3.67177e-05 3.58747e-05 -4.95001e-05 5.78478e-06 -6.95406e-05 3.93245e-05 -7.03867e-05 -0.000128859 -5.78635e-05 -8.30213e-05 -4.34352e-05 -5.55474e-05 -7.26596e-05 -1.60476e-05 -0.000145011 -6.5354e-05 -0.000101847 1.15204e-05 -2.13374e-05 -8.79808e-05 -5.58792e-05 -0.000139519 -5.74757e-05 -0.000108636 -8.05935e-05 -2.823e-05 -0.000129824 -0.000172424 -0.000149548 -7.06096e-05 -0.000149526 -0.000118623 -0.000131001 -9.52725e-05 -0.000107714 -0.000156331 -0.000229398 -0.000131429 -0.000188925 -0.00017695 -0.000190792 -0.000217225 -0.000183331 -0.000251828
internal_weight=4323 4270 4220 313 3907 267 2222 137 1685 130 1682 540 414 326 569 221 162 523 434 1113 810 126 385 875 1063 950 632 830 124 706 188 518 266 581 243 513 459 423 373 310 121 619 119 341 208 135 146 101 113 133 189 132 118 208 301 202 105 162 318 263 111 102 152 191 120 97 111 100 99 94 126
internal_count=4323 4270 4220 313 3907 267 2222 137 1685 130 1682 540 414 326 569 221 162 523 434 1113 810 126 385 875 1063 950 632 830 124 706 188 518 266 581 243 513 459 423 373 310 121 619 119 341 208 135 146 101 113 133 189 132 118 208 301 202 105 162 318 263 111 102 152 191 120 97 111 100 99 94 126
is_linear=0
shrinkage=0.0243204


Tree=29
num_leaves=74
num_cat=0
split_feature=80 27 58 58 58 67 58 64 58 11 73 3 38 80 33 12 4 68 64 51 60 7 83 78 64 31 6 12 12 58 75 64 40 82 38 27 3 79 66 74 38 18 3 42 65 54 60 31 37 36 11 7 59 34 75 3 79 71 46 42 64 4 61 60 21 11 22 20 64 16 11 31 77
split_gain=0.390778 0.0732783 0.123549 0.0318874 0.0231564 0.00838787 0.006833 0.00677956 0.00396243 0.00395395 0.002473 0.00240756 0.00233626 0.00201761 0.00308774 0.00169484 0.00150532 0.00142867 0.00141382 0.00138863 0.00209919 0.00167551 0.00118244 0.00108005 0.00105779 0.00103363 0.00122282 0.000980978 0.00165445 0.000964064 0.00156864 0.00114813 0.000950704 0.000942481 0.000950689 0.000921694 0.000905786 0.000876447 0.000871267 0.000832285 0.00101037 0.000921208 0.000812828 0.000808383 0.000798889 0.000736873 0.000724912 0.000673217 0.000803351 0.000659413 0.000658395 0.000639551 0.000621842 0.000601642 0.00104567 0.000592584 0.000567188 0.000529208 0.000458006 0.000501336 0.000436868 0.000434189 0.000379552 0.000339852 0.000475124 0.000654385 0.000335806 0.00028634 0.000260054 0.00023759 0.000284448 0.000192228 5.37283e-05
threshold=7.421839751323418 1.7610489856303182 48.475000381469734 66.840000152587905 33.344999313354499 1.1299553697183493 41.854999542236335 60.217139634304175 25.714999198913578 0.34246286067925702 0.076896491593593713 -0.040219158811532645 22.679505563392322 2.5449130009945353 -0.0037949554376612497 25.25324997901917 -0.0043000319464344492 38.887499809265144 49.118009666527982 14.260515936166714 0.0054137591565799016 -0.035268139737051597 25.209684558896985 46.991554069180459 45.675091051050011 -0.004555821138070449 -0.0091937393268931977 33.833250188827527 53.737250328063972 30.464999198913578 0.052257090765485056 48.01204023164744 270.26999969482432 25.533999919891361 3.8138248936782388 4.276853499543801 -0.0089754002695471985 -0.1650750103771185 1.2264595388852875 -0.015211629647548698 16.935413687274721 -0.0027061020278428996 -0.013636197227135547 1983.3750000000002 -0.15367152895710126 1214.1375000000003 -0.017524643108406495 0.0044209538610528011 10.570979019932679 47.623879169393213 0.87611396712874057 -0.012130534035027249 -1.0000000180025095e-35 -0.00065547583417874993 0.0078416092795614029 -0.0062894401840607487 -0.31704314343145684 14.675000190734863 -0.0045584331450790995 1224.7500000000002 54.638183609707518 -0.0027606232966719993 0.0086004643243154516 0.024191665644795555 0.0096113358753817015 0.6080546535972956 51.198898075618267 0.010709103319172351 50.005666825534043 2.8345000743865971 0.50471303358650632 0.0041378446867863508 -0.0067762282725717989
decision_type=10 8 10 10 8 10 10 10 10 10 10 8 10 10 10 10 10 10 10 10 10 8 10 10 10 8 10 8 10 10 10 10 10 10 10 10 10 10 10 10 10 10 10 10 10 8 8 10 10 10 10 10 10 10 10 10 10 10 10 10 10 10 10 10 10 10 10 10 8 10 10 10 10
left_child=1 -1 4 7 8 6 9 13 38 11 12 -6 18 -4 -15 -11 17 25 22 21 -21 -13 -8 42 46 -17 -27 -25 -29 31 51 -26 -18 36 -35 -30 37 -34 68 53 41 -41 -23 -20 69 -44 47 48 66 60 63 -31 -46 71 -55 -28 -53 -57 -43 -60 -33 -58 -51 64 65 -48 -10 -59 72 -40 -71 -38 -3
right_child=-2 2 3 -5 5 -7 10 -9 24 15 -12 19 -14 14 -16 16 32 -19 43 20 -22 23 -24 27 29 26 55 28 35 30 -32 49 33 34 -36 -37 39 -39 44 40 -42 58 45 -45 52 -47 50 -49 -50 62 -52 56 -54 54 -56 57 61 67 59 -61 -62 -63 -64 -65 -66 -67 -68 -69 -70 70 -72 -73 -74
leaf_value=-0.00096685910726131185 0.002186317761200136 -0.00021607858372120551 0.00012264706702910588 0.00088763319154859185 0.00017993586904486774 0.00032027494708792512 0.000204599578768979 0.0005053559641061818 -5.3442263809231182e-05 8.4487415460563799e-05 0.00025264321260187435 0.00012730589234062013 -5.4158535731825539e-05 0.00013604767009245316 0.00039978154747936717 4.8910075826294975e-05 -0.0001811012271563974 7.8718759708112311e-05 -3.4550074907972416e-05 0.00015798969800367559 -4.0394104670366301e-05 -0.00015968355020324777 5.2411114122188672e-05 -7.0734906693486395e-05 -3.0834091772448977e-06 4.6056249217666497e-05 -1.8381203543733367e-05 0.00015004536274248106 6.532641243729992e-05 9.6853057897255006e-06 8.6341634786713745e-05 -0.00012908977591102958 -8.6640834975467698e-05 -9.6595994833036865e-05 3.9217568286137272e-05 -6.3378132177160766e-05 -0.00021108279606082468 2.5273217461689891e-05 -0.000219851729031637 2.4732724394971633e-05 -0.00014658803306535095 -0.00013583914074011323 2.2577236680163242e-05 9.408386234419662e-05 -0.00015556553638024353 -9.6377994573951058e-05 -0.00017376998230168264 -0.00015260548706456928 2.1394134452767823e-05 -0.00019521407703490149 -0.00021937611548042575 -2.7361178298245635e-05 -3.5605949456076845e-05 -0.00015118411649646868 -5.2850269156282254e-06 -4.5047517001434161e-05 -7.4629843501366878e-05 -0.00018030700593629458 1.1915236416774729e-05 -9.9125665143655131e-05 -2.9877819159558408e-05 -0.00017959963370455456 -0.00011377775855113395 -6.9977525921833533e-05 -0.00019432291373794937 -4.6692511714499258e-05 -0.00014427520751684024 -9.5777238691435054e-05 -0.00017875450395285028 -0.00020341598348472856 -0.00011852823990599274 -0.00013526275367522022 -0.00027067237413816886
leaf_weight=47 47 56 69 73 52 46 88 75 51 52 46 46 76 46 65 63 46 74 52 78 52 46 47 71 57 51 57 52 55 48 48 49 80 46 86 79 51 84 76 78 73 52 58 63 53 64 46 66 49 77 62 53 50 73 48 51 50 55 46 49 57 47 71 50 68 51 48 49 67 47 59 47 63
leaf_count=47 47 56 69 73 52 46 88 75 51 52 46 46 76 46 65 63 46 74 52 78 52 46 47 71 57 51 57 52 55 48 48 49 80 46 86 79 51 84 76 78 73 52 58 63 53 64 46 66 49 77 62 53 50 73 48 51 50 55 46 49 57 47 71 50 68 51 48 49 67 47 59 47 63
internal_value=3.00979e-06 -2.14689e-05 -1.07468e-05 0.000441892 -4.89038e-05 -1.57569e-06 -8.0417e-06 0.000311459 -0.000123073 -2.61529e-05 8.7398e-05 2.27186e-05 6.3411e-05 0.000228431 0.00029258 -5.0495e-05 -5.61305e-05 -1.7103e-05 9.92258e-05 8.85134e-06 7.89119e-05 -1.0604e-05 0.00015236 -2.57839e-05 -9.65818e-05 -3.90227e-05 -6.01904e-05 5.59252e-06 3.49451e-05 -7.34057e-05 -3.7214e-05 -0.000101829 -7.42638e-05 -6.80131e-05 -8.45668e-06 -1.04564e-05 -7.95278e-05 -2.9498e-05 -0.000181701 -9.53128e-05 -6.84813e-05 -4.26253e-05 -7.35494e-05 3.61044e-05 -0.000153833 -4.00806e-05 -0.000122678 -8.83376e-05 -5.88795e-05 -0.000123891 -0.000148812 -6.74413e-05 -9.82007e-05 -0.000131365 -9.38074e-05 -8.58458e-05 -9.20337e-05 -0.000110386 -7.83019e-05 -4.57634e-05 -7.64892e-05 -0.000126752 -0.000157129 -0.000127582 -0.000144531 -0.000108068 -9.8446e-05 -0.000141719 -0.000223397 -0.000184638 -0.000157651 -0.00017638 -0.000246907
internal_weight=4323 4276 4229 328 3901 2382 2336 255 1519 1964 372 653 326 180 111 1311 1259 400 250 601 130 471 135 425 1048 326 263 257 186 557 246 311 859 813 132 134 681 164 471 517 298 225 168 115 285 122 491 214 148 254 277 198 103 219 121 212 150 155 147 95 106 97 148 215 165 97 99 104 186 182 106 98 119
internal_count=4323 4276 4229 328 3901 2382 2336 255 1519 1964 372 653 326 180 111 1311 1259 400 250 601 130 471 135 425 1048 326 263 257 186 557 246 311 859 813 132 134 681 164 471 517 298 225 168 115 285 122 491 214 148 254 277 198 103 219 121 212 150 155 147 95 106 97 148 215 165 97 99 104 186 182 106 98 119
is_linear=0
shrinkage=0.0243204


Tree=30
num_leaves=75
num_cat=0
split_feature=25 56 2 56 64 33 56 0 56 18 73 21 66 1 10 42 74 47 4 78 11 64 17 31 24 52 25 53 6 74 15 74 81 11 73 45 33 21 31 21 26 80 12 1 48 17 71 58 77 36 9 10 69 21 6 8 35 74 12 64 76 52 47 35 5 57 84 6 74 74 22 73 69 47
split_gain=0.095295 0.15035 0.0725686 0.0211793 0.0144903 0.008543 0.00788434 0.00327087 0.00299592 0.00247868 0.00312481 0.00251705 0.00194878 0.00208939 0.00206071 0.00202075 0.00182311 0.00358523 0.00176133 0.00165113 0.00156911 0.00142535 0.00141213 0.00133447 0.0021618 0.00162655 0.0015022 0.00139497 0.00127868 0.00118132 0.00116127 0.0010937 0.00127868 0.00109091 0.00108749 0.00106437 0.00164491 0.00192324 0.00091041 0.00112955 0.00085837 0.000933313 0.000842711 0.00117873 0.000793733 0.000692601 0.000766147 0.000660407 0.000641226 0.000636905 0.00062945 0.000628272 0.000593949 0.000570131 0.000532175 0.000505249 0.0004761 0.000455143 0.00045203 0.00066354 0.000437305 0.000417142 0.000403074 0.000390733 0.000326161 0.000312572 0.000292161 0.000309177 0.000274242 0.00025948 0.000222162 0.00021346 0.000166206 9.04667e-05
threshold=1.1595755953252793 50.895000457763679 29.914999961853031 33.30999946594239 69.375214246272861 0.0074747204771961505 42.444999694824226 25.460000038146976 25.19999980926514 -0.018950659371243298 0.0090827791637758028 0.029089144061077654 4.4910929335025083 61.82500076293946 0.92791505581488931 942.62500000000011 -0.047638294820614345 -0.0030494451441710493 -0.0029279879943640993 50.363871880654621 0.82732504894031356 48.110527280088938 0.029270472127484206 0.00039945266988205007 0.31185757908502976 36.721406061993513 0.81838651151022435 0.72133255086601233 0.0093840200248954016 -0.013369002905571947 4.9814999103546151 -0.013800747389282149 0.60245345010863127 0.72806756691439911 0.016013120147319503 -0.0024124127293142492 -0.0012182088239422499 -0.0020635125961153996 -0.0014409134014646996 -0.0013292880995013998 4.3341749787330635 1.8152557764348847 43.746250247955331 54.625000000000007 0.007204866055900901 0.011604763290755151 27.909999847412113 45.135000228881843 -0.022163031410329045 57.944131715934539 0.57638026672560383 1.3536495036807514 30.658941155204236 -0.028217488357433349 0.00083492750668375003 64.027642960700575 -0.0012212503001206498 0.033937259510359953 95.994250297546401 43.008643004966224 0.070444452188954412 21.159726998230202 0.00018363812777395002 0.0022036205675168507 -0.0029457648599564494 42.385000228881843 2.5000000000000004 0.0037217732744942505 -0.0035386670151435497 -0.0051727114289068987 49.771398288173735 0.0073100176735760008 18.301229789347417 0.0013340685426517502
decision_type=10 10 2 8 10 10 10 2 10 10 10 10 8 2 2 10 10 10 10 10 8 10 10 10 10 10 10 10 10 10 10 10 10 10 10 10 10 10 10 10 10 10 10 2 10 8 10 10 10 10 10 2 8 10 10 10 10 10 10 8 10 10 10 10 10 8 2 10 10 10 10 10 10 10
left_child=1 3 -3 8 5 16 7 18 58 10 21 38 22 14 30 -16 -4 -18 -5 62 31 -8 23 24 25 29 27 40 70 -9 45 50 42 35 -34 36 -10 -38 47 53 41 -25 -33 -44 60 46 -14 -11 52 57 51 -17 -37 -40 -24 -22 -31 61 59 -1 66 -50 -15 -29 -51 -64 67 -35 -68 -61 -21 -69 -60 -74
right_child=-2 2 4 6 -6 -7 9 12 33 11 -12 -13 13 19 15 20 17 -19 -20 28 55 -23 54 26 -26 -27 -28 63 -30 56 -32 32 34 44 -36 48 37 -39 39 -41 -42 -43 43 -45 -46 -47 -48 -49 49 64 -52 -53 -54 -55 -56 -57 -58 -59 72 69 -62 -63 65 -65 -66 -67 68 71 -70 -71 -72 -73 73 -75
leaf_value=-0.00021331007291819758 -0.001084714550637394 0.001347495331639841 0.00028664199851844032 0.00021038209845520501 0.00070864751883992195 0.0004746641074028116 0.00017032298144668267 5.1979268817376302e-05 -0.00012392950069746485 -9.8726286415353555e-05 0.00031427953088973575 0.00018906322880738876 -0.00013734150288324459 -0.00018907229040113769 0.00011603113518508825 -0.00014872397123582811 0.00028152186107766004 2.5305473299496071e-05 7.881556268802442e-06 -0.00013040523326867038 -5.7464262377888043e-05 -1.4972348754857306e-05 -2.9410128591082045e-05 1.3723870837223291e-05 0.00019210419880349438 0.00010144731696557706 -0.00012643535085866389 -0.00011547072579050984 5.9926632495345163e-05 -0.00012767385771385135 -2.9589500643214753e-06 -7.6651555391323408e-05 0.00017728781557740326 -0.0002278973064737038 1.3188962923517598e-05 -0.0001145778474893216 0.00014208739184124882 -6.9667165998612245e-05 5.9104346423743033e-05 0.00012213366684432945 -3.8701936051298519e-05 0.00015976813138763059 0.00011967357886690311 -4.4747343282664715e-05 -6.1908218019433538e-05 -0.0001848537639079579 -9.3258465800926541e-06 1.7610072112563685e-05 -0.00022090790800426336 -2.6619618590796246e-05 2.2109370565975889e-05 -3.7695910956114243e-05 -1.8002621007914615e-05 -5.5367859364910871e-05 -0.00013385715357659849 -0.00015868811074701817 -2.8146685261714524e-05 -9.1337507336518685e-05 -0.00025649820978594862 -0.00015610855171542591 -8.6008406266721389e-05 -0.00012996708239330066 -6.5375766832565345e-05 -1.8753494008355221e-05 -0.00011801293019784522 -0.00014653178448282542 -0.00016241498217155491 -0.00012125453993375434 -8.264655809898854e-05 -7.4096667553195803e-05 -5.326671920992221e-05 -0.0001965859710559839 -0.00022052126053759798 -0.00016460405070886031
leaf_weight=76 48 47 57 48 50 77 49 74 68 56 51 57 69 85 65 48 51 86 53 46 66 48 57 52 48 90 69 51 49 50 62 72 48 67 47 71 47 53 46 71 46 51 47 55 72 70 46 58 67 46 49 81 80 56 59 54 66 55 59 47 54 65 46 48 47 83 69 59 46 50 46 46 61 53
leaf_count=76 48 47 57 48 50 77 49 74 68 56 51 57 69 85 65 48 51 86 53 46 66 48 57 52 48 90 69 51 49 50 62 72 48 67 47 71 47 53 46 71 46 51 47 55 72 70 46 58 67 46 49 81 80 56 59 54 66 55 59 47 54 65 46 48 47 83 69 59 46 50 46 46 61 53
internal_value=-1.769e-05 -5.58094e-06 0.000463918 -4.94674e-05 0.000330945 0.000259019 -8.63968e-06 -2.92111e-05 -0.000127213 7.8883e-05 0.000161812 4.28536e-05 -3.60629e-05 -5.49277e-05 -3.47485e-05 -1.14167e-05 0.000171525 0.000121976 0.000105194 -0.000104663 -2.61986e-05 7.93657e-05 -5.44101e-06 8.6438e-06 4.29754e-05 1.68432e-05 -2.68984e-05 1.16878e-06 -3.9663e-05 -2.35332e-05 -9.4171e-05 -5.15728e-06 2.57598e-05 -0.000105905 9.70477e-05 -8.46738e-05 -3.24973e-05 3.0249e-05 1.32834e-05 4.83436e-05 4.80806e-05 8.68466e-05 -1.34723e-05 3.14116e-05 -0.000136429 -0.000124563 -8.66401e-05 -3.98733e-05 -0.000104893 -0.000126732 -5.17742e-05 -7.98023e-05 -6.38515e-05 -3.6647e-06 -8.31989e-05 -0.000103913 -7.17441e-05 -0.000152672 -0.000189075 -0.00015911 -0.000151945 -0.000177384 -0.000147121 -6.92119e-05 -7.35451e-05 -0.00011829 -0.000164023 -0.000184949 -0.000131456 -0.000114974 -9.27862e-05 -0.000155735 -0.000218001 -0.00019611
internal_weight=4362 4314 368 3946 321 271 2588 2096 1358 492 148 344 1995 1234 879 632 194 137 101 355 567 97 761 645 328 280 317 248 141 190 247 447 269 1012 95 599 168 100 287 173 149 103 174 102 413 185 115 114 431 280 178 129 151 102 116 120 116 187 346 173 341 132 214 99 93 129 287 172 115 97 92 105 173 114
internal_count=4362 4314 368 3946 321 271 2588 2096 1358 492 148 344 1995 1234 879 632 194 137 101 355 567 97 761 645 328 280 317 248 141 190 247 447 269 1012 95 599 168 100 287 173 149 103 174 102 413 185 115 114 431 280 178 129 151 102 116 120 116 187 346 173 341 132 214 99 93 129 287 172 115 97 92 105 173 114
is_linear=0
shrinkage=0.0243204


Tree=31
num_leaves=75
num_cat=0
split_feature=25 56 2 56 64 33 56 0 56 62 18 73 21 2 66 43 24 7 7 4 82 71 41 45 71 86 45 10 74 55 45 8 78 56 58 51 11 17 21 24 9 11 2 71 27 37 63 6 46 26 82 33 77 20 67 32 79 4 55 3 24 12 64 43 64 76 11 4 17 36 74 69 7 80
split_gain=0.0908047 0.143248 0.0691545 0.020178 0.0138085 0.00813633 0.00751152 0.00311651 0.0028543 0.00270691 0.0023619 0.00297734 0.00240024 0.00235078 0.00185626 0.00217251 0.00245139 0.00178795 0.00171096 0.00167832 0.00154812 0.00131451 0.00138813 0.00127758 0.00120644 0.00116783 0.00124403 0.00110788 0.00106804 0.00106652 0.00157729 0.00159222 0.000972137 0.000954803 0.000905997 0.000952617 0.000886918 0.00082159 0.00196876 0.00081807 0.000812488 0.000801328 0.000787309 0.000860735 0.000714867 0.000704059 0.000676069 0.00069667 0.000675202 0.000608193 0.00059708 0.000571792 0.000519088 0.000501041 0.000488495 0.000541636 0.000482496 0.000471788 0.00044183 0.000616584 0.000544718 0.000430698 0.000631749 0.000420593 0.000410791 0.000389029 0.00034016 0.000329453 0.000302943 0.000252276 0.000247262 0.000158312 0.000130314 5.73762e-05
threshold=1.1595755953252793 50.895000457763679 29.914999961853031 33.30999946594239 69.375214246272861 0.0074747204771961505 42.444999694824226 25.460000038146976 25.19999980926514 0.010067899712367852 -0.018950659371243298 0.0090827791637758028 0.025864876544253752 47.510000228881843 4.4910929335025083 1225.2500000000002 0.26453901895637283 0.011932187088226251 -0.017307915647980499 -0.0029279879943640993 24.854000043869021 16.775000572204593 426.82495364627863 -0.0045972134499225993 19.795000076293949 -0.0025100694451605982 -0.0021175395963986495 0.96530652377369408 -0.010370116393776748 1311.4465078326884 0.00012690036421905002 48.802459942538668 40.698202735048774 30.195000648498539 38.149999618530281 42.641848828380951 0.70524379160852857 -0.0034408710752580492 -0.0087426754844156986 0.10409744475175287 0.46477070690378858 0.39164475754825762 59.414999008178718 20.304999351501468 7.9481578631310397 13.652468364540825 -0.012181567536857897 0.0048624992927984003 0.0041882425583107006 3.8496750175952914 13.851000070571901 -0.0044234850038867993 -0.010370116393776748 0.0060137947569343505 0.20534811418856005 0.0041464173862106506 -0.36767755979203981 -0.0012762316287939998 2714.6516255129559 0.0034993877912078502 0.19421142843935982 95.994250297546401 43.008643004966224 2377.7500000000005 52.785404727949448 0.030247897658022455 0.48402024742265998 -0.0034750222226861997 0.0023941943380931005 51.655995089838648 -0.0051727114289068987 18.301229789347417 0.00083492750668375003 1.2734257184309696
decision_type=10 10 2 8 10 10 10 2 10 10 10 10 10 2 8 10 10 10 10 10 10 8 10 10 10 10 10 2 10 8 8 10 10 10 10 10 10 10 10 10 10 10 2 10 10 10 10 10 8 10 8 10 8 10 10 10 10 10 10 10 10 10 8 10 10 10 10 10 10 10 10 10 10 10
left_child=1 3 -3 8 5 9 7 19 61 13 11 20 39 -4 18 16 17 27 24 -5 -8 22 -18 45 -9 26 -10 48 -19 50 31 -31 -25 51 35 54 -29 41 -39 -12 -28 -35 43 -32 46 57 -41 -48 -16 -44 53 68 -33 -17 -34 63 -43 -20 60 -60 67 62 -1 -56 -36 66 -40 -53 -27 -52 -64 -63 -73 -69
right_child=-2 2 4 6 -6 -7 10 14 25 -11 12 -13 -14 -15 15 29 21 28 23 -21 -22 -23 -24 32 -26 33 40 36 -30 30 42 52 34 37 64 -37 -38 38 65 44 -42 56 49 -45 -46 -47 47 -49 -50 -51 69 58 -54 -55 55 -57 -58 -59 59 -61 -62 71 70 -65 -66 -67 -68 73 -70 -71 -72 72 -74 -75
leaf_value=-0.00020818641176938339 -0.0010588464386247489 0.0013153738117383299 0.00037059342275368509 0.00020536494355938425 0.00069173467906120522 0.00046326094747019822 -2.4782172717310242e-05 -4.4178121189985616e-06 5.525034234728606e-05 6.1336747075210773e-05 9.536776241777496e-05 0.00030677607372591592 0.00017255884600623518 0.00014259674515031099 -0.00017194658597976349 -0.00012995731567502739 -8.939523770006061e-05 -5.8347673964125667e-05 0.00013016913846485679 7.6932547431451513e-06 0.00016848466646042593 0.00014936959044622652 8.967222443199998e-05 2.9502681169393585e-05 0.00013275808814589536 -0.00014500563898158734 -2.0271865699413843e-05 1.3915278069949692e-05 7.4464460512454922e-05 8.2323340433313461e-05 1.0199473081133412e-05 -0.00012144983534663854 -0.00016606095377894012 -0.00020315444536964959 5.6582650194241114e-05 1.4024993499342742e-05 -0.00010180538459536984 5.7336331882273807e-05 -7.6505749027973272e-05 2.2856833147645684e-05 -0.00014093231396951225 -0.00013441106759080846 -0.00021440755781255505 -0.00012511050110620368 7.124804493951525e-05 -3.3531416341350523e-05 -0.0001335738311787929 -6.7365437833907354e-06 -6.4360927966250486e-05 -9.9083726457642753e-05 -0.0002131122072772233 -0.00012134985735281853 -1.3475568194488786e-05 -2.6492783699483824e-05 -7.335810738883426e-05 -1.7587735515945922e-05 -3.0737535959896717e-05 2.28501969335222e-05 -4.1710427796054696e-05 -0.00014250680636818482 -7.2415814930987143e-05 -0.00025035904828782623 -0.00015238724283757552 -0.00016725416693636142 -4.5157178911531587e-05 -4.2631525927804839e-05 -0.00016729410891601416 -0.00022167972905029129 -0.00023917944446065034 -0.00013079899856602658 -7.2328250735833276e-05 -0.00022092668386267659 -0.00015875170010338211 -0.00016923093859969507
leaf_weight=76 48 47 49 48 50 77 46 72 50 83 53 51 66 62 91 71 47 60 48 53 51 60 54 87 79 48 61 87 86 70 56 51 55 55 46 50 70 64 46 74 72 59 48 54 49 52 53 49 58 68 49 63 54 46 76 54 49 49 75 70 47 59 47 47 46 46 59 49 47 54 50 57 57 52
leaf_count=76 48 47 49 48 50 77 46 72 50 83 53 51 66 62 91 71 47 60 48 53 51 60 54 87 79 48 61 87 86 70 56 51 55 55 46 50 70 64 46 74 72 59 48 54 49 52 53 49 58 68 49 63 54 46 76 54 49 49 75 70 47 59 47 47 46 46 59 49 47 54 50 57 57 52
internal_value=-1.72645e-05 -5.44416e-06 0.000452831 -4.82816e-05 0.000323024 0.000252811 -8.43062e-06 -2.85097e-05 -0.000124167 0.000167424 7.69977e-05 0.00015795 4.18271e-05 0.000245546 -3.51979e-05 -5.36095e-05 -2.10775e-05 -5.00865e-05 -5.31176e-06 0.000102685 7.7472e-05 6.0174e-05 6.27778e-06 -2.34703e-05 6.77252e-05 -0.000103368 -4.74146e-05 -8.34177e-05 1.98532e-05 -8.56395e-05 -6.17799e-05 -6.87137e-06 -4.34634e-05 -0.00011565 -6.04711e-05 -8.20288e-05 -3.79762e-05 -8.67213e-05 -5.51052e-05 1.0304e-05 -8.61359e-05 -0.000127856 -0.000104086 -5.67199e-05 -1.00461e-05 3.82645e-05 -3.29459e-05 -7.32768e-05 -0.000130748 -0.000148168 -0.000128672 -0.000139661 -6.65488e-05 -8.98288e-05 -0.000102707 -8.22328e-05 -8.80619e-05 7.67147e-05 -0.000124809 -9.0989e-05 -0.000147534 -0.000184549 -0.000155299 -0.000110253 5.76087e-06 -0.000102829 -0.000128573 -0.000168514 -0.000193516 -0.000171559 -0.000112233 -0.000212784 -0.000191419 -0.000196517
internal_weight=4362 4314 368 3946 321 271 2588 2096 1358 194 492 148 344 111 1995 1234 613 452 761 101 97 161 101 610 151 1012 183 306 146 621 401 175 461 829 374 282 157 378 215 278 133 163 226 110 225 149 176 102 149 116 220 451 105 117 232 177 108 97 356 145 211 346 173 123 92 151 105 164 95 103 97 173 114 101
internal_count=4362 4314 368 3946 321 271 2588 2096 1358 194 492 148 344 111 1995 1234 613 452 761 101 97 161 101 610 151 1012 183 306 146 621 401 175 461 829 374 282 157 378 215 278 133 163 226 110 225 149 176 102 149 116 220 451 105 117 232 177 108 97 356 145 211 346 173 123 92 151 105 164 95 103 97 173 114 101
is_linear=0
shrinkage=0.0243204


Tree=32
num_leaves=76
num_cat=0
split_feature=3 11 68 58 58 85 78 67 24 4 3 72 49 45 5 22 57 21 84 28 12 10 9 45 81 59 37 65 57 66 18 31 77 59 31 81 53 47 86 86 76 49 73 76 3 3 17 2 84 19 9 26 84 35 58 0 54 34 30 39 52 4 67 32 74 64 18 31 79 47 69 47 57 10 40
split_gain=0.293926 0.0694838 0.142374 0.0470549 0.0142984 0.00839685 0.00653997 0.00611554 0.00349935 0.0032533 0.00256333 0.0025369 0.00261264 0.00232696 0.0019963 0.00192756 0.00183103 0.00166269 0.00156431 0.00187345 0.00154723 0.00171624 0.00195405 0.00180826 0.00141845 0.00198363 0.00235127 0.00139714 0.00132464 0.00160822 0.00153881 0.0026145 0.00132057 0.00129108 0.00120554 0.00116402 0.00103308 0.00100744 0.00155745 0.00133769 0.000938375 0.000934532 0.000859185 0.000839172 0.000800116 0.000772371 0.000740448 0.000718924 0.000968457 0.000773176 0.000708756 0.000704116 0.000690262 0.000981956 0.000674261 0.000631335 0.000563221 0.000543916 0.000808682 0.00101461 0.000464481 0.000463645 0.000453355 0.000736096 0.000437028 0.000418846 0.000348013 0.000403497 0.000336059 0.00032801 0.000291665 0.000277479 0.000269497 0.000226718 0.000137199
threshold=-0.064179185308716941 -0.1385695996429637 82.555249023437526 42.179998397827156 29.095000267028812 3.5000000000000004 51.146831915895895 0.92886353927986287 0.57812297416264047 -0.020110699676921449 0.0082560769092481032 14.914999961853029 0.0087737626556990515 -0.0021860321569020496 0.028717928811057555 36.395330685995297 22.500000000000004 -0.0046444243212711992 1.5000000000000002 1197.4000244140627 57.806000041961674 0.94894724700469402 1.354678227145474 0.01198273801887585 0.43940139206499879 -0.022918499235553749 -1.4721625187588072 0.74845362595984366 37.295000076293952 5.5494235693597345 0.010709103319172351 0.00051620225763355013 -0.010370116393776748 -0.042905565445996489 0.00046077574856260005 0.39941781650518687 0.77706199627843364 -0.005849203771680799 -0.00040325336899549948 0.0012989446567516145 0.028533398188198503 -0.0036340963759639998 0.020236549857325904 -0.080540168488965988 -0.00062944365545559988 0.010802429568660402 -0.0085233127463124978 71.034999847412124 2.5000000000000004 0.0021077057207997507 0.41565916959441834 4.2724500119686137 3.5000000000000004 -0.0049009446476976489 30.795000076293949 27.925000190734867 1436.5500000000004 0.0013384906709236501 1313.7500000000002 0.28285909685949767 20.651070248969535 0.0028081976643290004 0.30235934162671591 0.0012763930776326503 -0.018975411223224544 50.111784988244729 0.0023970627419284503 0.0022011961567077005 -0.043612596136082239 0.0031449449903712006 29.203350968183365 -1.0000000180025095e-35 26.035000801086429 2.0945073611785894 1305.1774963378909
decision_type=8 8 10 10 8 2 10 10 10 8 10 10 8 10 10 10 10 10 2 10 10 2 10 10 10 10 10 10 10 10 10 10 8 10 10 10 10 8 10 10 10 10 10 8 10 10 10 2 2 10 8 8 2 10 10 2 10 10 10 10 10 10 8 10 10 10 10 10 10 10 10 10 10 2 10
left_child=-1 -2 3 4 16 6 17 8 10 11 15 45 27 14 32 -7 65 -5 -17 -20 21 40 23 24 25 26 -23 46 43 30 35 -32 47 -12 -28 -30 57 38 -34 42 55 -35 -39 -22 52 -6 -13 48 49 -11 -26 -50 53 -45 -41 -15 -44 58 59 -18 -48 -59 70 -64 -27 74 67 -46 73 -68 72 -60 -38 -55 -3
right_child=1 2 -4 5 9 7 -8 -9 -10 13 33 12 -14 20 -16 18 36 -19 19 -21 28 22 -24 -25 50 64 34 -29 29 -31 31 -33 37 41 -36 -37 62 39 -40 54 -42 -43 56 44 66 -47 60 -49 51 -51 -52 -53 -54 68 -56 -57 -58 61 71 -61 -62 -63 63 -65 -66 -67 69 -69 -70 -71 -72 -73 -74 -75 -76
leaf_value=0.0017459212369407967 -0.00092379134217145911 -0.00025551837284243351 0.0012510012797186296 8.1682596618510816e-05 -0.00010025249769341937 -2.2895226485529597e-05 0.00051053231799774083 0.00033970635298741312 0.00027238582355570566 -3.2577090848481607e-05 7.8055936066724713e-05 8.5659257490110167e-05 0.00023427121669417967 2.7114391471510385e-06 0.00012239187474081035 5.937355616645656e-05 6.6712993136567905e-05 0.00028576832716115298 0.00030504532357876094 0.00011363823338783842 -4.5974060840698513e-06 -5.2168224186310316e-05 -0.00011459108661791946 0.00015321379220173032 -0.00013245387637038583 -9.6195045270945653e-06 0.00021924069131711336 0.0001591911695124295 -0.00011053584819683102 -0.00014588190022495949 0.0001949307188968923 -5.4296644340307526e-05 0.00018377388344849896 -0.00014083897849769897 6.2845328894850006e-05 3.5866212187711193e-05 -0.00015257912481059428 3.8857316168345456e-05 -3.8576668155985473e-06 1.3383502939866411e-06 -0.00018777417922569264 2.4524500962393877e-06 -0.00011805423831976337 -5.0943817816884275e-06 -0.0001170319750693675 2.3116623321787496e-05 -7.3391092205822421e-05 -0.00010997525004070592 -2.4756287144179234e-05 9.2007007436112004e-05 -1.2461864496402322e-05 -0.00015247243019061299 3.3005277301191005e-06 -0.00019180690717299873 0.00013101135111539159 -0.00011187245139229689 -1.6204788776254469e-05 -8.7843718463347727e-05 -0.00014658734704547734 -8.7927954089261575e-05 2.8890362942752075e-05 -0.00017596406596114011 -0.00017094383986087589 -5.586686086308665e-05 -0.00011367927415939638 -0.00014813973087752778 -7.3939345612685401e-05 -0.00020209162247813162 -7.4937972834145561e-05 -0.00015653535143943107 -0.00012691603083842161 -6.7649603944240785e-05 -0.00023621519983719639 -0.00011219294078694684 -0.00019252817530408426
leaf_weight=56 48 79 52 46 73 49 63 64 53 71 64 48 53 54 68 77 46 50 55 70 53 56 80 49 58 49 56 46 87 59 48 50 46 46 62 50 47 50 59 48 46 63 82 53 70 50 59 89 57 49 58 46 53 49 46 59 53 82 61 53 46 67 74 61 46 60 82 74 52 46 48 51 69 48 56
leaf_count=56 48 79 52 46 73 49 63 64 53 71 64 48 53 54 68 77 46 50 55 70 53 56 80 49 58 49 56 46 87 59 48 50 46 46 62 50 47 50 59 48 46 63 82 53 70 50 59 89 57 49 58 46 53 49 46 59 53 82 61 53 46 67 74 61 46 60 82 74 52 46 48 51 69 48 56
internal_value=1.0089e-05 -1.26863e-05 -2.29418e-06 -1.79422e-05 -5.39779e-05 0.00016412 0.000319138 0.000118079 8.77236e-05 -2.63948e-05 6.40804e-05 3.99761e-05 8.40678e-05 -3.7177e-05 -2.44231e-06 0.000113578 -0.000140605 0.000189748 0.000146639 0.000199533 -5.43184e-05 -2.65446e-05 -4.88331e-06 1.55435e-05 -2.31013e-06 2.83435e-05 7.69996e-05 4.31348e-05 -7.56517e-05 -3.34446e-05 -4.73723e-06 6.84646e-05 -1.47905e-05 -7.95613e-06 0.000138235 -5.72186e-05 -0.000120895 1.53958e-05 7.92457e-05 -8.81798e-06 -9.61176e-05 -5.87057e-05 -4.67176e-05 -9.69549e-05 -0.000106216 -5.03022e-05 7.46781e-06 -5.18798e-05 -2.83208e-05 1.86103e-05 -7.30554e-05 -8.26771e-05 -7.47789e-05 -9.51892e-05 6.54822e-05 -5.75416e-05 -7.84691e-05 -9.26827e-05 -6.70356e-05 -1.61139e-05 -2.87159e-05 -0.00012834 -0.000154458 -0.000119708 -6.06438e-05 -0.000206301 -0.000135322 -0.000161789 -0.000126994 -0.000104566 -0.000182202 -0.000111523 -0.000203853 -0.000153892 -0.000230926
internal_weight=4396 4340 4292 4240 3540 700 159 541 477 2686 424 375 252 2311 764 251 854 96 202 125 1547 673 514 434 385 269 174 199 874 294 235 98 696 173 118 137 659 384 105 279 159 109 185 580 527 123 153 312 223 120 116 103 255 202 94 113 135 360 211 99 105 149 299 135 95 195 272 144 149 128 164 112 116 97 135
internal_count=4396 4340 4292 4240 3540 700 159 541 477 2686 424 375 252 2311 764 251 854 96 202 125 1547 673 514 434 385 269 174 199 874 294 235 98 696 173 118 137 659 384 105 279 159 109 185 580 527 123 153 312 223 120 116 103 255 202 94 113 135 360 211 99 105 149 299 135 95 195 272 144 149 128 164 112 116 97 135
is_linear=0
shrinkage=0.0243204


Tree=33
num_leaves=70
num_cat=0
split_feature=7 86 56 52 56 84 56 19 2 28 10 21 64 45 52 39 57 54 8 67 52 19 12 52 18 64 19 71 5 53 11 64 52 53 53 28 60 3 49 8 84 8 13 83 25 9 37 57 55 30 70 10 69 20 26 23 49 32 56 26 57 1 62 20 64 36 76 8 40
split_gain=0.352075 0.0797818 0.0873262 0.0367005 0.0200196 0.00951093 0.00675512 0.00478691 0.00394347 0.00271441 0.0034767 0.00270158 0.00211898 0.00209664 0.00190551 0.00214513 0.00180875 0.00164834 0.00183989 0.0016009 0.00160045 0.00158563 0.00187466 0.00151341 0.00144347 0.00132554 0.00128628 0.00133421 0.00127126 0.00126298 0.00125925 0.000987247 0.000927653 0.00124012 0.000875751 0.000873371 0.000852015 0.000824225 0.00082011 0.000731819 0.000724089 0.000837728 0.000728906 0.000843333 0.000688374 0.000616806 0.000600827 0.000635682 0.000927621 0.000914766 0.000582882 0.000552008 0.00108909 0.00066262 0.000526115 0.000517262 0.000569869 0.000573158 0.000503678 0.000453716 0.000451809 0.000441212 0.000357306 0.000492209 0.000347313 0.0003009 0.000226989 0.000173055 0.000149927
threshold=-0.062942387244558931 -0.022943989108373374 48.995000839233406 98.882518398081501 30.714999198913578 3.5000000000000004 39.354999542236335 -0.037027546897963039 39.590000152587898 355.10000610351568 1.1584423822000047 -0.0046444243212711992 59.858254613073477 -0.00065095657588439991 18.759180275731598 0.7025617273841146 22.500000000000004 4529.5625000000009 63.644459445527353 0.8266033023281335 32.909056285977364 -0.0070223458782265992 57.806000041961674 13.258278056830729 0.030864532050628505 43.378374672869889 0.021835045062847454 14.72499990463257 -0.015604743065964247 0.61755312771109416 0.64624809234246416 47.064307890806631 27.729628872748567 0.65811125070127197 0.75581998989876953 401.94999694824224 -0.0070358230414730985 -0.00083100971128619993 -0.0012729083093578999 53.268695222160567 3.5000000000000004 52.350853286076408 58.343852787699419 12.872983205321781 0.77670037091966326 0.34836278714378827 12.983056780796177 31.015000343322757 2359.8709627453022 1321.799987792969 18.384999275207523 1.8860629973174403 32.59613054394471 -0.016215178097568245 3.6887250363826758 -0.12618166794758681 0.0019703511876458003 0.0019447309541075002 27.214999198913578 3.5520999789237977 25.814999580383304 81.36999893188478 -0.01343011479012095 -0.011698313589201049 50.111784988244729 53.46776254431542 -0.010384983615933098 60.630950898908175 1305.1774963378909
decision_type=8 8 10 10 8 2 10 10 2 8 2 10 10 10 10 8 10 10 10 10 10 10 10 10 10 10 10 10 10 10 10 10 10 10 10 10 10 10 10 10 2 10 10 10 10 10 10 10 10 10 10 2 10 10 10 8 8 8 10 10 10 2 10 10 10 10 10 10 10
left_child=-1 -2 4 5 16 7 9 -4 -9 10 14 -10 17 19 15 -6 64 18 25 26 -14 22 23 -15 51 39 32 -28 -16 59 31 -27 44 -34 46 -23 -33 -29 -38 -8 42 -42 43 -37 55 -45 47 48 54 -50 62 -24 -53 -54 -18 -11 57 -57 60 -30 -36 66 63 -44 68 -65 -60 -62 -3
right_child=1 2 3 -5 6 -7 12 8 11 13 -12 -13 20 21 28 -17 34 -19 -20 -21 -22 35 24 -25 -26 30 27 37 29 -31 -32 36 33 -35 58 40 38 -39 -40 -41 41 -43 50 45 -46 -47 -48 -49 49 -51 -52 52 53 -55 -56 56 -58 -59 61 -61 67 -63 -64 65 -66 -67 -68 -69 -70
leaf_value=0.001926766622925941 -0.0010119530805360966 -0.00024937799600273087 -3.0620056514525693e-05 0.00094217148122626023 -3.4723409444693007e-05 0.00048737856864920396 7.233023433605335e-05 0.00037337270102743848 5.0983219071094154e-05 -2.1856610833982508e-05 0.00016819316645646942 0.00024776208054630059 7.2798967052107422e-05 0.00012348520518841189 6.2669509621871483e-05 0.00018697862601915014 -0.00018344711619006519 -9.601405356715518e-05 -4.7560867916173865e-05 9.6817844474066323e-05 0.00025745773687679244 -0.00018867513319958704 -0.00014431966907716348 -3.096507822352414e-05 5.1879493216880466e-05 0.00017032591218338276 0.00014821537451336378 6.1382833441147859e-05 -0.0001506080249105128 2.4422856566819733e-05 -3.2308597656268377e-05 0.0001102194877354644 8.0540185905035572e-05 -6.3951791696659644e-05 -0.00012777640385278882 3.4293827353770392e-05 -6.0652815185367249e-05 -7.9051532766663969e-05 6.7934572950119332e-05 0.00020358026082776048 4.3212305054814104e-05 -8.7186939175279025e-05 -0.00017217947061428236 -2.3740213522052825e-05 -3.1188984035492138e-06 -0.00013998586752326058 -1.713646101592401e-05 -0.00018230540828336543 5.6903710832507717e-06 -0.0001245656702309868 -5.963094054793421e-05 3.3775354737558075e-05 -2.8545891052531048e-05 -0.00014595954354567326 -8.7039085943671238e-05 -0.00011849385086142974 -0.00014808202591114103 -6.25774151833381e-06 -0.00011750759261315424 -6.3318714280792966e-05 -0.00016662452484298308 -0.00015787197950916884 -0.00017552224986493859 -3.0657895727219564e-05 -0.0001488880052087892 -0.00011907158474626631 -4.591991012142912e-05 -0.00023700048734450247 -0.00018562297505123708
leaf_weight=55 46 79 52 50 49 75 46 74 76 64 81 91 65 70 53 53 65 48 91 74 49 47 73 79 52 51 46 48 74 59 85 82 73 66 89 48 54 49 62 59 55 60 49 50 87 59 55 52 85 50 85 48 46 76 75 54 87 53 52 71 55 80 85 46 62 46 56 58 57
leaf_count=55 46 79 52 50 49 75 46 74 76 64 81 91 65 70 53 53 65 48 91 74 49 47 73 79 52 51 46 48 74 59 85 82 73 66 89 48 54 49 62 59 55 60 49 50 87 59 55 52 85 50 85 48 46 76 75 54 87 53 52 71 55 80 85 46 62 46 56 58 57
internal_value=9.8503e-06 -1.48534e-05 -3.95241e-06 0.000329617 -3.99886e-05 0.000244172 -8.04999e-06 0.000180539 0.000226045 -2.87728e-05 2.52591e-05 0.000159012 5.8228e-05 -4.21735e-05 -7.34718e-06 8.11286e-05 -0.000135603 3.91842e-05 5.15805e-05 -9.43497e-06 0.000153652 -6.35138e-05 -2.82244e-05 4.19121e-05 -6.36734e-05 7.2192e-05 -2.21044e-05 4.17846e-05 -4.26355e-05 -7.01627e-05 4.82403e-05 7.5759e-05 -4.10276e-05 1.19573e-05 -0.000118498 -8.83029e-05 5.06982e-05 -9.6272e-06 8.06027e-06 0.000147255 -7.99153e-05 -2.49709e-05 -9.33365e-05 -5.01623e-05 -6.2352e-05 -8.73376e-05 -9.18706e-05 -0.000104351 -8.903e-05 -4.30796e-05 -0.000114909 -8.85106e-05 -6.38702e-05 -0.00010226 -0.000132743 -8.22375e-05 -0.000101948 -6.34542e-05 -0.000144289 -0.000108564 -0.00017142 -0.000114417 -0.000135359 -0.000110126 -0.000201405 -7.56412e-05 -8.11219e-05 -0.000204432 -0.000224139
internal_weight=4396 4341 4295 418 3877 368 2907 293 241 2215 440 167 692 1775 359 102 970 578 530 701 114 1074 444 149 295 439 627 143 257 204 334 249 484 139 772 630 198 97 116 105 583 115 468 157 345 109 382 327 275 135 311 243 170 122 140 258 194 107 390 145 202 188 226 141 198 92 108 113 136
internal_count=4396 4341 4295 418 3877 368 2907 293 241 2215 440 167 692 1775 359 102 970 578 530 701 114 1074 444 149 295 439 627 143 257 204 334 249 484 139 772 630 198 97 116 105 583 115 468 157 345 109 382 327 275 135 311 243 170 122 140 258 194 107 390 145 202 188 226 141 198 92 108 113 136
is_linear=0
shrinkage=0.0243204


Tree=34
num_leaves=72
num_cat=0
split_feature=7 60 56 0 56 39 13 56 11 56 84 3 65 39 73 82 10 13 76 8 3 78 21 11 1 8 86 4 34 73 73 10 56 18 21 36 63 10 76 78 28 46 44 17 6 44 18 36 77 3 79 66 54 54 17 81 71 36 36 9 28 79 67 5 73 71 0 64 55 72 24
split_gain=0.317329 0.0854191 0.0851669 0.0263032 0.0196046 0.0117605 0.00643748 0.00497091 0.00398555 0.00379428 0.00304404 0.00319561 0.00231868 0.00208549 0.00202623 0.00193799 0.00364544 0.00191937 0.00196779 0.00180261 0.00168521 0.00159625 0.00153655 0.00145972 0.00135212 0.00134895 0.00138594 0.00131232 0.00146732 0.00125139 0.0012446 0.00112466 0.00110089 0.0010317 0.00138432 0.00109493 0.000980213 0.000967116 0.000859025 0.00085527 0.000759661 0.000740212 0.000744268 0.000658512 0.000651215 0.000630208 0.000627214 0.000626535 0.000620635 0.000614046 0.000604684 0.000555866 0.000955302 0.00060822 0.0010752 0.000550022 0.000498875 0.000482051 0.000463403 0.000598957 0.000422749 0.000372594 0.000305432 0.000275834 0.000301915 0.000268937 0.000465304 0.000227172 0.000218482 7.9073e-05 4.51305e-05
threshold=-0.062942387244558931 -0.099668403184334328 51.239999771118171 33.989999771118171 34.555000305175788 0.86815780556197197 48.339550416517817 44.345001220703132 0.73940084391352123 27.654999732971195 1.0000000180025095e-35 -0.043053448779718347 0.72418311197138874 0.27896265727177461 0.042303906496847808 23.36949992179871 0.92791505581488931 75.285458779468428 0.0067362781373297509 57.331235568136229 -0.012150944814584197 58.296137191028329 -0.0018439829091808498 0.5376475359838474 56.819999694824226 69.280880883394659 0.0037443608971996635 -0.0083375598219417989 0.0011940677342174002 0.026141776484075101 0.111022819104878 1.8167942458067736 19.404999732971195 0.012934082875647752 -0.0013292880995013998 53.224130248526485 0.038972282351147407 2.6051882159535409 -0.090607032907027443 49.970586283220818 1267.9500122070315 -0.0020946020359098997 1343.2500000000002 -0.017448371887393895 0.011764452869367052 1192.1250000000002 -0.015537313535106149 43.28568787873094 -0.021039760101881296 0.0099286585050837508 -0.10870846138154804 1.9590512428042561 5724.3260009765636 2837.8687500000001 0.011604763290755151 0.24104995443888075 17.634999275207523 62.150010113827214 42.874760208598381 0.51716516669366197 437.10000610351568 -0.1650750103771185 0.35257648749463882 -0.013151114408661348 -0.0035833639351201996 12.984999656677248 85.625000000000014 45.049315177689699 1334.3611407237568 13.57499980926514 0.11540287665887282
decision_type=8 8 10 2 8 10 10 10 10 10 2 10 10 10 10 8 2 8 10 10 10 10 10 10 2 10 10 10 10 10 10 2 10 10 10 10 8 2 10 10 10 10 10 10 10 10 10 10 10 10 10 10 10 10 10 10 10 10 10 10 10 10 10 10 10 10 2 10 10 10 10
left_child=-1 -2 4 -4 9 6 -5 8 10 32 31 -12 14 -8 23 17 -17 19 -19 21 -10 24 -14 -9 33 26 41 -18 -29 -27 37 50 70 34 46 -36 -33 38 -11 43 -25 45 60 -26 -44 -22 -13 48 -34 51 -6 57 53 58 -55 -45 65 68 -53 -60 61 -43 -50 -51 67 -49 -67 -65 -40 -68 -3
right_child=1 2 3 5 7 -7 13 12 20 30 11 15 22 -15 -16 16 27 18 -20 -21 25 -23 -24 40 39 29 -28 28 -30 -31 -32 36 47 -35 35 -37 -38 -39 49 -41 -42 42 44 55 -46 -47 -48 56 62 63 -52 52 -54 54 -56 -57 -58 -59 59 -61 -62 -63 -64 64 -66 66 69 -69 -70 -71 -72
leaf_value=0.0018582863852976601 -0.00099874782063373037 -0.00019207614051644376 0.00090706894897935291 0.00039115685348047632 -0.00015730327034853465 0.00060847500131552303 0.00020680640122109435 0.0001701021507136462 7.0330955920675257e-05 4.8121125768634907e-06 0.00022223879401981901 2.1499155703562967e-06 -6.4420333143901812e-05 2.5981543872478691e-05 0.00027886680386668308 -5.0272435348459494e-05 0.00022595846297282274 2.4794814704525482e-06 0.00019300856457535532 0.00013434781159203855 -3.2952253734333702e-07 -0.00011866387289868928 9.8791887997921597e-05 9.8235593485726164e-05 -0.00014481939414963047 -5.2502880085318905e-05 -5.0921666545458748e-08 -4.7206223934611141e-06 0.00018347518834694695 0.00010181603979285967 4.4268227647185374e-05 -6.5838605742552e-05 -3.5170312485328836e-05 0.00010244691834485662 0.00014685849364978756 -1.5505518065497472e-05 7.9136343676747362e-05 8.6663846356674166e-07 -9.761308358630128e-05 2.4472589157122735e-05 -3.8824470457577571e-05 -8.094453530888022e-05 -2.0514002615369446e-05 1.9267195716842944e-05 -0.0001425594763159351 -0.0001050159151348773 -0.00011462025469007325 -0.00021490882989325279 -0.00018033981384589951 -7.8228359384637024e-05 -5.4159401088002777e-05 -1.0155997933237268e-05 -0.00014868668925823675 4.5533163410542604e-05 -9.9799058366127941e-05 -7.9999790297153556e-05 -8.2562250220476622e-05 -5.4742157640879712e-05 -0.00013986890463307122 -3.2264143322788141e-05 -0.00020937147562617519 -0.00017639052525200537 -9.4508963451507224e-05 -0.00013316068318304717 -0.00010232928042891792 -0.00010957035786402502 -0.00016134035138994283 -0.00021322528721632686 -0.00016695094213132257 -0.00021878497568847134 -0.00024193234485782252
leaf_weight=53 51 52 46 72 71 52 71 86 56 53 49 52 75 80 46 82 71 69 59 46 61 86 61 48 53 91 90 50 47 46 48 64 60 82 49 48 47 76 48 74 46 54 57 51 47 76 56 71 47 48 66 47 66 83 46 91 46 54 81 50 66 48 60 51 62 82 50 49 83 47 66
leaf_count=53 51 52 46 72 71 52 71 86 56 53 49 52 75 80 46 82 71 69 59 46 61 86 61 48 53 91 90 50 47 46 48 64 60 82 49 48 47 76 48 74 46 54 57 51 47 76 56 71 47 48 66 47 66 83 46 91 46 54 81 50 66 48 60 51 62 82 50 49 83 47 66
internal_value=4.63877e-06 -1.85334e-05 -6.58911e-06 0.000373752 -3.76357e-05 0.00028172 0.000203261 5.46e-06 -9.19045e-06 -0.000105855 1.49438e-05 3.20896e-05 8.84363e-05 0.000111774 0.000136023 2.31579e-05 8.22639e-05 4.97356e-06 9.10849e-05 -1.11494e-05 -5.66833e-05 -2.17593e-05 8.95586e-06 9.82391e-05 -6.59163e-06 -6.79567e-05 -8.64841e-05 0.000146879 8.73535e-05 -3.36021e-07 -7.56558e-05 -6.19671e-05 -0.00015477 3.00777e-05 7.85937e-07 6.71333e-05 -4.29341e-06 -8.21143e-05 -8.97891e-05 -4.56864e-05 3.14365e-05 -0.000105457 -0.0001287 -7.23053e-05 -7.64705e-05 -5.87344e-05 -5.88609e-05 -0.000137295 -9.85617e-05 -9.63167e-05 -0.000108337 -8.2689e-05 -6.52868e-05 -4.69502e-05 -6.63453e-06 -4.44499e-05 -0.000158759 -0.000117257 -7.59718e-05 -9.93343e-05 -0.000160414 -0.000127084 -0.000133476 -0.000131987 -0.000147359 -0.000172409 -0.0001545 -0.000174041 -0.000142439 -0.000191039 -0.000221682
internal_weight=4368 4315 4264 321 3943 275 223 2417 2055 1526 1363 1115 362 151 226 1066 250 816 128 688 692 642 136 180 556 636 499 168 97 137 945 248 581 287 205 97 111 897 821 269 94 409 272 195 104 137 108 463 167 768 137 558 373 307 129 142 296 185 178 131 168 102 107 210 162 250 179 100 131 97 118
internal_count=4368 4315 4264 321 3943 275 223 2417 2055 1526 1363 1115 362 151 226 1066 250 816 128 688 692 642 136 180 556 636 499 168 97 137 945 248 581 287 205 97 111 897 821 269 94 409 272 195 104 137 108 463 167 768 137 558 373 307 129 142 296 185 178 131 168 102 107 210 162 250 179 100 131 97 118
is_linear=0
shrinkage=0.0243204


Tree=35
num_leaves=73
num_cat=0
split_feature=7 60 56 52 56 36 51 56 12 56 64 84 3 65 82 14 0 73 25 56 3 10 18 3 32 22 80 80 73 82 56 76 7 86 56 65 10 47 76 25 62 39 25 31 46 36 5 3 39 61 3 61 66 54 59 52 47 76 52 36 22 73 35 46 50 60 86 24 20 55 65 24
split_gain=0.302346 0.0813893 0.0811424 0.0251931 0.0186783 0.00766205 0.00768293 0.0047356 0.00400515 0.00361497 0.0036136 0.00247797 0.00273867 0.00220891 0.00220722 0.00217786 0.00196285 0.00193124 0.00163454 0.00219371 0.00150489 0.00144127 0.00124602 0.00123682 0.00222525 0.00153148 0.00125032 0.00123122 0.00118582 0.00110652 0.00104873 0.000936875 0.000990191 0.00126155 0.000930488 0.000926265 0.000921382 0.000856734 0.00081841 0.000778535 0.000767646 0.000820126 0.000689922 0.000661945 0.000756745 0.000596794 0.000598032 0.000585238 0.000560106 0.000540284 0.000530292 0.000571022 0.000529483 0.000910008 0.000667146 0.00077192 0.000655788 0.000650587 0.000475278 0.000459129 0.000418719 0.000405459 0.000374962 0.000374305 0.000274799 0.000271533 0.000252228 0.000226934 0.000219522 0.000207951 0.000128352 4.28848e-05
threshold=-0.062942387244558931 -0.099668403184334328 51.239999771118171 88.254947969637641 34.555000305175788 52.520859458568331 -1.6780343854979944 44.345001220703132 50.251999759674085 27.654999732971195 60.931327591851385 1.0000000180025095e-35 -0.026622242290639947 0.72418311197138874 21.260999941825869 3.8934999704360966 26.244999885559086 0.042303906496847808 1.0074585349448664 37.145000457763679 -0.0027644409018297996 0.90870987484419952 -0.015921002164258846 0.016009871267448104 -0.0115922164445672 45.276571533071653 1.1284811064525688 2.4254257559990848 0.111022819104878 28.57699980735779 19.404999732971195 0.0050685255559962004 0.012680647167317602 -0.00063000991127573397 40.190000534057624 -0.2109349780719966 2.6051882159535409 -0.0089871783703683473 -0.090607032907027443 0.82701853588444463 -0.018196454379823496 0.595063689165228 0.39524969948728012 -0.007074920237691149 0.0060967967180132008 43.28568787873094 0.0084595317795050518 0.0099286585050837508 0.25825107450174317 0.036186260565918608 -0.0036600099467081495 0.0033496803400736006 1.9590512428042561 5724.3260009765636 0.0073120466126775007 19.55500213110513 0.0030767471423343508 -0.0062578457739680985 30.362015257022083 62.150010113827214 48.227038920391891 0.0068075191126116515 0.00039953246200105007 0.0011220647141852501 58.230386293010902 -0.00093738384053529986 0.0010745440912315442 0.18944513601727977 -0.012385807413637448 1334.3611407237568 -0.50533398165673293 0.11540287665887282
decision_type=8 8 10 10 8 10 10 10 8 10 10 2 10 10 10 10 2 10 10 10 10 2 10 10 10 8 10 10 10 10 10 10 10 10 10 10 2 10 10 8 10 10 8 8 10 10 10 10 10 8 10 10 10 10 10 10 10 10 10 10 8 10 8 10 10 10 10 10 10 10 10 10
left_child=-1 -2 4 5 9 8 -7 10 -4 30 11 37 14 17 42 -12 21 29 19 23 -15 -14 34 24 -18 -25 31 50 36 35 71 32 33 -26 -21 -9 38 -6 -11 66 41 48 -13 -39 49 46 62 52 -28 -45 -24 -52 59 54 55 -54 -56 -57 67 69 -33 -51 -32 -43 -49 -66 -27 68 -47 -40 -70 -3
right_child=1 2 3 -5 7 6 -8 13 -10 28 15 12 16 20 -16 -17 18 -19 -20 22 -22 -23 27 25 26 39 40 -29 -30 -31 45 60 -34 -35 -36 -37 -38 43 47 -41 -42 63 -44 44 -46 58 -48 64 -50 61 51 -53 53 -55 56 57 -58 -59 -60 -61 -62 -63 -64 -65 65 -67 -68 -69 70 -71 -72 -73
leaf_value=0.0018138888387089717 -0.00097490261722669796 -0.00018748868816739826 0.00029005259823248119 0.00081554987647862584 1.0541379260594328e-05 0.0005254996815204422 0.00013331859344960565 0.00019066742047103922 1.5769704990357881e-05 4.69714233515234e-06 3.1853898705738024e-05 -4.3065692593969333e-05 -2.0493919674682695e-06 0.00010592546742317658 0.00021821263667807069 0.00024650032864633359 9.0267530841097148e-05 0.00027222205500466193 7.7367225383077781e-05 0.00015503744935307161 -5.7695811459090178e-05 0.00018447354991705232 1.2810108968438845e-05 -5.9635893821085835e-06 8.4260535998482845e-05 -0.00022625134310251218 -7.9461647158960769e-05 6.0861946060953392e-05 4.3212527517679541e-05 2.3731292004713817e-06 -0.00016289503011578425 -0.00011578295189781793 0.00012252146710374411 -8.3484274407875616e-05 1.9713644779329947e-05 5.6767085538569053e-05 8.4582331092218084e-07 -6.4495501397432169e-06 -9.528522449073635e-05 -6.2558076827895885e-05 -1.1613088046572673e-05 -8.7572668522413125e-06 8.8853115484378568e-05 -7.4447365335302768e-05 -2.753945852423579e-05 -0.0002332417951217048 -2.4153502164342092e-05 -9.3459219279558406e-05 -0.00017315312384471722 -0.00021104111570324774 -2.582038413368738e-05 -0.00014393833456457098 -0.00015191877911008313 -0.00014512194450317918 4.0595270500264793e-05 -0.00010161251611401705 -7.2705299019108278e-05 8.2918686765493945e-06 -9.9836418671586641e-05 -5.3433851948322763e-05 -1.4342602279424261e-05 -0.00011864774519328424 -7.2970729188671563e-05 -9.4015005631290952e-05 -0.00018822035582274731 -0.00011196484025994512 -0.00014007367041922404 -0.00012076470445443199 -0.00019380189727894405 -0.00016293663199848905 -0.00013678955503864968 -0.00023613204629799534
leaf_weight=53 51 52 52 59 58 86 46 73 78 53 66 46 49 55 54 48 76 46 91 58 81 48 47 69 46 48 70 88 48 53 68 48 47 60 62 54 76 46 48 47 82 66 46 71 56 50 49 86 89 54 48 49 54 66 78 58 48 69 75 54 48 70 50 56 64 60 48 47 61 83 63 66
leaf_count=53 51 52 52 59 58 86 46 73 78 53 66 46 49 55 54 48 76 46 91 58 81 48 47 69 46 48 70 88 48 53 68 48 47 60 62 54 76 46 48 47 82 66 46 71 56 50 49 86 89 54 48 49 54 66 78 58 48 69 75 54 48 70 50 56 64 60 48 47 61 83 63 66
internal_value=4.52979e-06 -1.80888e-05 -6.42957e-06 0.000364816 -3.67337e-05 0.000260729 0.000390769 5.33154e-06 0.0001268 -0.000103322 -8.96794e-06 -1.68072e-05 -3.78924e-06 8.63202e-05 9.62281e-05 0.000123532 -1.39874e-05 0.000132767 -2.16399e-05 -2.88901e-05 8.74369e-06 9.1136e-05 2.25407e-05 -4.9009e-05 -3.30965e-05 -0.000100266 -4.85341e-05 -1.04094e-05 -7.38449e-05 9.58793e-05 -0.000151067 -6.50961e-06 3.08067e-05 -1.05784e-05 8.5833e-05 0.000134586 -8.0149e-05 -7.4798e-05 -8.76402e-05 -0.000145422 -7.72658e-05 -9.6317e-05 2.31177e-05 -9.14473e-05 -0.000106938 -0.000134011 -9.62076e-05 -9.40116e-05 -0.000132629 -0.00012949 -5.40843e-05 -8.63164e-05 -8.07074e-05 -6.3723e-05 -4.58263e-05 -7.56152e-05 -2.78066e-06 -4.22755e-05 -0.00015496 -0.000114445 -6.57111e-05 -0.000160192 -0.000125688 -4.83244e-05 -0.000128835 -0.000152464 -0.00018497 -0.000173154 -0.000186566 -0.000139021 -0.000166106 -0.000216375
internal_weight=4368 4315 4264 321 3943 262 132 2417 130 1526 2055 1941 1586 362 146 114 1440 226 1343 1252 136 97 352 900 688 212 612 232 945 180 581 249 153 106 120 127 897 355 821 143 363 281 92 297 251 463 167 768 159 195 144 97 558 373 307 181 126 127 296 185 96 124 118 122 210 124 96 221 174 131 124 118
internal_count=4368 4315 4264 321 3943 262 132 2417 130 1526 2055 1941 1586 362 146 114 1440 226 1343 1252 136 97 352 900 688 212 612 232 945 180 581 249 153 106 120 127 897 355 821 143 363 281 92 297 251 463 167 768 159 195 144 97 558 373 307 181 126 127 296 185 96 124 118 122 210 124 96 221 174 131 124 118
is_linear=0
shrinkage=0.0243204


Tree=36
num_leaves=74
num_cat=0
split_feature=86 69 56 56 81 3 64 13 57 36 0 53 50 69 20 22 11 84 84 64 67 7 79 33 81 77 76 79 53 31 3 77 76 75 8 3 45 75 63 8 70 17 56 76 52 0 65 51 4 33 85 8 15 25 32 4 46 56 21 48 74 62 21 36 76 74 80 11 68 59 39 8 7
split_gain=0.0854009 0.0968253 0.0405024 0.0143967 0.00905144 0.00913702 0.00355234 0.00305768 0.00296128 0.00288607 0.00279154 0.00266005 0.00262792 0.00234939 0.00187397 0.0016512 0.00143405 0.00168763 0.00136044 0.00134764 0.00129732 0.00127106 0.0026551 0.00163984 0.00146236 0.00120791 0.00101343 0.000997678 0.00116644 0.000991117 0.000970998 0.000934473 0.000928588 0.000851938 0.000840253 0.000928606 0.000766073 0.00141137 0.000728193 0.000779321 0.00144078 0.000827547 0.000672472 0.000967904 0.000988396 0.000606166 0.000740874 0.000590798 0.000579138 0.000561326 0.00056067 0.000553889 0.000545655 0.000544925 0.000523028 0.000493459 0.000463672 0.000550077 0.000610254 0.00097204 0.000463445 0.000415014 0.00040591 0.000501412 0.000390775 0.000388083 0.000386091 0.000330282 0.000292987 0.000283925 0.000211086 0.000169887 0.000133078
threshold=-0.022943989108373374 86.322489883349505 48.145000457763679 34.555000305175788 0.68051047677440779 0.014940147173459952 60.440718477070185 41.397079973075897 27.365000724792484 53.107468884690881 21.860000610351566 0.45339045727695221 52.33639938475384 45.34759912999791 -0.0046444243212711992 73.222541361539783 0.78585880431190935 1.0000000180025095e-35 1.5000000000000002 48.796856509650247 0.31126725881609413 0.021564438536828354 0.11917206327365101 -0.0043337796324082996 0.51286272748864759 0.054782100337678906 0.0071745846827296006 0.60034749795172548 0.54912428455300188 0.010898952377481352 -0.0029322829820873997 -0.058386673849152339 -0.024114174381387094 -0.025359179868177695 69.649291145847187 -0.0043093036896397997 -0.0060522616937404494 0.025027440102838906 0.019709559082038502 49.417519596509585 17.714999198913578 -0.0015639599166587497 29.494999885559086 -0.042958004972098993 19.158664623198884 96.655002593994155 -0.74906202785444076 5.9459300280747138 -0.0075055801106824992 0.00322442478823665 6.5000000000000009 45.504365328184022 3.217499971389771 0.27256384948097073 -0.0037949554376612497 0.014376256267390902 0.0096450154785213023 32.82500076293946 0.0056843635736175012 -0.0013496153379445998 0.0025062642519768003 -0.00066562782516139984 -0.006482037411338749 52.520859458568331 -0.03886182834664529 -0.0056557126280789493 1.756406347835606 0.85803887948485313 18.872500038146978 -0.0032981529909731993 0.66307586721451528 54.904057901869656 0.0012484503300049501
decision_type=8 10 10 8 10 10 10 10 10 10 2 10 10 10 10 10 8 2 2 10 10 10 10 10 10 10 10 10 10 8 10 10 10 10 8 10 10 10 10 10 8 10 10 10 10 2 8 10 10 10 2 10 10 10 10 10 10 10 10 10 10 10 10 10 10 10 10 10 10 10 10 10 10
left_child=-1 2 3 8 7 9 10 -4 45 -6 -5 -9 -13 15 -8 16 17 25 27 20 33 23 -23 24 50 52 38 28 -19 31 47 -18 -30 -15 35 -33 37 66 39 41 -41 -25 51 44 -44 46 -2 -28 61 -32 -20 -38 -12 -37 -55 -56 57 58 59 -50 -54 -45 63 -53 -48 -46 -10 -64 -47 -66 -59 -60 -70
right_child=1 -3 4 6 5 -7 14 11 36 -11 13 12 -14 19 -16 -17 29 18 21 -21 -22 22 -24 26 -26 -27 30 -29 32 -31 49 34 -34 -35 -36 53 42 -39 -40 40 -42 -43 43 48 65 68 64 -49 56 -51 -52 62 60 54 55 -57 -58 70 71 -61 -62 -63 67 -65 69 -67 -68 -69 72 -71 -72 -73 -74
leaf_value=-0.0010282223026610096 -0.000193197612448718 0.0010472784091299153 0.00025858896492411188 0.00016074975380540217 0.00011878108542119137 0.00062692637822494071 0.00020820520426853957 -4.9567048523877619e-05 -3.4339135883342072e-05 0.00036652811299873903 -3.4196853543411144e-05 0.00027702001924066836 4.7475433611679625e-05 0.00011884658447475514 3.0370496698965519e-05 0.00011242379886506925 4.9237764591197426e-05 0.00014013583822196216 3.9287513407967566e-05 -3.5532488526262356e-05 0.00019845608887447891 -3.0484167217206974e-05 0.00019572664431733228 7.6597292345778244e-06 0.00012735686133330789 3.2789144095958643e-05 2.1714169872778973e-05 -5.8175751918814184e-05 -4.9478793784799084e-05 -0.00014035140964194147 -8.8710849936854291e-05 -3.2284525383005909e-07 7.4978485126394771e-05 -1.4781398798294268e-05 1.0887485668790919e-05 -3.4202529449489698e-05 -4.5074699582480232e-05 7.2965588263607968e-05 -0.00011073725292276756 -4.6790758689524607e-05 0.00012957791229544079 -0.00010859941247439304 7.3987648620648546e-05 0 -1.4519434883923563e-05 -0.00023875297946838493 -4.2742273607093984e-05 -9.8701539777731683e-05 -0.00013105932297658419 -0.00020205652394316326 -6.4566498052659219e-05 -0.00014486412213424068 -0.0001647939093270006 -0.00019259678455487919 -6.1177036608466164e-05 -0.00015942311870004457 -3.6118481050701228e-05 -0.0001251268446002681 -0.00010365391764915431 1.5496765364658398e-05 -6.7147277207596503e-05 -8.5420098883499606e-05 -0.00018947939568274066 -3.5485583194763495e-05 -0.00015674930924914205 -0.00011222896976248025 -0.00013135188444904236 -0.00010525174019545171 -0.00019263816676099167 -9.095876942975444e-05 -0.00020465169128865479 -0.00017455294312543313 -0.00013167997305970871
leaf_weight=48 84 50 66 52 66 48 64 72 50 49 47 47 78 52 77 48 49 77 54 67 48 88 46 76 59 46 46 47 60 86 53 66 84 60 73 53 51 52 51 56 52 68 46 61 50 57 46 49 50 55 69 55 86 48 85 48 48 46 47 56 46 74 91 46 82 46 48 46 58 85 48 46 53
leaf_count=48 84 50 66 52 66 48 64 72 50 49 47 47 78 52 77 48 49 77 54 67 48 88 46 76 59 46 46 47 60 86 53 66 84 60 73 53 51 52 51 56 52 68 46 61 50 57 46 49 50 55 69 55 86 48 85 48 48 46 47 56 46 74 91 46 82 46 48 46 58 85 48 46 53
internal_value=-1.81407e-05 -6.61069e-06 -1.9274e-05 -4.44169e-05 0.000205369 0.000347371 -5.88864e-06 0.000116421 -0.000102371 0.000226492 -1.36633e-05 6.77729e-05 0.000135232 -1.80575e-05 0.000111951 -2.70275e-05 -3.07566e-05 -1.73248e-05 -4.77993e-06 5.56758e-05 9.38595e-05 -2.02959e-05 4.79955e-05 -3.36462e-05 2.8847e-05 -7.78174e-05 -5.61378e-05 4.27101e-05 6.43271e-05 -6.54266e-05 -9.80778e-05 -4.98739e-05 2.31303e-05 4.77301e-05 -6.29886e-05 -8.0946e-05 -7.97423e-05 -2.8591e-05 -2.78172e-05 -1.06786e-05 3.85086e-05 -4.75862e-05 -8.81618e-05 -7.36151e-05 -1.77351e-05 -0.00015354 -0.000131708 -4.07478e-05 -9.02146e-05 -0.000147702 -1.90127e-05 -0.000118922 -0.00010627 -0.000103588 -0.000123615 -9.75218e-05 -0.000107108 -0.00011858 -9.48324e-05 -5.41753e-05 -0.000131497 -4.70859e-05 -0.0001345 -9.58535e-05 -0.000106703 -6.19903e-05 -8.26712e-05 -0.000162126 -0.000191171 -0.000123974 -0.000167389 -0.000140145 -0.000164907
internal_weight=4337 4289 4239 3813 426 163 2291 263 1522 115 2150 197 125 2098 141 1871 1823 1315 1090 227 160 822 134 688 182 225 506 268 221 508 203 422 144 112 373 300 1057 150 303 252 108 144 907 618 142 465 297 95 476 108 123 289 179 234 181 133 341 293 199 106 132 135 238 101 213 96 98 137 168 167 94 93 111
internal_count=4337 4289 4239 3813 426 163 2291 263 1522 115 2150 197 125 2098 141 1871 1823 1315 1090 227 160 822 134 688 182 225 506 268 221 508 203 422 144 112 373 300 1057 150 303 252 108 144 907 618 142 465 297 95 476 108 123 289 179 234 181 133 341 293 199 106 132 135 238 101 213 96 98 137 168 167 94 93 111
is_linear=0
shrinkage=0.0243204


Tree=37
num_leaves=75
num_cat=0
split_feature=86 69 56 56 67 11 85 64 57 0 19 21 69 70 22 38 11 61 22 7 64 2 83 41 79 77 52 39 33 70 85 5 43 23 74 11 86 49 19 52 52 74 12 7 65 23 82 52 49 66 28 1 25 0 46 80 76 51 23 56 46 32 47 19 34 73 78 49 12 2 16 36 19 12
split_gain=0.0813768 0.0922582 0.0385898 0.0137161 0.00787332 0.0097095 0.00534796 0.00338401 0.00282047 0.00265972 0.00239093 0.00282345 0.00223853 0.00184554 0.00157332 0.00138162 0.00165014 0.00153256 0.00136622 0.00130734 0.00128402 0.00125778 0.00188422 0.00125746 0.00117961 0.00111662 0.00111601 0.00108332 0.000969056 0.000956631 0.000901019 0.00142168 0.00109578 0.000830544 0.000793118 0.000740482 0.00182033 0.00102561 0.000755414 0.000699081 0.00181255 0.000768181 0.0006617 0.000778209 0.000661944 0.000639106 0.000620892 0.000613269 0.000582337 0.000558926 0.000558097 0.000479313 0.00048721 0.000474887 0.000626293 0.000449498 0.000447566 0.00058642 0.000574117 0.000518666 0.000439197 0.000430649 0.000417425 0.000408559 0.000351271 0.000320288 0.000303174 0.000315782 0.000276279 0.000233105 0.000231726 0.000222647 0.000213385 0.000114012
threshold=-0.022943989108373374 86.322489883349505 48.145000457763679 34.555000305175788 0.85142345110489104 0.11965637904089431 2.5000000000000004 60.440718477070185 27.365000724792484 21.860000610351566 -0.026094582489905947 -0.0027032153470703496 45.34759912999791 18.814999580383304 73.222541361539783 27.745511936928285 0.78585880431190935 -0.013745564046798449 64.016512426116506 -0.022868734117688295 48.796856509650247 56.055000305175788 13.24351315976719 1758.2165110094681 -0.57867223250344402 -0.023156102533043944 23.139772385865729 0.42402639793748559 0.0043263741819201005 22.880000114440922 5.5000000000000009 -0.016118251519427546 1138.1250000000002 -0.040480025307694588 -0.0083108400172759982 0.47948297593434624 -0.0020183322649799541 0.00065558659141035016 -0.013711241239919198 15.847447262654585 17.982068757037812 0.010059875986406952 95.994250297546401 -0.0094968717145809487 -0.51402880680877228 0.17606110980643999 16.281499981880192 16.869266273436214 0.0011745045137009002 2.821447790488286 1774.5000000000002 73.909999847412124 0.57127209838083182 29.515000343322757 -0.00098580968049914969 2.6855354594038992 -0.042958004972098993 2.8382202740870075 -0.073653407250061129 30.964999198913578 0.0032052770181642504 0.0041464173862106506 0.0027622466081277004 0.0152744453007138 -0.0032987076781883997 -0.0080537825295310984 45.398836534603767 0.00029793943589255008 60.484000015258793 26.539999961853031 3.8134999275207524 62.819440686079652 0.00059739733053340018 70.854500198364278
decision_type=8 10 10 8 10 10 2 10 10 2 10 10 10 10 10 10 8 8 10 10 10 2 10 10 10 10 10 10 10 10 2 10 10 10 10 10 10 10 10 10 10 10 10 10 8 8 10 10 10 10 10 2 10 2 10 10 10 10 10 10 10 10 10 10 10 10 10 10 10 2 10 10 10 10
left_child=-1 2 3 8 6 -6 -4 9 42 -5 -8 27 14 -9 15 16 17 19 21 -11 23 22 -19 33 -21 -26 63 -12 -17 -15 32 -32 -24 -14 -28 36 37 -10 46 41 -41 71 43 -2 73 -20 -38 62 -34 61 -51 68 -53 69 -55 56 59 -58 -59 -49 -46 -42 72 64 -23 -66 -60 -68 -40 -33 -44 -18 -37 -45
right_child=1 -3 4 7 5 -7 10 13 35 12 11 -13 20 29 -16 28 39 18 45 24 -22 26 30 -25 25 -27 34 -29 -30 -31 31 53 48 -35 -36 47 38 -39 51 40 49 -43 70 44 60 -47 -48 55 -50 50 -52 52 -54 54 -56 -57 57 58 66 -61 -62 -63 -64 -65 65 -67 67 -69 -70 -71 -72 -73 -74 -75
leaf_value=-0.0010037014119237532 -3.6219541517088637e-05 0.0010222836747447316 0.00033467027166383077 0.00015691048088238679 0.00016128095264295034 0.00061093869636918551 -4.5629118837139354e-05 0.00022838404956057604 -3.8832163405982576e-05 0.00015797288575156027 0.00011306404266564053 0.00022520612951958742 7.7798682947781894e-05 -3.4056028126081753e-05 0.00010974273526200941 -4.9985040073366964e-05 -0.0001075219161176089 0.00011316109026281954 2.6505581437951835e-06 0.00011088978160585574 -3.4680420452096994e-05 -0.00016249936796941886 8.0605965778872502e-05 -1.2404897716723131e-05 6.5341961801969553e-05 -8.5811908118596511e-05 -6.4326328892206323e-05 -4.9015608712827903e-05 -0.00019383887300162522 0.0001214349619072401 3.4417918589814524e-05 -8.466752677228273e-05 1.7917056394851681e-05 0.00021318972972962988 7.4233079488385172e-05 -0.00019991259470821139 -8.5088640734697988e-05 0.00010435740362193635 -0.00010075375802679864 0.00010035750988324778 -0.00012916205577350723 -3.9007110673509861e-05 -0.00015458067202855929 -0.00021611972933058643 -6.7167792810273759e-05 0.00012959002747091824 3.6506593888345693e-05 3.2857435203660043e-05 -9.0482535366000086e-05 3.9555240216537549e-05 -7.0277434362093146e-05 -0.0001248753286503471 -1.8622193994287023e-05 1.1518795462175339e-05 -9.9117483237500179e-05 -0.00014523876484763996 -3.0206376843973285e-05 -2.6688761185660675e-05 -0.00015812773722533353 -7.9774135990300454e-05 -0.0001611553315617948 -3.8345209417093604e-05 -8.3392412558819698e-05 -4.0789123069360508e-05 -0.00012780014805287358 -4.8347645589652548e-05 -4.660483654352733e-05 -0.00013206307670144026 -0.0001857520193711394 -0.00016326233469488407 -0.00021715064074437338 -0.00018057223813759807 -0.00012363981617484753 -0.00015779946071816281
leaf_weight=48 48 50 63 52 62 53 62 49 62 49 50 90 65 46 48 66 69 65 47 53 67 60 85 48 47 72 50 46 48 46 82 50 61 47 46 54 52 55 46 46 88 79 83 54 78 46 46 47 55 47 63 51 51 53 69 55 87 46 84 48 49 49 63 62 62 61 48 58 55 47 90 46 49 63
leaf_count=48 48 50 63 52 62 53 62 49 62 49 50 90 65 46 48 66 69 65 47 53 67 60 85 48 47 72 50 46 48 46 82 50 61 47 46 54 52 55 46 46 88 79 83 54 78 46 46 47 55 47 63 51 51 53 69 55 87 46 84 48 49 49 63 62 62 61 48 58 55 47 90 46 49 63
internal_value=-1.77049e-05 -6.44984e-06 -1.88109e-05 -4.3353e-05 0.000200463 0.000371835 0.000136151 -5.74651e-06 -9.99207e-05 -1.33347e-05 8.46303e-05 0.000128066 -1.7624e-05 0.000109267 -2.63798e-05 -3.00198e-05 -2.45139e-05 -9.40795e-06 -2.22108e-05 4.84237e-05 5.43487e-05 -3.13191e-05 -9.08333e-06 9.16203e-05 1.65121e-05 -2.60597e-05 -6.81609e-05 3.56721e-05 -0.000111666 4.41263e-05 -2.50978e-05 -5.16622e-05 1.4734e-05 0.00013594 2.13374e-06 -7.78362e-05 -5.24607e-05 2.87698e-05 -8.40296e-05 -6.23242e-05 -3.84085e-05 -9.80757e-05 -0.000149858 -0.000126633 -0.000144205 6.61244e-05 -2.82014e-05 -9.43314e-05 -3.3789e-05 -6.45413e-05 -2.34035e-05 -0.000110719 -7.2421e-05 -8.3907e-05 -5.13291e-05 -7.9903e-05 -7.09937e-05 -8.4622e-05 -0.000104476 -2.42678e-05 -0.000104367 -9.71755e-05 -0.000134748 -9.56105e-05 -0.000113872 -8.90781e-05 -0.000123077 -9.41327e-05 -0.000148351 -0.000123975 -0.000188147 -0.000137992 -0.0001651 -0.000186251
internal_weight=4337 4289 4239 3813 426 115 311 2291 1522 2150 248 186 2098 141 1871 1823 1709 1222 1001 221 227 908 567 160 172 119 341 96 114 92 502 301 201 112 96 1057 418 117 301 487 293 194 465 292 244 93 98 639 116 247 110 203 102 219 122 473 418 323 236 95 127 137 166 245 183 123 190 106 101 97 173 115 103 117
internal_count=4337 4289 4239 3813 426 115 311 2291 1522 2150 248 186 2098 141 1871 1823 1709 1222 1001 221 227 908 567 160 172 119 341 96 114 92 502 301 201 112 96 1057 418 117 301 487 293 194 465 292 244 93 98 639 116 247 110 203 102 219 122 473 418 323 236 95 127 137 166 245 183 123 190 106 101 97 173 115 103 117
is_linear=0
shrinkage=0.0243204


Tree=38
num_leaves=71
num_cat=0
split_feature=3 11 56 13 56 57 64 5 38 9 85 56 4 11 45 83 3 10 11 78 75 45 22 66 56 48 6 34 43 62 4 3 8 57 36 78 38 14 11 9 39 46 36 3 4 4 34 5 18 31 9 44 9 80 38 83 24 29 79 64 86 0 79 62 35 33 74 77 57 80
split_gain=0.31407 0.0844998 0.0946133 0.0456015 0.02605 0.00938927 0.00431707 0.00470983 0.00255697 0.0024771 0.00237624 0.0019978 0.00195793 0.0019316 0.00181063 0.00187198 0.00174948 0.0017366 0.00158943 0.0015482 0.00151491 0.0014827 0.00150398 0.00124553 0.00152326 0.00147019 0.0018266 0.00114753 0.00109832 0.001061 0.00108478 0.00103908 0.00102101 0.000986561 0.00117726 0.000876277 0.000863616 0.000902431 0.000763272 0.00101692 0.00075495 0.000799917 0.0014049 0.000735828 0.000798601 0.000951817 0.000744839 0.000713663 0.000655925 0.000639304 0.000572724 0.000507604 0.000518865 0.000477918 0.00068676 0.000476579 0.000459662 0.00041958 0.000402319 0.000388487 0.000407473 0.000361488 0.000331909 0.00029817 0.000418768 0.000297745 0.000287486 0.000280436 0.000146853 7.54873e-05
threshold=-0.064179185308716941 -0.1385695996429637 68.24499893188478 41.397079973075897 45.145000457763679 33.300001144409187 60.217139634304175 0.0046813818120557014 25.994941819795972 -2.5666182531810047 5.5000000000000009 24.32499980926514 -0.0046470321876986498 0.5009071778459403 0.012252364757487451 25.58297338899818 0.0025920744843339004 1.1009231250256142 0.36475894260763164 43.586660211163256 -0.0056284380286038488 -0.0060522616937404494 45.201487014823137 2.2500073954849404 39.995000839233406 0.0022131341541594004 0.013346378208027252 -0.0091640517392032987 1238.8750000000002 -0.01343011479012095 0.0024259049913572506 0.006900392678325251 49.083509135131045 37.754999160766609 54.642012319327328 45.190994471898705 12.108979441550686 3.654500007629395 0.72156440675554667 -0.024629385765313896 0.44898932388017349 -0.0015864520760510497 59.427628605584836 -0.024394231229764345 0.0053766922044802016 0.014744448784389503 -0.00043237125446964997 0.0071294162502615012 0.035995366002288857 -0.0005450780073825999 0.47721062609722514 2365.1250000000005 0.2520009048408518 1.48649743202552 3.2092835132089639 18.569525056905302 0.20500629233207468 396.34999084472662 -0.043612596136082239 49.414527798662526 0.00018855630056673964 61.784999847412116 -0.29083495760322353 -0.024828851818136547 -0.0029359186148506995 0.0021331047985124005 -0.0056557126280789493 1.0000000180025095e-35 22.500000000000004 1.1188381478210523
decision_type=8 10 10 10 10 8 10 10 10 10 2 10 10 10 10 10 10 2 10 8 10 10 10 8 10 10 10 8 10 10 10 10 10 10 10 8 8 10 10 10 10 10 10 10 10 10 10 10 10 10 10 10 10 10 10 10 10 10 10 10 10 2 10 8 10 10 10 10 10 10
left_child=-1 -2 4 -4 5 11 10 -8 9 -7 13 59 14 -6 15 19 21 -17 20 28 -12 22 -14 -18 25 48 50 -21 -11 63 38 -20 -30 43 -35 -29 53 -38 39 -31 -10 -42 -43 -23 56 49 -47 -24 57 -46 55 62 -53 54 -37 -27 -45 -25 -56 68 -61 67 -32 64 -13 -65 -66 -59 69 -3
right_child=1 2 3 -5 6 8 7 -9 40 12 18 29 16 -15 -16 17 23 -19 31 27 -22 33 47 24 -26 26 -28 35 32 30 51 -33 -34 34 -36 36 37 -39 -40 -41 41 42 -44 44 45 46 -48 -49 -50 -51 -52 52 -54 -55 58 -57 -58 61 -60 60 -62 -63 -64 65 66 -67 -68 -69 -70 -71
leaf_value=0.001977599151492376 -0.0010375589399969044 -0.00022218706013633094 0.0012372140554788348 0.00019882847372021175 0.00029074173361817122 0.00010750078945457143 0.00013281566047560682 0.00044027300660300512 -0.00015621050811583879 0.00010519326589096458 0.00020865622236629353 -4.9353841020148183e-05 -5.2777329349360507e-05 0.00010294391437934476 0.00012267799049981625 -1.8503971377301487e-05 -0.00016387336466404327 0.00018008256450880738 5.7748482707821533e-05 -0.0001517224794052351 2.4072257925597193e-05 1.7731422361102371e-05 4.7410049542577419e-05 -0.00017905339951435748 4.4230333502409318e-05 -0.00014912872578850701 0.00010086614314932369 -0.00012937786793034697 -7.3679019212855818e-05 -6.3575487188597258e-05 -8.3615600721544304e-05 -6.9184612424238404e-05 6.5941502476803761e-05 7.6336343377805081e-05 -5.7912181800376969e-05 4.5249649829670055e-05 -2.445860886221986e-05 9.8303208005242856e-05 -9.2647993563218917e-05 5.6207135507136489e-05 -0.00013626197501126838 5.6537645455016506e-05 -0.00012023710634468845 -0.00018207358005258245 7.9589542968060744e-05 -1.3792926541084248e-05 -0.00013394601286393577 0.00016991009705093069 -2.632646926005092e-05 -4.6697822594612601e-05 -7.4947126829981433e-06 -2.5298027706144178e-06 -0.00010489321058560046 -0.00011351222786908218 -0.00011426836043639202 -4.180632436336583e-05 -7.8472845783305565e-05 -0.00011338136444063052 -1.5319622471495495e-05 -6.7595237341868604e-05 -0.00016961767251371464 -0.00014891626140034182 -0.00016800744024418317 -0.00019704397429343214 -0.00016910202845437462 -0.00011576315667616141 -9.3500104857112396e-05 -3.0965879551505934e-05 -0.00014954825029144393 -0.00017367551955724427
leaf_weight=46 47 66 50 50 51 89 75 49 88 80 54 57 60 91 72 47 73 57 79 52 51 68 73 66 75 54 51 46 67 80 47 72 56 87 68 50 82 61 80 86 62 56 49 46 46 51 76 46 47 47 64 46 80 51 48 46 61 51 49 48 48 66 80 58 60 61 69 48 77 72
leaf_count=46 47 66 50 50 51 89 75 49 88 80 54 57 60 91 72 47 73 57 79 52 51 68 73 66 75 54 51 46 67 80 47 72 56 87 68 50 82 61 80 86 62 56 49 46 46 51 76 46 47 47 64 46 80 51 48 46 61 51 49 48 48 66 80 58 60 61 69 48 77 72
internal_value=-7.89389e-07 -2.23064e-05 -1.09e-05 0.000724797 -2.87084e-05 -5.17153e-05 0.000131831 0.000256745 -2.58004e-05 -1.75992e-05 9.23912e-05 -0.000110491 -2.27328e-05 0.000171885 7.03601e-06 -4.26588e-06 -4.05004e-05 9.09733e-05 4.78201e-05 -1.98073e-05 0.000120031 -1.46959e-05 4.59384e-05 -6.97808e-05 -5.74325e-05 -7.29558e-05 -2.50302e-05 -4.54607e-05 3.56183e-05 -9.00464e-05 -6.79725e-05 -2.8238e-06 -1.0086e-05 -3.44765e-05 1.74401e-05 -3.08431e-05 -1.72253e-05 2.82052e-05 -3.142e-05 -1.547e-06 -9.86909e-05 -6.76623e-05 -2.6287e-05 -5.48443e-05 -6.9947e-05 -4.31191e-05 -8.61643e-05 9.57429e-05 -0.000109805 1.59301e-05 -6.45426e-05 -0.000103259 -6.7829e-05 -5.0019e-05 -2.73961e-05 -0.000100629 -0.000124232 -0.000126608 -6.4928e-05 -0.000162906 -0.00011978 -0.000104719 -0.000137637 -0.000125834 -0.000105426 -0.000156635 -0.000129652 -7.4107e-05 -0.000181545 -0.000198246
internal_weight=4362 4316 4269 100 4169 3647 522 124 2532 2277 398 1115 2188 142 818 746 1370 104 256 642 105 729 179 641 568 493 215 439 203 804 499 151 123 550 155 387 341 143 246 166 255 167 105 395 327 220 127 119 278 93 164 253 126 198 147 100 107 231 97 311 96 165 127 305 186 119 129 99 215 138
internal_count=4362 4316 4269 100 4169 3647 522 124 2532 2277 398 1115 2188 142 818 746 1370 104 256 642 105 729 179 641 568 493 215 439 203 804 499 151 123 550 155 387 341 143 246 166 255 167 105 395 327 220 127 119 278 93 164 253 126 198 147 100 107 231 97 311 96 165 127 305 186 119 129 99 215 138
is_linear=0
shrinkage=0.0243204


Tree=39
num_leaves=73
num_cat=0
split_feature=3 11 65 56 56 39 85 9 9 39 56 62 38 79 56 73 11 73 32 79 65 33 82 25 9 77 38 23 37 49 38 13 52 11 20 35 26 40 9 34 66 39 33 74 33 28 32 30 20 3 85 51 17 49 35 32 21 10 73 10 75 62 79 33 73 64 86 53 43 50 58 80
split_gain=0.29928 0.0805197 0.100791 0.0326168 0.0108725 0.00604189 0.00339693 0.00441 0.00328851 0.00262348 0.0026041 0.0025604 0.00208539 0.00243256 0.00174573 0.00141841 0.00157437 0.00165067 0.00140059 0.00176433 0.00138594 0.00138289 0.00134563 0.00142369 0.00134497 0.00145175 0.00111788 0.00171494 0.00103595 0.00125506 0.00102614 0.00102321 0.000999558 0.000999854 0.0011127 0.000963632 0.00121182 0.0010705 0.00129785 0.000956066 0.000929759 0.000837635 0.00117911 0.000823894 0.000856649 0.000778436 0.000772822 0.000883789 0.000965474 0.000739501 0.00065812 0.000945895 0.000601576 0.000542825 0.000526303 0.000507492 0.000575784 0.000445698 0.000431603 0.000418033 0.00038972 0.000474161 0.00063307 0.000389186 0.000373646 0.000369802 0.000388261 0.000315085 0.00028512 0.000183486 0.000178478 6.98004e-05
threshold=-0.064179185308716941 -0.1385695996429637 5.4045169160440958 48.995000839233406 34.014999389648445 0.86815780556197197 8.5000000000000018 -0.71709268537855297 -2.5666182531810047 0.37043721674540958 24.32499980926514 0.013791941786940052 25.994941819795972 -1.5964119411108582 38.475000381469734 0.046911099537333502 0.75507848334226912 -0.06795714483417499 -0.007645745524177649 0.14054407605463573 -0.77071089292688899 0.0021331047985124005 31.076499843597414 1.0209710674950105 -0.76429845521807838 -0.018585382208370246 2.9292801013556011 -0.020053776617707995 8.9324108124717458 -0.0012729083093578999 5.1326905565786687 56.632861045096902 16.946929657789848 0.72806756691439911 0.0084228516734585011 1.0000000180025095e-35 2.913275003433228 421.81000061035166 0.29480386796807073 -0.0014862600991849496 2.7495489717970334 0.40795839934253736 -0.00087076001289129984 -0.013800747389282149 0.0012725027717003501 1674.6500244140627 0.0099635957675976022 2517.849975585938 -0.032441282179520095 0.0099286585050837508 4.5000000000000009 -0.70840220751983896 -0.0075186994026034985 0.0050983879040290012 0.0011940677342174002 0.0036777456711819005 -0.0029173041866412995 1.9200472712049101 -0.0093508836573724993 1.7198571583568254 -0.037350713324061292 -0.017555366353312646 -0.46011215257850402 0.0022611468539731005 0.0019260599843589003 49.414527798662526 0.00018855630056673964 0.28690491914503508 1328.8750000000002 54.289089418229857 21.170000076293949 1.1358898090146472
decision_type=8 10 10 10 8 10 2 10 10 10 10 10 10 8 10 10 10 10 10 10 10 10 10 10 10 8 10 10 10 10 8 10 10 10 10 10 10 10 10 10 10 10 10 10 10 10 10 10 10 10 2 10 10 10 10 10 10 2 10 2 10 10 10 10 8 10 10 10 10 10 10 10
left_child=-1 -2 3 4 10 6 7 -5 39 -9 65 -8 13 -10 18 16 17 -16 19 30 -19 -17 23 24 31 26 27 -26 29 -22 -15 -20 45 46 57 55 -37 38 -38 -6 -36 -14 -43 68 53 60 47 48 -34 -18 58 67 -33 -45 -53 59 -57 69 -50 64 -12 -62 -63 -39 -27 70 -67 -52 -28 -35 71 -3
right_child=1 2 -4 5 8 -7 11 9 12 -11 32 -13 41 14 15 21 49 20 22 -21 28 -23 -24 -25 25 35 43 -29 -30 -31 -32 52 33 34 40 36 37 63 -40 -41 -42 42 -44 44 -46 -47 -48 -49 50 -51 51 54 -54 -55 -56 56 -58 -59 -60 -61 61 62 -64 -65 -66 66 -68 -69 -70 -71 -72 -73
leaf_value=0.0019304775137660834 -0.0010128256363260771 -0.00021804382377926934 0.0010438352487147731 0.00036646679650829262 3.0778371036846479e-05 0.00041592592756508728 0.00015383610060558598 0.00024730250666173787 0.00011411354716392404 1.8363059479211544e-05 -4.1545764617048756e-05 -9.5206722690082917e-05 -0.00016505474946814104 4.2876132046731406e-05 0.00015196718154895125 1.5644625771578403e-05 -1.002043791419289e-05 0.00011568864166972454 8.7797112061283565e-05 0.00011428529031710938 0.00010841076653489457 0.00018480828908011481 -0.00014001343763594444 6.0514459333791886e-05 -4.3131158078486056e-05 -0.00021387228818098042 -0.00013435765200269843 0.00016188697336578018 -0.00010677077857386939 -5.3131123163406601e-05 -8.4361356837900646e-05 -9.3892076502421126e-05 8.3619538364438072e-05 -0.00012378092417522144 -9.7931445455329505e-05 6.736946565852175e-05 -8.9407671754406881e-05 -0.00015927471721520793 5.7220133241077179e-05 0.00016799514648701186 3.4333866771345336e-05 4.0942948021863969e-05 -0.00010946839079869218 5.1415550991303574e-06 5.9504035121798317e-05 -0.00020650210820603596 -0.00011950104491051717 -0.00012293519827944092 -3.6328835699331156e-05 -0.00013171070012863069 -0.00011540458417326916 -1.1424584830366795e-05 2.9384035599645338e-05 -0.00011228880826401559 8.2571863897457429e-05 -0.00012331591959749671 -1.0751299745687106e-05 -8.470584212808921e-05 -0.00013948537770420828 -8.1348178520656124e-05 -0.00016612590971045192 -2.4593482725017152e-05 -0.0001298810711592507 -6.570292565676874e-05 -0.0001199545297999481 -6.5983237864765097e-05 -0.00016557266172202692 -2.6532889787054393e-05 -4.9918029255285022e-05 -0.00018909226014420294 -0.00014301988281649488 -0.00017091121440713283
leaf_weight=46 47 67 52 69 53 63 50 53 86 66 56 46 65 69 53 60 56 49 75 82 48 54 75 86 49 50 52 46 64 67 80 46 47 54 73 46 77 68 65 70 54 46 90 46 67 48 68 54 51 62 46 83 46 46 60 53 54 73 46 59 71 57 84 46 61 48 48 49 46 72 77 71
leaf_count=46 47 67 52 69 53 63 50 53 86 66 56 46 65 69 53 60 56 49 75 82 48 54 75 86 49 50 52 46 64 67 80 46 47 54 73 46 77 68 65 70 54 46 90 46 67 48 68 54 51 62 46 83 46 46 60 53 54 73 46 59 71 57 84 46 61 48 48 49 46 72 77 71
internal_value=-7.6745e-07 -2.17718e-05 -1.06372e-05 -2.38727e-05 -4.41419e-05 0.000201685 0.000152926 0.000212798 -1.24537e-05 0.000121488 -9.65792e-05 3.47299e-05 -1.90508e-05 -1.18299e-05 -1.72895e-05 2.1376e-05 -3.07029e-07 3.09956e-05 -3.06076e-05 2.43594e-05 2.35619e-06 9.66494e-05 -4.07044e-05 -3.43055e-05 -4.17791e-05 -5.3172e-05 -1.41637e-05 5.67515e-05 -2.911e-05 1.4623e-05 -2.55347e-05 2.16704e-05 -7.95202e-05 -6.53643e-05 -9.85405e-05 -7.6823e-05 -4.6541e-05 -6.71866e-05 -2.23485e-05 0.000109567 -4.1848e-05 -9.36837e-05 -5.86559e-05 -4.04939e-05 -6.16065e-06 -0.000116391 -4.37581e-05 -3.17083e-05 -1.85365e-05 -7.45094e-05 -3.30679e-05 -1.11778e-05 -3.25738e-05 -5.41116e-05 2.82928e-05 -0.000109562 -6.71118e-05 -0.000134345 -8.61378e-05 -0.000135754 -9.95746e-05 -0.000114644 -8.77748e-05 -0.000122382 -0.000163726 -0.000159002 -0.000116924 -7.0293e-05 -9.55933e-05 -0.000162246 -0.000177189 -0.000195137
internal_weight=4362 4316 4269 4217 3870 347 284 188 2413 119 1457 96 2290 2089 2003 513 399 281 1490 231 228 114 1259 1184 1098 931 352 95 179 115 149 167 1146 830 326 579 302 256 142 123 127 201 136 257 159 316 504 436 382 118 335 238 92 92 143 277 107 199 97 170 268 212 141 114 111 311 96 95 98 126 215 138
internal_count=4362 4316 4269 4217 3870 347 284 188 2413 119 1457 96 2290 2089 2003 513 399 281 1490 231 228 114 1259 1184 1098 931 352 95 179 115 149 167 1146 830 326 579 302 256 142 123 127 201 136 257 159 316 504 436 382 118 335 238 92 92 143 277 107 199 97 170 268 212 141 114 111 311 96 95 98 126 215 138
is_linear=0
shrinkage=0.0243204


Tree=40
num_leaves=72
num_cat=0
split_feature=80 63 58 56 84 64 58 11 56 82 24 14 19 31 3 80 18 73 3 34 84 3 9 65 4 21 61 51 3 76 38 76 33 55 40 20 56 32 79 17 52 52 25 5 84 76 57 59 75 48 10 47 32 80 25 11 11 48 37 19 30 14 74 25 30 31 60 33 19 34 63
split_gain=0.251115 0.0901598 0.0421548 0.0137147 0.00858024 0.00767379 0.00561414 0.00321328 0.0020888 0.00253509 0.00235672 0.00301467 0.00207249 0.0018636 0.00169319 0.00158387 0.00148961 0.00163702 0.00150536 0.00214877 0.00146121 0.00196742 0.00174642 0.00163372 0.0015183 0.00144072 0.00127965 0.00124679 0.0012897 0.00179894 0.00175846 0.00122386 0.00113023 0.000974361 0.00108458 0.000932013 0.000895844 0.000884383 0.000856785 0.000846386 0.000824604 0.000751381 0.00073345 0.000686384 0.000637804 0.000624047 0.000599404 0.000572447 0.000567908 0.000553518 0.000549259 0.000547585 0.000513646 0.000507991 0.000475681 0.000416534 0.000404747 0.000390405 0.000389512 0.000374788 0.000372188 0.000370356 0.000313659 0.000309438 0.000289636 0.000278304 0.000260508 0.000237976 0.00019495 0.000191965 0.000162687
threshold=7.421839751323418 -0.11130090504535378 48.475000381469734 30.795000076293949 3.5000000000000004 70.742240434909974 65.229999542236342 -0.093987080607138243 39.465000152587898 25.387500047683719 0.28186410336105755 2.935500025749207 -0.015548293861033149 0.011064144499577952 0.009364941050133602 1.8152557764348847 -0.027594486069963797 -0.0075405586043607491 0.0091368367828797512 -0.0048989882792822492 1.0000000180025095e-35 0.00026101160204000006 1.9036446479899214 -0.90807388791644061 -0.0017587146910500496 0.025347402697307703 0.031154138623697803 -10.779476228980569 -0.0045045097534028491 -0.039471044033682193 2.9292801013556011 -0.027241788378653046 0.004055026959618401 1420.5768713249017 1445.7200073242191 -0.018357510411585499 19.404999732971195 0.00028194172671120002 -0.1423339244228429 -0.023816172381413897 11.946892201517665 27.221811463688045 0.5901190951556925 0.001257889086068 3.5000000000000004 0.044126680552501407 37.065000534057624 -0.0013289183573341999 -0.0062483673217956989 0.0026951222383277506 2.0945073611785894 -0.0034251160570102994 0.00021791136686270002 2.1448833165440169 0.49706383308941288 0.52825524560002302 0.89463750245627416 0.0022131341541594004 2.1597091402800861 0.012934082875647752 397.75000000000011 6.113999843597413 -0.0035386670151435497 0.65807698362375788 1277.5000000000002 0.00060015981854000006 0.0048089846911023009 -0.0024175027609472494 0.0018333378783395502 -0.00054531584522149988 -0.045159472361624646
decision_type=10 8 10 8 2 10 10 10 10 8 10 10 10 8 10 10 10 10 10 10 2 10 10 8 10 10 10 8 10 10 10 10 10 10 10 10 10 10 10 10 10 10 10 10 2 10 8 10 10 10 2 10 10 10 10 10 10 10 8 10 10 10 10 10 10 10 10 8 10 10 10
left_child=1 -1 3 15 6 7 12 -5 9 13 11 -11 -4 20 -14 36 17 -10 19 -18 33 22 23 50 25 35 32 -25 29 -29 -31 -20 41 51 -35 -23 69 -13 -33 47 -26 -21 -17 57 49 55 -45 -38 54 58 -22 -9 63 -39 64 62 66 70 -15 65 -53 -62 -32 -37 -41 -56 67 -50 -69 -3 -42
right_child=-2 2 4 5 -6 -7 -8 8 16 10 -12 37 14 44 -16 42 18 -19 31 26 21 24 -24 27 40 -27 -28 28 -30 30 45 38 -34 34 -36 52 39 53 -40 48 43 -43 -44 46 -46 -47 -48 -49 56 -51 -52 60 -54 -55 59 -57 -58 -59 -60 -61 61 -63 -64 -65 -66 -67 -68 68 -70 -71 -72
leaf_value=-0.0010827475847157316 0.0016782314398006036 -0.00014809885535477607 2.1343317370146197e-05 0.00016608671102342487 0.00047701765434432627 0.00029701402851256748 0.00037743125473775575 -3.5428992544589344e-05 2.1307239944628481e-05 0.00017016123584508359 0.0001556147974927169 -0.0001014483292487596 0.0002399152679764458 -0.00020532336689140613 5.6686024758741416e-05 9.1606591847416785e-06 -7.1406953198719581e-05 0.00019135480654656819 3.5588238544174165e-05 6.2439582975811197e-05 -2.9661215881820717e-05 3.8790218883461797e-05 0.00015584866447739077 -8.6118239052928824e-05 1.8040963607818412e-07 9.7955939214390038e-05 0.00017807295424156417 0.00011820141189807244 0.00012452456129762818 0.00010495275451036413 -0.00014631519866620309 -3.8064579362390928e-05 0.00012303342850728994 6.7499225614047896e-05 -7.6280371241321357e-05 -0.00014476071010406058 -0.00011124087584502668 6.0249828456824876e-05 -0.00016928177675801638 -9.2382797668732293e-05 -0.00019586971275557401 -6.233016780760323e-05 -9.8548024947579436e-05 -0.0001120303878405265 -3.0040379877511084e-05 2.1438893526444783e-05 -8.7386883476003719e-06 -6.1645954660247923e-06 -0.0002000261660791154 -5.9801785681969109e-05 -0.00013959061773668232 -0.00019039806928126423 -1.8767660753442278e-05 -5.1725317568855649e-05 -0.0001380577021449847 -1.5669773153916383e-05 -0.0002144611211174823 -8.3489683289163287e-05 -0.00011498731149962869 -1.6967004679006567e-05 -5.2930235632260045e-05 -0.0001472234426184556 -5.9942817452607784e-05 -5.64428220797164e-05 -0.00016949696123201319 -5.5674121562864683e-05 -0.00010097844485607728 -0.00016323464328972715 -9.2109583776924799e-05 -0.00022202084088946761 -0.00012651671875377096
leaf_weight=46 51 46 80 57 73 47 65 46 80 47 74 88 88 49 46 80 82 57 60 52 56 76 46 56 63 61 52 77 77 57 46 65 63 48 84 47 60 48 54 54 46 61 69 59 59 59 75 62 55 60 52 46 87 46 53 54 55 71 80 48 47 55 58 50 75 48 82 58 46 64 53
leaf_count=46 51 46 80 57 73 47 65 46 80 47 74 88 88 49 46 80 82 57 60 52 56 76 46 56 63 61 52 77 77 57 46 65 63 48 84 47 60 48 54 54 46 61 69 59 59 59 75 62 55 60 52 46 87 46 53 54 55 71 80 48 47 55 58 50 75 48 82 58 46 64 53
internal_value=-2.48429e-06 -2.28517e-05 -1.11123e-05 -3.4207e-05 0.000243382 -8.12984e-06 0.000180835 -1.31958e-05 -1.6863e-05 -2.80011e-05 3.7242e-05 -1.49081e-06 0.000119711 -3.84195e-05 0.000177866 -0.000114207 2.2315e-05 9.28956e-05 2.39695e-06 3.47928e-05 -2.90507e-05 -1.76806e-05 1.30743e-05 1.74652e-06 -4.61805e-05 -7.49952e-06 7.31296e-05 2.08645e-05 3.50244e-05 1.51043e-05 -1.41735e-05 -5.35895e-05 4.13276e-05 -7.51093e-05 -2.38808e-05 -3.25116e-05 -0.000127671 -4.64781e-05 -9.84868e-05 -0.00011715 -7.99037e-05 -4.86364e-06 -4.10202e-05 -9.6452e-05 -0.000100475 -4.57907e-05 -5.46941e-05 -5.83101e-05 -0.000129538 -0.000122197 -8.33556e-05 -0.000109674 -6.20155e-05 5.47414e-06 -0.000103811 -7.08795e-05 -0.000153287 -0.000128874 -0.00015056 -7.33984e-05 -0.000132371 -0.000104674 -9.9135e-05 -0.000100236 -0.000138137 -9.97993e-05 -0.000138534 -0.00015718 -0.000132905 -0.000192651 -0.000160308
internal_weight=4337 4286 4240 3888 352 2933 279 2886 2829 2203 303 229 214 1900 134 955 626 137 489 310 1652 1326 638 592 688 321 228 484 428 351 274 179 176 326 132 260 806 182 119 696 367 113 149 304 248 217 134 122 574 189 108 194 184 94 278 158 296 170 129 149 148 102 104 97 129 101 241 159 104 110 99
internal_count=4337 4286 4240 3888 352 2933 279 2886 2829 2203 303 229 214 1900 134 955 626 137 489 310 1652 1326 638 592 688 321 228 484 428 351 274 179 176 326 132 260 806 182 119 696 367 113 149 304 248 217 134 122 574 189 108 194 184 94 278 158 296 170 129 149 148 102 104 97 129 101 241 159 104 110 99
is_linear=0
shrinkage=0.0243204


Tree=41
num_leaves=71
num_cat=0
split_feature=6 63 58 56 75 11 19 13 28 38 45 11 84 12 56 17 14 17 76 80 34 1 1 33 38 5 67 85 59 31 19 37 54 66 13 19 17 65 63 80 23 32 48 7 5 31 9 25 4 15 82 67 65 75 31 45 20 39 77 76 11 32 84 8 53 24 35 31 1 19
split_gain=0.30391 0.102916 0.0365826 0.0128397 0.00808766 0.00640476 0.00526986 0.00431503 0.00384859 0.00240202 0.00249134 0.00222802 0.00216115 0.0019418 0.00200274 0.00193626 0.00186454 0.00271232 0.00151461 0.00150906 0.00131363 0.00125179 0.0018016 0.00205658 0.00152104 0.00125166 0.00120198 0.00118615 0.00114304 0.00114187 0.00111644 0.00110636 0.00109708 0.00106893 0.00104194 0.00103295 0.00102527 0.000971523 0.000904222 0.000898725 0.000795317 0.000767208 0.000773155 0.000761744 0.000745387 0.000760647 0.000736275 0.000698679 0.000680952 0.000622153 0.000544973 0.000505035 0.00050345 0.00048565 0.000462327 0.000482491 0.00044319 0.00042589 0.000445248 0.000398866 0.000539192 0.000376636 0.000343039 0.000337495 0.00028782 0.000240451 0.000224204 0.000216714 0.000175187 0.000153728
threshold=-0.062942387244558931 -0.11130090504535378 48.475000381469734 30.795000076293949 0.10884922921470595 -0.11878139151123404 -0.031397618023750996 44.669143847466934 1728.7500000000002 26.182913407580706 -0.012756646211763348 0.80442590918784596 1.0000000180025095e-35 26.230250024795538 34.125000000000007 -0.00074460474234709986 4.8745000362396249 0.0080492225020340012 -0.0096625583663981982 1.8152557764348847 0.00060033995690695013 57.975000381469734 31.935000419616703 -0.0038998714139227499 3.6283401081945819 0.030530198209013804 0.80042882185607034 6.5000000000000009 -0.011316224382558549 -0.010742798103537149 0.019607835716819653 -0.26048339224826117 1298.8187500000001 1.2625294450368079 69.809597364240503 -0.017694434346060245 -0.023816172381413897 -1.9283760282957265 0.0019613780205261504 3.0691693109659357 0.021300059812833751 0.0036777456711819005 0.0070630548559501008 -0.0056980488020857986 -0.015269411075927448 0.00012542360391205003 0.70119248073313767 0.5901190951556925 0.0067547190669479508 9.4239997863769549 18.553249835968021 0.24047714751564722 -0.2904376298123274 0.014240816286661151 0.0053438775889349506 0.0025917050472846009 0.0078438228065623519 0.78816684816550564 -0.028299545804665798 0.022752889541161805 0.28959030036853994 -0.00048923546200554989 1.5000000000000002 46.59368965552126 0.54912428455300188 0.1782767787602085 0.0021331047985124005 0.00089050140433335014 97.360000610351577 -0.00046274934655399994
decision_type=8 8 10 8 10 8 10 10 10 8 10 10 2 10 10 8 10 10 10 10 10 2 2 10 10 10 10 2 10 10 10 8 10 10 8 10 10 8 10 8 10 10 10 10 10 10 10 10 10 10 10 8 8 10 10 10 10 8 10 10 10 10 2 10 10 10 10 10 2 10
left_child=-1 -2 3 19 6 -5 -4 -8 20 10 15 12 32 -14 21 18 26 -18 -7 33 -9 22 27 -24 -25 29 30 -15 49 -13 34 -17 56 65 35 -16 51 -31 39 50 -32 42 54 -37 -34 -46 -43 -21 -40 52 -11 -35 -23 57 55 -39 -12 58 -38 60 -54 -55 -48 -36 -29 67 69 68 -3 -60
right_child=1 2 4 5 -6 9 7 8 -10 38 11 25 13 14 16 31 17 -19 -20 47 -22 28 23 24 -26 -27 -28 64 -30 37 40 -33 44 36 63 43 53 41 48 -41 -42 46 -44 -45 45 -47 62 -49 -50 -51 -52 -53 59 61 -56 -57 -58 -59 66 -61 -62 -63 -64 -65 -66 -67 -68 -69 -70 -71
leaf_value=0.0018287890318669873 -0.0011454419816703341 -0.0001247463153813988 -4.7163086999438348e-06 0.00026423376317711797 0.00051395002043923613 0.00022264371422863456 0.00037632096347628853 -4.7797518577546002e-06 0.00034059038027668659 -3.7807360675814341e-05 -0.00014077018956191531 4.4225997233733787e-05 0.00014324726290468516 2.3055625046538689e-05 0.00010161028365415916 -9.2937384127925806e-05 3.1316021190481258e-05 0.0002685770521342555 5.2736789432557103e-05 8.940486905725136e-06 0.00016177366889983459 -2.0711189268455813e-05 0.00018401128919523195 9.1622099077592496e-05 -5.8083018634288183e-05 3.8156227883349132e-05 9.8432738917101709e-05 -0.0001380143832503147 2.9918908001867343e-05 2.7549347198987622e-05 1.5101261912921145e-06 5.3179377612305933e-05 6.7391906913676257e-05 -8.8296018775159009e-05 -4.2217891880904233e-05 4.1940228302514949e-05 -7.3210466363871226e-05 -0.00015331835918458485 -7.7004456197350373e-05 3.5911677039116613e-05 0.00013814525919379249 1.0715988192224121e-05 -2.6919333301546218e-05 -8.9984777276664891e-05 -0.00010008080372265344 1.8219810779659532e-05 -3.9367136129212663e-05 -9.6183886348626436e-05 -0.0001946448991331118 6.4252131065903453e-06 -0.00014250691881775111 2.128775821097928e-05 -0.00014662258330923694 -0.00011760394889733921 -0.00017836843096195645 -5.6688495506906126e-05 -5.1890556731563451e-05 -5.0323593390045751e-05 -8.2643617892157742e-05 -0.00015880602066550113 -4.0168076830009544e-05 -0.0001958773972371481 -0.00012883693314637287 -0.00012937396257013507 -5.6048555899895339e-05 -0.0001312750942519278 -0.0001791077909720529 -0.00023297721689533195 -0.00019853356229972889 -0.00014507390536895739
leaf_weight=52 47 46 73 49 48 59 80 57 46 74 87 49 64 86 51 47 71 47 66 80 54 48 56 76 83 76 89 53 78 46 52 84 46 50 55 46 89 60 68 57 48 71 48 57 69 59 46 69 53 46 49 48 46 81 89 65 56 71 48 64 73 78 59 52 52 74 64 52 47 58
leaf_count=52 47 46 73 49 48 59 80 57 46 74 87 49 64 86 51 47 71 47 66 80 54 48 56 76 83 76 89 53 78 46 52 84 46 50 55 46 89 60 68 57 48 71 48 57 69 59 46 69 53 46 49 48 46 81 89 65 56 71 48 64 73 78 59 52 52 74 64 52 47 58
internal_value=-2.42659e-06 -2.50502e-05 -1.23704e-05 -3.40939e-05 0.000222532 -8.80146e-06 0.000175972 0.000231427 0.000155768 -1.35395e-05 -5.927e-06 -1.38836e-05 3.50065e-07 1.3401e-05 7.04939e-06 6.59297e-05 4.15708e-05 0.000127218 0.000134016 -0.000111473 7.69238e-05 -1.87354e-05 1.04284e-05 5.85964e-05 1.35875e-05 -5.37899e-05 1.88889e-05 -4.38089e-05 -5.20303e-05 -6.69469e-05 -9.26072e-07 4.56459e-07 -5.68656e-05 -0.000124616 -2.74076e-05 1.31215e-05 -0.000107156 -7.82686e-05 -7.84358e-05 -4.34978e-05 6.77882e-05 -8.94197e-05 -0.000115796 -3.12129e-05 -1.56754e-05 -4.5812e-05 -4.97382e-05 -4.00362e-05 -0.000129657 -7.51331e-05 -8.02983e-05 -3.4924e-05 -9.1338e-05 -0.000121534 -0.000135519 -0.000103886 -0.000106544 -0.000104067 -0.000118558 -0.000109655 -8.2163e-05 -0.000156945 -9.03551e-05 -8.53498e-05 -9.82985e-05 -0.000170745 -0.000141754 -0.000189894 -0.000163679 -0.000117799
internal_weight=4337 4285 4238 3880 358 2925 310 237 157 2876 2575 2319 1710 1393 1329 256 568 118 125 955 111 761 406 215 159 609 450 191 355 533 361 131 317 806 261 154 587 484 301 180 100 438 262 103 174 128 176 149 121 277 123 98 231 489 214 125 143 330 259 183 119 159 105 107 105 219 170 145 93 106
internal_count=4337 4285 4238 3880 358 2925 310 237 157 2876 2575 2319 1710 1393 1329 256 568 118 125 955 111 761 406 215 159 609 450 191 355 533 361 131 317 806 261 154 587 484 301 180 100 438 262 103 174 128 176 149 121 277 123 98 231 489 214 125 143 330 259 183 119 159 105 107 105 219 170 145 93 106
is_linear=0
shrinkage=0.0243204


Tree=42
num_leaves=76
num_cat=0
split_feature=16 60 68 57 64 57 80 44 67 12 41 80 68 18 22 29 69 79 70 22 18 45 84 36 65 11 19 5 54 61 75 76 57 58 76 65 11 35 59 73 44 18 24 9 34 37 31 0 61 0 74 24 15 52 34 76 23 51 64 12 5 76 86 81 24 43 5 70 26 73 49 42 74 12 28
split_gain=0.266052 0.0856888 0.0986704 0.0313263 0.0147673 0.0128863 0.00421714 0.00533913 0.00408978 0.00372927 0.00345725 0.00311245 0.00215329 0.00194206 0.00194026 0.00180976 0.00177057 0.00153225 0.00151369 0.00132978 0.00105484 0.00179053 0.00171977 0.00188899 0.00104666 0.000860492 0.00107679 0.0014944 0.00121 0.00109269 0.00103986 0.000849303 0.00140757 0.00082438 0.00114677 0.000878073 0.000802697 0.000792824 0.000788462 0.00128155 0.000816817 0.000911369 0.000848086 0.00154842 0.000883651 0.00126281 0.000788148 0.000705602 0.000687483 0.000683136 0.000651045 0.000769275 0.000640636 0.000585444 0.000556886 0.000546985 0.000546733 0.000538792 0.000429502 0.000471694 0.000424524 0.000599395 0.000411261 0.000380267 0.000356151 0.00038979 0.000354095 0.000342085 0.000386682 0.000383382 0.00024692 0.000242318 0.000189037 0.00016631 0.000133309
threshold=1.6869999766349795 -0.11130090504535378 82.555249023437526 52.584999084472663 70.742240434909974 35.155000686645515 4.6020592831189413 1993.1250000000002 0.8460288256012255 21.828750038146975 1845.9778350545964 2.6044705843861569 45.696999835968029 -0.057980922882228787 73.222541361539783 1830.049987792969 24.244569511236381 0.11917206327365101 20.714999198913578 45.508421916812914 0.030864532050628505 0.0037901650438973001 2.5000000000000004 54.257420436977661 -0.19746986335078623 0.95954788016763881 0.019187036528805105 0.018753097352707405 5493.2500000000009 -0.016287815689754546 0.011627895962725452 -0.014711009826882598 47.315000534057624 30.154999732971195 -0.035027854233578043 0.16765894742588472 0.24001871695628599 -0.0019779811078277994 -0.010588703230403699 -0.0075405586043607491 1173.6250000000002 0.0063939043204443513 0.19054266788609883 -0.44507789241153256 0.0066478369619850505 1.7808441471934204 0.0018068219975362501 46.465000152587898 -0.010051470543237599 67.61999893188478 0.013738672775428801 0.12641350255487119 4.2579998970031747 31.485715578433997 0.0013384906709236501 -0.0079204911549496989 0.099031285162115318 3.1511195477014557 50.111784988244729 95.05800056457521 0.0069242552459344011 0.0057774469966286011 -1.0000000180025095e-35 0.60245345010863127 0.12518780372505819 2680.1250000000005 0.0028081976643290004 18.005000114440922 3.0968000054359446 -0.0093508836573724993 0.0012533573675308001 2299.1250000000005 -0.011985883101275947 77.012000274658206 1295.9000244140627
decision_type=8 8 10 10 10 8 10 10 10 10 10 10 10 10 10 10 10 10 10 10 10 10 2 10 8 10 10 10 8 8 8 10 10 10 10 10 10 10 8 10 10 10 10 10 10 8 10 2 10 2 10 10 10 10 10 10 10 10 10 10 10 10 10 10 10 10 10 10 10 10 10 10 10 10 10
left_child=-1 -2 3 5 6 16 7 -5 9 -7 19 17 13 18 20 31 58 -10 -11 -9 25 22 23 -22 46 26 28 29 38 -28 -29 37 -33 35 -35 48 -31 -14 39 49 42 53 55 -44 45 -45 50 -38 -26 -15 60 -52 -27 63 -43 -40 67 -36 72 -60 61 71 -23 66 65 -37 70 68 69 -48 -42 -18 -3 -62 -74
right_child=1 2 -4 4 -6 8 -8 10 11 12 -12 -13 15 14 -16 -17 24 -19 -20 -21 21 62 -24 -25 33 52 27 30 -30 36 -32 32 -34 34 57 64 47 -39 40 -41 41 54 43 44 -46 -47 56 -49 -50 -51 51 -53 -54 -55 -56 -57 -58 -59 59 -61 73 -63 -64 -65 -66 -67 -68 -69 -70 -71 -72 -73 74 -75 -76
leaf_value=0.0016598620371087913 -0.00097652631407619845 -0.00019720344226237293 0.001107590007633448 0.00034407964982486195 0.00060320829133672605 0.00017517559439879921 -6.7670172934222546e-05 -4.0131368130750648e-05 0.00012702778498291915 -1.2799586008271645e-05 0.00027691632003356219 0.00027306000721106127 -4.703140993073161e-05 2.3395151347449641e-05 0.00012317550319090187 -7.5050939603413624e-05 -7.2731729370399721e-05 -3.359972031515909e-05 0.00017721100491691454 0.00011622781564065023 0.00019381746945520292 -0.00012856619769298282 -3.6903392159047351e-05 1.0256235293736256e-05 4.9375729543404197e-05 -3.8105661440647671e-05 7.271487935465365e-05 7.0905137138775729e-06 -0.00016510237814534106 -0.00014337180196409102 0.00016242330191097154 0.00022149476813186061 4.7657237061123655e-05 9.4399081829333405e-05 1.8334446059868595e-05 -0.00018665788683506706 3.5262568198889722e-05 7.9905581131603818e-05 -2.5765771461167824e-05 7.8736003322099621e-05 -0.00014811723897556402 -6.1478338132195092e-05 0.00011510503636467668 -6.8466747009042058e-05 -0.00011158295676953609 9.12978785334072e-05 -0.0001758921473238109 -7.3284358196775313e-05 -7.7941906919069863e-05 -9.6184944855198462e-05 4.4480770910960774e-05 -7.4435079492015443e-05 -0.00015589881449475958 -3.8717483104665256e-05 3.9204212231082825e-05 -0.00014318386609918471 -5.3983997526442959e-05 -8.7610694565145507e-05 -4.5486200894751807e-05 -0.00015090932751943691 -0.00010413270214941786 -0.00013772259574343517 -2.7502777504913501e-05 -7.0693827903800077e-05 -5.8043669559228489e-05 -8.9676122588308509e-05 -0.0001825306398616314 -8.8851049491947236e-05 -0.0002124339060954968 -8.3701074457571866e-05 -6.9377800632954679e-05 5.6811996731182974e-06 -0.00017586303834794139 -0.00017325269678700696 -0.00011677220282611506
leaf_weight=56 53 83 46 81 47 62 47 64 71 50 49 49 46 46 47 57 46 68 48 63 64 50 91 68 46 48 46 56 50 48 46 49 63 47 46 50 59 76 47 75 46 81 53 63 57 53 59 86 53 71 49 90 65 78 53 47 49 72 47 56 50 51 46 79 52 54 64 54 61 54 54 46 49 46 64
leaf_count=56 53 83 46 81 47 62 47 64 71 50 49 49 46 46 47 57 46 68 48 63 64 50 91 68 46 48 46 56 50 48 46 49 63 47 46 50 59 76 47 75 46 81 53 63 57 53 59 86 53 71 49 90 65 78 53 47 49 72 47 56 50 51 46 79 52 54 64 54 61 54 54 46 49 46 64
internal_value=8.48653e-06 -1.33819e-05 -1.14622e-06 -1.35349e-05 0.0002061 -3.36049e-05 0.000143012 0.000181652 -4.51593e-07 -9.4289e-06 0.000105445 0.000108296 -1.46437e-05 -2.39235e-05 -2.95641e-05 4.6936e-05 -9.33061e-05 4.87463e-05 8.1066e-05 3.77126e-05 -3.36384e-05 6.43453e-06 4.42175e-05 0.000100013 -7.86154e-05 -4.23278e-05 -3.69075e-05 4.92601e-07 -4.94374e-05 -3.27623e-05 7.80054e-05 7.68385e-05 0.000124945 -4.84699e-05 -6.03798e-06 -7.57976e-05 -5.81402e-05 3.20427e-05 -4.32994e-05 8.18354e-07 -5.42181e-05 -7.51354e-05 -2.43386e-05 1.27706e-06 -3.40283e-05 4.66981e-06 -9.78456e-05 -2.91684e-05 -1.88677e-05 -4.93529e-05 -7.46616e-05 -3.24908e-05 -0.000106607 -9.73283e-05 -2.16534e-05 -8.53312e-05 -0.000129116 -4.64856e-05 -0.000145704 -0.000103669 -9.89577e-05 -7.15726e-05 -8.08949e-05 -0.000115913 -0.000111587 -0.00013758 -0.000137157 -0.000144967 -0.000161799 -0.000132911 -0.000106662 -3.3858e-05 -0.000167181 -0.000138638 -0.000143658
internal_weight=4356 4300 4247 4201 351 3850 304 257 2476 2288 176 188 2226 1935 1837 291 1374 139 98 127 1790 319 223 132 1075 1471 1358 341 1017 239 102 234 112 420 165 255 193 122 967 192 775 455 320 226 173 116 655 145 99 117 378 139 113 321 134 94 277 118 299 103 239 143 96 243 156 104 164 228 174 113 100 92 196 96 113
internal_count=4356 4300 4247 4201 351 3850 304 257 2476 2288 176 188 2226 1935 1837 291 1374 139 98 127 1790 319 223 132 1075 1471 1358 341 1017 239 102 234 112 420 165 255 193 122 967 192 775 455 320 226 173 116 655 145 99 117 378 139 113 321 134 94 277 118 299 103 239 143 96 243 156 104 164 228 174 113 100 92 196 96 113
is_linear=0
shrinkage=0.0243204


Tree=43
num_leaves=76
num_cat=0
split_feature=7 27 56 52 56 13 57 86 67 71 68 12 21 56 57 25 3 48 4 84 41 85 69 82 86 10 39 52 54 21 61 36 21 42 73 10 30 75 78 50 49 8 86 79 21 73 11 0 46 54 49 6 36 3 6 41 70 26 45 46 4 39 34 52 84 49 49 34 81 66 75 3 25 24 67
split_gain=0.376315 0.0817407 0.0612061 0.023916 0.0138815 0.0090648 0.00639181 0.00472304 0.0036928 0.00307362 0.00292295 0.00327744 0.0027124 0.00226651 0.00195226 0.0017263 0.00157374 0.00158793 0.0014372 0.00137026 0.00136244 0.00121885 0.00187732 0.00156173 0.00116147 0.00165005 0.00115567 0.00115445 0.00112455 0.00111812 0.00132919 0.00109657 0.00102195 0.000941843 0.000939935 0.000883187 0.000871608 0.000899312 0.000860572 0.000998 0.000837605 0.000813829 0.000981603 0.000790329 0.000779769 0.00110871 0.000771105 0.000732769 0.000711121 0.000681314 0.000617432 0.000583041 0.000562559 0.000558531 0.000548697 0.000541608 0.000482942 0.000464035 0.000448573 0.000430696 0.000475724 0.000363397 0.000359832 0.00041872 0.000564514 0.000357126 0.000348989 0.000327873 0.000288456 0.000274098 0.000428146 0.000246148 0.00021203 0.000149178 0.000109358
threshold=-0.074120960333167327 1.7610489856303182 51.239999771118171 86.136528831508897 34.555000305175788 46.966678290276221 65.024997711181655 -1.0000000180025095e-35 0.8460288256012255 23.244999885559086 45.696999835968029 21.828750038146975 -0.013344330517837398 30.195000648498539 44.269998550415046 1.1166352030173354 0.0025920744843339004 0.0099981118308746526 -0.004494379661184599 1.0000000180025095e-35 1783.5005037547348 6.5000000000000009 36.929827032111127 20.71124992370606 -0.0022278673251040341 1.4929363608436288 0.17697161615041754 20.998657351125924 2660.9937500000005 0.012547346094698401 -0.00093738384053529986 52.402665297265223 -0.0049745168740397989 1335.1250000000002 -0.062920351540197386 2.0396798146968886 1546.2500000000002 0.033524996028405508 54.052257835442809 54.480761690064 -0.0054692278294187491 57.208624392723728 0.0030042011392054017 -0.34177365449112868 -0.014654762625003198 -0.013966382259542149 0.3966361653240621 61.784999847412116 -0.00030850539514399997 1199.6702514648439 -0.0078796468098028972 0.010345287834606151 32.745215049710808 0.0048661484564798503 -0.0014475252351103998 1287.4465029702712 10.244999885559084 2.4916000008583072 0.00076490229473340015 -0.0070861940866192991 0.005544087156314101 0.36666464032478224 -0.0024204495012111996 16.697707751346901 2.5000000000000004 0.0034477188963774508 0.00081816336048085015 0.00021791136686270002 0.45361425477795964 1.3081122187658949 0.018135773309987353 -0.00083100971128619993 0.51342082737144856 0.13769881219392052 0.4233898296703878
decision_type=8 8 10 10 8 10 10 10 10 10 10 10 10 10 10 8 10 10 10 2 10 2 8 8 10 2 10 10 10 10 10 10 10 10 8 2 10 10 10 10 10 10 10 10 10 10 10 2 8 10 10 10 10 10 10 10 10 10 10 10 10 10 10 10 2 10 10 10 10 10 10 10 10 10 10
left_child=-1 -2 4 5 13 7 9 -4 10 -7 11 -6 -10 27 -14 16 19 18 34 35 28 23 -23 44 46 -26 -20 52 29 30 -12 47 -25 -19 -18 43 37 62 39 -33 -38 42 49 -13 -21 -46 -24 -28 -22 -36 -29 58 -3 55 -41 -52 -54 -42 -27 -58 69 -59 -15 -64 -65 -57 -45 -63 -55 74 71 -71 -69 -62 -61
right_child=1 2 3 -5 8 6 -8 -9 12 -11 20 15 14 36 -16 -17 17 33 26 21 48 22 24 32 25 51 31 50 -30 -31 -32 38 -34 -35 41 -37 40 -39 -40 54 57 -43 -44 66 45 -47 -48 -49 -50 -51 53 -53 56 68 -56 65 59 61 -60 60 73 67 63 64 -66 -67 -68 72 -70 70 -72 -73 -74 -75 -76
leaf_value=0.0021738494531508496 -0.0010245291060226919 -5.2695314820545267e-05 0.00052272837364219203 0.00074600667047191075 0.0001606334926072899 5.3017606927941929e-05 -0.00014696881183077625 0.00019530167895240479 -2.8358329306970295e-05 0.00032453265856166087 8.5396365237144585e-05 -0.00017246242708366682 8.6185578854555044e-05 5.4425154407804933e-07 0.00027472924822583093 0.00012497004107435008 7.1838859072668741e-05 -2.3139786589134593e-05 2.1293919127176473e-05 -6.349515700318106e-05 5.4036770640008658e-05 0.00012280828814436483 -0.00017238707242513555 4.0915040673728908e-05 8.1045430352747058e-05 2.9842366787957384e-05 -0.0001110582234677341 -4.7307017243322277e-06 0.00017615574082022699 0.00015535862680958188 -7.7474172581308711e-05 4.2697262244009895e-05 0.00017170795911943798 0.00011999470465082558 9.3476049277302559e-05 3.0189898968747694e-05 9.5862146092126194e-06 5.0187507620433317e-05 -0.00015810644152705828 -2.0137436947360822e-05 -3.7155802518717989e-05 -0.00010456132246544901 -0.00010269131936756562 -9.5481746737861097e-05 -4.0329268702929434e-05 8.9078954188801665e-05 -3.9576691796878045e-05 -0.00022407694829109566 -7.5863479168443803e-05 -2.0960669404427508e-05 8.5497589478702028e-06 -0.00011868762506556224 -6.6987440410854596e-05 -0.0001614747628384097 -0.00012491423311475119 -5.1431880922603794e-05 -7.8008770711420833e-05 -6.0857322683717742e-05 -6.7674039612928487e-05 -0.00019667190347684739 -0.00021730446252276846 -0.00018459880795389019 -0.00012718142660529357 -1.1055137279200546e-06 -9.8855210012027491e-05 -0.00013921947107534911 -2.1183362912061515e-06 -0.00014409727801742789 -8.3150588253894586e-05 -4.4481696143535669e-05 -0.00017161562124656137 -0.00012128433001020356 -6.8278611242435667e-05 -0.00015458921994936854 -0.00013783897537337147
leaf_weight=46 46 46 61 62 60 47 46 48 60 52 72 47 77 70 57 46 52 64 48 70 47 48 51 72 80 53 90 57 69 50 49 53 70 46 50 46 49 72 51 50 56 80 49 48 68 90 53 58 51 77 46 53 47 75 73 65 46 53 57 55 90 55 46 82 60 49 46 46 50 48 55 54 47 48 50
leaf_count=46 46 46 61 62 60 47 46 48 60 52 72 47 77 70 57 46 52 64 48 70 47 48 51 72 80 53 90 57 69 50 49 53 70 46 50 46 49 72 51 50 56 80 49 48 68 90 53 58 51 77 46 53 47 75 73 65 46 53 57 55 90 55 46 82 60 49 46 46 50 48 55 54 47 48 50
internal_value=8.28521e-06 -1.53019e-05 -4.18805e-06 0.000320981 -3.0286e-05 0.000214834 8.78807e-05 0.000381486 5.74312e-06 0.000197373 -3.10229e-06 -1.48385e-05 0.000107261 -8.79909e-05 0.000167765 -2.06442e-05 -2.44448e-05 -4.86668e-05 -6.16244e-05 -3.0187e-06 6.26897e-05 1.14225e-05 -1.82692e-05 4.30885e-05 -3.80693e-05 -8.82725e-06 -9.068e-05 -0.000113253 9.37901e-05 5.97585e-05 1.93428e-05 -0.000105033 0.000106111 3.72234e-05 -2.15606e-05 -6.18602e-05 -5.28785e-05 -2.53467e-05 -7.09573e-05 -4.49843e-05 -8.2396e-05 -4.07318e-05 -1.13068e-05 -9.18986e-05 3.55581e-06 3.34702e-05 -0.000105686 -0.000156504 -1.36341e-05 2.44456e-05 -7.79196e-05 -5.31567e-05 -0.000135494 -9.24896e-05 -8.28112e-05 -6.17874e-05 -0.000143102 -9.99079e-05 -2.08272e-05 -0.000150961 -0.000159143 -0.000117129 -4.65367e-05 -6.39864e-05 -4.27979e-05 -9.00133e-05 -5.02823e-05 -0.000136756 -0.000131017 -0.000138715 -0.000116784 -8.58962e-05 -0.00010687 -0.000196705 -0.000170154
internal_weight=4356 4310 4264 316 3948 254 145 109 2431 99 2237 1899 194 1517 134 1839 1793 841 731 952 338 765 395 370 347 243 423 881 240 171 121 375 142 110 308 187 636 330 227 176 306 256 176 141 228 158 104 148 98 127 342 163 539 285 123 160 493 257 110 446 400 201 258 188 142 114 94 148 125 262 157 102 93 138 105
internal_count=4356 4310 4264 316 3948 254 145 109 2431 99 2237 1899 194 1517 134 1839 1793 841 731 952 338 765 395 370 347 243 423 881 240 171 121 375 142 110 308 187 636 330 227 176 306 256 176 141 228 158 104 148 98 127 342 163 539 285 123 160 493 257 110 446 400 201 258 188 142 114 94 148 125 262 157 102 93 138 105
is_linear=0
shrinkage=0.0243204


Tree=44
num_leaves=78
num_cat=0
split_feature=16 86 56 1 56 36 48 67 9 9 11 63 14 84 56 38 48 84 7 73 23 12 86 74 31 32 74 10 77 84 26 0 2 34 74 64 48 39 36 35 1 79 21 45 7 23 49 77 45 46 73 35 5 36 35 24 61 23 8 12 35 25 30 9 36 4 49 41 46 5 46 74 34 4 64 6 38
split_gain=0.27449 0.0805864 0.0465129 0.0249721 0.0116538 0.00763268 0.00721076 0.00473219 0.00396092 0.00371359 0.00270011 0.00269376 0.00269117 0.00266594 0.00254466 0.00228449 0.00198945 0.00178777 0.00265445 0.00153855 0.0022967 0.00215369 0.00149387 0.0017776 0.00145469 0.00141087 0.00129361 0.00118629 0.00113053 0.00109826 0.00106706 0.00172251 0.0010455 0.00118995 0.00103733 0.000990082 0.000987862 0.000984188 0.00086303 0.000978153 0.000689315 0.00065814 0.000822981 0.000611297 0.000609399 0.000605627 0.000583375 0.000798824 0.00086154 0.000741202 0.000571332 0.000543573 0.000611961 0.00053803 0.000525285 0.000524729 0.000494701 0.0004834 0.000474731 0.000448884 0.000439437 0.000423491 0.000420831 0.000452076 0.000551531 0.000405639 0.000430683 0.000469946 0.000316289 0.000324627 0.000290273 0.000269507 0.000188334 0.000160947 0.000146231 0.000139507 4.41596e-05
threshold=1.6869999766349795 -0.022943989108373374 52.469999313354499 37.774999618530281 34.555000305175788 52.616770026245739 0.0045971388936675512 1.090263929276001 -2.5666182531810047 -2.412548994829645 0.75893772665111292 -0.005397429589970199 3.654500007629395 1.5000000000000002 26.454999923706058 28.619655635164154 -0.00084759219447089987 1.0000000180025095e-35 0.024822987846926853 -0.053423397110622696 -0.07887572575103545 45.795250129699717 -0.0025100694451605982 -0.027678268119987647 -0.00093906017334249988 -0.0082497006148350479 -0.013369002905571947 1.7549149818716485 -0.011073809583885149 2.5000000000000004 2.3758999943733223 76.849998474121108 57.32500076293946 -0.00078467976147879987 -0.034067889326150493 47.064307890806631 0.0032940271961534001 0.89025124703067504 48.411167200658788 -0.0020526902479821997 33.915000915527351 0.37550982744549444 -0.0068787573079955996 -0.0027359400810954997 0.012122719080417703 -0.0012278983484879499 -0.008998120407484449 -0.022163031410329045 -0.0018543647164739497 0.0029192099219270003 -0.018760260951096248 0.0016378991629196502 0.0099781111756851015 35.10748545577858 0.00051633551438085002 0.14034680606402092 0.010630008663710852 0.0056531794461165009 63.41487658632267 58.973000049591072 0.0035666819388160006 0.76210379383502092 1585.9000244140627 0.38849804070211752 54.908863941088605 -0.015258654886820149 -0.0037343644407248993 1226.4791925895563 -0.0011071157765922498 0.0020513415804793004 -0.0016608888207570499 0.040008015274498009 -1.0000000180025095e-35 -0.0012762316287939998 47.261469277207908 0.0014081293421842002 15.694202177750734
decision_type=8 10 10 2 8 10 10 10 10 10 10 8 10 2 10 10 10 2 10 10 10 10 10 10 10 8 10 2 10 2 10 2 2 8 8 10 10 10 10 10 2 10 10 10 10 10 10 10 10 10 10 10 10 10 8 10 10 10 10 10 10 10 10 10 10 10 10 10 10 10 10 10 10 10 10 10 10
left_child=-1 -2 4 -4 14 9 -7 8 13 -5 11 12 22 -6 53 17 -14 27 19 20 -19 -22 -10 -24 -20 26 -12 57 -11 32 31 -16 33 40 43 -34 -25 41 50 58 -21 42 45 -27 46 -31 -32 49 55 56 -36 -41 -53 -3 -35 -49 70 -13 -40 -44 -29 -45 63 -46 -65 -50 -67 -68 -69 -70 -48 72 74 -74 75 -55 -75
right_child=1 2 3 5 7 6 -8 -9 10 28 25 15 16 -15 30 -17 -18 18 24 29 21 -23 23 36 -26 34 -28 60 -30 37 44 -33 35 54 38 -37 -38 -39 39 51 -42 -43 59 61 62 -47 47 48 65 -51 -52 52 -54 71 -56 -57 -58 -59 -60 -61 -62 -63 -64 64 -66 66 67 68 69 -71 -72 -73 73 76 -76 -77 -78
leaf_value=0.0017269805664323174 -0.001020708353752998 -6.856894493584135e-05 0.00079811745331128162 -9.3648583642771206e-05 -6.4767226989582146e-06 0.00014820128714004415 0.00056745344879861057 0.00024559705545452814 -9.4474389144155651e-05 0.00024931614334128738 -5.4848170953318234e-05 -0.00015003018181803407 0.00028657140910585727 0.00020740917137362276 9.5434766019252297e-05 -0.00015607316116983814 7.9688597156046034e-05 -7.5136570845985967e-05 0.00023069239849140787 4.5420114248879999e-05 0.00024796712228371964 3.5131798748857664e-05 -4.1049425517661911e-05 0.00017292491027224598 3.8275124791767308e-05 -4.60453080617812e-05 0.0001170278746593607 5.2876911415068809e-05 7.7299785022547624e-05 -0.00016074660326622679 -1.598727824206644e-06 -7.6101143536911247e-05 -8.9031743138749764e-05 -6.2498713790544056e-05 -2.914202264216409e-05 4.0174661044473336e-05 2.6806303690656536e-05 3.3965082279490618e-05 9.1095179976895997e-05 -0.00011627284070254052 0.00017918585335868734 -0.00014733854323988846 5.2028008734442867e-05 -0.00019445299432969366 -2.0149338772627091e-05 -3.7494889330288466e-05 -4.3286074453379136e-05 -8.4926982191875906e-05 -4.6197270266553364e-05 3.3977674585750409e-05 -0.00013553634476942163 -7.2916908621774586e-05 2.2447229739213958e-05 -0.0001763557161207085 4.794269590086922e-05 2.6243647083364724e-05 7.2922520956135026e-06 -5.2346359124643905e-05 -1.482467250426156e-05 -5.2666372013012721e-05 -5.0754490779494852e-05 -9.2409426460535318e-05 -0.00015777510487128142 -0.00016243332188702452 -5.1349432544510144e-05 -0.00018960128780156572 -3.9707798492695092e-05 -7.3228127948746268e-05 -0.00010536371062231592 -0.00019480965099370699 -0.0001202726953451312 -9.8869863814696454e-05 -0.00013208920609686481 -0.00021926796172789503 -9.3682426969995481e-05 -0.00011329223652155122 -0.00016903671310335944
leaf_weight=53 46 70 47 50 57 51 47 46 51 46 49 75 46 86 62 58 69 47 47 46 48 67 72 66 46 50 53 49 46 48 88 76 84 50 48 59 47 65 52 55 46 53 48 58 47 47 54 47 51 69 81 83 75 58 50 52 46 52 47 47 46 46 67 57 51 47 49 48 53 52 66 72 46 46 47 46 51
leaf_count=53 46 70 47 50 57 51 47 46 51 46 49 75 46 86 62 58 69 47 47 46 48 67 72 66 46 50 53 49 46 48 88 76 84 50 48 59 47 65 52 55 46 53 48 58 47 47 54 47 51 69 81 83 75 58 50 52 46 52 47 47 46 46 67 57 51 47 49 48 53 52 66 72 46 46 47 46 51
internal_value=3.10825e-06 -1.86888e-05 -7.53854e-06 0.000290836 -2.93769e-05 0.00018873 0.000352803 3.81869e-06 -9.72326e-07 7.38959e-05 -8.96451e-06 9.12295e-06 6.81641e-05 0.000122668 -8.2158e-05 -8.5091e-06 0.000164122 -7.40567e-07 1.45485e-05 2.69731e-07 6.70302e-05 0.000125281 2.09296e-05 5.30694e-05 0.00013688 -4.86025e-05 3.47068e-05 -6.23879e-05 0.00016499 -1.66229e-05 -6.20734e-05 1.08455e-06 1.38413e-05 5.08151e-05 -6.29182e-05 -3.58029e-05 0.000112889 -4.97013e-05 -4.37724e-05 -2.17588e-05 0.000113463 -7.21303e-05 -5.05167e-05 -0.000117133 -7.1299e-05 -0.000100756 -6.03114e-05 -6.84446e-05 -8.93787e-05 -3.26801e-05 -9.64583e-05 -5.10499e-05 -2.77797e-05 -0.000131755 -7.33708e-06 -2.68307e-05 -6.04287e-05 -0.000110728 4.11379e-05 2.13207e-07 2.68179e-06 -0.000150574 -0.00010662 -8.36735e-05 -0.000110892 -0.000109866 -0.000122678 -0.000106286 -0.000127225 -0.000151021 -8.62496e-05 -0.000143628 -0.000154232 -0.000175617 -0.000133001 -0.000149751 -0.000194766
internal_weight=4319 4266 4220 287 3933 240 98 2415 2369 142 2226 1529 351 143 1518 1178 115 1120 898 805 162 115 236 185 93 697 102 222 92 643 1082 138 335 192 595 143 113 308 441 312 92 243 190 154 944 95 722 634 399 235 129 213 158 436 100 99 166 127 99 95 95 104 222 155 108 300 249 202 153 105 120 366 294 143 151 104 97
internal_count=4319 4266 4220 287 3933 240 98 2415 2369 142 2226 1529 351 143 1518 1178 115 1120 898 805 162 115 236 185 93 697 102 222 92 643 1082 138 335 192 595 143 113 308 441 312 92 243 190 154 944 95 722 634 399 235 129 213 158 436 100 99 166 127 99 95 95 104 222 155 108 300 249 202 153 105 120 366 294 143 151 104 97
is_linear=0
shrinkage=0.0243204


Tree=45
num_leaves=74
num_cat=0
split_feature=3 27 58 1 56 67 56 3 12 7 69 11 26 54 11 54 52 52 38 35 70 20 27 63 72 73 45 46 45 38 70 77 22 40 60 57 38 85 27 7 57 37 3 69 5 22 73 74 18 36 37 26 18 35 20 77 6 86 4 20 18 51 73 63 77 4 45 86 30 75 7 35 61
split_gain=0.27935 0.0947415 0.0572436 0.0293684 0.0180718 0.0065362 0.00651815 0.00572535 0.00308979 0.00263289 0.00310573 0.0024879 0.00204356 0.00151813 0.00139511 0.00165456 0.00219088 0.00168904 0.00169185 0.00164982 0.00257166 0.00127616 0.00119038 0.00192027 0.00171099 0.00122704 0.00164138 0.00113726 0.00112818 0.00111392 0.00106842 0.00106482 0.00139446 0.00104127 0.00105217 0.000973539 0.000965976 0.000880318 0.00102562 0.000877447 0.000827756 0.000818717 0.000815026 0.000792993 0.000787419 0.000653263 0.000651729 0.000615944 0.000584772 0.000656298 0.000584329 0.000583115 0.000469773 0.000542118 0.000429014 0.000398209 0.000395005 0.000380182 0.000369626 0.000366244 0.000347669 0.000326912 0.000324505 0.00046011 0.000493399 0.000523717 0.000307466 0.000176307 0.000153387 0.000204711 0.0001323 6.71742e-05 4.1493e-05
threshold=-0.064179185308716941 1.7610489856303182 62.149999618530281 40.929998397827156 39.354999542236335 1.1299553697183493 30.195000648498539 0.042628923979768953 25.25324997901917 -0.044265941592477244 52.695168124946882 0.79821190457561642 2.2744750082492833 4529.5625000000009 0.74235304728195262 5724.3260009765636 29.356130762529308 12.446049028092867 3.5578807517915121 0.0047943192304858509 17.474999427795414 0.0051909309420309011 3.8039525984313118 -0.030068657014338696 25.729999542236332 0.010149705730960553 0.0060830444873380502 0.0049917671847558515 -0.0031741200460511493 2.5987334506036182 18.595000267028812 -0.049345472096648739 58.85396422767527 350.87250213623048 0.032843495877095959 21.869999885559086 4.1088814157063327 7.5000000000000009 5.4471519636275518 0.00026104573347225001 33.43499946594239 -8.1727011724020695 -0.0065076746177812487 40.293153252684299 -0.00047350611431744993 60.336366309671128 -0.0020156370230996496 0.014263323226270252 -0.034243777968606039 32.745215049710808 4.5298974713775815 5.0336250305175794 -0.023534805453744496 0.0070018309407707006 0.0073373503813110004 0.033769240659158907 -0.019536613486181097 0.00015538507005825224 0.011098764933366402 -0.0031488151960082492 -0.0068828395435172997 6.8902049707965043 0.025434999527154004 0.032827411230428254 -0.062036070699120892 -0.0087284937192042486 0.0005867792953881001 -0.0012438480180620205 1345.1499633789065 -0.0071442572235026489 -0.0034923018510098496 0.00021791136686270002 0.0022932294205362008
decision_type=8 8 10 2 10 10 8 10 10 10 10 10 10 10 10 8 10 10 10 10 10 10 10 10 10 10 10 10 8 8 10 10 10 10 10 10 10 2 10 10 8 10 10 10 10 10 10 10 10 10 10 10 10 10 10 10 10 10 10 10 10 10 10 8 10 10 10 10 10 10 10 10 10
left_child=-1 -2 4 -4 6 7 35 9 -8 -6 11 12 -11 22 15 16 17 18 -10 31 -21 60 24 -24 41 26 -25 29 37 -19 -29 -18 46 -31 40 67 -32 38 -16 -13 -35 -14 -30 -43 -17 52 -33 61 -37 -50 -45 57 -44 55 -41 58 -51 -42 -54 -53 -20 -47 63 64 -58 -66 -67 -3 69 -64 -68 -72 -69
right_child=1 2 3 -5 5 -7 8 -9 14 10 -12 39 13 -15 28 44 19 27 21 20 -22 -23 23 25 -26 -27 -28 30 42 33 36 32 -34 34 -36 48 -38 -39 -40 54 51 43 45 50 -46 47 -48 -49 49 56 -52 59 53 -55 -56 -57 62 -59 -60 -61 -62 -63 68 -65 65 66 70 72 -70 -71 71 -73 -74
leaf_value=0.0018112371462344105 -0.0010819040329330246 -0.00011753820676069571 0.00092745965090515557 0.00015303432346835843 -0.00012746416660242233 0.00035156982148617811 0.00011413678727352166 0.00030769990578021796 0.00011678115208451359 0.00020395335119724486 0.00020098317160744181 3.2118515889497753e-05 0.00013741188443494983 -8.3974709743355388e-05 0.00010331684903391255 -0.00016423515000686282 9.2642893057710246e-05 -0.00015022469311304723 -0.00012552666725695535 1.7880080360300064e-06 0.00025107436904786502 5.6042078244233449e-05 0.00022087158661002396 -9.0953411016734734e-05 -0.00011102114935274402 0.00013756972120522692 9.6366521375014903e-05 -6.0659095152208998e-05 -5.2805913273021353e-06 5.4108347085942877e-05 -1.4046557734094457e-05 -0.00011289528534917617 9.0530669011429875e-05 2.3316570499928251e-06 1.5634019889096836e-05 -1.2843886981879863e-05 0.00013489015750038153 -7.4957817191000125e-05 -3.6375271621097647e-05 -0.00014753945832353236 -9.1829884805034014e-05 -5.4142946173118232e-05 -5.751162343212267e-05 0.00011748498199595928 -4.1252260912216885e-05 -3.5079557799139778e-05 -5.3144956859624869e-06 1.9274648054151234e-05 -1.4501190993695022e-05 -3.7725909105552267e-05 6.2119533237340322e-06 -1.6731696070612848e-05 -0.00016123212082413377 -5.991319685963449e-05 -4.4408629216531165e-05 -0.00020828109451811146 -3.9528246703516995e-05 -0.00017080388996020763 -7.7011511173825096e-05 -9.860126806490251e-05 -3.0576367861415544e-05 -0.00012436101184859933 -0.00011792881528868581 -4.0549019235665518e-05 -6.2302438990930142e-05 -9.6996035471342448e-05 -0.00012102493113728499 -0.00019229254155322077 -0.00010128082877041451 -0.00019194234513594043 -0.00014670898881177305 -0.00019796906153501663 -0.00014858161673727063
leaf_weight=49 48 55 55 61 50 46 87 50 80 52 75 48 49 48 58 62 64 78 46 49 48 74 56 52 46 69 57 82 78 49 54 70 47 57 80 51 48 76 65 46 78 51 78 54 62 46 63 52 51 48 57 61 72 56 51 49 50 75 59 69 46 53 48 67 67 71 46 68 46 57 46 60 47
leaf_count=49 48 55 55 61 50 46 87 50 80 52 75 48 49 48 58 62 64 78 46 49 48 74 56 52 46 69 57 82 78 49 54 70 47 57 80 51 48 76 65 46 78 51 78 54 62 46 63 52 51 48 57 61 72 56 51 49 50 75 59 69 46 53 48 67 67 71 46 68 46 57 46 60 47
internal_value=3.03523e-06 -1.81132e-05 -5.77773e-06 0.000524784 -2.08851e-05 7.16212e-05 -4.90118e-05 5.71324e-05 -2.7233e-05 4.22569e-05 5.28588e-05 3.75234e-05 5.96601e-05 4.54028e-05 -3.29122e-05 -1.89465e-05 -1.09188e-05 -2.94405e-05 2.56075e-05 4.20793e-05 0.000126396 -1.87409e-05 5.81906e-05 9.77714e-05 2.19206e-05 5.80697e-05 6.9804e-06 -4.7976e-05 -5.99926e-05 -6.55434e-05 4.31194e-06 8.19527e-06 -2.21544e-05 -5.11823e-05 -6.3563e-05 -0.000105252 5.66307e-05 -1.03847e-05 2.97754e-05 -5.2497e-05 -8.21921e-05 5.12759e-05 -7.81213e-05 2.45665e-05 -0.000103534 -9.0302e-05 -6.23428e-05 -4.82776e-05 -9.24591e-05 -9.86103e-05 6.08917e-05 -9.91704e-05 -0.000110301 -0.000127444 -9.42837e-05 -0.000148022 -0.000105653 -0.000131365 -0.000124137 -6.05935e-05 -7.88606e-05 -8.3615e-05 -0.000111421 -9.95819e-05 -0.000111066 -0.000123228 -0.000141186 -0.000157716 -0.000142501 -0.000159479 -0.000161089 -0.000177236 -0.000175802
internal_weight=4319 4270 4222 116 4106 957 3149 911 2271 861 811 736 591 539 2184 1442 1318 977 246 341 97 166 491 234 257 178 109 731 742 547 184 244 180 469 420 878 102 199 123 145 340 211 543 162 124 465 133 151 708 657 111 283 314 236 97 180 606 153 131 130 92 99 558 407 340 290 223 170 151 105 152 106 115
internal_count=4319 4270 4222 116 4106 957 3149 911 2271 861 811 736 591 539 2184 1442 1318 977 246 341 97 166 491 234 257 178 109 731 742 547 184 244 180 469 420 878 102 199 123 145 340 211 543 162 124 465 133 151 708 657 111 283 314 236 97 180 606 153 131 130 92 99 558 407 340 290 223 170 151 105 152 106 115
is_linear=0
shrinkage=0.0243204


Tree=46
num_leaves=73
num_cat=0
split_feature=66 57 67 2 85 52 58 43 31 65 25 22 25 4 49 32 32 78 21 39 14 10 23 52 10 6 37 36 73 3 81 31 4 47 9 74 37 3 78 51 10 74 7 6 50 39 6 1 24 58 19 3 50 4 64 63 33 33 37 82 39 43 32 24 73 4 39 73 65 18 63 49
split_gain=0.461952 0.0265802 0.00809964 0.00789911 0.00615932 0.00963846 0.00543735 0.0051995 0.00239013 0.00248215 0.00310438 0.00207183 0.00175904 0.00181998 0.00253621 0.00149714 0.00205321 0.00289044 0.00139063 0.00144027 0.00121229 0.00115481 0.00125621 0.000995222 0.000973455 0.000957793 0.000922883 0.00152569 0.00114742 0.00101642 0.00135958 0.00125401 0.0015144 0.00126302 0.00104836 0.00112186 0.000919545 0.000898688 0.000842327 0.000832611 0.000786378 0.000770691 0.000686526 0.00077855 0.000685227 0.000671403 0.000822282 0.000658112 0.000635901 0.00105094 0.000635346 0.000590958 0.000566607 0.000552115 0.000672385 0.000638407 0.000549188 0.00104107 0.000513881 0.000903891 0.000485097 0.000484649 0.000432583 0.00040833 0.00039472 0.000360575 0.000312114 0.000254707 0.000198386 0.000218292 0.000189346 9.84841e-05
threshold=14.915509469522144 43.32500076293946 0.90948795682116113 39.590000152587898 9.5000000000000018 40.32291287481241 29.295000076293949 2014.6250000000002 -0.0029337680648128498 -0.23181950831347101 0.33813906661019499 52.011044880804967 1.1595755953252793 -0.021320573408961398 0.0086025171994114514 -0.007645745524177649 -0.012643109108620898 46.912644045376098 0.0021077057207997507 0.65792059687855187 4.8745000362396249 2.7029435166530367 -0.15019172318512949 24.571148630329901 2.9822539046883993 -0.012834219375331348 35.460925849784424 74.196922763630383 0.016013120147319503 0.0022025882268535504 0.063402355161035817 0.00046077574856260005 -0.0050480469464263484 0.0039716325702883514 -0.44507789241153256 -0.017397893697480845 4.2708273990184589 -0.0069663850459535494 52.963316795323124 11.210067031654605 2.0945073611785894 -0.03261461089939189 0.0025818249646614505 0.0095648339254480012 56.22111094200519 0.82123675706483013 -0.0014475252351103998 56.465000152587898 0.21746160539101531 32.43499946594239 0.021023761653585854 0.0038431694814464006 59.647688850672722 -0.0060249411590520994 50.005666825534043 -0.014581010916267298 -0.0033530560696894995 0.0049129160664722008 -1.4721625187588072 17.933500075340273 0.34723339002789061 1324.8750000000002 0.0016428846455252503 0.21541436968924493 0.0019260599843589003 0.0067547190669479508 0.76979449190854354 -0.018196220643306296 -0.51402880680877228 -0.00046274934655399994 -0.0050531595353852992 0.00085505556203100015
decision_type=10 10 10 2 2 10 8 10 10 10 10 10 8 10 10 8 10 10 10 10 10 2 10 10 2 10 8 10 8 10 10 10 10 10 10 10 10 10 10 10 2 10 10 10 10 10 10 2 10 10 10 10 10 10 8 8 10 10 10 10 10 10 10 10 10 10 10 10 8 10 10 10
left_child=1 6 3 7 5 -4 23 -3 11 10 -10 21 13 14 25 16 58 -18 24 -20 -12 -5 -23 53 -11 -8 27 29 -29 30 -17 32 -31 45 39 41 42 44 51 48 47 52 65 -44 -38 46 -33 63 49 -32 56 -25 62 55 68 -1 -34 -58 -15 -60 -56 -47 -36 -27 -57 -37 -35 -53 70 -70 71 -55
right_child=-2 2 4 8 -6 -7 12 -9 9 18 20 -13 -14 15 -16 26 17 -19 19 -21 -22 22 -24 38 -26 40 -28 28 -30 31 34 33 50 66 35 36 37 -39 -40 -41 -42 -43 43 -45 -46 61 -48 -49 -50 -51 -52 67 -54 54 60 64 57 -59 59 -61 -62 -63 -64 -65 -66 -67 -68 -69 69 -71 -72 -73
leaf_value=-7.2016442823650942e-06 0.0024118078391533685 0.00045934537268908473 0.00014035402842943744 2.4126734209424353e-05 4.8150510668355399e-05 0.00063154318406957776 7.060274090345206e-05 0.00010376805384798121 0.00026196472302738791 -7.4185127415654344e-05 2.2440476794157605e-06 8.7839974631107683e-05 0.00010878831790355427 1.1779763863907699e-05 0.00016162046028862095 -0.00014824545969075218 -4.2942039593224759e-05 0.00017132373841477068 -4.6786265817433478e-06 0.0001829286164902629 0.00015845438368947319 -3.6067204886495857e-05 -0.00019807688882917272 -3.9050365215415548e-05 5.3412811963145953e-05 -7.7062585223404745e-05 -0.0001300048795229372 0.00013371334543322406 -3.4869443366802664e-05 5.8114312042510835e-05 -0.00012254218680455452 -4.3928009563763163e-05 -0.00010035951378393146 -0.00011678275621757583 5.5024597551167402e-05 -9.618565803362847e-05 6.5270134002264566e-06 7.0496801134010446e-05 1.2394318533303672e-05 8.9841641768355075e-05 4.2807984136968159e-05 6.3859201442915191e-05 -0.00010182040469955598 2.3055715511945793e-05 -0.00012200883297487345 -6.3928585532319599e-05 -0.00014887891372279799 -0.00014040762419078811 5.8239687501817265e-05 3.2385081462204464e-05 -0.00013218311743213169 -8.5788936397144299e-05 -8.9736159031135357e-05 -0.0002204522865300042 -2.0606772172989218e-05 -7.0176900533347559e-05 4.7943799540085768e-05 -9.1109603573630526e-05 -8.6992778620882213e-06 -0.00015906043781115572 -0.00011869314396177967 3.7810152859394446e-05 -4.4226995959109523e-05 1.9538538602499878e-05 -0.0001632383231867191 -0.00018873109676051728 -0.00019308341563024019 -0.00016613034142205503 -0.00015500457087084941 -8.9472608743247677e-05 -0.0001341408223897869 -0.0001596661023912326
leaf_weight=53 46 46 49 55 50 46 65 52 74 90 76 72 54 47 62 54 67 82 46 50 47 62 52 90 57 52 75 48 46 80 51 90 61 70 51 57 48 46 72 71 54 78 80 46 49 63 88 46 52 51 59 53 57 49 48 68 73 55 46 48 80 48 51 50 47 50 71 48 71 62 72 50
leaf_count=53 46 46 49 55 50 46 65 52 74 90 76 72 54 47 62 54 67 82 46 50 47 62 52 90 57 52 75 48 46 80 51 90 61 70 51 57 48 46 72 71 54 78 80 46 49 63 88 46 52 51 59 53 57 49 48 68 73 55 46 48 80 48 51 50 47 50 71 48 71 62 72 50
internal_value=1.25534e-05 -1.37691e-05 0.000101667 7.04129e-05 0.00026802 0.000382106 -4.55816e-05 0.000273493 4.08464e-05 7.4512e-05 0.000138455 -2.06652e-05 -2.73411e-05 -3.03979e-05 2.27503e-05 -3.86959e-05 1.25857e-05 7.53084e-05 2.2332e-05 9.38597e-05 6.26999e-05 -6.71309e-05 -0.000111002 -9.81637e-05 -2.46766e-05 -9.95237e-06 -4.68745e-05 -4.323e-05 5.16824e-05 -4.86644e-05 -3.10138e-05 -6.93691e-05 -3.34083e-05 -9.66631e-05 -2.32989e-05 -3.97635e-05 -6.58314e-05 -1.7111e-05 -5.83788e-05 2.15324e-05 -3.60877e-05 1.68703e-06 -9.55375e-05 -5.6392e-05 -5.8948e-05 -6.71723e-05 -9.63348e-05 -6.497e-05 -1.03129e-05 -4.54857e-05 -6.30449e-05 -8.49919e-05 -2.90049e-05 -0.000115481 -0.000130132 -7.7281e-05 -4.09031e-05 -1.20296e-05 -5.37494e-05 -8.63139e-05 -8.23416e-05 -1.99774e-05 5.43936e-06 -2.99568e-05 -0.000109246 -0.000140722 -0.000156247 -0.000125174 -0.000149932 -0.000125315 -0.000168273 -0.000191574
internal_weight=4325 4279 924 779 145 95 3355 98 681 440 197 241 2492 2438 329 2109 290 149 243 96 123 169 114 863 147 267 1819 1744 94 1650 892 758 328 430 838 613 376 143 263 225 202 237 233 126 97 289 178 148 154 102 248 191 159 600 432 168 189 128 141 94 128 111 102 102 115 107 141 101 304 133 171 99
internal_count=4325 4279 924 779 145 95 3355 98 681 440 197 241 2492 2438 329 2109 290 149 243 96 123 169 114 863 147 267 1819 1744 94 1650 892 758 328 430 838 613 376 143 263 225 202 237 233 126 97 289 178 148 154 102 248 191 159 600 432 168 189 128 141 94 128 111 102 102 115 107 141 101 304 133 171 99
is_linear=0
shrinkage=0.0243204


Tree=47
num_leaves=75
num_cat=0
split_feature=66 57 67 38 58 1 55 7 26 49 80 18 9 18 38 49 47 27 24 18 35 64 1 53 86 3 86 36 84 20 52 74 7 28 8 77 65 64 68 18 38 76 47 47 78 36 54 72 67 3 77 61 60 48 51 38 67 36 60 32 20 3 31 81 47 37 71 31 73 22 78 67 75 66
split_gain=0.440198 0.0253255 0.00771844 0.00591787 0.00518024 0.00510835 0.00511569 0.00227741 0.00258566 0.00370247 0.00310215 0.00176611 0.00169831 0.00163045 0.00149378 0.00156891 0.00153493 0.00272924 0.0017252 0.00227782 0.00170472 0.00169456 0.00147299 0.00217867 0.0019997 0.00145628 0.00109681 0.00101553 0.000980803 0.00111678 0.000948063 0.000914645 0.000992691 0.000906428 0.000832611 0.00130251 0.0010951 0.00103512 0.000907099 0.000877385 0.00085131 0.00118091 0.000813252 0.000812958 0.00080252 0.000684891 0.000680669 0.000628742 0.000567096 0.000563195 0.000560936 0.000544965 0.000499144 0.000492004 0.000485983 0.000445651 0.000427822 0.000411208 0.000390731 0.000390155 0.000650074 0.000485524 0.000378838 0.00036997 0.000356982 0.000340725 0.00033974 0.000309446 0.000242721 0.000237378 0.000218455 0.000212942 0.000102525 8.66521e-05
threshold=14.915509469522144 43.32500076293946 0.90948795682116113 21.434050362248012 29.295000076293949 42.07500076293946 2019.9297979671105 -0.046890990203699794 4.3341749787330635 0.014025485316835151 2.7977788248618585 -0.021818251892648098 0.19808562962231768 -0.0042793199270064987 35.679160405107446 0.011000379212275551 -0.0030494451441710493 2.3587914080115699 0.31559688106925976 0.0066411076979639517 0.010842216702836652 62.156128422739293 69.505001068115249 0.47216110191700927 0.00034984299947119635 -0.011029248172740699 -0.0062298957461827406 62.615368802024122 1.0000000180025095e-35 -0.063162720964337046 24.571148630329901 -0.062709037349393273 0.032125636450634355 1728.7500000000002 54.472053139612733 0.027402457461068102 0.45490100143815054 47.261469277207908 35.57925019264222 -1.0000000180025095e-35 6.7197271356156918 0.011634321558452402 0.0040617194809975015 0.0038895458210966003 52.963316795323124 39.805500499444797 1122.9312500000003 13.364999771118166 0.27851088126972973 0.0038431694814464006 -0.071484990452046079 -0.011497997995912649 0.0033496803400736006 0.0034587556115000507 9.1880515301296573 14.408708216384211 0.41941150233750546 42.560159856185315 -0.022990359978982296 0.0036777456711819005 0.022748146096348402 0.0049948224523461504 0.0018068219975362501 0.43244055722344693 -0.0073680161603946496 11.02069102924054 16.054999351501468 0.0039510071020942509 -0.018196220643306296 47.325148977958015 45.73913922723127 0.71809748703854381 1.0000000180025095e-35 1.469463356751209
decision_type=10 10 10 10 8 2 10 10 10 10 10 10 10 10 10 8 10 10 10 10 10 10 2 10 10 10 10 10 2 10 10 10 10 10 10 10 8 10 8 10 10 10 10 10 10 10 10 8 10 10 10 8 10 10 10 8 8 10 10 10 10 10 10 10 10 10 10 10 10 10 10 10 10 10
left_child=1 4 5 13 30 6 -3 -7 11 10 42 12 -9 -4 15 16 17 -6 20 -20 26 28 23 -17 -25 -13 -19 33 43 -30 56 55 34 54 35 36 37 -33 -37 -40 41 53 -10 47 49 -36 -28 -18 64 -32 -24 -45 -50 -38 -27 -31 67 -58 -49 60 65 -61 -16 -59 -48 66 -47 69 -51 73 -71 -65 -69 -1
right_child=-2 2 3 -5 14 7 -8 8 9 -11 -12 25 -14 -15 62 22 21 18 19 -21 -22 -23 50 24 -26 27 46 -29 29 31 44 32 -34 -35 45 38 40 -39 39 -41 -42 -43 -44 51 -46 59 48 58 52 68 -52 -53 -54 -55 -56 -57 57 63 -60 61 -62 -63 -64 71 -66 -67 -68 72 -70 70 -72 -73 -74 -75
leaf_value=-0.00016973413071145983 0.0023543400328961705 0.00041062066904626684 5.0353251209974389e-05 0.00047697631307861544 0.0001698261872310505 -0.00012056637589119593 7.9055965857820109e-05 0.00019251750401310047 2.327337581828873e-05 -7.3585842720262518e-05 0.00028701302829294001 6.7738894663847151e-05 -4.8787750794576397e-06 0.00025116394806554723 -6.8137602976057256e-05 -3.5456847978353267e-05 -5.2659593529988441e-05 5.2689494176380193e-05 -2.006099455245315e-05 0.00017794361696605118 9.6298564740072962e-05 8.7537244013179778e-05 -0.00010187597014237867 4.1661456879222436e-05 0.00025705276051146301 7.137257203672297e-05 -1.3901348229376332e-05 -0.00014770194177252775 7.5965815492792674e-05 -6.5453485076907351e-05 -3.8110576482576003e-05 -4.7868194464898594e-05 7.0257543567909638e-05 -0.00010838752217470899 2.2643714146175277e-05 -4.8453171730108986e-05 6.02224593488075e-05 9.2329411021644715e-05 5.8717696226880647e-06 0.00014476657220828775 -0.00014191418504876498 -0.00013036324611839551 0.00015887624208081526 2.2858971298327867e-05 1.2096813467020868e-05 -9.4882976667125786e-05 -0.00016797071859931108 -0.00020127725802097745 -7.1804127101153223e-06 -8.373930078088458e-05 1.4376710562422316e-05 -8.040043226011029e-05 -0.00010712931097146129 -4.5164626231450969e-05 -3.1442720412700538e-05 -0.00016697011205036859 -4.6440919399906206e-05 -5.8308625391200399e-05 -0.00010279267067188744 -5.5196171475275458e-07 -2.5574616922541944e-05 -8.6021596659538232e-05 -0.00015773974343399422 -0.00010391630824076601 -8.026938910782555e-05 -6.1403190476244174e-05 -0.00017700725442248619 -0.00013537269833000006 -0.00016216849618763552 -4.7589965714115617e-05 -0.00011570683102677464 -0.00017311559865204644 -0.00019349371573137059 -0.00011836756884783982
leaf_weight=46 46 47 50 49 52 46 66 56 60 46 76 89 47 46 61 62 49 48 84 57 49 56 46 53 49 53 90 47 48 61 90 71 49 46 46 48 50 54 52 55 77 58 46 47 72 60 66 59 63 53 51 82 55 53 54 46 91 57 46 74 59 83 55 68 52 47 69 48 48 47 76 52 54 61
leaf_count=46 46 47 50 49 52 46 66 56 60 46 76 89 47 46 61 62 49 48 84 57 49 56 46 53 49 53 90 47 48 61 90 71 49 46 46 48 50 54 52 55 77 58 46 47 72 60 66 59 63 53 51 82 55 53 54 46 91 57 46 74 59 83 55 68 52 47 69 48 48 47 76 52 54 61
internal_value=1.22571e-05 -1.34381e-05 9.92411e-05 0.000261632 -4.44907e-05 6.87308e-05 0.000219248 4.29148e-05 5.52118e-05 0.000120157 0.000169258 1.72358e-05 0.000103214 0.000148105 -2.66867e-05 -2.24993e-05 -2.94431e-05 2.87406e-06 -1.2777e-05 6.06327e-05 -3.73303e-05 -4.27176e-05 3.36682e-05 7.79366e-05 0.000146562 -1.36416e-05 -5.50403e-05 -5.00099e-05 -4.78275e-05 -3.78664e-05 -9.58146e-05 -4.28416e-05 -3.55726e-05 -1.92665e-05 -4.10624e-05 -2.01317e-05 -4.53007e-05 1.29294e-05 3.87233e-05 7.79217e-05 -7.58176e-05 -4.35523e-05 8.30186e-05 -8.83905e-05 -5.69836e-05 -6.57166e-05 -7.10125e-05 -0.00012601 -9.26448e-05 -8.29602e-05 -4.11976e-05 -4.28795e-05 -5.4259e-05 6.06786e-06 1.96557e-05 -0.000110192 -0.000112717 -8.91763e-05 -0.000159451 -7.61176e-05 -9.59757e-05 -4.59886e-05 -0.000111567 -0.000110777 -0.000130282 -0.000119306 -0.000139791 -0.000131407 -0.000122187 -0.000114703 -9.02512e-05 -0.000135036 -0.000167656 -0.00014176
internal_weight=4325 4279 924 145 3355 779 113 666 620 228 182 392 103 96 2492 2376 2115 616 564 141 423 1499 261 164 102 289 374 200 1443 1160 863 1112 1005 153 956 518 363 125 155 107 238 161 106 283 263 438 326 154 236 191 97 129 118 103 107 107 600 268 105 392 235 157 116 177 118 176 129 332 101 230 123 120 102 107
internal_count=4325 4279 924 145 3355 779 113 666 620 228 182 392 103 96 2492 2376 2115 616 564 141 423 1499 261 164 102 289 374 200 1443 1160 863 1112 1005 153 956 518 363 125 155 107 238 161 106 283 263 438 326 154 236 191 97 129 118 103 107 107 600 268 105 392 235 157 116 177 118 176 129 332 101 230 123 120 102 107
is_linear=0
shrinkage=0.0243204


Tree=48
num_leaves=75
num_cat=0
split_feature=69 56 67 56 19 74 21 29 3 66 47 85 62 39 67 18 5 15 55 8 32 58 11 58 36 36 73 57 51 70 50 84 51 53 35 63 54 11 75 3 5 65 74 48 55 18 38 81 47 11 31 80 0 35 47 53 31 29 76 35 12 66 35 83 19 11 75 66 31 39 21 5 49 33
split_gain=0.518545 0.0232779 0.00647517 0.0059718 0.00489168 0.00475848 0.00318173 0.00316394 0.00269886 0.0025804 0.00192249 0.00256385 0.00181344 0.00166523 0.00165168 0.00150733 0.00192026 0.0015043 0.00126622 0.00157297 0.00150461 0.00149165 0.00160755 0.00160226 0.00209904 0.00121504 0.00119878 0.00119764 0.00126063 0.00114404 0.00238239 0.00107669 0.00102924 0.000988077 0.000885296 0.000901511 0.00086728 0.00102506 0.000856803 0.0006601 0.000876242 0.00130427 0.00118928 0.00065628 0.000826098 0.00113315 0.000804603 0.000637524 0.000684592 0.000817119 0.000559861 0.000557913 0.000493413 0.000546733 0.000481565 0.000478813 0.000490478 0.000471861 0.000610507 0.000470323 0.000435879 0.000429185 0.000416146 0.000399991 0.000412709 0.000380515 0.000285127 0.000298761 0.000257094 0.000256656 0.000253529 0.000250244 0.000209008 0.000109979
threshold=86.322489883349505 42.444999694824226 1.1027001798396923 30.195000648498539 -0.037027546897963039 -0.086134538931167529 -0.011979737461977199 1908.2500000000002 -0.044899707145318095 4.2588808245754501 0.011539712357873051 7.5000000000000009 -0.042714494837939591 0.27896265727177461 1.037086725775729 -0.064997079616567241 0.0091787050941089521 2.5544999837875371 6007.1674928754373 54.034891204774226 -0.0094387399827761485 33.93499946594239 0.10097775791208026 36.100000381469734 53.58822779466562 75.890545443376595 0.091676800947713466 47.170000076293952 -9.2838386066423464 16.425000190734867 50.974421588445203 1.0000000180025095e-35 -2.3086533652739258 0.90875090333665809 -0.0040048319641313992 -0.0059155551622567986 2741.8187500000008 0.27438415441942154 0.028520181969286806 0.00064691452003535013 0.020169006100253902 -1.7135685732189321 -0.020400419314698097 -0.010198734311914748 1252.4088768665436 0.014091673632921452 16.23098965737405 0.73995026420379495 0.0035559957143643005 0.72581549584522687 -0.0016732923271928497 1.749153836461282 95.569999694824233 0.0033813297781116005 -0.00089795121998409997 0.72866597423716917 0.0010431639102324501 1237.7000122070315 -0.029605182300914346 -0.00043237125446964997 49.764249706268316 2.5068371888533609 -0.0026112552700303993 12.304269512848853 -0.0010442684598321998 0.84630231503813336 0.014240816286661151 1.8886616925606747 -0.00048935517701089988 0.72716587377456865 0.0089914449435257015 0.00026104573347225001 0.0011301031444613501 -0.0014398757836928998
decision_type=10 10 10 8 10 10 10 10 8 10 10 2 10 10 10 8 10 10 10 8 8 10 10 10 10 10 8 10 10 10 10 2 8 10 10 10 10 10 10 10 8 8 10 8 10 10 10 10 10 10 10 10 2 10 10 10 10 10 10 10 10 10 10 10 10 10 10 10 10 10 10 10 10 10
left_child=1 3 4 36 9 -6 10 12 -5 -3 11 -7 -8 -14 15 16 -10 -15 19 20 29 22 32 24 -23 26 39 -19 -29 -17 -31 54 -22 43 -25 -36 57 -38 61 47 41 -41 -42 -33 45 50 63 48 49 -21 -45 -20 53 55 -24 56 -43 58 -1 -50 -59 -39 -57 -46 -65 -51 67 69 -68 72 71 -55 73 -62
right_child=-2 2 -4 8 5 6 7 -9 14 -11 -12 -13 13 17 -16 18 -18 27 51 25 21 23 31 34 -26 -27 -28 28 -30 30 -32 33 -34 -35 35 -37 37 38 -40 40 42 52 -44 44 46 -47 -48 -49 59 65 -52 -53 -54 70 -56 62 -58 60 -60 -61 66 -63 -64 64 -66 -67 68 -69 -70 -71 -72 -73 -74 -75
leaf_value=-2.8229731127039807e-06 0.002476722324646477 4.4525069374078881e-05 0.00035577128884714559 0.00015852448586156141 0.00031057477538689541 0.0001441556087977995 0.00023850257272113319 0.00031067940099200236 -4.272574428726332e-05 -0.00018761346489344207 -0.00011398626242659054 -4.0665225724353771e-05 0.00017063290027433787 0.00015531559401126108 0.00010558924406091217 -2.7213815748865354e-05 0.0001730877642289027 9.6739773302072547e-05 -5.4591897802652995e-05 2.3129003301877433e-05 -3.2976977750778796e-05 0.00021508118587243224 -2.2763456298373816e-05 5.5867221337131077e-05 0 6.1372475694989727e-05 5.233483931550317e-05 -0.00013368851079955088 3.9386053998354221e-05 -7.8607064296569108e-06 0.00023191410200990977 -9.1883076524645495e-05 -0.00016969384013273953 7.7856518554004635e-05 2.1094960676217299e-05 -0.00011377542548978704 4.6556528689120734e-05 -7.4720608073309278e-05 8.8634361614650566e-06 2.1726999977812725e-05 -0.00011682011125644435 6.1877312982230169e-06 3.8537017243343825e-05 5.5595901296862751e-05 -1.6971801772435848e-05 0.00011902711273123278 3.3114808898604222e-05 -0.00011471198453139733 -2.0885699541248679e-05 -0.0001273482624900312 -4.9747520796949643e-05 -0.00016989494169741476 -0.00017890502848878599 -6.5845103606761087e-05 -0.00012146113787631821 -0.00016221587368469458 -8.3903018008776083e-05 -4.8217061734752485e-05 -0.00010781353190223747 8.6493171674149763e-05 -0.00013379251145197702 -0.00016534067637750377 -6.7203747299952022e-05 -4.8524502582827526e-05 -0.00014829742061384641 -3.5756676759381507e-05 -0.0001188865351683987 -7.3438698336948595e-05 -0.00018344559167979675 -7.9541670672681443e-05 -0.00017775358491693577 -0.00014820277303031085 -0.00011156877558204859 -0.00019479889069779404
leaf_weight=51 49 59 54 46 61 89 48 49 49 53 52 87 79 48 53 57 47 49 47 59 55 49 46 61 58 52 54 50 48 50 47 65 81 68 50 69 46 78 46 52 46 62 76 46 54 56 61 50 49 63 81 55 50 46 82 53 83 46 91 46 46 54 60 50 50 48 77 86 90 55 54 46 85 51
leaf_count=51 49 59 54 46 61 89 48 49 49 53 52 87 79 48 53 57 47 49 47 59 55 49 46 61 58 52 54 50 48 50 47 65 81 68 50 69 46 78 46 52 46 62 76 46 54 56 61 50 49 63 81 55 50 46 82 53 83 46 91 46 46 54 60 50 50 48 77 86 90 55 54 46 85 51
internal_value=1.30149e-05 -1.55349e-05 0.000100472 -4.30584e-05 8.21968e-05 0.000107401 8.62492e-05 0.000130102 -2.42206e-05 -6.59726e-05 1.46441e-05 5.30624e-05 0.000101786 7.70893e-05 -2.75939e-05 -3.04765e-05 6.35846e-05 3.85429e-05 -3.42836e-05 -3.0509e-05 -1.19035e-05 -2.2038e-05 -3.91839e-05 2.54261e-05 9.95208e-05 -5.23997e-05 -5.83875e-05 -3.33942e-07 -4.93439e-05 5.89932e-05 0.000109433 -2.33878e-05 -0.000115024 -8.06234e-06 -1.89054e-05 -5.73813e-05 -9.68988e-05 -5.50429e-05 -8.14122e-05 -6.47752e-05 -7.9192e-05 -9.32803e-05 -2.04831e-05 -2.08169e-05 -9.01682e-06 2.88781e-05 -4.12612e-05 -3.58783e-05 -2.06433e-05 -4.97674e-05 -1.14545e-05 -0.00011777 -0.000106473 -9.7107e-05 -8.64287e-05 -7.53157e-05 -4.55856e-05 -0.000110629 -7.03821e-05 3.14403e-05 -0.000121147 -0.000112717 -0.000112758 -7.07504e-05 -9.93478e-05 -8.839e-05 -0.000127884 -0.000113693 -0.000154527 -0.000127945 -0.000134871 -0.00010813 -0.000142077 -0.000167458
internal_weight=4359 4310 826 3484 772 660 599 371 2582 112 228 176 322 274 2536 2483 96 195 2387 2285 1236 1082 795 287 107 1049 997 147 98 154 97 659 136 531 180 119 902 224 178 943 628 506 122 463 398 183 215 315 265 170 127 102 454 404 128 258 145 678 142 95 536 132 113 154 100 111 490 323 167 237 146 92 182 97
internal_count=4359 4310 826 3484 772 660 599 371 2582 112 228 176 322 274 2536 2483 96 195 2387 2285 1236 1082 795 287 107 1049 997 147 98 154 97 659 136 531 180 119 902 224 178 943 628 506 122 463 398 183 215 315 265 170 127 102 454 404 128 258 145 678 142 95 536 132 113 154 100 111 490 323 167 237 146 92 182 97
is_linear=0
shrinkage=0.0243204


Tree=49
num_leaves=72
num_cat=0
split_feature=69 56 64 56 19 74 29 3 63 41 66 4 72 49 34 62 80 24 75 76 6 53 34 6 7 23 21 17 52 32 10 1 7 79 76 69 3 53 43 6 45 80 74 43 58 4 63 8 49 46 36 8 25 68 10 32 76 1 36 45 26 39 83 8 1 64 19 78 61 36 65
split_gain=0.494097 0.0221763 0.00761129 0.00568871 0.00463093 0.00360388 0.003388 0.00257167 0.00246962 0.00237052 0.00220728 0.00202294 0.00221791 0.00278785 0.00164295 0.00160159 0.00221617 0.00233776 0.00133074 0.00153671 0.00124438 0.00106643 0.00102122 0.00159416 0.001012 0.000906528 0.000906066 0.00128394 0.000828399 0.000803125 0.000753525 0.000729802 0.000706868 0.000856375 0.00072372 0.00083614 0.000785913 0.000695942 0.000950817 0.00158306 0.00121725 0.000671633 0.000881929 0.000668762 0.000874613 0.000665195 0.000821737 0.000628489 0.000508161 0.000625885 0.000495824 0.000665715 0.00068463 0.000582781 0.000491928 0.000467272 0.000462811 0.000455267 0.00044757 0.000365385 0.000327462 0.00032085 0.000290108 0.000284093 0.00049739 0.000308968 0.000301315 0.000237412 0.000206721 0.000113556 8.2623e-05
threshold=86.322489883349505 42.444999694824226 70.742240434909974 30.195000648498539 -0.038348938260939942 -0.086134538931167529 1898.7500000000002 -0.044899707145318095 -0.030068657014338696 1182.8144519382229 4.2850578156599211 -0.019533801640039445 14.815000057220461 0.0074450367568589509 -1.0000000180025095e-35 -0.043349592837803048 2.7469980752419407 0.27753990002774293 0.0025062642519768003 -0.078044380963841337 -0.030606248163770697 -0.0079988299117511978 -0.0068907923763513491 0.014334643831213252 -0.034177627721864744 -0.021055622693491847 -0.018950659371243298 1.0000000180025095e-35 20.781621014772355 0.0037799706878344501 2.1485038744221696 101.58499908447267 0.019077673129141052 -1.242485642249086 0.018181827564682302 33.11585715892874 0.0053622893717086006 0.89389769722473089 1228.8750000000002 0.0043151710082704508 -0.0031741200460511493 0.98485186835212557 -0.0019990513392192494 1151.6250000000002 33.085000991821296 -0.0087284937192042486 -0.0047514128410963497 45.198401027837782 0.00038124290710870001 0.0055384824786745513 50.898190649666638 61.989458474500999 0.71852208837551734 38.405249786376963 1.7239928640096245 0.00035217539391250004 -0.022128870964790246 61.995000839233406 49.532919146523085 0.0025140680355883504 2.7912750065326697 0.78118126751214689 15.977466353126962 63.644459445527353 96.930000305175795 45.774422462058361 -0.0077481565004838488 44.731128994733957 0.011101585685393251 48.273980112325511 -0.51402880680877228
decision_type=10 10 10 8 10 10 10 8 10 10 10 8 10 10 10 10 10 10 8 10 8 10 10 10 8 10 10 10 10 10 2 2 8 10 10 10 10 10 10 10 10 10 10 10 10 10 10 10 10 10 10 10 10 8 2 10 10 2 10 10 10 10 10 10 2 10 10 10 8 10 10
left_child=1 3 4 28 10 -6 8 -5 9 -7 -3 12 14 30 -9 -10 22 -18 24 -20 -21 -22 -17 25 -13 -24 27 57 45 -29 56 32 33 -26 41 59 -37 38 39 -28 -40 42 -35 -34 62 46 -1 -30 49 60 53 52 55 -43 -50 -52 -14 -23 -42 61 -49 -36 -45 64 65 66 -47 -55 -60 -66 -65
right_child=-2 2 -4 7 5 6 -8 11 15 -11 -12 18 13 -15 -16 16 17 -19 19 20 21 26 23 -25 31 -27 37 29 47 -31 -32 -33 43 34 35 36 -38 -39 40 -41 58 50 -44 44 -46 63 -48 48 54 -51 51 -53 -54 67 -56 -57 -58 -59 68 -61 -62 -63 -64 70 69 -67 -68 -69 -70 -71 -72
leaf_value=1.8753489113178831e-05 0.0024176344960339102 3.1937748082636977e-05 0.00035980330134783813 0.0001547472155617595 0.00027943885237212076 0.00028721201665241666 0.00022422741795798012 -0.00016776630362652235 0.00015018916088303249 6.9742408499860915e-05 -0.00018996662147515209 3.8288158762624917e-05 4.7782756550371217e-05 0.00020573150493595349 1.0309248642839732e-05 -3.2125330417505736e-05 1.6062258266775434e-05 -0.00019252344444425172 9.8448189675063853e-05 9.514430641497256e-05 -0.00012147057903151231 1.3322613916390609e-05 0.00022234658798806294 -1.3813675395828647e-05 1.7754444740402325e-05 7.1373209332091126e-05 7.5955460074888248e-05 1.9824632172685983e-05 -1.3454168398827535e-07 0.00015719283440227181 8.5736935132117324e-05 -0.00014904385094397226 5.1302637171849602e-05 -7.381466874832841e-05 -0.00011980563268195518 5.2679383369278028e-06 -0.00011988988789237597 2.742807838749767e-05 -8.162561794552838e-07 -7.8549828270785803e-05 -5.883904349041967e-05 -4.6933912533889082e-05 6.9132459355094735e-05 -4.4467860394117206e-05 3.0569627839916813e-05 -0.00016531598317367474 -0.00011400233392794531 -5.6254773736527628e-05 -0.00015037765811886584 -0.00011755758787853834 -3.6063438676006243e-05 3.6728509487880133e-05 1.4145439140301906e-06 -0.00017120033195808124 -5.8377106605065054e-05 -0.00013178371614926544 -4.699989497479706e-05 -8.924830331662664e-05 -9.691332983872774e-05 -8.7444170499211753e-05 3.4123591345656787e-05 -0.0002057485438896633 -0.00013089156908827854 -0.00019100190928125266 -0.00018382019817215524 -5.4847313855879117e-05 -8.7669491693076896e-05 -9.2323448985724498e-05 -0.00016358855615867661 -0.00012880614527492878 -0.00013532169362712428
leaf_weight=46 49 56 60 46 60 47 85 49 54 80 49 68 46 62 79 54 77 53 66 49 68 50 49 55 71 47 77 55 70 46 67 49 64 46 66 69 51 80 87 78 69 81 55 48 60 48 67 46 86 49 50 49 65 53 60 79 86 51 53 76 47 50 46 49 57 81 89 47 75 61 46
leaf_count=46 49 56 60 46 60 47 85 49 54 80 49 68 46 62 79 54 77 53 66 49 68 50 49 55 71 47 77 55 70 46 67 49 64 46 66 69 51 80 87 78 69 81 55 48 60 48 67 46 86 49 50 49 65 53 60 79 86 51 53 76 47 50 46 49 57 81 89 47 75 61 46
internal_value=1.27075e-05 -1.51611e-05 9.80672e-05 -4.20254e-05 7.71435e-05 0.000100967 8.27349e-05 -2.36395e-05 5.90555e-05 0.000151768 -7.23844e-05 -2.69324e-05 2.40512e-05 6.46483e-05 -5.85876e-05 2.84881e-05 8.49807e-06 -6.975e-05 -3.61768e-05 -1.37028e-05 -2.26385e-05 -3.00602e-05 5.82164e-05 9.05293e-05 -5.24977e-05 0.000149868 -2.1289e-05 2.23345e-05 -9.45742e-05 8.32807e-05 1.99183e-05 -5.77792e-05 -5.36844e-05 -6.31198e-05 -6.99936e-05 -9.93608e-05 -4.84408e-05 -3.82793e-05 -5.02889e-05 -1.7943e-06 -7.66583e-05 -5.23911e-05 3.93714e-06 -1.42767e-05 -4.16842e-05 -0.000113536 -6.02463e-05 -6.55332e-05 -8.13726e-05 -4.81081e-05 -6.579e-05 -4.28154e-05 -6.29925e-05 -9.6244e-05 -0.000113198 -9.52258e-05 -1.38568e-05 -3.88107e-05 -0.000109982 -0.000130785 -1.06864e-05 -0.00015823 -8.7658e-05 -0.000127342 -0.000116068 -9.35146e-05 -0.000115833 -0.000135357 -0.000136907 -0.000156646 -0.00016566
internal_weight=4359 4310 826 3484 766 661 601 2582 516 127 105 2536 389 261 128 389 335 130 2147 904 838 789 205 151 1243 96 721 202 902 101 199 1175 1126 908 837 312 120 519 439 155 284 525 101 218 154 544 113 358 288 142 424 243 194 181 146 129 132 101 197 192 93 116 94 431 336 218 137 100 128 118 95
internal_count=4359 4310 826 3484 766 661 601 2582 516 127 105 2536 389 261 128 389 335 130 2147 904 838 789 205 151 1243 96 721 202 902 101 199 1175 1126 908 837 312 120 519 439 155 284 525 101 218 154 544 113 358 288 142 424 243 194 181 146 129 132 101 197 192 93 116 94 431 336 218 137 100 128 118 95
is_linear=0
shrinkage=0.0243204


Tree=50
num_leaves=71
num_cat=0
split_feature=3 25 3 58 4 67 80 69 58 19 38 71 82 21 31 4 82 64 6 12 0 8 0 3 4 18 9 84 43 65 51 19 68 24 25 47 47 76 3 48 15 6 9 49 76 47 32 17 78 3 23 14 54 73 46 17 79 74 78 6 39 79 4 71 14 25 48 20 46 77
split_gain=0.249433 0.0818585 0.0555992 0.0200508 0.00692966 0.00673358 0.00551205 0.0057454 0.00550721 0.00318659 0.00206611 0.00225369 0.00217167 0.00204303 0.00279566 0.00193013 0.00159444 0.00161489 0.00157701 0.00142676 0.00155664 0.00113416 0.00105823 0.000913653 0.00156868 0.00119245 0.00107084 0.00104266 0.00130943 0.00226706 0.00175734 0.00118437 0.00114066 0.00101929 0.00096664 0.00101169 0.00122123 0.000923137 0.00089461 0.000872249 0.000861245 0.000845186 0.000817676 0.000777565 0.000767677 0.000714882 0.000695254 0.000678926 0.00102624 0.000634589 0.00059448 0.000577396 0.00052263 0.000520568 0.000501088 0.000489083 0.000483934 0.000458726 0.000492705 0.000455158 0.000422043 0.000374392 0.000373685 0.000370128 0.000293559 0.000279851 0.000182481 0.000192655 0.000251925 9.41625e-06
threshold=-0.064179185308716941 1.1595755953252793 0.059504816596061903 42.179998397827156 0.048460999863760158 0.8460288256012255 4.7073899918064308 61.230012867235125 29.095000267028812 0.010709103319172351 35.679160405107446 26.214999198913578 32.631000041961677 0.015542080983221702 -0.0015664027229446 -0.0031653790305564496 30.257500171661381 46.68719470111207 0.0046752409757559506 108.39500007629395 99.509998321533217 42.07475279794081 92.110000610351577 0.0025920744843339004 -0.0034750222226861997 -0.015921002164258846 0.71260226833115692 1.0000000180025095e-35 1238.8750000000002 -0.74906202785444076 26.680423190154446 -0.015929875888507597 33.189499998092657 0.1815811575729426 0.86961519233958506 0.0044977560283708503 0.0014709035729408503 0.024341089855816355 0.00026101160204000006 0.0028548238684977505 2.6735000610351567 -0.012128614035961698 0.18444646226210185 -0.0017438163671932498 -0.049408320564921143 -0.0026022495953461496 0.00039953246200105007 -0.015118879883091949 49.551252347491648 -0.0079715324932015993 -0.053380730442348097 3.6395000219345097 1122.9312500000003 -0.029512490086509347 -0.0016608888207570499 0.013685713289308551 -0.31704314343145684 0.0025062642519768003 44.959013697153189 -0.0027745310517640997 0.66730366283849796 0.14054407605463573 0.0022050157067148002 15.295000076293947 4.2565000057220468 0.56203332371130121 -0.0015895915199157999 -0.0084870922944682483 0.00085031103458790011 -0.00079656818901779989
decision_type=8 10 8 10 10 10 10 10 8 10 10 8 10 10 10 10 10 10 10 8 2 10 2 10 10 10 10 2 10 10 10 10 10 10 8 10 10 10 10 10 10 10 10 10 10 10 10 10 10 10 10 10 10 10 10 10 10 10 10 10 10 10 10 10 10 10 10 10 10 10
left_child=-1 2 3 8 5 6 7 13 22 -7 11 19 15 16 -15 18 17 -5 -13 20 23 -19 41 27 26 59 34 32 33 49 31 -31 56 -29 35 36 45 44 -17 43 -33 -2 -42 -35 -27 -25 -23 -46 55 62 -51 -28 -41 -39 63 -49 -10 58 65 -26 -12 -60 -30 -43 66 -56 -24 -68 -69 -66
right_child=1 -3 -4 4 -6 9 -8 -9 10 -11 60 12 -14 14 -16 38 -18 21 -20 -21 -22 46 64 24 25 37 51 28 29 30 -32 40 -34 39 -36 -37 -38 53 -40 52 42 54 -44 -45 47 -47 -48 48 -50 50 -52 -53 -54 -55 57 -57 -58 -59 61 -61 -62 -63 -64 -65 69 -67 67 68 -70 -71
leaf_value=0.0016636976415670211 -2.6542803245506395e-06 -0.00098477144988726889 0.00075066600779692932 0.00011440014867942724 0.00036976918807533107 0.00014354917372643816 -0.00019663784643178311 0.00031366615362097801 -0.00015685091979868523 0.00039923672539546014 -6.8804017386048277e-05 0.0002217140180898595 -8.0893575375539856e-05 -1.8261613505338098e-05 0.00021359374073916002 7.6250661874418537e-05 -0.00011923681786961124 6.5998747798286388e-05 4.5536347187704034e-05 0.00010763303049467993 -0.00013465083865333744 6.0082907645238817e-07 -0.00014758364765521959 4.5104332737421316e-05 -8.3995482640675497e-05 -9.1463481002403165e-05 -3.8744224142545697e-06 -4.8244919697231797e-05 -0.00013184196387966643 -8.7349870869177302e-05 0.00014216873176626783 0.0001220358738313545 1.3530995886427504e-05 2.6772710680485073e-05 0.00011711668111361964 -7.4522359080193967e-05 0.00013364391386656518 -5.0062920613140011e-05 -3.6336427624695879e-05 -4.6862797993954478e-05 -5.2948097914951573e-05 2.2033725767430101e-06 7.6697058223648316e-05 0.0001494932950413893 8.0816996421367339e-05 -6.5753578013769544e-05 -0.00012979185515764392 -0.00011852365482997 6.0228523319243198e-05 4.2478257220369728e-05 -6.4540113639701072e-05 -0.00011319214340398444 6.7306165447317165e-05 -0.00015617801999658656 -0.00016712636586026271 -1.119751565487912e-05 -6.2074340085185466e-05 -0.00014746890514958849 -7.7319443789421237e-06 -0.00018046009322707414 -0.00015908657724249077 -9.0476594650346629e-05 -5.8496578032472253e-05 -7.6787858924560025e-05 -0.00014410792200399174 -7.9470565750895428e-05 -0.00013331903146679642 -3.96562276443047e-05 -0.00011404915643240272 -0.0001805700153805895
leaf_weight=52 91 50 56 86 53 77 50 50 52 47 62 67 69 51 76 77 50 60 55 46 77 46 61 71 57 74 48 54 84 66 64 46 87 47 47 78 48 52 89 46 71 57 47 89 46 65 50 55 54 49 79 70 47 60 46 46 86 91 63 65 65 66 85 90 46 46 56 57 53 46
leaf_count=52 91 50 56 86 53 77 50 50 52 47 62 67 69 51 76 77 50 60 55 46 77 46 61 71 57 74 48 54 84 66 64 46 87 47 47 78 48 52 89 46 71 57 47 89 46 65 50 55 54 49 79 70 47 60 46 46 86 91 63 65 65 66 85 90 46 46 56 57 53 46
internal_value=4.64229e-06 -1.57225e-05 -4.13926e-06 -1.43542e-05 0.000104808 8.24532e-05 4.37736e-05 6.97521e-05 -3.79986e-05 0.000242772 -2.05136e-05 -1.56566e-05 4.08723e-05 3.99985e-05 0.000121035 7.02189e-05 4.47115e-06 3.04014e-05 0.000143264 -2.50226e-05 -2.79595e-05 -1.63122e-05 -9.10761e-05 -2.3861e-05 -4.15073e-05 -7.03042e-05 -7.09825e-06 -8.80811e-06 3.2269e-06 -1.73707e-05 3.0458e-05 -1.08009e-06 -5.53784e-05 4.61591e-05 1.67222e-05 -1.64233e-06 2.94717e-05 -4.91829e-05 1.60189e-05 6.85319e-05 3.39359e-05 -7.04148e-05 -1.10131e-06 0.00010757 -2.50352e-05 -7.96092e-06 -6.79093e-05 -2.58637e-07 -2.46721e-05 -6.46655e-05 -2.35536e-05 -6.91186e-05 1.09226e-05 -0.000107755 -8.38134e-05 -7.02124e-05 -9.86235e-05 -0.000101274 -8.16977e-05 -0.000136397 -0.000115858 -5.04262e-05 -9.54918e-05 -4.63349e-05 -0.000126381 -0.000124571 -0.000110505 -9.61109e-05 -7.61793e-05 -0.000164011
internal_weight=4365 4313 4263 4207 696 643 519 469 3511 124 2642 2515 357 419 127 288 292 242 122 2158 2112 156 869 2035 936 509 427 1099 874 591 294 230 225 283 309 262 184 387 166 229 164 550 118 136 275 136 96 201 155 297 128 118 93 112 459 101 138 312 221 122 127 129 169 147 319 92 227 166 110 92
internal_count=4365 4313 4263 4207 696 643 519 469 3511 124 2642 2515 357 419 127 288 292 242 122 2158 2112 156 869 2035 936 509 427 1099 874 591 294 230 225 283 309 262 184 387 166 229 164 550 118 136 275 136 96 201 155 297 128 118 93 112 459 101 138 312 221 122 127 129 169 147 319 92 227 166 110 92
is_linear=0
shrinkage=0.0243204


Tree=51
num_leaves=75
num_cat=0
split_feature=16 11 65 58 56 4 19 67 85 31 84 43 35 35 70 25 45 65 32 15 4 58 5 18 1 3 70 34 9 64 45 5 79 25 86 47 79 36 17 76 3 34 16 74 37 50 34 36 40 35 39 3 3 73 26 59 11 84 19 22 33 64 75 66 86 27 48 15 21 60 9 24 20 27
split_gain=0.247564 0.0842452 0.0469553 0.0166617 0.0059759 0.00483169 0.00422911 0.00489125 0.00513958 0.00339541 0.00218454 0.00206119 0.00180425 0.00191699 0.00150269 0.00145468 0.00140056 0.00163953 0.00162364 0.00121433 0.0011994 0.0016748 0.00155988 0.00127242 0.00112093 0.00106714 0.00114303 0.00107001 0.00096439 0.00138335 0.000951933 0.00180949 0.00135198 0.00094193 0.000916873 0.00087195 0.00101247 0.000854373 0.000830149 0.00102168 0.000982325 0.00115918 0.000865264 0.000831353 0.000788585 0.000781318 0.000684547 0.00095144 0.000652067 0.000612561 0.000739772 0.000580403 0.000582326 0.000549285 0.000544355 0.00053418 0.000530676 0.000530496 0.000498178 0.000491573 0.000422841 0.000388629 0.000402753 0.000467087 0.000499029 0.00036078 0.000341051 0.000274804 0.00020327 0.000186393 0.000175047 0.000220115 0.000126696 0.000102558
threshold=1.6869999766349795 -0.18403685822551458 5.4045169160440958 42.179998397827156 30.714999198913578 0.048460999863760158 -0.03911155403227419 0.8460288256012255 2.5000000000000004 0.00089050140433335014 3.5000000000000004 5994.3750000000009 0.013713903330164602 0.0063788697964739004 25.404999732971195 1.1166352030173354 -0.0060522616937404494 -0.4737454543043213 -0.0082497006148350479 3.6305000782012944 -0.0043000319464344492 30.634999275207523 0.028717928811057555 0.029703062799619453 97.360000610351577 -0.014693389858368799 14.984999656677248 0.0021331047985124005 1.6982038400915871 46.805368422672522 0.0024242320610237005 -0.020852292837634945 1.0000000180025095e-35 0.89050175682187083 0.0010745440912315442 0.0017203314519403502 -0.18806353247119381 32.745215049710808 0.025947372623169953 0.039865600179330808 0.0082560769092481032 0.00322442478823665 6.4969999790191659 -0.010370116393776748 1.7008581551644684 48.419931144941934 0.00039953246200105007 64.885018262325033 428.95749969482432 0.0010437081956442002 0.80334671179628347 0.011037625599350351 -0.0054857830040531989 -0.034132243747071994 3.0089249908924107 -0.0074704969169734998 0.68808190625982135 2.5000000000000004 0.0078438228065623519 46.973559344870999 0.0013384906709236501 53.49054480512428 0.013670566559590551 1.7843868767329079 0.00032358253897400642 2.8857176239790694 -0.00091004009040024988 3.4075000286102295 -0.0018439829091808498 -0.0070358230414730985 1.066047456206878 0.11278219859474346 1.0000000180025095e-35 2.9652341413618291
decision_type=8 10 10 10 8 10 10 10 2 10 2 10 10 10 10 8 10 10 10 10 10 8 10 10 2 10 10 10 10 10 10 10 10 10 10 10 10 10 10 10 10 10 10 10 10 10 10 10 10 10 10 10 10 10 10 8 10 2 10 10 10 8 10 10 10 10 10 10 10 10 10 10 10 10
left_child=-1 -2 3 4 24 6 14 8 -8 -9 12 15 13 28 -5 16 17 18 -6 -19 22 -22 23 33 37 26 -23 -28 29 -10 32 -32 49 38 -31 36 -20 -3 39 40 42 -42 53 -41 61 -46 59 54 -38 55 -51 52 -47 -18 -48 -27 -34 -37 -54 -33 -57 62 63 69 -65 -55 -61 -13 -40 -39 71 72 -26 -64
right_child=1 2 -4 5 11 -7 7 9 10 -11 -12 67 -14 -15 -16 -17 20 19 35 -21 21 25 -24 -25 70 30 27 -29 -30 34 31 46 56 -35 -36 57 48 44 68 43 41 -43 -44 -45 45 51 47 -49 -50 50 -52 -53 58 65 -56 60 -58 -59 -60 66 -62 -63 73 64 -66 -67 -68 -69 -70 -71 -72 -73 -74 -75
leaf_value=0.0016266283415547118 -0.001040712834858216 1.3524003209222252e-05 0.00071486194945693778 2.065531463011135e-05 0.00011356213948759084 0.00031009430592874877 0.00028183003635616006 0.00038132779489198968 0.00011924417353234831 9.983646141903827e-05 0.00015065739390291851 -6.9569783912795866e-05 -0.00013217958310700342 0.0001623181570619303 -0.00017150814259289608 0.00010098376895544538 -0.00015999208263459569 1.0802196317121238e-05 7.2568298896384694e-05 0.00015040661682255048 0.00010176035888433767 -7.0471287565405824e-05 0.00011248768724493107 8.6345613831694567e-05 -0.0001473495687159065 -0.00015787974251652224 -1.5116451057343135e-05 0.00012621183566525684 -9.99431064043846e-05 4.7421438962368508e-05 7.6482824050616647e-05 -3.9032052452752992e-05 -0.00021978165191124634 5.9229480337096722e-05 -9.6636440277028595e-05 -3.7075932535914015e-05 -9.7928122404455592e-05 -0.00016328040899639125 -0.00013569606441796167 -2.8460616498327125e-05 7.0416287992265585e-05 -8.1500676924150674e-05 2.4011101028978519e-05 0.00010740142773776606 2.660454697276779e-05 -0.00010511504850192378 1.2247592953046089e-05 7.0499406359701643e-05 2.4047202423094629e-05 -6.2260327615566203e-05 5.8045138525931703e-05 -0.00013725793943697713 -7.0287681908684575e-05 -1.0852726212597792e-05 -9.035935880603521e-05 -0.00010564916507832454 -0.00011023040678646932 -0.00013694181748272083 3.5910940796577253e-05 -0.00016788146757959851 -8.2224787828181863e-06 -5.2565289208234227e-05 -0.00017747810021762726 -9.5481278549346853e-07 -0.00010662824106704966 -9.5865292209522602e-05 -7.9799997782476474e-05 -0.0001460000834350997 -6.1352154903888441e-05 -9.3189756000004072e-05 -9.3092064804973856e-05 -0.00017914184432426357 -8.7116788502735338e-05 -0.00012451603377797239
leaf_weight=54 46 63 52 49 56 56 56 55 58 48 75 52 47 51 46 66 52 66 79 83 46 77 65 70 50 47 71 56 46 49 72 71 47 73 54 88 56 51 46 48 80 46 46 58 63 62 46 47 47 81 47 56 46 46 89 54 67 49 58 51 51 79 54 51 54 83 59 68 46 50 55 75 46 62
leaf_count=54 46 63 52 49 56 56 56 55 58 48 75 52 47 51 46 66 52 66 79 83 46 77 65 70 50 47 71 56 46 49 72 71 47 73 54 88 56 51 46 48 80 46 46 58 63 62 46 47 47 81 47 56 46 46 89 54 67 49 58 51 51 79 54 51 54 83 59 68 46 50 55 75 46 62
internal_value=4.53273e-06 -1.61399e-05 -4.85962e-06 -1.39026e-05 -3.53113e-05 9.53026e-05 7.58929e-05 0.000102248 6.63328e-05 0.000252271 3.39484e-05 -1.57035e-05 4.86712e-06 3.02305e-05 -7.31601e-05 -1.08174e-05 -1.39812e-05 2.10649e-05 -6.09656e-06 8.90356e-05 -2.39788e-05 -4.04448e-05 -5.48102e-07 -1.12759e-05 -8.64865e-05 -4.6866e-05 2.95206e-06 4.76691e-05 -2.9018e-06 2.52425e-05 -5.91157e-05 -3.41942e-05 -8.64795e-05 -2.23433e-05 -2.8288e-05 -2.73807e-05 7.53146e-06 -7.19916e-05 -3.32358e-05 -1.9765e-05 -3.9636e-05 1.47519e-05 -6.97647e-05 4.61641e-05 -7.98543e-05 -4.86651e-05 -5.62919e-05 -2.27954e-05 -4.25495e-05 -5.73913e-05 -1.79759e-05 -7.00521e-05 -4.67216e-05 -9.36034e-05 -5.55489e-05 -9.02587e-05 -0.00015685 -7.34993e-05 -1.12637e-05 -8.96729e-05 -5.88354e-05 -0.000101851 -0.00011375 -9.24981e-05 -5.57796e-05 -6.58595e-05 -0.000121736 -0.000113696 -9.95427e-05 -0.000129785 -0.000134017 -0.000146587 -0.000119636 -0.000150422
internal_weight=4365 4311 4265 4213 3523 690 634 539 436 103 380 2548 305 258 95 2428 2362 524 375 149 1838 1079 759 694 975 1033 204 127 207 161 829 435 394 624 103 319 182 749 551 459 353 126 227 106 686 285 363 182 103 280 128 222 166 181 135 152 114 137 104 181 105 401 322 206 105 129 110 120 92 101 226 171 96 116
internal_count=4365 4311 4265 4213 3523 690 634 539 436 103 380 2548 305 258 95 2428 2362 524 375 149 1838 1079 759 694 975 1033 204 127 207 161 829 435 394 624 103 319 182 749 551 459 353 126 227 106 686 285 363 182 103 280 128 222 166 181 135 152 114 137 104 181 105 401 322 206 105 129 110 120 92 101 226 171 96 116
is_linear=0
shrinkage=0.0243204


Tree=52
num_leaves=74
num_cat=0
split_feature=59 82 58 56 56 64 25 85 78 80 26 51 35 66 2 74 82 26 79 65 75 66 45 49 66 37 69 51 5 77 86 50 56 86 73 37 23 0 28 22 49 21 54 17 34 39 77 62 62 47 65 44 86 53 78 78 32 35 39 17 59 39 53 79 38 4 31 17 5 43 77 23 65
split_gain=0.277184 0.123566 0.0810774 0.0178381 0.00606041 0.00572849 0.00351053 0.00325102 0.00278153 0.00217644 0.00158946 0.0014402 0.0014688 0.00171053 0.0015208 0.00140956 0.00172034 0.00236655 0.00145071 0.00138328 0.00175137 0.00131926 0.00126927 0.00125379 0.00120396 0.00107176 0.00103318 0.00100562 0.000954986 0.000946597 0.00108299 0.00134701 0.000932431 0.000865623 0.000880755 0.000809009 0.000753743 0.000726042 0.00091172 0.00074196 0.000938125 0.00068955 0.000644554 0.000566247 0.000537097 0.000628034 0.000894686 0.000742282 0.00115108 0.00056401 0.000510844 0.000492052 0.000489226 0.000453985 0.000748831 0.000627283 0.000408247 0.000382818 0.000511163 0.000381359 0.000371428 0.00036234 0.0003157 0.000257821 0.000236155 0.000215218 0.000192379 0.000220499 0.000175103 0.000153703 0.000134482 4.70778e-05 3.74429e-05
threshold=-0.11799657955723254 49.493500137329107 70.42999649047853 44.345001220703132 35.135000228881843 69.375214246272861 1.1344616832175294 2.5000000000000004 62.316381483316611 3.669595091229596 2.757949990034104 -9.8197131704205258 0.0018084552887706502 3.9952159710703024 46.609998703002937 -0.0088084210874443489 25.387500047683719 5.4381249547004709 -0.12503523947010103 1.1158578413767588 -0.033644528479456141 4.979237462790584 0.00044106632058800004 -0.009743464770363747 2.1844927000390304 0.8511201797627167 37.583876869593574 9.7799759840143015 -0.018577962566359397 -0.033063991279584239 0.0012731733712944848 54.594401130556115 26.309999465942386 -1.0000000180025095e-35 0.021494786968736804 -10.869670748748147 -0.06938986826784814 27.925000190734867 355.10000610351568 57.672995331181532 -0.0056196899915238489 -0.033415934790144944 1194.3687500000003 -0.026429364755325896 0.012180504147723252 0.26740588153406858 -0.004715907305717199 0.012403726939059201 0.0022932294205362008 -0.0023807330304579997 -0.4737454543043213 1260.6250000000002 -0.0010363224132835596 0.17085712608295486 51.146831915895895 44.437205414441848 0.0018782237601159002 -0.0026112552700303993 0.75476448031298793 -0.018197664513266848 0.023903682568537355 0.85727527428278283 0.86362161496134859 -0.41893783865313766 11.715400468969223 0.006172811171161501 0.00089050140433335014 -0.011063586720826498 0.0037287947296225504 1946.1250000000002 -0.024775187737730648 0.031263082222209006 -0.2625676733503805
decision_type=8 10 10 10 8 10 8 2 10 10 10 10 10 10 2 8 8 10 10 10 10 10 10 10 10 8 8 8 10 10 10 10 10 10 10 10 10 2 10 10 10 10 10 10 10 10 10 10 10 10 10 10 10 10 10 10 10 10 10 10 10 10 8 10 10 10 10 10 10 10 10 10 8
left_child=-1 2 3 4 23 7 10 -5 9 19 11 -6 14 22 -13 26 29 18 -18 20 -9 -11 -14 24 -2 35 -12 28 42 30 31 -17 60 53 57 -22 43 -30 -39 40 -40 -38 -28 -34 45 46 -43 48 49 -47 -16 -29 -42 -31 55 -55 63 -35 -59 -51 66 64 -53 -45 -61 71 67 -25 -54 -69 -68 -49 -72
right_child=1 -3 -4 5 6 -7 -8 8 -10 21 15 12 13 -15 50 16 17 -19 -20 -21 25 -23 -24 32 -26 -27 27 51 37 33 -32 -33 36 34 -36 -37 41 38 39 -41 52 44 -44 56 -46 47 -48 65 -50 59 -52 62 68 54 -56 -57 -58 58 -60 61 -62 -63 -64 -65 -66 -67 70 69 -70 -71 72 -73 -74
leaf_value=0.001841095922625254 -5.9895565222458127e-05 -0.0012208654445384787 0.001000899850518384 0.0002254139422988458 0.0001572064900001728 0.00033826139869257398 0.00017527827243316949 0.00018848541851622879 0.00022938924565758087 2.068336181558429e-05 3.0236502800837542e-05 5.3130519536321077e-05 4.4556062932653316e-05 -4.6703523607593478e-05 -0.00014469359139059968 -8.4332299923927086e-06 8.6604081761064308e-05 0.00021436460841967587 -8.7962905255061866e-05 -2.6442604327910714e-05 6.9400723753622104e-05 -0.00015601787852019493 0.00022005785508066452 -0.00014756843831976863 8.5398418438739507e-05 0.00012032074898313882 8.6914596592478247e-05 -0.00016186127090898097 -0.00014301980488093058 -0.00013375090743717821 -6.5293562745744968e-05 0.00015139822262172158 -3.5291886441432537e-05 1.7882457681317008e-05 5.2759514986776247e-05 -6.5732574524250277e-05 2.7322916702608574e-05 3.9631173375926877e-05 7.9504484500724259e-06 4.5534020120330934e-07 -6.0499511773478465e-05 2.8820849854663556e-05 -3.7418069671422406e-05 -4.7194773973068147e-05 1.2031508970417315e-05 -2.4314295403923475e-05 -8.2216822993780994e-05 -0.00012440678224055063 4.6959501593736119e-05 -4.248788331541526e-05 -3.8846667956499445e-05 -3.5613232365799067e-05 -0.00018515193065606059 -2.1500994630115863e-05 2.5122203707924919e-05 -0.0001391516055959166 -0.00016595215229393471 -0.00010869883472478346 -6.3557935007497926e-06 -9.6627022741847856e-05 -6.1278977441056999e-05 -5.8984948394907051e-05 -0.0001210808960954109 -0.00012980153345485643 -0.00017204197641760069 -8.8058243322684419e-05 -0.00010427680685798777 -0.00010649853564103718 -0.00011321627945766973 -5.2952196770173483e-05 -0.00017841947978644259 -0.00017007757547400908 -0.00013520988962064536
leaf_weight=47 84 49 46 79 46 56 59 79 49 53 86 72 52 49 52 66 62 46 50 72 50 46 46 51 55 75 50 66 51 55 51 58 54 46 91 53 56 61 46 77 59 86 47 46 55 83 84 46 50 54 57 56 48 48 50 61 82 66 51 47 81 46 48 46 66 65 47 90 47 54 52 46 46
leaf_count=47 84 49 46 79 46 56 59 79 49 53 86 72 52 49 52 66 62 46 50 72 50 46 46 51 55 75 50 66 51 55 51 58 54 46 91 53 56 61 46 77 59 86 47 46 55 83 84 46 50 54 57 56 48 48 50 61 82 66 51 47 81 46 48 46 66 65 47 90 47 54 52 46 46
internal_value=2.3461e-06 -1.83712e-05 -4.08896e-06 -1.54283e-05 -3.63501e-05 0.00010573 -7.99001e-06 8.17699e-05 5.75764e-05 3.7439e-05 -1.37151e-05 3.12106e-05 1.3134e-05 7.00122e-05 -3.31791e-05 -2.46176e-05 -2.23366e-06 6.94219e-05 8.57941e-06 6.74913e-05 9.38116e-05 -6.21141e-05 0.000128268 -7.19716e-05 -2.20859e-06 5.10095e-05 -4.87463e-05 -5.9131e-05 -4.11771e-05 -1.99191e-05 2.82266e-05 6.69024e-05 -7.8732e-05 -3.79451e-05 -7.51456e-06 -8.98569e-08 -6.59566e-05 -5.81749e-05 -4.50046e-05 -6.37181e-05 -8.83149e-05 -5.45149e-05 2.68828e-05 -0.000104906 -6.08389e-05 -6.68041e-05 -2.61914e-05 -8.04528e-05 -6.02605e-05 -7.84676e-05 -9.01661e-05 -0.000109938 -0.000116948 -7.38661e-05 -5.24729e-05 -8.79852e-05 -0.000126195 -4.12812e-05 -6.45069e-05 -9.93632e-05 -0.000109221 -0.000118306 -7.58089e-05 -8.94142e-05 -0.000141752 -0.000124316 -0.000120437 -0.000103415 -0.000151048 -8.69046e-05 -0.000142499 -0.000148759 -0.000159642
internal_weight=4302 4255 4206 4160 3548 612 1976 556 477 428 1917 374 328 147 181 1543 801 158 112 329 257 99 98 1572 139 178 742 656 486 643 175 124 1433 468 254 103 1012 389 338 277 200 784 97 228 728 673 170 503 346 296 109 170 154 214 159 109 174 163 117 213 421 159 104 92 113 157 340 195 95 144 145 92 98
internal_count=4302 4255 4206 4160 3548 612 1976 556 477 428 1917 374 328 147 181 1543 801 158 112 329 257 99 98 1572 139 178 742 656 486 643 175 124 1433 468 254 103 1012 389 338 277 200 784 97 228 728 673 170 503 346 296 109 170 154 214 159 109 174 163 117 213 421 159 104 92 113 157 340 195 95 144 145 92 98
is_linear=0
shrinkage=0.0243204


Tree=53
num_leaves=73
num_cat=0
split_feature=59 82 65 56 56 81 3 9 64 25 83 39 33 20 14 82 3 49 66 35 23 73 45 18 12 35 35 65 85 38 75 76 53 32 85 56 49 9 86 9 78 46 23 21 23 59 36 81 18 34 3 39 75 6 31 45 0 12 18 59 81 63 18 17 35 54 31 76 17 31 34 65
split_gain=0.264127 0.11774 0.0773423 0.0163052 0.00577373 0.00476303 0.00416907 0.0037208 0.00381259 0.00334451 0.00240806 0.00237707 0.00182725 0.00186679 0.00145835 0.00233943 0.00138066 0.00119467 0.00114695 0.00107622 0.00106493 0.00166459 0.00110104 0.00129851 0.00126988 0.00124693 0.00138675 0.000937072 0.000903592 0.00097462 0.000972089 0.0013513 0.00134433 0.00105682 0.00109537 0.000888363 0.000823896 0.000820854 0.000995246 0.000782465 0.000757842 0.000752602 0.000718002 0.000656967 0.000625697 0.000606525 0.000599801 0.000733368 0.000738025 0.0007029 0.000557901 0.000540852 0.0004745 0.00043777 0.000460557 0.000432936 0.000413702 0.000397398 0.000357141 0.000353974 0.000313623 0.000303129 0.000255481 0.000247684 0.000205017 0.000183827 0.000202042 0.000177741 0.000119443 0.000119229 0.000103986 8.34721e-05
threshold=-0.11799657955723254 49.493500137329107 4.6153071459413804 44.345001220703132 35.135000228881843 0.8332136486893712 -0.019228137113883745 2.0553650050166117 41.96300070693929 1.1344616832175294 25.209684558896985 0.60086446431521079 0.0010437081956442002 -0.010695746803674697 2.6414999961853032 23.128999996185311 -0.036724478381471339 -0.009743464770363747 2.1844927000390304 0.0019421869377227003 0.083961901984150863 -0.062920351540197386 0.0054524489168290011 0.010422725604034552 58.075000381469742 -0.0030364312688118495 0.0026991269739362503 -0.33311178907235289 3.5000000000000004 2.0687419503504723 0.040795845056599306 0.018181827564682302 0.93329012216647678 -0.0041036307134865993 10.500000000000002 26.309999465942386 0.0034477188963774508 0.52907873594041643 0.00012094289986433372 -0.57644658113634495 49.644329734974654 -1.0000000180025095e-35 -0.06938986826784814 -0.033415934790144944 -0.025540455428274947 0.011933253940509302 47.747098931388045 0.23181089304334249 -0.010381000223349699 0.012180504147723252 0.0028042620300163007 0.81504274581908587 -0.033644528479456141 -0.0069655181090524992 0.0066258375365167007 -0.0024124127293142492 85.365001678466811 69.904000091552746 0.0008447632528143001 0.023903682568537355 0.2883922522759696 -0.011500546509577199 -0.0062103568734168989 -0.018197664513266848 -0.00030440937853254993 2698.2187500000005 0.00089050140433335014 -0.0041240638705332998 -0.010087593914310798 -0.00013913986536349997 -0.00054531584522149988 -0.39135917340220056
decision_type=8 10 10 10 8 10 10 10 10 8 10 10 10 10 10 10 10 10 10 10 10 10 10 10 10 10 10 10 2 8 8 10 10 8 2 10 10 10 10 10 10 10 10 10 10 8 10 10 10 10 10 10 10 10 10 10 2 10 10 10 10 10 10 10 10 10 10 10 10 10 10 8
left_child=-1 2 3 4 17 7 -7 8 -5 14 12 -12 13 -10 15 19 -16 18 -2 44 28 -22 23 24 41 -25 -27 -21 37 -30 31 32 33 -31 36 59 58 38 -18 -33 -39 -23 50 -44 -6 -26 47 -45 -49 51 61 56 -41 -53 -55 -32 63 -50 -35 65 -52 -37 -57 -48 -65 66 68 -47 -19 -66 -70 -68
right_child=1 -3 -4 5 9 6 -8 -9 10 -11 11 -13 -14 -15 16 -17 20 35 -20 27 21 22 -24 25 45 26 -28 -29 29 30 55 39 -34 34 -36 42 -38 40 -40 52 -42 -43 43 46 -46 67 49 48 57 -51 60 53 -54 54 -56 62 -58 -59 -60 -61 -62 -63 -64 64 69 -67 71 -69 70 -71 -72 -73
leaf_value=0.0017972079797414415 -5.8455190778124088e-05 -0.0011917388908891146 0.00093780593853630097 0.00025182022865627207 -7.924766631399814e-05 5.7756144088919169e-05 0.00034045839977614564 -9.3951030337733907e-05 5.9894553996869192e-05 0.00017108307144997253 5.532537838207497e-05 -0.0001565814276794227 3.0630058928095933e-05 0.00026530940795488968 7.6149105424794592e-05 0.00018109211854932785 -3.1960006182869448e-05 -0.00014237563825576536 8.3356804276962026e-05 0.00013672019973734448 0.0001136611798938711 9.4741277197289922e-05 -9.726437869627907e-05 -4.2066868840195915e-05 -1.2169880215316138e-05 0.00018823736610194803 1.5898610036338735e-05 -1.1317816597728421e-05 -0.00014503786353936441 -5.5583923993049208e-05 -4.4239187524526507e-05 -5.3307537382809087e-06 -0.00011784978479637005 -6.5071993069589642e-05 0.00014522474643368364 -0.00010686472279198624 8.8346764085241839e-05 -0.00012089809949297231 0.00010637018766802379 -0.00018238765367491761 5.710985154305536e-06 -2.6139517900494512e-05 2.6669509655327911e-05 5.6744986549241325e-05 2.497415308816662e-05 -0.00015327529506721944 -3.812867508891655e-05 1.5507907413229581e-05 -0.00011874324174504936 1.4399224541393936e-05 -9.1738833760140527e-05 -0.00011248895723380066 -8.0530536830462912e-05 2.0547499294529348e-05 -7.4997053472270164e-05 -0.00017341074450537099 -0.00016015109657864071 -3.5705283558432151e-05 2.2616147000446475e-05 -5.980594451294282e-05 -0.00017556530799321056 -2.6219716803241272e-05 -9.0983832269975979e-05 -6.4639463787954658e-05 -0.00015380101517219671 -8.094769771246839e-05 -0.00018029883379893491 -8.2509601260251947e-05 -6.7156243963597227e-05 -9.4014032656483947e-05 -0.00011666152568642691 -0.00012932428681774235
leaf_weight=47 84 49 50 73 87 51 79 73 46 59 86 48 90 62 79 53 57 46 55 51 65 50 82 54 47 53 57 49 66 88 52 47 52 59 48 50 57 48 65 47 65 75 56 47 55 47 46 70 75 46 51 47 69 62 56 47 66 64 50 81 65 62 50 55 48 72 49 46 56 46 56 61
leaf_count=47 84 49 50 73 87 51 79 73 46 59 86 48 90 62 79 53 57 46 55 51 65 50 82 54 47 53 57 49 66 88 52 47 52 59 48 50 57 48 65 47 65 75 56 47 55 47 46 70 75 46 51 47 69 62 56 47 66 64 50 81 65 62 50 55 48 72 49 46 56 46 56 61
internal_value=2.29103e-06 -1.79324e-05 -3.99087e-06 -1.55337e-05 -3.54804e-05 0.000100738 0.000230785 6.49791e-05 9.37812e-05 -7.79917e-06 5.84086e-05 -2.11431e-05 0.000112095 0.000179114 -1.33873e-05 3.62729e-05 -2.24358e-05 -7.02492e-05 -2.15049e-06 3.96742e-06 -2.75276e-05 -1.33994e-06 -1.61542e-05 -4.6744e-07 -3.37178e-05 5.31391e-05 9.98452e-05 6.47489e-05 -4.31089e-05 -5.64143e-05 -4.7436e-05 -3.15495e-05 -4.79976e-06 1.49716e-05 4.41071e-05 -7.68482e-05 1.42016e-05 -1.59941e-06 4.19855e-05 -8.92733e-05 -4.86217e-05 2.25555e-05 -6.43783e-05 -5.32111e-05 -3.89758e-05 -8.37818e-05 -5.93839e-05 -2.92489e-05 -4.87613e-05 -7.56345e-05 -0.000102393 -8.53692e-05 -0.000122956 -5.04466e-05 -2.50247e-05 -0.000102003 -0.00010718 -8.10194e-05 -2.49917e-05 -0.000106608 -0.000139765 -6.28272e-05 -0.000132229 -8.85555e-05 -0.000103776 -0.000117557 -0.000127068 -0.000119473 -0.000107928 -0.000125789 -9.26914e-05 -0.000153391
internal_weight=4302 4255 4206 4156 3548 608 130 478 405 1976 332 134 198 108 1917 295 1622 1572 139 242 1543 576 511 429 265 164 110 100 967 732 666 517 354 302 214 1433 166 235 122 163 113 125 1012 784 142 140 728 256 209 472 228 426 116 165 118 149 261 139 109 421 116 112 97 195 149 340 268 93 158 94 112 110
internal_count=4302 4255 4206 4156 3548 608 130 478 405 1976 332 134 198 108 1917 295 1622 1572 139 242 1543 576 511 429 265 164 110 100 967 732 666 517 354 302 214 1433 166 235 122 163 113 125 1012 784 142 140 728 256 209 472 228 426 116 165 118 149 261 139 109 421 116 112 97 195 149 340 268 93 158 94 112 110
is_linear=0
shrinkage=0.0243204


Tree=54
num_leaves=73
num_cat=0
split_feature=82 65 57 56 85 25 4 17 57 33 62 25 38 69 8 80 7 33 58 48 47 75 24 31 42 82 67 12 20 9 16 71 37 68 76 43 85 8 9 48 20 18 74 7 21 23 80 7 50 9 7 27 7 10 57 51 76 27 36 32 47 7 8 37 20 60 31 79 57 75 78 18
split_gain=0.106188 0.0716215 0.0122786 0.00594294 0.00424795 0.00276487 0.00243554 0.00214066 0.00240646 0.00168776 0.0017321 0.00152067 0.00139522 0.00151685 0.00201761 0.00157795 0.00171179 0.0013787 0.00134438 0.00131961 0.00139033 0.00133716 0.00118722 0.00129225 0.00118442 0.00160235 0.00129065 0.00114135 0.00115014 0.000819921 0.000793856 0.000789285 0.000760752 0.00110775 0.000838325 0.00118731 0.00107174 0.000873686 0.000736695 0.000718555 0.000707575 0.0010719 0.000625105 0.000576642 0.000556221 0.000535869 0.000527281 0.000516678 0.00050537 0.000458639 0.000445637 0.000587611 0.000611706 0.000615595 0.000494631 0.000535401 0.00100839 0.000453815 0.000407181 0.000396803 0.000375163 0.000365029 0.00034126 0.000312117 0.000311383 0.000273355 0.000248761 0.000244665 0.000218873 0.00019394 0.000153364 3.40626e-05
threshold=49.493500137329107 4.9098092172046615 35.475000381469734 45.145000457763679 2.5000000000000004 1.1166352030173354 -0.044014948942153492 0.052108586520446608 65.024997711181655 -0.013362778735452297 -0.03533970171505104 0.68523830409403164 26.504360122686901 36.359236578727071 49.688829482337347 3.1479655698664364 0.038726968876711856 -0.0014398757836928998 25.595000267028812 0.0086257032892445018 -0.0022526935242451998 -1.0000000180025095e-35 0.35128990588103176 0.00046077574856260005 1231.8750000000002 21.260999941825869 0.53658996559078431 27.362249994277956 -0.0084870922944682483 0.14493208341630034 3.3630000352859502 11.97499990463257 5.3994716327342767 37.943250036239633 0.022105201585144004 1215.8750000000002 8.5000000000000018 53.047886191452257 0.21703831911243651 -0.00064062564477834988 -0.026083165732740946 0.0063939043204443513 -0.015837449609213346 0.015030393205328701 0.010709103319172351 -0.028027061796069095 2.0759964565027715 0.011057546137442751 48.742880091362572 -0.4948382430143638 0.012287034177767052 7.0818827631109578 0.0025818249646614505 1.9933626920449503 34.594999313354499 15.551534175114513 0.00075478291301950013 3.0398504687225212 53.224130248526485 -0.00072692925571399985 -0.0099671975344234488 0.0059400368925840016 55.385389763899362 0.65217214133662094 0.00059739733053340018 -0.015958740905491899 -0.00087113934461219994 -0.24296927196570187 30.889999389648441 -1.0000000180025095e-35 47.298941891548857 -0.0056452747130716491
decision_type=10 10 8 10 2 8 10 10 10 10 10 10 8 8 8 10 10 10 10 8 10 8 10 10 10 10 10 10 10 10 10 10 10 10 8 10 2 10 10 10 10 10 10 10 10 8 10 10 10 10 10 10 10 2 10 10 10 10 10 10 10 10 10 10 10 10 10 10 10 10 10 10
left_child=1 2 18 5 -5 6 -4 8 9 -6 -11 24 13 14 17 16 19 -8 48 20 22 42 27 -24 -12 -26 -27 -15 45 -23 46 -20 34 44 35 36 37 -22 49 -35 41 -33 -21 62 -34 -29 -14 60 -1 -36 51 52 54 57 55 59 -57 -54 -52 68 -30 -40 64 -61 -37 70 67 -67 -42 -68 71 -50
right_child=-2 -3 3 4 7 -7 12 -9 -10 10 11 -13 30 15 -16 -17 -18 -19 31 21 32 29 23 -25 25 26 -28 28 47 -31 -32 40 33 39 38 43 -38 -39 61 -41 50 -43 -44 -45 -46 -47 -48 -49 65 -51 58 -53 53 -55 -56 56 -58 -59 -60 63 -62 -63 -64 -65 -66 66 69 -69 -70 -71 -72 -73
leaf_value=-3.7412815639488594e-05 -0.0011203116105548364 0.00093121790841151411 0.00015697300059518908 0.00024020071272809004 -5.6417284514082519e-05 0.00014388960915626836 0.00021029432295446233 0.00021369004256668864 -0.00010412600596559651 0.00019074064196846884 0.00012500472132096274 0.00015783687761942872 -5.7783415730108771e-05 7.8068539756727417e-05 -3.232642885212621e-05 8.7473935943896408e-05 9.3709673934591259e-05 4.1610516496813631e-05 1.9195753646054711e-05 3.5904791994240081e-05 0.00011670776962019961 2.2987776799342744e-05 0.00014703822784915024 -1.8147303040335018e-05 9.6642263206156998e-05 1.6426570199626215e-05 -0.00015895400942773455 -3.3900494876245062e-05 -0.00015731063594105608 0.0001472045582480686 -4.9619797525635102e-06 4.1498947488032661e-05 -2.7431259102126658e-05 9.9113253981091432e-05 -9.2376705640861848e-05 -7.6180838972600857e-05 -8.7090891887348123e-05 -1.6852192117226943e-05 -0.00010304156736801156 -1.9532807202736736e-05 -9.2358807042661634e-05 -8.1735575893390785e-05 -7.6886835090605793e-05 -0.00015966144442644388 -0.00013438397402387595 8.1201563830349147e-05 -0.00016918525204926143 -1.2357621965635291e-05 -0.0001823290092054391 -0.00019797833487068735 -0.00014425166054477263 1.9130646447683932e-05 -1.4479618831003789e-05 3.1975080245247687e-05 -0.00015111827342100825 -9.8991209085345217e-05 4.1624424972202279e-05 -0.00012010765768047935 -6.7935522580999936e-05 -0.00016562047986631216 -7.0643578408226786e-05 -9.1553312752327124e-06 -0.00011243863275542851 -8.8522129913348963e-05 8.7978520895647349e-06 -0.00010658762047486528 -9.0869089680858118e-05 -3.524683125625939e-05 -1.9147448153442146e-05 -0.00015717944591166691 -0.00010700448305105355 -0.00013881724375125359
leaf_weight=56 50 47 51 88 59 73 55 46 58 70 48 63 47 54 85 86 75 60 77 48 51 67 58 53 51 50 48 46 50 59 54 89 76 55 46 53 55 65 52 65 48 77 71 48 46 48 57 49 48 59 84 49 50 62 56 61 58 46 87 56 78 46 53 80 48 60 59 56 49 57 56 46
leaf_count=56 50 47 51 88 59 73 55 46 58 70 48 63 47 54 85 86 75 60 77 48 51 67 58 53 51 50 48 46 50 59 54 89 76 55 46 53 55 65 52 65 48 77 71 48 46 48 57 49 48 59 84 49 50 62 56 61 58 46 87 56 78 46 53 80 48 60 59 56 49 57 56 46
internal_value=-1.66487e-05 -3.37583e-06 -1.40686e-05 1.64907e-05 8.54098e-05 -2.23215e-06 -7.45195e-06 5.73685e-05 4.08599e-05 6.26811e-05 8.40783e-05 5.47672e-05 -1.16799e-05 -5.766e-06 5.7347e-05 -1.3399e-05 -1.89606e-05 0.000123357 -7.07664e-05 -2.46544e-05 -3.47384e-05 2.68898e-05 3.42138e-07 6.86733e-05 2.12009e-05 -1.28137e-05 -7.01667e-05 -2.31249e-05 -4.3495e-05 8.18275e-05 -8.08416e-05 -5.5484e-05 -5.34164e-05 -1.71394e-05 -6.86027e-05 -4.67555e-05 4.47376e-07 4.23316e-05 -0.000108336 3.51905e-05 -6.15384e-05 -1.57983e-05 -3.14591e-05 -8.6534e-05 -6.84932e-05 2.50896e-05 -0.000119829 -7.98633e-05 -0.000106469 -0.000152969 -7.11666e-05 -6.13252e-05 -6.83125e-05 -2.74555e-05 -8.40316e-05 -7.29775e-05 -3.06613e-05 -6.57848e-05 -0.00010602 -9.4373e-05 -0.000105416 -5.94939e-05 -6.28946e-05 -0.000121205 -3.60802e-05 -0.000116472 -9.9005e-05 -7.27223e-05 -5.59307e-05 -0.000124474 -0.000142687 -0.00016265
internal_weight=4287 4237 4190 2723 581 2142 2069 493 447 389 330 260 2018 1860 200 1660 1574 115 1467 1499 1254 245 436 111 197 149 98 325 271 126 158 1029 818 242 576 373 171 116 203 120 952 166 119 202 122 94 104 177 438 105 786 615 566 158 408 352 119 96 171 233 128 98 154 136 101 382 232 116 97 116 150 94
internal_count=4287 4237 4190 2723 581 2142 2069 493 447 389 330 260 2018 1860 200 1660 1574 115 1467 1499 1254 245 436 111 197 149 98 325 271 126 158 1029 818 242 576 373 171 116 203 120 952 166 119 202 122 94 104 177 438 105 786 615 566 158 408 352 119 96 171 233 128 98 154 136 101 382 232 116 97 116 150 94
is_linear=0
shrinkage=0.0243204


Tree=55
num_leaves=74
num_cat=0
split_feature=82 82 64 57 71 68 85 25 58 13 66 64 7 7 22 11 81 67 55 24 85 7 85 33 34 47 73 58 0 36 77 82 78 29 6 78 67 54 71 32 27 72 1 73 6 36 62 3 81 20 84 5 23 11 21 80 80 10 79 86 60 3 14 21 46 77 6 79 31 46 32 47 12
split_gain=0.10118 0.0585081 0.0125456 0.0093885 0.00492852 0.00239141 0.00326646 0.00249031 0.00225604 0.00205856 0.00183014 0.00158312 0.00164944 0.00198874 0.00141137 0.00188194 0.00146351 0.00140666 0.00132992 0.00198653 0.00146429 0.00131064 0.00124301 0.00123619 0.00135383 0.00136344 0.00154169 0.0012318 0.00107933 0.00107055 0.00140538 0.000928751 0.000883226 0.000854404 0.00103889 0.000854374 0.00100495 0.000821969 0.000789565 0.000788292 0.000749085 0.000726837 0.000716191 0.000657316 0.000723165 0.000694107 0.000832945 0.0010214 0.00066999 0.000559591 0.000539559 0.000732724 0.000692539 0.000829952 0.000469431 0.000465501 0.000428811 0.000426249 0.000394536 0.000396748 0.000539044 0.000345166 0.000291762 0.000363407 0.000279639 0.000261882 0.000253218 0.000239725 0.00020919 0.000179693 0.000173683 0.000142912 0.000110154
threshold=49.493500137329107 38.461749935150159 70.742240434909974 35.475000381469734 26.829999923706058 46.036999988555912 2.5000000000000004 1.1595755953252793 53.769998550415046 22.132733881939547 7.1683035421405199 44.875328836951986 0.0088276868251632012 0.0038470064633335005 45.390264886400701 0.79821190457561642 0.54061250290976715 0.40623919997316371 1197.6053930205396 0.42163796657799024 6.5000000000000009 0.011764452869367052 1.5000000000000002 0.0070018309407707006 -0.0026112552700303993 -0.0045507382611368998 -0.019229277518083347 25.595000267028812 31.505000114440922 54.993875651144897 -0.03559550669668704 13.259750056266787 47.708260346163165 357.39999389648443 0.00064712381520000016 51.921061154827569 0.70822463616457931 1355.6687500000003 11.97499990463257 0.0017411545978753002 2.7858025340658497 11.375000000000002 27.654999732971195 0.095022620995887611 -0.0099298121920017475 62.466259863660106 -0.0085533287478939974 0.0029832213364216005 0.66704332934993205 -0.010989609058599598 2.5000000000000004 0.0099781111756851015 -0.005080330200642749 0.62779352928938648 0.0030257957172899505 1.6155535058782247 1.724309387951936 0.79943700384518468 -0.10870846138154804 0.001467716553940376 -0.012158923131660048 0.0053622893717086006 3.1275000572204594 -0.0027032153470703496 0.0025820254153855007 -0.0074828876142112493 0.0012484503300049501 -0.31704314343145684 -0.00036217598370469995 0.00081359970001130015 0.0022048588200181507 0.0015485681218880003 76.316499710083022
decision_type=10 10 10 8 10 10 2 8 10 10 10 10 10 10 10 10 10 10 10 10 2 10 2 8 10 10 10 10 2 10 10 8 10 10 10 10 10 10 10 10 10 10 2 10 10 10 10 10 10 10 2 10 10 10 10 10 10 2 10 10 10 10 10 10 10 10 10 10 10 10 10 10 10
left_child=1 2 3 27 -4 7 -7 9 14 -5 11 18 13 17 16 32 39 -13 19 20 33 28 -20 24 -19 -26 -27 58 57 31 -31 41 -16 42 -35 40 -37 61 -29 -8 -14 -24 -11 44 48 50 64 -48 49 -40 51 52 67 -54 55 -33 -56 -22 68 60 -60 -32 63 -52 -47 -36 -42 -46 69 -1 -51 -70 -64
right_child=-2 -3 4 5 -6 6 8 -9 -10 10 -12 12 35 -15 15 -17 -18 23 22 -21 21 -23 29 -25 25 26 -28 38 -30 30 37 54 -34 34 65 36 -38 -39 43 -41 66 -43 -44 -45 45 46 47 -49 -50 70 62 -53 53 -55 56 -57 -58 -59 59 -61 -62 -63 72 -65 -66 -67 -68 -69 71 -71 -72 -73 -74
leaf_value=-6.8295049111656456e-05 -0.0010935738375718908 0.00072102827340123933 8.5277627574471723e-05 0.00012579605484798045 0.00043975664857109957 0.00021210593109028284 -0.00010267565018809937 0.00016653629194795703 -9.8243354781217657e-05 2.1945656097257955e-05 -0.00014032044403124603 0.00013885604836754424 1.1571270499362912e-05 0.00018078244343875709 0.00019607615010455067 -1.6770900785636092e-05 0.00010118452269141486 -5.1724152354160973e-05 5.2616059527670159e-05 0.0001201053200079137 -7.5068646197928466e-05 2.5201274904102979e-05 -9.2581991587805721e-05 -7.8104681122136472e-05 0.00018090524269416029 -6.9344318826863353e-05 9.4390995614686813e-05 1.8734600730181512e-05 -1.5339771396444114e-05 8.3812537368328007e-05 -5.6387000791454319e-05 -0.00019944394231290056 7.2415285303776376e-05 5.878867295420303e-05 -2.0610124817545189e-05 0.00010403898777583057 -5.114801437715255e-05 4.1742429354179135e-06 -1.8632664642026908e-05 2.6029800070258621e-05 -0.0001452166476793075 4.2129830460723161e-05 0.0001487397702830952 1.2402620508377642e-05 -3.2619333840973333e-05 -0.00010115596941755092 0.00010952518768173018 -4.6991724811105054e-05 -0.00018143116496245216 -8.1434069176314599e-05 -0.00012177510774543624 -0.00012097982339473771 8.1768291523671665e-05 -5.1328430661869251e-05 -2.6273695386175387e-05 -0.00010223325739623624 -0.00012718816355380481 -0.00017131284174069881 -0.0001503732160391486 -1.7631843505807195e-05 -5.2230113854265466e-05 -0.00014214642374631392 -0.00016136320831129048 -3.0205625543494509e-05 -2.1360452906964298e-05 -0.00010160081534344097 -6.4085353572682343e-05 -0.00011056056851395195 -0.00017498935839953413 -0.00013048958007198076 -0.00014811215763970475 -0.00011824940300840242 -0.00010316067390060387
leaf_weight=59 50 64 47 64 46 66 66 48 68 61 64 57 46 57 82 61 57 77 62 71 47 83 47 74 47 55 86 77 72 55 63 59 61 72 46 47 50 83 56 48 50 46 46 65 46 56 50 47 53 53 47 62 55 54 50 65 50 73 63 49 72 52 46 57 49 49 46 49 64 59 49 65 49
leaf_count=59 50 64 47 64 46 66 66 48 68 61 64 57 46 57 82 61 57 77 62 71 47 83 47 74 47 55 86 77 72 55 63 59 61 72 46 47 50 83 56 48 50 46 46 65 46 56 50 47 53 53 47 62 55 54 50 65 50 73 63 49 72 52 46 57 49 49 46 49 64 59 49 65 49
internal_value=-1.62515e-05 -3.29541e-06 -1.45662e-05 -2.096e-05 0.000263299 6.45124e-06 5.37373e-05 -4.92043e-06 2.97368e-05 -8.96747e-06 -1.33207e-05 -9.07259e-06 2.04297e-05 4.76694e-05 5.31363e-05 9.6179e-05 1.53356e-06 2.81195e-05 -2.53829e-05 -6.45717e-08 -1.57883e-05 -5.53459e-05 -5.01815e-05 9.16079e-06 3.37251e-05 6.88122e-05 3.04792e-05 -7.05975e-05 -9.01233e-05 -6.14337e-05 -2.3989e-05 -9.11544e-05 0.00014416 2.39644e-05 -1.04438e-05 -3.11806e-05 2.4316e-05 -5.41963e-05 -5.5936e-05 -4.87086e-05 -6.90066e-05 -2.61882e-05 7.72945e-05 -6.2047e-05 -6.75671e-05 -5.50084e-05 -1.72542e-05 3.39574e-05 -0.000106837 -8.08734e-05 -7.13384e-05 -4.83887e-05 -2.58629e-05 1.59481e-05 -0.000117898 -0.000149661 -7.74635e-05 -0.000134512 -0.000105093 -7.73688e-05 -9.8769e-05 -9.60215e-05 -0.000101634 -7.23258e-05 -6.44532e-05 -6.29874e-05 -0.000107361 -7.35281e-05 -0.000125366 -0.000100195 -0.000114548 -0.000147482 -0.000132673
internal_weight=4287 4237 4173 4080 93 2629 509 2120 443 2072 2008 1944 692 453 375 204 171 396 1252 620 549 275 632 339 265 188 141 1451 192 570 253 317 143 274 167 239 97 198 1020 114 142 93 107 943 878 667 202 97 211 158 465 266 204 109 224 124 100 120 431 184 135 115 199 104 105 95 96 95 247 118 102 129 95
internal_count=4287 4237 4173 4080 93 2629 509 2120 443 2072 2008 1944 692 453 375 204 171 396 1252 620 549 275 632 339 265 188 141 1451 192 570 253 317 143 274 167 239 97 198 1020 114 142 93 107 943 878 667 202 97 211 158 465 266 204 109 224 124 100 120 431 184 135 115 199 104 105 95 96 95 247 118 102 129 95
is_linear=0
shrinkage=0.0243204


Tree=56
num_leaves=74
num_cat=0
split_feature=16 3 58 52 84 69 67 85 4 2 9 80 53 1 20 59 37 51 83 61 23 3 11 11 38 31 49 86 20 73 65 16 13 4 47 53 7 31 45 76 31 51 3 86 78 61 46 26 33 45 6 54 45 57 44 3 4 17 5 54 65 37 4 78 80 17 73 61 45 67 20 59 33
split_gain=0.254948 0.0879342 0.0183163 0.00675975 0.00615312 0.00534255 0.00429147 0.00411669 0.00175539 0.00263771 0.00187901 0.00173988 0.0018666 0.00156965 0.00153122 0.00161732 0.00138833 0.00207174 0.00126222 0.00093527 0.000794461 0.000792175 0.00086313 0.0010309 0.000814047 0.000867096 0.00123113 0.0010997 0.00124962 0.00124087 0.00163746 0.00115312 0.00105873 0.00104177 0.000972363 0.000798922 0.000782079 0.000770367 0.000739298 0.000719001 0.000685295 0.000666764 0.000642119 0.000636324 0.000679925 0.000633762 0.000608092 0.000597984 0.000550603 0.000512002 0.000498344 0.000786889 0.000497061 0.000436924 0.000414206 0.000394125 0.000392312 0.00038188 0.000313429 0.000312533 0.000619341 0.000247661 0.000297928 0.000245662 0.000243893 0.000228853 0.00023478 0.000215024 0.000201772 0.000169411 0.000244718 0.000156847 0.000126603
threshold=1.6869999766349795 -0.064179185308716941 45.745000839233406 101.61108783419401 3.5000000000000004 30.555248275716156 1.075989277445645 2.5000000000000004 -0.021320573408961398 27.345000267028812 -2.412548994829645 3.0691693109659357 0.53497098668720688 94.43500137329103 -0.019916866421571745 1.0000000180025095e-35 47.553750876613783 68.283799685544651 35.716797275815871 -0.033554502831756546 0.13811447903064478 -0.037680328914750393 0.10627273406012631 0.14925361425106348 2.1265083643456637 0.0043170423186708008 0.010375837780081502 -0.0010363224132835596 0.048109764173095752 -0.0093508836573724993 -0.30121049459475907 4.8145000934600839 55.421137840964889 0.010368942371652602 -0.0018178527766648997 0.85703612162141585 -0.00028770243430669996 -0.0031205554630305997 -0.0011536647625520998 0.016658432605898155 -0.00087113934461219994 5.4953784106368184 0.0091368367828797512 0.0019711357534599153 45.319723303912674 0.046532874735296506 0.0054536056135867008 2.9638249695301062 -0.0037104515649748495 -0.0081684948097510476 -0.0016015993967192497 1376.1812500000003 0.00044106632058800004 38.055000305175788 1334.1250000000002 0.0024229672332497002 -0.033810954375362391 -0.034843835562661692 -0.012834219375331348 2741.8187500000008 -0.18484154573197381 13.130747275049659 -0.0050480469464263484 44.812460185023625 2.2304352877825893 0.022095790607777051 -0.012101778704974647 -0.0027201508388465497 0.00092824712081560014 0.41180143073491188 -0.0068787573079955996 -0.025098842302314999 -1.0000000180025095e-35
decision_type=8 10 10 10 2 8 10 2 10 2 10 10 10 2 10 10 8 8 10 10 10 10 10 10 10 10 10 10 10 10 10 10 10 10 10 10 10 10 10 10 10 10 10 10 10 10 10 10 10 10 10 10 10 10 10 10 10 10 10 10 10 10 10 10 10 10 10 10 10 10 10 10 10
left_child=-1 -2 5 4 7 45 8 -4 9 -7 19 12 -9 16 53 20 17 21 -13 -10 56 -12 48 -24 41 27 38 31 29 30 32 35 37 -33 36 47 -31 -29 39 42 50 -25 -27 44 -15 49 58 52 -23 -3 -36 -52 -26 -11 -50 -42 -16 -51 -40 61 67 62 68 -48 -49 66 -60 -61 -59 71 -71 -64 -73
right_child=1 2 3 -5 -6 6 -8 11 10 14 13 18 -14 43 15 -17 -18 -19 -20 -21 -22 22 23 24 25 26 -28 28 -30 34 -32 33 -34 -35 40 -37 -38 -39 46 -41 55 -43 -44 -45 -46 -47 63 64 54 57 51 -53 -54 -55 -56 -57 -58 59 65 60 -62 -63 69 -65 -66 -67 -68 -69 -70 70 -72 72 -74
leaf_value=0.0016305323020623106 -0.001046747132476237 -2.9851380574486363e-05 0.00023348574809179521 0.00040781021144990575 0.00028575092326616765 0.00019800599678766113 0.00021863842438657566 0.00014343542535230974 0.00015996143668855621 3.7217185119126543e-05 6.5723108154750395e-05 -0.00013575633138562684 -2.3375599135318851e-05 -0.00012593580216539027 -3.8054836753639683e-05 8.5047001400563409e-05 -0.00012648193181221383 0.00014195864207830122 2.5951994974339087e-05 7.883480221533187e-06 2.2305635978017439e-05 -8.7169347644434478e-06 8.9603736344748755e-05 -0.00011819364097823258 -9.7147622639588878e-05 6.8726654685728378e-05 6.6742285319910933e-05 0.00015134869064065612 -8.9082831180396373e-05 -1.5587430654852147e-05 0.00016438833872087509 -3.5434613110662114e-05 -3.3944883483418042e-05 0.00010251465962259649 -0.00011244855453280596 6.6467938122280886e-06 0.00011114667490591919 1.8690983293194242e-05 -4.0895501592240156e-05 -7.926650606191573e-05 7.1432350497924727e-05 -4.2486997383544928e-06 -4.7215636418404021e-05 -0.00015918766275653624 -1.7908432324589104e-05 -1.9688615419380447e-05 1.5462576794090716e-05 -0.00016366286407856957 -0.00016316521887463345 -3.1496451761778348e-05 4.5022786748337184e-05 -8.8580916640326531e-05 1.238289367125439e-05 0.00014317258678495158 -6.5404400275196831e-05 -2.2721071461998684e-05 -0.00012849816407554181 -0.00011706726854983597 -0.00015466035234015557 -6.9739515171242394e-05 -5.3443873731963226e-06 -5.7569952468207024e-05 -0.00010233537017812677 -6.293845760278337e-05 -8.6663736271353354e-05 -6.5127005099000176e-05 -8.3533530773745269e-05 -0.00014455060158374819 -5.3510508516299986e-05 -0.00014427644362400918 -7.0185338906181716e-05 -0.00017920980610377813 -0.00012693713816685519
leaf_weight=55 48 81 61 47 85 49 46 84 46 47 59 59 74 59 46 57 71 46 54 49 46 46 49 89 51 68 54 47 64 52 69 78 90 54 65 67 63 57 46 65 46 46 47 59 82 90 46 58 47 53 48 55 46 46 60 59 78 56 84 51 57 51 50 47 49 47 47 46 68 49 64 80 64
leaf_count=55 48 81 61 47 85 49 46 84 46 47 59 59 74 59 46 57 71 46 54 49 46 46 49 89 51 68 54 47 64 52 69 78 90 54 65 67 63 57 46 65 46 46 47 59 82 90 46 58 47 53 48 55 46 46 60 59 78 56 84 51 57 51 50 47 49 47 47 46 68 49 64 80 64
internal_value=-4.96292e-07 -2.18936e-05 -9.99175e-06 0.000133998 0.000102277 -2.78283e-05 -1.19912e-05 5.46178e-05 -1.5791e-05 3.36351e-05 -2.31645e-05 1.36766e-05 6.56304e-05 -2.74057e-05 7.95058e-06 -2.6124e-05 -2.14043e-05 -1.78144e-05 -5.88998e-05 8.2387e-05 -6.36704e-05 -2.14377e-05 -2.40317e-05 -1.94222e-05 -2.24297e-05 -1.77559e-05 -4.26984e-05 -5.43643e-06 1.26702e-05 2.27904e-05 6.34713e-05 -3.75176e-05 2.69462e-05 2.13217e-05 -4.86986e-06 -6.61552e-05 5.41748e-05 7.94796e-05 -5.4696e-05 -1.5214e-05 -2.98474e-05 -7.96764e-05 2.13347e-05 -9.2465e-05 -6.36592e-05 -8.10122e-05 -7.69993e-05 -8.99902e-05 -7.93865e-05 -8.81455e-05 -6.01855e-05 -2.64675e-05 -4.55797e-05 9.05544e-05 -0.000109414 1.8789e-05 -9.54994e-05 -9.49466e-05 -9.86437e-05 -0.000100178 -6.91929e-05 -0.00010992 -0.000115971 -2.43853e-05 -0.000129485 -0.000113265 -0.000129935 -0.000106286 -8.2894e-05 -0.000129031 -0.000103258 -0.000143462 -0.00015697
internal_weight=4319 4264 4216 464 417 3752 2892 332 2846 369 2477 271 158 2382 320 227 2182 2111 113 95 170 2065 2006 1853 1804 1669 551 1118 715 651 263 403 194 132 388 271 115 104 497 180 273 135 115 200 141 860 317 204 153 770 168 103 97 93 107 105 124 689 224 636 154 482 431 93 107 178 131 97 124 307 113 194 144
internal_count=4319 4264 4216 464 417 3752 2892 332 2846 369 2477 271 158 2382 320 227 2182 2111 113 95 170 2065 2006 1853 1804 1669 551 1118 715 651 263 403 194 132 388 271 115 104 497 180 273 135 115 200 141 860 317 204 153 770 168 103 97 93 107 105 124 689 224 636 154 482 431 93 107 178 131 97 124 307 113 194 144
is_linear=0
shrinkage=0.0243204


Tree=57
num_leaves=73
num_cat=0
split_feature=3 27 56 60 56 62 67 36 68 62 12 25 21 49 21 11 40 52 84 17 13 38 17 74 86 33 86 26 24 74 37 77 64 3 48 4 81 33 41 33 17 53 73 64 38 5 46 48 57 21 10 39 67 6 36 3 9 77 79 10 55 17 17 77 63 4 25 68 77 6 63 10
split_gain=0.250968 0.106899 0.0212794 0.00997412 0.00681166 0.00403887 0.0036138 0.00339077 0.00264129 0.00159864 0.00159614 0.00117337 0.00125146 0.00149826 0.00113562 0.000983249 0.00139434 0.00113853 0.00122751 0.00116837 0.0014087 0.00187355 0.00142469 0.0013205 0.00114523 0.00122359 0.00113467 0.00111818 0.00144333 0.00111642 0.000988731 0.000982271 0.000894873 0.000936911 0.000963731 0.000925982 0.00106356 0.000993498 0.000889171 0.000886286 0.000929024 0.000884063 0.00107349 0.000843269 0.000797598 0.000746996 0.000725144 0.000665612 0.000608379 0.000932381 0.00087344 0.00118136 0.000564783 0.000556718 0.000486425 0.000452319 0.000388676 0.000308674 0.000549111 0.000506216 0.000290219 0.000280241 0.000278688 0.000307629 0.000282289 0.000370097 0.000266502 0.000294699 0.00024754 0.000219397 0.000171415 9.53587e-05
threshold=-0.064179185308716941 1.7610489856303182 51.590000152587898 0.039643158112007103 29.884999275207523 0.012004739285580603 1.1027001798396923 53.976117325871598 45.696999835968029 -0.050364738778939745 21.828750038146975 1.1344616832175294 -0.060371899031545447 0.00093001672775955009 -0.035668067492236548 0.7521648420145407 2640.317504882813 48.667119656066326 1.0000000180025095e-35 0.024138377304601406 49.022839461624528 2.0687419503504723 -0.021722349204820999 -0.062709037349393273 -0.0026589118703951712 -0.00087076001289129984 -0.0023376934127090827 2.7524499952793131 0.19421142843935982 0.0034486611944762502 5.2746368752306134 0.0084547475850157011 57.702709794782834 0.017116192343476853 0.0055463822391491014 -0.0010847439130260499 0.47467222667729037 0.011329492601496202 592.12461655874756 -0.0041036307134865993 -0.0089891192683878973 0.81977052827151786 0.044378802227459012 51.769863419892424 14.9766781815713 0.0046813818120557014 0.0029192099219270003 0.0012547151736114002 39.534999847412116 0.025347402697307703 1.9996874025238209 0.63605581230956998 0.68177750937282622 0.00064712381520000016 32.745215049710808 -0.00062944365545559988 1.7775927129180253 -0.024775187737730648 -0.10870846138154804 1.5759452338932245 1133.6729954234631 -0.010435258691581848 -0.020850666991472297 0.0039591344322220008 -0.0047514128410963497 0.005544087156314101 0.879000874866389 39.7940001487732 -0.0051727114289068987 -0.00083066451341909993 -0.0059155551622567986 1.7295201157314548
decision_type=8 8 10 10 8 10 10 10 10 10 10 10 10 10 10 10 8 8 2 10 10 10 10 10 8 10 10 10 10 10 10 10 10 10 10 10 8 10 10 10 10 10 10 8 10 10 10 10 10 10 2 10 8 10 10 10 10 10 10 2 10 10 10 10 8 10 10 8 10 10 10 2
left_child=-1 -2 4 5 54 7 8 -4 10 -10 -6 12 13 -12 -11 16 17 18 38 20 21 -20 55 -24 -19 -26 -25 -23 53 30 46 -27 33 35 66 36 -17 48 60 -30 -41 42 45 -18 -40 -16 -28 -21 49 50 51 -37 -31 -29 -3 68 57 58 61 -60 -14 -56 71 70 65 -65 67 -35 -22 -66 -64 -59
right_child=1 2 3 -5 6 -7 -8 -9 9 14 11 -13 15 -15 41 32 43 24 19 47 22 27 23 26 25 31 29 28 39 52 -32 -33 -34 34 -36 37 -38 -39 44 40 -42 -43 -44 -45 -46 -47 -48 -49 -50 -51 -52 -53 -54 -55 56 -57 -58 62 59 -61 -62 -63 63 64 69 -67 -68 -69 -70 -71 -72 -73
leaf_value=0.0016478731335349652 -0.001175397379587974 -1.7906044859816837e-05 5.9296610090583355e-05 0.00042687772927821967 9.9663386917102291e-05 -2.6397914687801783e-05 0.00019871911174060373 0.00031405824546482396 -7.4043661162209327e-05 0.00018614890122613768 0.00012996730123502795 9.3893687845632751e-05 -0.0001639856349545791 -4.841312195569878e-05 -7.2476795453206059e-05 -4.0401289454195938e-05 -4.5447151450043635e-05 -5.3307679234262175e-05 -8.5051828091129531e-05 -0.00011293069513085903 -9.0080839263144487e-05 0.00017409575432309328 -0.00010513666254141708 0.0001071658634927843 -1.4544846338322109e-05 0.00020942942763251251 2.6114702796597287e-05 -7.1700989370795286e-05 0.00017891912801344163 -4.083645656208303e-06 -3.6538702897001191e-05 5.0698187324812097e-05 5.4525200268904342e-05 -9.4559301375797948e-05 7.6096712513724408e-07 -2.8265112520610703e-05 0.00011313982549259717 -0.000140710538553724 2.231229249648961e-05 0.00012658203973724109 -1.2309356739187068e-05 0.00013139904869626811 0.00012354013316732382 -0.00017493100206696552 -8.6546583950195227e-05 4.9019799424209636e-05 0.00016265382112853752 -1.5229581109667956e-05 -0.00011331084512692523 -9.5650287148794943e-05 -7.0055759666628057e-05 0.00010419571203251807 -9.6598416356220442e-05 3.9417611793529037e-05 -0.00015358834857263332 -0.00014344006467250031 -2.2683708829605335e-05 -9.0748071448943461e-05 2.9042825994085261e-05 -7.4004109283486806e-05 -7.7173961259416359e-05 -7.7532036307334041e-05 -0.00017154502538541463 -1.5155721114835742e-05 -8.2560487042905771e-05 -0.00011009775300790745 -7.3102180348828664e-05 -0.00017524936424816124 -1.31426211704318e-05 -0.00014351350204043102 -0.00011372752536204008 -3.9927055864806127e-05
leaf_weight=53 46 61 60 78 66 83 49 64 47 47 66 51 50 47 61 61 84 51 58 85 51 46 57 70 52 47 46 61 47 87 52 46 46 49 46 87 46 65 83 53 60 64 46 46 75 57 46 80 53 80 71 72 70 46 46 50 49 46 47 68 47 86 71 48 67 49 47 73 48 88 72 46
leaf_count=53 46 61 60 78 66 83 49 64 47 47 66 51 50 47 61 61 84 51 58 85 51 46 57 70 52 47 46 61 47 87 52 46 46 49 46 87 46 65 83 53 60 64 46 46 75 57 46 80 53 80 71 72 70 46 46 50 49 46 47 68 47 86 71 48 67 49 47 73 48 88 72 46
internal_value=-4.8356e-07 -2.13255e-05 -8.48325e-06 0.000194089 -2.31986e-05 0.000104816 -6.46833e-06 0.000192184 -9.83486e-06 5.59285e-05 -1.76373e-05 -2.05893e-05 -2.28662e-05 5.59805e-05 7.83241e-05 -2.64648e-05 -1.59724e-05 -9.58268e-06 -1.74437e-05 -6.39315e-06 4.02311e-06 4.09388e-05 -1.97396e-05 2.85356e-06 4.50986e-05 7.98388e-05 1.96741e-05 6.44753e-05 4.50348e-05 -9.4317e-07 4.77964e-05 0.000132236 -4.87473e-05 -5.51436e-05 -9.79566e-05 -3.77933e-05 2.60135e-05 -5.37696e-05 -6.54695e-05 9.10735e-05 5.33389e-05 5.54117e-05 2.51656e-05 -9.22098e-05 -2.95639e-05 -1.3857e-05 9.53605e-05 -6.59251e-05 -3.78719e-05 -2.4664e-05 3.1494e-07 3.19741e-05 -4.56717e-05 -2.39951e-05 -8.43926e-05 -8.42509e-05 -8.95431e-05 -9.397e-05 -7.12385e-05 -3.19882e-05 -0.00012309 -0.000104953 -0.000105336 -0.000114311 -9.73314e-05 -6.37294e-05 -0.000124686 -0.000143831 -5.32672e-05 -0.000117837 -0.000143385 -6.60166e-05
internal_weight=4319 4266 4220 285 3935 207 3091 124 3042 322 2720 2654 2603 113 275 2490 1694 1564 1368 1113 948 371 577 428 196 145 371 313 267 301 144 93 796 750 215 535 107 428 255 160 113 228 164 130 158 118 92 165 363 310 230 159 157 107 844 149 783 734 247 115 97 132 487 395 252 97 169 122 99 155 143 92
internal_count=4319 4266 4220 285 3935 207 3091 124 3042 322 2720 2654 2603 113 275 2490 1694 1564 1368 1113 948 371 577 428 196 145 371 313 267 301 144 93 796 750 215 535 107 428 255 160 113 228 164 130 158 118 92 165 363 310 230 159 157 107 844 149 783 734 247 115 97 132 487 395 252 97 169 122 99 155 143 92
is_linear=0
shrinkage=0.0243204


Tree=58
num_leaves=69
num_cat=0
split_feature=65 58 84 56 67 60 62 68 12 26 66 37 51 49 85 68 62 68 4 6 19 73 3 63 70 40 82 18 31 8 20 31 65 74 72 51 38 18 72 52 74 7 62 86 38 8 72 26 8 4 35 33 72 3 57 40 9 3 57 4 37 5 49 40 74 9 77 66
split_gain=0.0294162 0.0102701 0.00995484 0.00509601 0.00381719 0.00375689 0.00420135 0.00505542 0.00248843 0.00232441 0.0021536 0.00193341 0.00178151 0.00176327 0.00156749 0.00138272 0.00153804 0.00165735 0.00122817 0.00107945 0.0012365 0.00106957 0.00135441 0.0010294 0.00130174 0.000949724 0.00177162 0.000904117 0.00117121 0.00157886 0.00108086 0.000890909 0.000886497 0.000851292 0.000812932 0.000811312 0.00076483 0.000752889 0.000729219 0.000696992 0.000665109 0.000648149 0.000619799 0.000534321 0.000534021 0.00050494 0.000502739 0.000485522 0.000561324 0.000470977 0.000470365 0.000592071 0.000452258 0.000432745 0.000729544 0.000729129 0.000530123 0.000362584 0.00035156 0.000293295 0.000249753 0.000228506 0.000196428 0.000380475 0.00024307 0.000297472 0.000170015 8.77141e-05
threshold=6.0644765135005203 45.745000839233406 3.5000000000000004 30.295000076293949 1.1027001798396923 -0.0061405632112657487 -0.031864006086445996 52.995250511169438 57.806000041961674 6.3639499902725225 4.979237462790584 12.570295126472731 -28.409966581384079 -0.00070352671196804984 8.5000000000000018 35.898499822616586 -0.017555366353312646 36.739000225067151 -0.0083375598219417989 -0.012834219375331348 -0.015548293861033149 -0.066583532861141145 0.008085122112813101 -0.011252436617198347 17.865000724792484 1501.4549835205082 16.939249920845036 -0.023534805453744496 0.0072058131696250511 52.736565248631372 0.017875118703644603 -0.0011577679201805497 -0.068974154020482445 0.013738672775428801 22.775000572204593 4.3070952053949449 2.6501882713626297 -0.021818251892648098 14.654999732971193 22.581704603048632 0.055010568079163553 0.010608637346906402 0.016957751560730806 0.00032358253897400642 5.6564525734537687 57.478915690585225 16.505000114440922 2.7076499879360205 51.510485974810045 0.0069242552459344011 -0.0040048319641313992 0.0014337185552163003 17.525000572204593 0.0038431694814464006 29.535000801086429 1305.1774963378909 0.23826785474081721 -0.0054857830040531989 34.199998855590827 -0.0099244070556178485 -1.8642985869256561 0.00064712381520000016 -0.0021623776887850494 1287.8950012207033 0.010059875986406952 1.185862861499942 -0.0235266056690677 1.5441519106988599
decision_type=10 10 2 8 10 10 10 10 8 8 8 10 10 10 2 10 10 10 10 10 10 10 10 10 8 10 10 10 10 10 8 10 10 10 10 10 10 10 10 10 10 10 10 10 10 10 10 10 10 10 10 10 10 10 10 8 10 10 10 10 10 10 10 10 10 10 10 10
left_child=1 3 5 39 8 11 -7 13 9 12 15 14 -5 -8 -3 25 34 -18 -19 -11 -21 22 -14 24 37 26 -10 30 31 -30 33 35 41 -23 52 57 -33 -12 -27 40 59 -20 43 -40 -39 -25 58 -37 -49 -48 -28 -52 -17 54 55 -41 -55 -29 -38 -1 -46 -62 63 -61 65 66 -64 -68
right_child=-2 2 -4 4 -6 6 7 -9 10 19 23 -13 21 -15 -16 16 17 18 32 20 -22 27 -24 45 -26 38 50 28 29 -31 -32 36 -34 -35 -36 47 46 44 42 53 -42 -43 -44 -45 60 -47 49 48 -50 -51 51 -53 -54 56 -56 -57 -58 -59 -60 62 61 -63 64 -65 -66 -67 67 -69
leaf_value=-6.1716354736957179e-05 0.0005735469925764315 7.4825041447425993e-05 0.00031918097584384818 0.00013455393830940726 0.00018870632990881402 -8.9410285973858214e-05 0.00017960618135285132 0.00034087221383729844 0.00011442706960387795 0.00017677063808462651 -0.00014546304761239588 -0.00015694804739474033 -1.9639649170571065e-05 -1.4564119088671987e-05 -9.6181129493399977e-05 -2.4546071228884395e-05 0.00017200475186721623 0.00010208169937831688 -0.00010209428805268121 0.0001370915189061947 -1.4176448099392809e-05 -6.2167226388607435e-05 0.00014591668755497593 -0.00019759383228739851 3.1139723572339477e-05 -0.00014727350361019097 2.5728219020561058e-05 -1.1449358204552676e-05 0.00011185728363096222 -4.3616336490003894e-05 0.00010772419943666013 -0.00014154631469142541 6.0951123389396383e-05 6.7162771117477684e-05 3.6417747477256192e-05 -3.9020401783380664e-05 -3.8638196641488078e-05 -1.021893946403515e-05 2.1516620762878043e-05 8.6790682074763668e-05 -2.9625894569722093e-05 1.3693641557680244e-05 -0.00010477955351937818 -6.8903748779940166e-05 -3.695078180625239e-05 -8.5281382331002861e-05 -5.9450406238327979e-05 -1.222131668841404e-05 0.00010131834907863023 4.3439534650224174e-05 -1.3570125446341407e-05 -0.00011044629917183698 -0.0001190929675988268 -0.00013401716957535802 -8.825943174870082e-05 -3.6430759423016648e-05 -4.0432848028768561e-05 -9.6053926692294485e-05 -0.00012342289304211065 -2.9044099805076182e-05 -0.00013438596938474982 -6.6359515339035056e-05 -9.2781376756447402e-05 -0.00012155694626556319 -0.00015845513701882361 -5.8941362574691723e-05 -0.00011726729723664652 -0.00017107166682438625
leaf_weight=84 50 83 90 51 54 50 46 60 54 56 80 58 62 67 50 54 51 76 67 54 76 80 54 54 75 60 46 50 70 84 64 79 60 47 52 53 52 86 78 46 83 49 85 75 49 46 59 46 57 46 74 75 68 62 66 71 86 75 68 46 65 59 68 63 87 57 48 50
leaf_count=84 50 83 90 51 54 50 46 60 54 56 80 58 62 67 50 54 51 76 67 54 76 80 54 54 75 60 46 50 70 84 64 79 60 47 52 53 52 86 78 46 83 49 85 75 49 46 59 46 57 46 74 75 68 62 66 71 86 75 68 46 65 59 68 63 87 57 48 50
internal_value=-7.38972e-06 -1.42768e-05 8.87648e-05 -2.79913e-05 -1.20575e-05 3.80551e-05 0.000105662 0.000162227 -1.59632e-05 9.0427e-06 -3.68165e-05 -4.10061e-05 -4.46142e-06 6.53097e-05 1.03033e-05 -1.6396e-05 1.38543e-05 4.68981e-05 2.10234e-05 8.83105e-05 4.919e-05 -1.13564e-05 5.79815e-05 -7.73913e-05 -6.02209e-05 -4.27551e-05 -7.63665e-06 -2.00565e-05 -3.22419e-05 2.73001e-05 2.70113e-05 -4.79367e-05 -1.43342e-05 -1.41539e-05 -4.3624e-05 -1.66276e-05 -7.67317e-05 -8.04668e-05 -7.19782e-05 -7.78818e-05 -9.38429e-05 -5.34621e-05 -5.24814e-05 -2.29527e-05 -5.99283e-05 -0.00014723 -5.34702e-05 2.03286e-05 5.09543e-05 -1.43804e-05 -4.18352e-05 -6.2731e-05 -7.77658e-05 -4.94336e-05 -2.42205e-05 1.23164e-05 -8.0249e-05 -6.25618e-05 -8.72836e-05 -0.000104362 -8.44427e-05 -0.000102778 -0.000112749 -8.31126e-05 -0.000122881 -0.000108384 -0.000124923 -0.000146109
internal_weight=4346 4296 504 3792 2875 414 223 173 2821 1283 1538 191 1097 113 133 1024 477 303 252 186 130 1046 116 514 414 547 249 930 739 154 191 585 176 127 174 281 304 339 298 917 586 116 238 153 259 100 225 156 103 105 195 149 122 331 183 117 148 125 120 503 173 124 419 109 310 223 166 98
internal_count=4346 4296 504 3792 2875 414 223 173 2821 1283 1538 191 1097 113 133 1024 477 303 252 186 130 1046 116 514 414 547 249 930 739 154 191 585 176 127 174 281 304 339 298 917 586 116 238 153 259 100 225 156 103 105 195 149 122 331 183 117 148 125 120 503 173 124 419 109 310 223 166 98
is_linear=0
shrinkage=0.0243204


Tree=59
num_leaves=72
num_cat=0
split_feature=65 56 84 56 60 62 37 11 12 59 20 57 4 26 11 40 81 74 74 56 62 5 57 7 18 68 18 74 18 46 78 10 74 77 40 11 25 35 39 13 50 57 17 18 18 4 10 21 18 81 83 40 67 25 6 14 19 39 36 21 3 9 48 10 8 9 65 45 78 72 81
split_gain=0.0280286 0.00976201 0.00881782 0.00497394 0.00385703 0.00402288 0.00532998 0.00260209 0.00201666 0.00201321 0.00194715 0.00180356 0.00195623 0.00177741 0.00167786 0.00242872 0.00162287 0.00155122 0.00163236 0.00141912 0.00181697 0.00149133 0.00152758 0.00139172 0.00103914 0.000932708 0.00102307 0.00143783 0.000996971 0.00108378 0.00110108 0.000928103 0.000851552 0.000838666 0.000831544 0.000788161 0.000751788 0.000751545 0.000696156 0.000679237 0.000689622 0.000779825 0.000636251 0.000636092 0.000590029 0.000581626 0.000691785 0.000785847 0.00070224 0.000581501 0.000552506 0.000504881 0.000502521 0.000380982 0.000361294 0.000373884 0.000341623 0.000338069 0.000409399 0.000484641 0.000428016 0.000349327 0.000284875 0.00026181 0.000200143 0.000191338 0.000257007 0.000173314 0.00016071 0.000193111 0.000143347
threshold=6.0644765135005203 47.864999771118171 3.5000000000000004 30.295000076293949 -0.0061405632112657487 -0.024523817244193499 9.1487003248014407 -0.1385695996429637 57.806000041961674 -0.052963173948454491 -0.0046444243212711992 65.024997711181655 0.018206269128771855 6.3639499902725225 0.67654102909320046 2652.0775024414065 0.39232284011798552 0.048105802839087455 0.027420337825334252 34.555000305175788 -0.028331756078341746 -0.011846328274254398 39.534999847412116 -0.00028770243430669996 0.012547346094698401 43.927000331878666 -0.023534805453744496 0.013738672775428801 -0.018357510411585499 0.009777858061787402 59.950766444440902 1.0589109486882158 -0.064064105272059191 -0.019990929266817597 1412.01999206543 0.78034971194449965 0.96404756940499814 0.00051633551438085002 0.48006510527747098 94.284131328737843 47.886038423531573 29.064999580383304 0.023176912486555002 -0.015921002164258846 0.0021077057207997507 0.014744448784389503 0.87036517220635601 0.019607835716819653 -0.0015729687634743496 0.64461317644946525 18.215557354393436 629.69000091552755 0.3941240243269567 0.56203332371130121 -0.0085142664744102484 7.112999916076661 -0.006482037411338749 0.081113367195363467 53.46776254431542 0.013493403859649202 0.008085122112813101 1.1632143270698914 0.0011806638760066502 1.8521770217787366 58.50084522161572 -0.28710144035525426 -0.27833292540380222 0.0026948184886293508 44.876596461400119 13.57499980926514 0.21854678160013669
decision_type=10 10 2 8 10 10 10 10 10 10 10 10 10 8 10 10 10 10 10 10 10 10 10 10 10 10 10 10 10 10 10 2 10 10 10 10 10 10 10 10 10 10 10 8 10 10 2 10 10 10 10 10 10 10 10 10 10 10 10 10 10 10 10 2 10 10 8 10 10 10 10
left_child=1 3 4 39 11 -6 10 -5 13 33 -7 12 -3 25 15 17 50 18 19 34 -21 -22 -23 -18 43 26 27 31 -28 30 36 -9 -31 38 -11 -27 42 -19 -10 40 41 -1 45 -15 54 46 -30 48 -48 -25 -16 -46 -17 -52 -35 -56 -50 -42 61 60 -60 64 -47 68 65 -59 -67 -65 -41 -70 -55
right_child=-2 2 -4 7 5 6 -8 8 9 14 -12 -13 -14 24 16 52 23 37 -20 20 21 22 -24 49 -26 35 28 -29 29 32 -32 -33 -34 44 -36 -37 -38 -39 -40 63 57 -43 -44 -45 51 62 47 -49 56 -51 53 -53 -54 70 55 -57 -58 58 59 -61 -62 -63 -64 67 -66 66 -68 -69 69 -71 -72
leaf_value=5.641488572414355e-05 0.00055985851360332382 8.4687259551706012e-05 0.00030787913128367468 0.00016473115700025258 -5.495839687855797e-05 0.00018816921269220325 0.00039401100747543454 -9.6680350291459619e-05 -9.207928359421751e-05 3.2144501710215476e-05 -3.0477753271217971e-05 -0.00017232438137441532 -0.00011059052032654789 9.2723821350033857e-05 -3.8004297180921992e-05 -4.1981199445234311e-05 7.6608565283995254e-05 -0.0001049772866325074 0.00017401947445789024 -5.0341208223927864e-05 9.4056238210268028e-06 0.00024377961287703345 7.5702986010059206e-05 2.0288308905358339e-06 0.00015593738914712973 0.00012805570462202158 -0.00011667486425933166 0.00011767758221163068 6.3269007987090136e-05 -7.7224335181781478e-06 6.2329010154336226e-05 4.0233841922760972e-05 0.00012380137636043491 -8.2157868291492776e-05 -7.7985617744902208e-05 -2.1397750220289461e-06 3.5073823162413295e-05 1.2353434121097536e-05 1.5233904442246348e-05 -0.0001622070568526759 -1.0932410248658644e-05 -7.3241799938437795e-05 -0.00011460426408010895 -1.9533942011168324e-05 -2.4727883757647659e-05 -4.2004427555911953e-05 2.7627884340813696e-06 4.3417336166906162e-05 -5.2212289205938671e-05 -0.00010173147618758228 -7.8114025904676819e-05 -0.00011991439381181156 -0.00014722004292380534 -0.00011710943810912957 -0.00021571576018957367 -0.0001130513585135137 -0.00013763064340127323 -0.00012868411464556927 1.6137472191777081e-05 -0.00010551756771187308 -7.2756942701423724e-05 -5.2565046838763691e-05 -0.00011891422792354334 -4.8080907890133644e-05 -0.00015606502188240116 -0.00011484284068421281 -3.3394073387665905e-05 -0.00011219633849176417 -7.3869974853393451e-05 -0.00014084469658984849 -0.00018460614271451471
leaf_weight=56 50 72 89 48 60 46 46 48 61 76 49 47 51 57 73 52 80 66 52 61 70 56 76 61 65 55 61 80 49 63 70 72 53 50 85 54 69 62 84 57 47 52 76 61 78 55 65 55 55 66 80 57 57 46 46 46 59 74 71 64 57 79 62 59 52 46 47 46 55 55 46
leaf_count=56 50 72 89 48 60 46 46 48 61 76 49 47 51 57 73 52 80 66 52 61 70 56 76 61 65 55 61 80 49 63 70 72 53 50 85 54 69 62 84 57 47 52 76 61 78 55 65 55 55 66 80 57 57 46 46 46 59 74 71 64 57 79 62 59 52 46 47 46 55 55 46
internal_value=-7.21094e-06 -1.39336e-05 9.18202e-05 -2.66351e-05 3.93319e-05 0.00011122 0.000181835 -1.11026e-05 -1.40963e-05 -3.24227e-05 7.61993e-05 -4.58051e-05 3.48335e-06 8.56136e-06 -1.59072e-05 7.33599e-06 -5.25124e-05 2.64385e-05 4.66394e-05 3.06604e-05 6.53855e-05 0.00010041 0.000148249 -2.31728e-06 7.85402e-05 -3.1269e-06 -1.05675e-05 3.84602e-05 -2.29807e-05 -1.50194e-05 -2.78899e-05 -1.48535e-05 5.28803e-05 -7.78759e-05 -2.61093e-05 6.4086e-05 -3.95679e-05 -4.84659e-05 -3.0211e-05 -7.60145e-05 -6.22476e-05 -6.09802e-06 -5.04382e-05 3.49921e-05 -0.000102635 -3.80012e-05 -1.90129e-05 -3.64333e-05 -6.10736e-05 -5.22418e-05 -9.47452e-05 -6.54826e-05 -9.78207e-05 -0.00011848 -0.000137278 -0.000166076 -9.72015e-05 -7.35077e-05 -7.9475e-05 -5.13536e-05 -2.36856e-05 -9.73693e-05 -8.33985e-05 -0.000108326 -0.00011323 -9.90779e-05 -7.44457e-05 -7.69338e-05 -0.000127511 -0.000108286 -0.000152412
internal_weight=4346 4296 460 3836 371 201 141 2919 2871 1587 95 170 123 1284 1165 713 452 604 476 424 263 202 132 207 183 1101 992 200 792 731 615 120 116 422 161 109 545 128 145 917 645 108 476 118 277 400 283 234 179 127 245 135 109 172 142 92 114 537 490 192 128 298 117 272 219 167 93 105 167 110 92
internal_count=4346 4296 460 3836 371 201 141 2919 2871 1587 95 170 123 1284 1165 713 452 604 476 424 263 202 132 207 183 1101 992 200 792 731 615 120 116 422 161 109 545 128 145 917 645 108 476 118 277 400 283 234 179 127 245 135 109 172 142 92 114 537 490 192 128 298 117 272 219 167 93 105 167 110 92
is_linear=0
shrinkage=0.0243204


Tree=60
num_leaves=73
num_cat=0
split_feature=65 58 47 57 11 38 13 43 59 45 84 47 25 20 12 75 64 75 77 78 3 50 38 33 17 22 53 37 77 9 86 51 38 77 47 25 15 11 11 59 53 50 81 78 74 58 21 38 76 48 21 73 63 3 21 3 3 23 33 73 67 64 82 3 36 24 73 37 31 19 37 17
split_gain=0.060183 0.0102595 0.00499992 0.004343 0.00370626 0.00298971 0.00342344 0.00509345 0.00384748 0.00264589 0.00230229 0.00213357 0.00201124 0.00184746 0.00181566 0.00203869 0.00166645 0.00162221 0.00118029 0.00166802 0.00108347 0.00108037 0.00107794 0.000999522 0.00167643 0.00107085 0.000922354 0.00136138 0.000905826 0.00143834 0.00130968 0.00115772 0.00084741 0.000800394 0.000810699 0.000925088 0.000711813 0.000864782 0.000667046 0.000663698 0.000661317 0.000678733 0.000649038 0.000597709 0.000928575 0.000552815 0.000536805 0.000516791 0.000503606 0.000682755 0.000748321 0.000663469 0.000464907 0.000495114 0.000428649 0.000423186 0.000776125 0.000466427 0.000420254 0.000381108 0.000333075 0.000317647 0.000281693 0.000275154 0.000250431 0.000353152 0.000258734 0.000202217 0.00019338 0.000178615 0.000138682 8.71548e-05
threshold=6.0644765135005203 41.135000228881843 -0.026840037294844396 32.98500061035157 -0.1385695996429637 27.745511936928285 48.339550416517817 1904.3750000000002 0.023193815086978153 -0.013179028423302949 1.5000000000000002 0.00076519490722135009 1.1344616832175294 1.0000000180025095e-35 26.230250024795538 -0.0083108400172759982 55.5685176337172 0.030133906789223303 -0.021039760101881296 54.443064140221928 0.006900392678325251 54.594401130556115 26.182913407580706 -0.014216810472458699 -0.0042725547076476493 72.782073831579837 0.32236345244590087 4.8640410648325778 -0.022163031410329045 -1.533276282291421 0.0014228455490169786 -5.3554913126951638 12.108979441550686 -0.0025755290954217994 -0.0065372434984282994 0.39968331343533808 7.2744998931884775 0.43432700502885646 0.72581549584522687 -0.026036210872132495 0.51394241431988064 61.554896106113311 0.23181089304334249 44.731128994733957 -0.0083108400172759982 22.220000267028812 -0.0077481565004838488 11.943693737668269 -0.036055608494643593 0.0013340685426517502 1.0000000180025095e-35 -0.037462627210127449 -0.01343011479012095 -0.0067815038750264492 -0.011282459774144498 0.0033264958878376507 -0.0014485739532171997 0.042733375573714656 0.0033813297781116005 -0.019529811579562746 0.50458252026183714 54.135446050999171 17.648000049591065 0.0082560769092481032 53.224130248526485 0.17908200905473134 -0.0068608399114687491 12.396120310591245 -0.0015664027229446 -0.0049745168740397989 -3.671979539465354 -0.0027068756349469497
decision_type=10 10 10 8 10 10 10 10 10 10 2 10 10 10 10 10 10 10 8 10 10 10 10 10 10 10 10 10 8 10 10 10 10 10 10 10 10 10 10 8 10 10 10 8 10 10 10 10 10 10 10 10 10 10 10 10 10 10 10 10 8 8 10 10 8 10 10 10 10 10 10 10
left_child=1 3 -3 26 -5 6 7 -4 21 18 16 17 14 -13 15 -11 20 -12 -6 -20 -8 -9 23 24 -16 28 27 47 30 -30 31 -25 -21 40 35 -35 37 46 45 -36 -31 -42 -32 67 -45 68 -33 -1 58 51 -51 -50 53 -53 -39 56 57 60 71 -56 -47 64 -44 -57 69 66 -66 -24 -28 -40 -71 -41
right_child=-2 2 5 4 9 -7 10 8 -10 12 11 13 -14 -15 22 -17 -18 -19 19 32 -22 -23 43 25 -26 -27 38 -29 29 33 42 36 -34 34 39 -37 -38 54 61 48 41 -43 62 44 -46 55 -48 -49 49 50 -52 52 -54 -55 59 63 -58 -59 -60 -61 -62 -63 -64 -65 65 -67 -68 -69 -70 70 -72 -73
leaf_value=-4.5940966976918726e-06 0.00082280310070311814 0.0003012000327292599 0.00034569381892914357 0.0002018167560680085 -1.7722121074832483e-05 -7.8852781167378365e-05 7.7104378523417308e-05 8.5449022720843735e-05 0.00024408351430908471 -2.9630914686264863e-05 0.00022820514710921 -0.00010145912321424629 0.00013024977072965737 8.6339861360025652e-05 -5.2694074982278267e-05 0.00019197864691213989 -0.00014818813308960205 5.5902606935152724e-05 0.00022663260094913808 -2.1693004321606424e-05 -7.6260958525735379e-05 -5.1411351696350997e-05 -0.00016635259842042005 0.00010247092638489382 0.00012450146911454572 7.7676244243778014e-05 -6.7241167119965397e-05 6.9982690097889107e-05 4.5294045114839589e-05 -0.00016224566022537238 2.4454573441851136e-08 -2.3901890799004663e-05 0.00012175031230055086 8.5318283049475933e-05 1.5399657622012262e-05 -4.3293209729428554e-05 7.2952924375228626e-05 6.1122238492800826e-06 -9.9015978090230891e-05 -0.00010641619619091575 -2.054875160002466e-05 -0.00011776560223664297 -0.00013018446522247918 3.7035309282033029e-05 -0.00010816103982835228 -4.1548415232252271e-05 9.0295527989437546e-05 -0.0001081232646491759 -0.00014023425732405241 -6.9573476057331894e-05 5.6490498457726324e-05 -1.249911107749185e-05 1.007510877296276e-05 -0.00011232944328731304 -3.7564624476938572e-05 -0.00012721052918023053 5.5497321843568053e-05 1.4143463989471829e-05 -5.0197770049803376e-05 -0.00012786131225984082 -0.00011848828136653842 -4.5123528429357747e-05 -5.4932550621550872e-05 -5.3424638943928577e-05 -2.6422429371523313e-05 -0.00013993495223791117 -9.9472964341987732e-05 -9.0738452531611275e-05 -0.00012964092283884377 -0.00018386473614261681 -0.00011967346032733118 -0.00016060704582900067
leaf_weight=47 51 50 55 47 64 90 64 61 59 51 64 56 49 67 59 46 57 66 46 49 46 75 46 74 66 52 55 65 90 63 66 46 47 56 68 78 57 46 65 46 85 85 63 46 58 89 50 72 62 49 62 48 56 76 58 47 53 51 58 54 54 51 59 87 56 56 60 47 74 52 48 46
leaf_count=47 51 50 55 47 64 90 64 61 59 51 64 56 49 67 59 46 57 66 46 49 46 75 46 74 66 52 55 65 90 63 66 46 47 56 68 78 57 46 65 46 85 85 63 46 58 89 50 72 62 49 62 48 56 76 58 47 53 51 58 54 54 51 59 87 56 56 60 47 74 52 48 46
internal_value=2.55072e-08 -9.99181e-06 6.78637e-05 -2.82531e-05 -9.83712e-06 5.2154e-05 6.98402e-05 0.000140924 8.17654e-05 -1.41932e-05 2.73035e-05 7.34574e-05 -2.22838e-05 7.07676e-07 -2.59496e-05 7.62963e-05 -4.26327e-05 0.000141777 6.88236e-05 0.000107695 1.28572e-05 1.01347e-05 -3.10061e-05 -2.49955e-05 4.10912e-05 -3.00143e-05 -6.86144e-05 -1.88838e-05 -3.35567e-05 -4.72053e-05 -9.0309e-06 1.66675e-05 4.90301e-05 -5.61184e-05 -4.30985e-05 1.06703e-05 -3.99589e-06 -2.14755e-05 -7.87723e-05 -5.57152e-05 -9.51738e-05 -6.95476e-05 -6.1482e-05 -8.48685e-05 -4.41768e-05 -6.02798e-05 3.58684e-05 -6.76023e-05 -6.53419e-05 -4.9244e-05 7.13749e-07 -7.20755e-05 -4.79795e-05 -7.40825e-05 -5.63295e-05 -4.53438e-05 -2.62896e-05 -4.88001e-05 -0.00010267 -8.18192e-05 -7.12003e-05 -0.00010287 -9.45065e-05 -8.00261e-05 -0.000111455 -8.98472e-05 -6.47172e-05 -0.000129455 -0.000103731 -0.000133329 -0.00015448 -0.000134888
internal_weight=4317 4266 810 3456 2374 760 670 250 195 2327 420 253 2121 123 2072 97 167 130 206 142 110 136 1975 1778 125 1653 1082 184 1601 1028 573 385 96 938 705 134 311 254 898 571 233 170 188 197 104 510 96 119 503 353 111 242 180 124 158 381 247 194 150 112 143 388 122 134 337 172 116 93 129 165 100 92
internal_count=4317 4266 810 3456 2374 760 670 250 195 2327 420 253 2121 123 2072 97 167 130 206 142 110 136 1975 1778 125 1653 1082 184 1601 1028 573 385 96 938 705 134 311 254 898 571 233 170 188 197 104 510 96 119 503 353 111 242 180 124 158 381 247 194 150 112 143 388 122 134 337 172 116 93 129 165 100 92
is_linear=0
shrinkage=0.0243204


Tree=61
num_leaves=71
num_cat=0
split_feature=10 70 62 3 57 11 25 58 12 19 75 19 66 32 35 11 60 86 32 34 31 75 74 51 34 17 58 33 79 28 53 37 69 38 12 35 81 43 53 77 81 31 11 79 23 50 83 30 73 49 79 32 58 38 10 46 76 74 62 8 6 3 37 31 49 61 63 31 42 30
split_gain=0.0463206 0.011543 0.0102896 0.00713931 0.00563288 0.00368037 0.0021162 0.00183608 0.00249171 0.00225762 0.00194016 0.00183739 0.00270124 0.00142366 0.00205311 0.00158575 0.00150547 0.00159882 0.00142887 0.00129378 0.00127411 0.00115838 0.00109637 0.0013124 0.00179408 0.00106379 0.00136617 0.00102235 0.000950216 0.000888545 0.000878792 0.00129687 0.000866225 0.000845069 0.000806952 0.000818161 0.000791171 0.00102139 0.000818381 0.000865247 0.0006765 0.000670374 0.000637816 0.000634749 0.000595083 0.000571465 0.000569166 0.000621763 0.000559107 0.000688292 0.000532502 0.000594429 0.000495031 0.000492267 0.000488874 0.000476102 0.000473677 0.000422504 0.000410557 0.000424583 0.000455646 0.000416135 0.000395983 0.000310477 0.000290029 0.000256614 0.000315799 0.000216796 0.000197944 0.000164553
threshold=6.0167467177898208 37.979999542236335 0.011101585685393251 0.054035114571461755 32.98500061035157 -0.1385695996429637 1.1595755953252793 38.514999389648445 26.230250024795538 0.05795383352022395 -0.0083108400172759982 -0.032441282179520095 4.2850578156599211 -0.0047626227182383492 -0.0053244797770717498 0.67228898865400988 0.0058062198827937015 -0.0038268483710324048 -0.010461628657761247 -0.0024204495012111996 -0.0021669915555803995 -0.012810650876333299 -0.078986084251959285 -5.0972448788687634 0.0068923272092246005 -0.0042725547076476493 31.23499965667725 -0.00054492947934219993 1.368227397447263 324.05000305175787 0.32236345244590087 4.8640410648325778 36.724769425364286 27.282064957298143 60.799249935150151 -0.0039017364501086498 0.24734936786315659 1402.6250000000002 0.47216110191700927 -0.036725156770032144 0.14059757703952663 -0.0010034637753151498 0.75893772665111292 0.47948322052501707 -0.066345250569340888 46.304301338312108 12.806030736110396 1754.9500122070315 -0.0057000464077544494 0.0011301031444613501 -0.3823023212588969 0.00051633551438085002 22.220000267028812 11.943693737668269 2.5461368304247265 0.010156580819963802 0.0034486611944762502 -0.0056557126280789493 0.0061579170157993511 53.764837050101612 0.0020392415995653004 0.0028042620300163007 -5.6473185250792985 -0.00022873887231109999 0.00076519490722135009 0.0066178054297336012 0.014348614660194802 -0.0015664027229446 2471.8750000000005 1330.2000122070315
decision_type=2 10 8 10 8 10 10 10 10 10 10 10 10 10 10 10 10 10 10 10 10 10 8 8 8 10 8 10 10 10 10 10 8 10 10 10 10 8 10 10 10 10 10 10 10 10 8 10 10 10 10 10 10 10 2 10 10 10 10 10 10 10 8 10 10 10 10 10 10 10
left_child=1 3 -3 4 30 -6 7 8 10 11 -7 12 27 18 15 -15 17 -16 -13 -18 -19 -22 55 24 28 34 -27 -9 32 -28 31 53 -24 36 35 -25 37 40 45 -40 -31 -34 52 -43 -37 -38 -36 56 -46 -50 51 -41 67 -1 -20 -10 -48 -49 59 60 68 -60 -44 -52 -62 66 69 -32 -54 -64
right_child=-2 2 -4 -5 5 6 -8 9 22 -11 -12 13 -14 14 16 -17 19 20 54 -21 21 -23 23 25 -26 26 29 -29 -30 33 42 -33 41 -35 46 44 38 -39 39 50 -42 43 62 -45 48 -47 47 57 49 -51 63 -53 58 -55 -56 -57 -58 -59 61 -61 64 -63 65 -65 -66 -67 -68 -69 -70 -71
leaf_value=-4.4845827340740905e-06 0.00072898721618211925 0.00039162626359739663 -3.6585370754136067e-05 0.00027604839796267771 0.00019313390974004895 -1.3368893726213736e-05 0.00015599850351782473 0.00011452898186892069 -0.00015552644320997861 -0.00012204952941782387 0.00019172610463182108 6.3464765644236231e-05 -0.00016340668806065579 0.00023455239163958956 0.00020295694380815038 5.8124331940774666e-05 -0.00010838849068532307 -3.5797473478632281e-05 -1.7682443111181903e-05 4.0332082926525109e-05 1.888327504475813e-05 0.00018836116756082175 8.1264917820773566e-05 3.8120285784446408e-05 0.00011659600190814612 0.00011136173853919433 -0.00011863101295557891 -4.0473123267978937e-05 -0.00010310451898656273 -7.1491317609772789e-05 -6.2632980135213557e-05 6.8305229691651161e-05 3.5982003285913488e-05 -9.7829488887227279e-05 -1.354237188097476e-05 -0.00010351052990545186 -2.4939061334305818e-05 0.000107364767845744 3.2886095483724826e-05 -8.3958906069777053e-05 4.5299674577472794e-05 5.8398550468655109e-07 -0.00015846441188403169 -0.00012196272348274604 -7.2113400610821648e-05 7.5630196259734842e-05 -0.00018308003241570393 -6.7560490077502584e-06 7.0591277737661729e-05 -5.4158870244230409e-05 -0.00014407989259534191 3.0899752269741715e-05 -0.00011124274214649084 -0.0001055279503393719 -0.00012850036467967131 -5.806770785234036e-05 -8.5480877303235824e-05 -0.00010355765426942832 2.2073086912608197e-05 -0.0001103111712576674 -4.7304569826296052e-05 -6.4720046283942421e-05 -9.9382148987862227e-05 -6.5440657174385897e-05 3.5596214127485941e-05 -5.5162621072882771e-05 -5.052003944448385e-05 -0.00012705967235221525 -4.2535263214665611e-05 -0.00015546049555251266
leaf_weight=47 50 78 57 48 55 53 46 50 49 60 55 84 64 68 49 55 57 67 47 85 49 46 70 76 83 47 52 49 53 54 56 65 73 65 51 88 66 71 62 54 62 50 63 49 87 66 69 49 54 49 58 51 55 72 47 78 56 58 82 82 50 53 83 66 48 90 48 79 48 61
leaf_count=47 50 78 57 48 55 53 46 50 49 60 55 84 64 68 49 55 57 67 47 85 49 46 70 76 83 47 52 49 53 54 56 65 73 65 51 88 66 71 62 54 62 50 63 49 87 66 69 49 54 49 58 51 55 72 47 78 56 58 82 82 50 53 83 66 48 90 48 79 48 61
internal_value=2.64474e-08 -8.67575e-06 0.000211828 -1.59273e-05 -1.94227e-05 -2.26855e-06 -5.97682e-06 -8.59583e-06 -2.13295e-05 2.0782e-05 9.18309e-05 3.14024e-05 -4.14743e-05 4.96012e-05 7.15074e-05 0.000156721 4.14713e-05 8.25353e-05 -9.0429e-06 -1.96829e-05 4.51335e-05 0.00010201 -2.7751e-05 -2.28174e-05 1.73929e-05 -3.35947e-05 -1.44072e-05 3.81461e-05 -1.08003e-05 -2.26743e-05 -6.6972e-05 -1.84298e-05 9.73564e-06 -1.51241e-05 -5.68512e-05 -3.22373e-05 -6.17105e-06 3.53717e-05 -2.45767e-05 -4.73133e-05 -9.19961e-06 -1.96564e-05 -7.68872e-05 -6.06443e-05 -5.15396e-05 2.55197e-05 -8.74257e-05 -0.000103542 -2.70681e-05 1.12824e-05 -6.9077e-05 -2.83848e-05 -6.05012e-05 -6.59801e-05 -7.38338e-05 -9.65541e-05 -0.000140339 -5.9687e-05 -4.72303e-05 -6.38365e-05 -4.44416e-05 -1.22086e-05 -0.000102911 -0.000103048 -6.73855e-06 -9.00057e-05 -0.000105981 -0.000100967 -7.99152e-05 -0.000124009
internal_weight=4317 4267 135 4132 4084 3002 2947 2901 2024 877 108 817 163 654 476 123 353 211 178 142 162 95 1916 1789 378 1411 774 99 295 727 1082 184 242 675 637 354 610 187 423 291 116 172 898 99 278 132 283 232 190 103 229 105 553 119 94 127 125 107 418 283 201 135 345 124 98 282 192 135 103 144
internal_count=4317 4267 135 4132 4084 3002 2947 2901 2024 877 108 817 163 654 476 123 353 211 178 142 162 95 1916 1789 378 1411 774 99 295 727 1082 184 242 675 637 354 610 187 423 291 116 172 898 99 278 132 283 232 190 103 229 105 553 119 94 127 125 107 418 283 201 135 345 124 98 282 192 135 103 144
is_linear=0
shrinkage=0.0243204


Tree=62
num_leaves=78
num_cat=0
split_feature=79 27 4 56 85 3 58 11 81 79 11 64 53 61 25 11 64 21 62 73 5 3 4 35 39 76 35 71 11 85 12 73 79 49 61 76 61 11 11 37 55 35 6 31 6 45 7 35 9 7 31 31 76 20 9 65 61 33 57 15 77 16 72 20 31 19 74 21 19 77 63 19 17 3 34 45 62
split_gain=0.337602 0.105526 0.030847 0.00928599 0.00431979 0.00510992 0.00286805 0.00240454 0.00230678 0.00255285 0.00284787 0.00199079 0.00179537 0.00174607 0.00165191 0.00155347 0.00153871 0.00153362 0.00163432 0.00102363 0.00136637 0.000995351 0.000969506 0.000837257 0.00155263 0.00153493 0.000928244 0.000828785 0.000768316 0.000663459 0.0007168 0.000643723 0.000614644 0.000630413 0.000590071 0.000608136 0.000580503 0.000563432 0.000689169 0.000630891 0.000525991 0.000502605 0.000475587 0.000656731 0.00109156 0.000571488 0.000698073 0.000475691 0.000818426 0.000691024 0.000421138 0.000855386 0.000659681 0.000571441 0.000525748 0.000484505 0.000505261 0.000420614 0.00040494 0.000395747 0.000387224 0.00035123 0.000324821 0.000324531 0.000321643 0.000288743 0.000268532 0.000256043 0.000250133 0.000246723 0.00023461 0.000181734 0.00015896 0.000150037 0.000141435 8.60241e-05 6.36395e-05
threshold=-2.7024755967316572 1.7391734037585016 -0.056728886810152895 42.754999160766609 5.5000000000000009 0.030073425216313454 33.344999313354499 0.15779632406203162 0.97444091636472507 -0.67278553713739864 0.089687682883777722 51.448995017956086 0.35027246179414162 -0.0070358230414730985 1.1344616832175294 0.66982690294102065 62.156128422739293 -0.0031488151960082492 0.010067899712367852 -0.086464633140273292 -0.0085142664744102484 0.018042519532628202 -0.021320573408961398 0.0067744715383506009 0.45862495002391845 -0.03419821242973909 0.012349919644210151 17.365000724792484 0.77713242027953333 11.500000000000002 95.994250297546401 0.111022819104878 1.2687592931874525 0.014025485316835151 0.017479478662093605 0.00130038943713865 -0.061024710401218048 0.10097775791208026 0.27984063640223594 -2.0280665434167129 1268.4453534941761 -0.00036211040470144994 0.0024213015979323506 -0.0018239336755850497 0.014725599138080952 0.0034527878729828502 -0.0038537203872051496 -0.0034443392501063495 0.87335859268545957 -0.00028770243430669996 -0.0026130666466145495 -0.0054593553566594987 -0.0029802224395543493 0.0069943168122811013 -0.012675102321644248 0.27734800967497902 -0.021050820670806745 0.0031260706567514504 32.264999389648445 4.0414998531341562 -0.016475666299659599 3.0184999704360966 16.98499965667725 -0.0072748415671320997 0.0038450338055086501 -0.0062032123285604987 0.038406436880228705 -0.0072748415671320997 0.0027045017868298506 0.0018916721690449003 0.0044326605256560002 -0.0070223458782265992 0.006619152681465801 -0.0021574199659802995 -0.0013667099785275997 0.0018406120819258003 -0.00093738384053529986
decision_type=10 10 10 10 2 10 8 10 10 10 10 10 10 10 8 10 10 10 10 10 10 10 10 8 8 10 10 10 10 2 10 10 10 10 8 10 10 10 10 10 10 10 10 10 10 10 10 10 10 10 10 10 10 10 10 10 10 10 10 10 10 10 10 10 10 10 10 10 10 10 10 10 10 10 10 10 10
left_child=-1 -2 -3 6 5 7 22 -5 9 11 -11 -6 -9 -14 16 17 19 18 -12 20 -8 23 27 32 62 -26 40 -4 34 30 31 36 33 37 -23 -36 -24 63 39 -39 -27 -41 47 44 -44 46 -45 49 57 -40 51 54 -53 58 -38 56 -55 -49 66 69 -30 -56 -25 -21 -48 -31 70 -60 71 -58 72 74 -52 -70 -32 -62 -69
right_child=1 2 3 4 8 -7 14 12 -10 10 15 -13 13 -15 -16 -17 -18 -19 -20 21 -22 28 29 24 25 26 -28 -29 60 65 68 -33 -34 -35 35 -37 50 38 42 41 -42 -43 43 45 -46 -47 64 48 -50 -51 53 52 -54 55 61 -57 59 -59 67 -61 75 -63 -64 -65 -66 -67 -68 76 73 -71 -72 -73 -74 -75 -76 -77 -78
leaf_value=0.0020297029700951227 -0.0011568377134547163 0.00052059376973656146 -5.5792354163252833e-05 0.00023425525106861739 1.764584992864421e-05 0.00033910197355516239 0.00014855356851569852 -7.7171078405221494e-05 0.00016858138353140781 -0.00021455682472903823 5.0434598093294209e-05 0.00021478510970765547 0.00018215255899499066 -1.7424502413772364e-05 0.00012171005788888048 -0.00010725061460696275 9.5922741462759227e-05 0.00010515842353987559 -0.00014127439008281576 -3.6994480074152752e-05 -2.5037921548542938e-05 4.3610951733060035e-05 -0.00012742539601568622 -0.00011386777359531107 0.00014303351369830412 0.00010955938218101039 -5.9151516977679981e-05 8.8746566712735381e-05 -5.0812644618366661e-05 -0.0001689355151131038 -5.9948117253456242e-05 2.3020739528040808e-05 -0.00010590055251725459 5.0878419760865088e-05 -1.3654351792253428e-05 -0.0001173073484684584 4.8233674812429963e-06 8.8324358948855397e-05 -7.0433992975440325e-05 -6.8813354901931743e-05 -1.4694145026609163e-06 4.0869956826210058e-05 0.00010336759906144656 5.1315875835233222e-05 -3.2334530510122979e-05 -9.671609426866472e-05 -9.8645831192225144e-05 -7.5287655651364458e-05 -5.169442279877841e-06 5.2068549443018925e-05 -6.9618278815555994e-05 8.9853491359052684e-05 -3.1663084279239808e-05 2.0098622186342875e-05 -3.9441303561227849e-05 3.7340121006768968e-05 -0.00013733295649497179 -0.00016577900390182869 -6.5788200748400312e-05 -1.6516122722629225e-05 -0.00010656289652486448 -0.00012175529945885415 -2.2813870218604174e-05 -0.00012238949335373345 -1.4179813904686202e-05 -8.6244425850537907e-05 -1.3642124670753365e-05 -0.00011132825917541064 -9.1038592952937095e-05 -5.7545532445835501e-05 -3.9812491234577414e-05 -3.5849176909530064e-05 -0.00012833908500843125 -0.0001551731227843007 -0.00011911023151440987 -0.00015846058352004302 -0.00015968889421818619
leaf_weight=47 47 63 46 46 86 58 46 54 52 46 59 46 58 46 50 68 66 83 46 52 62 46 62 46 70 51 70 46 53 46 46 65 57 61 82 56 55 56 59 48 49 49 61 60 80 71 47 77 61 49 69 52 52 47 57 47 50 53 49 52 50 69 47 55 61 63 56 47 46 46 75 48 51 54 59 49 46
leaf_count=47 47 63 46 46 86 58 46 54 52 46 59 46 58 46 50 68 66 83 46 52 62 46 62 46 70 51 70 46 53 46 46 65 57 61 82 56 55 56 59 48 49 49 61 60 80 71 47 77 61 49 69 52 52 47 57 47 50 53 49 52 50 69 47 55 61 63 56 47 46 46 75 48 51 54 59 49 46
internal_value=2.86018e-07 -2.22925e-05 -9.52554e-06 -1.75956e-05 6.00383e-05 0.00013945 -3.44348e-05 8.13705e-05 1.70373e-05 -1.44685e-06 -4.04355e-05 8.73983e-05 3.57182e-05 9.45111e-05 -1.49701e-05 -8.46587e-06 -1.86265e-05 2.76198e-05 -3.40575e-05 -2.27969e-05 4.95419e-05 -2.73487e-05 -5.96959e-05 -1.82421e-05 1.5352e-05 4.80135e-05 8.30385e-06 1.66354e-05 -6.48609e-05 -6.46885e-05 -5.97705e-05 -5.08058e-05 -2.88309e-05 -2.43405e-05 -3.1175e-05 -5.62385e-05 -5.57111e-05 -2.92745e-05 -2.24598e-05 2.40543e-05 5.56446e-05 -1.35377e-05 -3.29613e-05 -1.4843e-05 2.6666e-05 -3.93442e-05 -1.4684e-05 -5.58646e-05 -7.88478e-05 -1.4876e-05 -5.07505e-05 -2.60586e-05 2.93498e-05 -6.17756e-05 -5.78877e-05 -3.21851e-05 -4.90473e-05 -0.000113124 -7.98726e-05 -7.10004e-05 -0.000105185 -8.51001e-05 -6.85584e-05 -8.15897e-05 -5.14873e-05 -0.00012231 -6.08883e-05 -0.000112794 -9.65362e-05 -0.000100051 -7.43195e-05 -7.60775e-05 -9.53956e-05 -0.000126817 -9.39716e-05 -0.000133523 -0.000136633
internal_weight=4356 4309 4262 4199 748 262 3451 204 486 434 302 132 158 104 1950 256 1900 188 105 1834 108 1726 1501 1390 333 240 170 92 336 1409 1300 1047 1057 1000 184 138 982 939 832 153 100 97 679 380 141 239 168 299 191 108 920 285 104 635 181 242 195 130 393 148 152 126 93 107 108 109 251 142 253 96 195 153 120 100 105 99 93
internal_count=4356 4309 4262 4199 748 262 3451 204 486 434 302 132 158 104 1950 256 1900 188 105 1834 108 1726 1501 1390 333 240 170 92 336 1409 1300 1047 1057 1000 184 138 982 939 832 153 100 97 679 380 141 239 168 299 191 108 920 285 104 635 181 242 195 130 393 148 152 126 93 107 108 109 251 142 253 96 195 153 120 100 105 99 93
is_linear=0
shrinkage=0.0243204


Tree=63
num_leaves=74
num_cat=0
split_feature=79 63 3 56 50 38 85 8 58 49 73 11 79 31 4 25 14 48 67 7 3 42 55 54 36 8 38 1 4 21 78 86 19 39 45 62 20 4 25 35 86 73 3 35 75 64 20 28 20 68 3 39 33 55 7 4 7 25 17 26 73 58 21 60 79 48 60 20 62 29 9 22 46
split_gain=0.321699 0.0921457 0.0390391 0.007265 0.00388696 0.00353703 0.00339414 0.00371767 0.00310279 0.00217096 0.00192143 0.00172575 0.00170569 0.00171822 0.00165698 0.00140238 0.00112841 0.00109125 0.0010729 0.00112141 0.000992603 0.000931326 0.00153748 0.00102716 0.00113173 0.000967663 0.000938912 0.000885642 0.000881191 0.000879511 0.00087707 0.000857225 0.000973193 0.000867444 0.00147386 0.000841164 0.000836729 0.000882469 0.000791251 0.00078775 0.000738899 0.000638318 0.000625469 0.000577793 0.000543534 0.000535515 0.000476789 0.000473209 0.000800615 0.000754479 0.0010148 0.000514749 0.000585463 0.000513731 0.000467014 0.000466286 0.000466021 0.000442373 0.000381391 0.00035255 0.000297807 0.000295778 0.00029571 0.00029227 0.000410108 0.000313651 0.000257339 0.000251486 0.000224731 0.000166642 0.000165313 0.000115018 5.45343e-05
threshold=-2.7024755967316572 -0.099668403184334328 0.059504816596061903 42.444999694824226 32.456437146340669 33.201860774630397 5.5000000000000009 42.625118717303785 33.93499946594239 -0.00012831638566249996 -0.069495890724229639 -0.019454519048680646 -0.058227283913247989 -0.0005450780073825999 -0.0099244070556178485 1.1166352030173354 3.341500043869019 -0.00030612613371314997 0.75410415818814625 0.00064712381520000016 0.026247738136350153 1236.1250000000002 1311.4465078326884 1080.3125000000002 50.633212363456245 54.153226535039714 2.8268336380058279 28.394999504089363 -0.021320573408961398 0.004242078133044851 51.648330428173409 -0.0026589118703951712 0.004792476448181501 0.61953922200566514 -0.0011536647625520998 0.022814927046395154 0.0023970627419284503 0.0041943861322789504 0.65333961757746184 0.0015530625318186002 0.00059039092658135894 0.12619809961619435 -0.0027644409018297996 0.0013384906709236501 -0.0067418713411428492 40.26626422904399 -0.0058577396263470487 1267.9500122070315 -0.021035630827167848 33.467250251770025 -0.0029322829820873997 0.81854220811354506 0.00095411651532660016 2359.8709627453022 0.016627991059994202 0.0095810353597429506 -0.004498595973511499 0.48182090496929314 0.0089512624359044026 2.913275003433228 -0.031260069232292291 27.515000343322757 0.0051909309420309011 -0.012158923131660048 -0.65314835590998566 0.00044242894026495007 0.0066178054297336012 0.012182678097282551 -0.0061611484286952485 1336.4500122070315 0.21703831911243651 47.430162844684425 0.00085031103458790011
decision_type=10 8 8 10 10 10 2 10 8 10 10 10 10 10 10 8 10 10 10 10 10 10 8 10 8 10 8 2 10 10 10 10 10 10 10 8 10 10 10 8 10 10 10 10 10 8 10 10 10 10 10 10 10 10 10 10 10 10 10 10 10 10 10 10 10 10 10 10 10 10 10 10 10
left_child=-1 -2 3 8 -5 6 7 -6 28 -9 -8 -10 14 -14 -12 18 -15 -11 20 -20 21 23 67 27 40 39 -27 -13 30 -16 -3 32 -24 35 -35 44 37 -29 -38 -26 56 45 -36 46 -33 54 -22 48 -47 51 -51 58 -53 55 63 62 -25 -37 60 -52 -49 69 -50 64 -30 -65 -60 70 -54 -62 -23 -66 -67
right_child=1 2 -4 4 5 -7 10 9 11 17 12 15 13 16 29 -17 -18 -19 19 -21 43 22 31 24 25 26 -28 36 41 -31 -32 33 -34 34 42 57 38 -39 -40 -41 -42 -43 -44 -45 -46 47 -48 49 53 50 59 52 68 -55 -56 -57 -58 -59 66 -61 61 -63 -64 65 71 72 -68 -69 -70 -71 -72 -73 -74
leaf_value=0.0019813190291339726 -0.00108194176997023 -5.3495786455840015e-05 0.00067303205403988113 0.00024043014259077713 0.00031934909324163671 -0.00013246731088264427 0.00013376487829530668 0.00016959329620201767 9.8968484356234162e-05 8.101391197047851e-05 0.00015323853972728195 -0.0001070215957293673 -0.00014344436063028581 -7.4619570047772764e-05 -5.9220518998944494e-05 0.00010325610688619236 7.9839958311910897e-05 -7.587443845228629e-05 0.00012150556313715966 -3.2810937524850578e-05 1.0975487608465311e-05 -9.1712450741277682e-05 -0.00014226183542842351 -0.00011215705861568798 4.6190646755377671e-05 9.9353497204688536e-05 -3.5270235252413883e-05 -3.0319487212947228e-05 -2.8244541966263777e-05 7.0990809117853158e-05 8.272917661751483e-05 -3.5454708823474962e-05 -4.6876117192982696e-06 0.00013712239195129569 -7.8207350728617947e-05 -3.9958057033633986e-05 -0.00013085415434291583 0.0001144829329207945 1.0844439764399378e-05 0.00017459622412554056 4.7715951949088045e-05 1.5210817458519056e-05 3.0262217744465111e-05 -0.00013282257371603781 6.5138627639034765e-05 -0.00010765547121958595 -9.4535283391343394e-05 -7.3141852980650613e-05 -2.9382090736462808e-05 6.0067922611773187e-05 -1.9535807549448087e-05 1.9538693675480052e-05 -3.4590112239952242e-05 3.3684911656560781e-05 -2.5785119769505729e-05 2.192124716170162e-05 -1.5208778157336979e-05 -0.00013527969440420444 -8.9766794097126184e-05 -0.00011013818336036973 -0.00012888860009585692 -0.00016898166683100506 -0.00010377783965798081 -7.6786594218053905e-05 -0.00013976947866667824 -0.00017941087553661935 -2.0936016791865428e-05 -5.8455749408652168e-05 -0.00010459243149486819 -6.7724738661398978e-05 -0.00015455816557377361 -8.1711371274496421e-05 -0.00013098784030479523
leaf_weight=47 47 61 48 57 46 68 63 81 79 51 55 74 83 55 74 55 55 52 61 50 50 57 62 50 58 47 84 50 57 51 50 68 59 58 48 73 46 48 46 56 60 59 87 72 58 68 50 84 72 57 49 55 47 87 53 54 70 48 79 53 69 73 57 47 46 46 55 55 68 49 55 47 47
leaf_count=47 47 61 48 57 46 68 63 81 79 51 55 74 83 55 74 55 55 52 61 50 50 57 62 50 58 47 84 50 57 51 50 68 59 58 48 73 46 48 46 56 60 59 87 72 58 68 50 84 72 57 49 55 47 87 53 54 70 48 79 53 69 73 57 47 46 46 55 55 68 49 55 47 47
internal_value=2.78977e-07 -2.17613e-05 -9.83095e-06 -1.77595e-05 4.86295e-05 3.34417e-05 5.05476e-05 0.000125933 -3.31105e-05 7.61796e-05 1.05904e-05 -1.15467e-05 -1.04987e-05 -6.05835e-05 4.32343e-05 -1.6573e-05 2.62392e-06 1.82939e-06 -2.05059e-05 5.22969e-05 -2.56204e-05 -1.88915e-05 -3.80541e-05 1.37889e-06 2.47659e-05 5.86917e-05 1.33907e-05 -3.62208e-05 -5.79767e-05 -5.95175e-06 8.03979e-06 -1.8691e-05 -7.57479e-05 -2.8686e-06 3.56625e-05 -3.30011e-05 -8.24493e-06 4.10132e-05 -6.06086e-05 0.000110198 -2.14714e-05 -6.29372e-05 -8.57504e-06 -8.06415e-05 1.09837e-05 -6.61952e-05 -4.21641e-05 -5.76555e-05 -3.36723e-05 -6.85809e-05 -2.14873e-05 -8.14553e-05 -4.54937e-05 -1.47234e-05 -9.27481e-05 -3.77976e-05 -5.61762e-05 -7.85397e-05 -9.626e-05 -6.72055e-05 -0.000112743 -0.000129706 -6.27811e-05 -0.000104859 -8.02858e-05 -0.00013046 -6.18692e-05 -0.00010262 -7.65096e-05 -0.000104243 -0.000123624 -0.000111563 -0.000156523
internal_weight=4356 4309 4262 4214 791 734 666 230 3423 184 436 1834 373 193 180 1755 110 103 1700 111 1589 1417 728 689 425 245 131 264 1589 125 111 561 121 440 193 247 190 98 92 114 180 1478 135 172 126 1419 100 1076 338 738 159 579 170 270 343 183 120 121 409 102 275 191 129 290 150 140 134 167 115 118 112 93 93
internal_count=4356 4309 4262 4214 791 734 666 230 3423 184 436 1834 373 193 180 1755 110 103 1700 111 1589 1417 728 689 425 245 131 264 1589 125 111 561 121 440 193 247 190 98 92 114 180 1478 135 172 126 1419 100 1076 338 738 159 579 170 270 343 183 120 121 409 102 275 191 129 290 150 140 134 167 115 118 112 93 93
is_linear=0
shrinkage=0.0243204


Tree=64
num_leaves=74
num_cat=0
split_feature=27 52 56 3 56 85 56 4 6 47 61 86 17 67 73 80 22 38 46 39 49 11 84 74 76 52 84 32 58 35 0 85 34 86 48 49 36 22 59 57 54 73 56 57 16 78 53 39 46 35 71 83 51 5 74 74 4 4 74 2 15 58 9 4 45 22 61 29 47 3 28 24 14
split_gain=0.106197 0.0521448 0.0119104 0.00606753 0.00422528 0.00410727 0.00551498 0.00317813 0.00313601 0.00313804 0.00450065 0.00214747 0.00172783 0.00159889 0.00142219 0.00131332 0.00152332 0.00138594 0.00147456 0.00120625 0.00110494 0.00103149 0.0010347 0.00111139 0.00117363 0.00188667 0.0010434 0.00126445 0.00100063 0.00134641 0.00112757 0.000961815 0.000933244 0.00104119 0.000852098 0.000846543 0.00119168 0.000938574 0.000832406 0.000767202 0.00076365 0.00076311 0.000677505 0.000657562 0.00074106 0.000651595 0.000618562 0.000577465 0.000805276 0.000759613 0.000585063 0.000571016 0.000554972 0.000540461 0.000489404 0.000465667 0.000450094 0.000403589 0.000401336 0.000389751 0.0003538 0.000291661 0.000275859 0.000280369 0.000338715 0.00031432 0.000380295 0.000240784 0.000236262 0.000230574 0.00021802 0.000130375 9.9424e-05
threshold=1.7391734037585016 110.3155320654465 43.93499946594239 0.047323373493245009 30.195000648498539 5.5000000000000009 61.000000000000007 -0.044014948942153492 -0.040508517980393441 0.0046776744406183514 -0.0085455479858147481 0.0010345047520837246 -0.00074460474234709986 1.075989277445645 -0.022394072968259248 3.0691693109659357 46.211575017686322 24.435793759637715 0.018346284074806603 0.80334671179628347 -0.00098077919039729991 0.95382145038876232 1.0000000180025095e-35 -0.078986084251959285 0.075580441212998603 20.651070248969535 2.5000000000000004 -0.0097938206608885487 33.93499946594239 0.0016378991629196502 60.145000457763679 3.5000000000000004 -0.00087590848782369984 -0.00052276866277569257 0.0027604504885184503 -0.005950958483704299 58.437637688384115 64.016512426116506 0.030654561874748455 41.555000305175788 1122.9312500000003 -0.009747145198205449 33.545000076293952 41.555000305175788 4.8405001163482675 47.407716365550563 0.6312968274958729 0.8281995479725327 -0.0083399127753965973 0.0037787191424903002 17.564999580383304 13.971369328429761 7.8542996649927099 -0.0043098860215919988 0.090769579982353563 -0.017397893697480845 0.0069242552459344011 0.0018701554441465501 0.010059875986406952 74.544998168945327 5.991999864578248 19.230000495910648 -0.34143944874012527 -0.0087284937192042486 0.0038876291225377504 54.973832563789657 0.0016376417412698502 1376.7500000000002 0.0021473355944299504 0.0152470412007612 1316.2500000000002 0.12125967122299737 4.2714998722076425
decision_type=10 10 10 10 8 2 10 10 10 10 10 10 10 10 10 8 10 8 10 10 10 8 2 10 10 10 2 10 10 10 2 2 10 10 8 10 10 10 10 10 10 10 10 8 10 10 10 10 10 10 10 10 10 10 10 10 10 10 10 2 10 10 10 10 10 10 10 10 10 10 10 10 10
left_child=-1 2 4 5 38 6 19 -6 -7 11 -11 12 -10 15 -13 17 -17 18 21 20 -4 22 31 -24 26 -26 27 -25 30 46 32 -9 40 -34 69 36 -28 39 54 47 -29 -35 56 59 -45 -46 -30 48 -37 50 52 -40 -50 -19 60 -55 58 -18 -32 -33 61 72 70 -64 65 66 67 -65 -57 -23 -63 -66 -2
right_child=1 -3 3 -5 7 8 -8 13 9 10 -12 14 -14 -15 -16 16 57 53 -20 -21 -22 34 23 24 25 -27 35 28 29 -31 42 43 33 41 -36 37 -38 -39 51 -41 -42 -43 -44 44 45 -47 -48 -49 49 -51 -52 -53 -54 55 -56 68 -58 -59 -60 -61 -62 62 63 64 71 -67 -68 -69 -70 -71 -72 -73 -74
leaf_value=-0.0011590236134488726 -9.6700225873650952e-05 0.00071616252543156567 -6.6256499770828004e-05 0.00032270926491837794 0.00018369547952844828 -0.00016833767072696706 0.00033538996764065343 3.1142190777234892e-05 0.00012438426013725099 2.6840118117050694e-05 0.00033009324176156422 4.6834760949771423e-06 -4.6374104071181225e-05 0.00012279329615832166 -0.00017926417006933855 0.00016336898426164379 4.769266608053024e-05 -0.00012197486298224146 0.00010311163329371965 0.00016887028097632665 9.0775108398344199e-05 -6.5632686621042871e-05 -0.00010045853480814896 0.00010824629048748844 -2.6210671201995776e-05 0.00015630667148564757 -3.9953565373112207e-05 -1.1974794832118264e-05 6.3107087799545823e-05 0.00014218954747205375 -0.00016362547148203398 1.945254572599774e-05 4.9761600112312911e-05 -0.00014123005659505384 -2.8829150697967498e-07 -0.00015364540481331459 0.00010692399249147132 3.7121889681080718e-05 -6.1697121375331649e-05 -0.00014711278052973985 0.00010809951087369008 -1.2739192963459257e-05 2.0820732057653277e-05 -0.0001556937007374634 -0.00011964945323814719 2.9420714988087902e-06 -5.8692098469163853e-05 8.8717983703940263e-06 -0.00010774117005137418 -0.0001076933679431003 4.2294845428036502e-05 4.0310999333646032e-05 4.0724046781875937e-06 9.7475607123877127e-06 -1.4936549747464337e-05 -0.00011607819002597425 -2.2187896278910145e-05 -5.1579040414339439e-05 -6.5762569866569296e-05 -7.2974541609368285e-05 -2.0145850697744704e-05 -7.5380392607429585e-05 -3.3319586229538563e-05 -4.3740817287073133e-05 -0.0001442935957839424 -0.00011565593279944888 -4.5938316774896001e-07 -0.00011741278383978534 -4.0076733461425805e-05 -0.00013713813439414528 -0.00014098149440808561 -8.6601417639286537e-05 -0.00014803092176624203
leaf_weight=46 51 59 46 58 49 46 65 71 82 76 46 46 60 50 53 50 48 88 62 48 60 47 65 75 63 70 71 49 46 64 47 61 76 46 65 46 59 74 65 48 85 66 49 74 47 55 51 91 50 74 65 63 54 56 66 48 50 47 56 47 48 58 91 64 56 54 63 46 51 72 73 51 60
leaf_count=46 51 59 46 58 49 46 65 71 82 76 46 46 60 50 53 50 48 88 62 48 60 47 65 75 63 70 71 49 46 64 47 61 76 46 65 46 59 74 65 48 85 66 49 74 47 55 51 91 50 74 65 63 54 56 66 48 50 47 56 47 48 58 91 64 56 54 63 46 51 72 73 51 60
internal_value=-8.58749e-06 3.88014e-06 -6.11177e-06 8.66648e-05 -2.38735e-05 6.44079e-05 0.000149164 -8.48548e-06 1.87819e-05 4.28746e-05 0.000142859 -8.09833e-06 5.23977e-05 -1.21329e-05 -9.45528e-05 -1.47935e-05 5.60817e-05 -1.90363e-05 -1.29071e-05 6.89794e-05 2.26371e-05 -1.63308e-05 -1.11052e-05 -2.71202e-06 1.51363e-06 7.02718e-05 -5.09875e-06 1.40948e-05 3.64905e-06 5.64937e-05 -1.26587e-05 -4.8587e-05 1.55955e-05 -1.93416e-05 -7.12215e-05 -2.81676e-05 2.69914e-05 -4.24778e-05 -6.91506e-05 -5.62944e-05 6.44097e-05 -6.62657e-05 -5.75643e-05 -6.85601e-05 -9.74402e-05 -5.41205e-05 -8.69933e-07 -4.44814e-05 -6.12585e-05 -4.32347e-05 -1.45597e-05 -1.15556e-05 -5.01643e-05 -7.40306e-05 -7.85633e-05 -4.62265e-05 -8.26478e-05 -1.43514e-06 -0.000111516 -2.10475e-05 -8.44075e-05 -8.89953e-05 -8.15085e-05 -7.16627e-05 -8.19823e-05 -6.46691e-05 -4.82031e-05 -7.53003e-05 -7.76896e-05 -0.000109649 -0.000112697 -0.00011781 -0.000125477
internal_weight=4378 4332 4273 686 3587 628 219 2678 409 363 122 241 142 2629 99 2579 145 2434 2191 154 106 2129 1945 1590 1525 133 1392 760 685 161 524 355 322 188 184 632 130 502 909 428 134 112 202 284 176 102 97 380 289 243 169 128 104 243 781 155 153 95 103 108 715 667 556 425 334 227 173 110 99 119 131 107 111
internal_count=4378 4332 4273 686 3587 628 219 2678 409 363 122 241 142 2629 99 2579 145 2434 2191 154 106 2129 1945 1590 1525 133 1392 760 685 161 524 355 322 188 184 632 130 502 909 428 134 112 202 284 176 102 97 380 289 243 169 128 104 243 781 155 153 95 103 108 715 667 556 425 334 227 173 110 99 119 131 107 111
is_linear=0
shrinkage=0.0243204


Tree=65
num_leaves=72
num_cat=0
split_feature=82 56 56 64 56 85 11 63 67 67 12 24 33 67 82 24 10 58 54 38 11 77 33 46 37 18 24 47 62 31 85 63 82 77 59 1 62 18 6 61 37 35 47 82 6 22 33 34 5 22 14 20 5 36 34 15 34 66 58 52 46 61 61 62 9 44 19 33 28 22 29
split_gain=0.108521 0.0808514 0.00996852 0.00678431 0.00422123 0.00336687 0.00280002 0.0022636 0.00198683 0.00190448 0.00184032 0.00182427 0.00164811 0.00159396 0.00128477 0.00200259 0.00104306 0.00102779 0.000988456 0.00109433 0.0012359 0.00111283 0.00102945 0.000906238 0.00144975 0.00145059 0.00184758 0.00107534 0.00104114 0.00136467 0.000839193 0.000834253 0.000813808 0.000840504 0.000786914 0.000771376 0.000695152 0.00108089 0.000704738 0.000659971 0.000635539 0.000589352 0.000659659 0.000586958 0.00055932 0.000583982 0.000741609 0.00056288 0.000533475 0.000528227 0.000523396 0.000508903 0.000505385 0.000500684 0.000473797 0.000450696 0.000375331 0.000357046 0.000339374 0.000311784 0.000294998 0.000559051 0.000372234 0.000300866 0.000239002 0.00026295 0.000295442 0.000221393 0.00018966 0.000138052 0.000103772
threshold=49.493500137329107 71.134998321533217 43.93499946594239 69.375214246272861 30.195000648498539 2.5000000000000004 -0.1385695996429637 0.024689996412620104 0.86436234504466214 0.48687440429236012 21.828750038146975 0.21080967988242999 0.00089089801887960013 1.0634690609935888 26.105000162124636 0.29548237828532958 4.7858600295781049 36.315000534057624 5970.6750000000002 2.0687419503504723 0.9335236075722545 -0.047778776718936537 0.0047943192304858509 0.0033624044530572001 20.520000299530412 -0.02941795980956485 0.25806778604926783 -0.0065372434984282994 0.015365645941116852 0.0014902483391936504 5.5000000000000009 -0.0032927199736721997 13.341749930381777 0.025065625881999756 0.030654561874748455 62.694999694824226 -0.040628688978394646 -0.030644520574689044 0.012287034177767052 -0.0088320215712918981 2.7813708485303157 -0.0009410061515421499 0.00044116360537945002 16.035499930381778 0.021564438536828354 46.04600001802833 0.0016378991629196502 0.0029682261966439004 -0.00047350611431744993 51.198898075618267 5.2914998531341562 0.0096113358753817015 -0.0034821308183476496 44.128569785445627 -0.0027134601610116498 5.9464998245239267 -0.00043237125446964997 2.821447790488286 19.230000495910648 20.328836031998247 1.0000000180025095e-35 -0.012158923131660048 -0.00093738384053529986 -0.0061611484286952485 -0.71709268537855297 1571.6250000000002 0.0093112328488550011 0.0010437081956442002 1285.9500122070315 47.862212943026044 1288.1500244140627
decision_type=10 10 10 10 8 2 10 10 10 10 10 10 10 10 8 10 2 10 10 10 10 10 8 10 10 10 10 10 10 10 2 10 10 10 10 2 10 10 10 8 10 10 10 10 10 10 10 10 10 10 10 10 10 10 10 10 10 8 10 10 10 10 10 10 10 10 10 10 8 10 10
left_child=1 2 4 5 34 -4 -6 8 9 11 -8 -7 -9 14 18 17 -13 41 19 50 21 22 35 24 25 26 -23 30 36 -30 -27 -11 33 52 55 43 37 -25 40 -37 -39 -16 -43 -21 45 56 47 -47 -20 -26 -12 -38 -29 -36 -22 58 -34 -56 70 -48 61 -60 -63 -64 -62 -66 68 -59 -67 -70 -1
right_child=-2 -3 3 -5 6 7 10 12 -10 31 13 16 -14 -15 15 -17 -18 -19 48 20 54 23 -24 28 49 27 -28 32 29 -31 -32 -33 44 -35 53 39 51 38 -40 -41 -42 42 -44 -45 -46 46 59 -49 -50 -51 -52 -53 -54 -55 57 -57 -58 67 60 -61 64 62 63 -65 65 66 -68 -69 69 -71 -72
leaf_value=-0.00014965441845189595 -0.0011242455818191604 0.00097754656605151895 0.00020614484173283595 0.0003506412492858629 0.0001771321747229559 -5.1552845506898529e-07 0.00012518823063614249 2.620304639944443e-05 0.00019598340309517272 -7.8530725605668942e-05 -0.00014336939937365507 0.000213358404821847 -0.0001420320748696973 0.00012269801558981026 -7.7985780545625672e-05 0.000153227904741206 6.64198873276217e-05 7.6174897879506117e-05 -0.00013953715647273935 5.6910651935693873e-06 -0.00012844044005497809 0.0001070202812737103 0.00010631368486394008 -7.8524813657834423e-05 5.263591317991123e-06 -5.8915228234188209e-05 -7.0330624255004798e-05 -0.00010806216309717801 0.00017529938916330476 -3.1460659155488108e-06 6.5448426766502821e-05 4.9588480796663239e-05 -8.880271627752012e-05 4.7203325807021304e-05 5.1906995969102846e-05 3.6788075849564064e-05 -1.1893871970212946e-05 6.1267864827594108e-05 0.00011378484708898364 -7.8799543070619618e-05 -4.8177166463559865e-05 6.2976856622757051e-05 -5.2610020863307968e-05 0.00011459961350764412 -1.7344746722056918e-05 -7.3216704021474715e-05 -0.00015886722126450697 3.2095358809351436e-05 -3.5999444906382276e-05 0.00011598300080380519 -3.3659333120090957e-05 -0.0001037016941091002 -1.4675128118591517e-05 -4.7074204021278913e-05 -9.7265397716348717e-05 -1.175045687986087e-05 -0.0001754700462291377 -5.4949210172472367e-05 -0.00010490528502533776 -7.201101080074677e-05 -0.00013427712975381918 2.6688364692040987e-05 -1.1435811903308846e-05 -8.9717310124733424e-05 -0.0001219858560237734 -0.00012261690708178911 -2.636361864400148e-05 1.9812513384865038e-05 -9.0910042068368207e-05 -3.3827364999803277e-05 -9.8538484261099493e-05
leaf_weight=47 50 49 78 50 47 80 57 77 58 80 58 66 61 49 83 61 52 75 62 71 60 80 82 53 56 57 60 66 46 55 71 47 55 62 46 46 87 69 59 77 56 59 56 49 60 80 59 47 57 46 47 60 71 84 52 59 74 46 83 46 58 51 57 59 67 54 75 46 56 48 71
leaf_count=47 50 49 78 50 47 80 57 77 58 80 58 66 61 49 83 61 52 75 62 71 60 80 82 53 56 57 60 66 46 55 71 47 55 62 46 46 87 69 59 77 56 59 56 49 60 80 59 47 57 46 47 60 71 84 52 59 74 46 83 46 58 51 57 59 67 54 75 46 56 48 71
internal_value=-8.38433e-06 4.75085e-06 -6.60347e-06 8.1116e-05 -2.2304e-05 5.80961e-05 -7.06991e-06 3.55943e-05 6.59849e-05 4.2278e-05 -1.03772e-05 8.92676e-05 -4.86181e-05 -1.33816e-05 -1.60291e-05 2.83939e-05 0.000149663 6.18712e-08 -2.26983e-05 -1.88257e-05 -1.47901e-05 -8.34166e-06 3.23342e-05 -1.73199e-05 -3.06534e-05 -4.06359e-05 3.10443e-05 -5.40756e-05 9.90189e-06 7.8994e-05 1.00342e-05 -3.10929e-05 -6.73078e-05 -2.66029e-05 -6.74516e-05 7.04877e-06 -8.41858e-06 1.734e-05 4.52203e-05 -3.56133e-05 1.22353e-05 -2.89904e-05 6.71295e-06 5.07215e-05 -8.64427e-05 -9.78487e-05 -7.42397e-05 -3.42866e-05 -9.06303e-05 5.58155e-05 -9.50133e-05 -4.97988e-05 -6.01064e-05 -1.19201e-05 -7.13809e-05 -7.66212e-05 -0.000139447 -4.69126e-05 -8.18694e-05 -0.000121813 -7.43033e-05 -5.3647e-05 -2.77157e-05 -5.16655e-05 -8.8545e-05 -7.93038e-05 -6.65802e-05 -1.77378e-05 -8.53923e-05 -6.51187e-05 -0.00011994
internal_weight=4378 4328 4279 649 3630 599 2715 521 383 325 2668 198 138 2611 2562 334 118 273 2228 2109 2004 1800 325 1475 990 888 140 748 485 101 128 127 620 199 915 243 384 237 184 123 125 198 115 120 421 361 232 127 119 102 105 147 137 130 204 785 129 144 726 105 608 250 167 116 358 300 233 92 158 104 118
internal_count=4378 4328 4279 649 3630 599 2715 521 383 325 2668 198 138 2611 2562 334 118 273 2228 2109 2004 1800 325 1475 990 888 140 748 485 101 128 127 620 199 915 243 384 237 184 123 125 198 115 120 421 361 232 127 119 102 105 147 137 130 204 785 129 144 726 105 608 250 167 116 358 300 233 92 158 104 118
is_linear=0
shrinkage=0.0243204


Tree=66
num_leaves=72
num_cat=0
split_feature=3 60 82 86 56 67 61 80 80 25 18 8 57 18 18 33 80 9 85 51 76 76 25 6 76 36 32 25 0 85 75 51 81 15 15 74 74 78 78 9 43 51 17 50 5 48 33 64 68 25 74 84 75 51 18 37 17 51 1 67 26 38 4 80 74 19 61 48 36 36 18
split_gain=0.197352 0.0860512 0.0295998 0.0208003 0.00666647 0.00767431 0.00569226 0.00583566 0.00402941 0.00306059 0.00218255 0.00208474 0.00192142 0.00161457 0.00142136 0.00198181 0.00143492 0.00161128 0.00146725 0.00122295 0.00120618 0.00146376 0.000998945 0.00138774 0.000986917 0.000929894 0.00088238 0.000797312 0.000773324 0.000774884 0.000711021 0.000708441 0.00068679 0.000608005 0.00112552 0.000652131 0.000966234 0.000683414 0.00109834 0.000663008 0.000652989 0.000603997 0.000595542 0.000661546 0.000581108 0.000566793 0.000561546 0.000533463 0.000501767 0.000900541 0.000449587 0.000435269 0.000798098 0.000500767 0.00057226 0.000814667 0.000630655 0.000376609 0.000677707 0.000370233 0.000340144 0.000335185 0.000308844 0.000275774 0.000236274 0.000248287 0.000274077 0.000165267 0.000132282 9.01703e-05 8.68801e-05
threshold=-0.064179185308716941 -0.11130090504535378 38.461749935150159 0.0010745440912315442 42.995000839233406 0.8460288256012255 -1.0000000180025095e-35 2.5870172409662202 4.3607072025912759 1.1595755953252793 -0.018950659371243298 46.495799031691909 37.530000686645515 -0.064997079616567241 0.014977491361587502 -0.0115922164445672 2.9183371508402951 -1.1831287994336035 7.5000000000000009 8.3379168950951925 0.049904927932264857 -0.067192450192086736 0.89050175682187083 0.003971415992588951 0.028533398188198503 74.196922763630383 -0.018624883427613346 0.44916074716089349 92.110000610351577 10.500000000000002 -0.0014992282348820997 22.424014797909425 0.98502542152583883 2.4405000209808354 2.685500025749207 -0.058261817769460648 -0.037271361411844041 50.075064170527348 52.176443050812303 0.068476422045709015 1248.6250000000002 2.6220277264566225 0.0092681505438827524 59.546709410256732 0.010170050045799002 0.0030780731396142006 0.0065441354603003503 50.888963985489696 35.670249843597425 0.57634324064339704 -1.0000000180025095e-35 3.5000000000000004 0.0018916721690449003 13.324461524693335 0.011061495663966352 4.3818739448194046 -0.0023788760758004994 -1.4171433089690024 47.465000152587898 0.23679385766909353 4.6889750242233283 15.244030622584861 0.0020513415804793004 1.3998762211230409 -0.015837449609213346 -0.013344330517837398 0.0048089846911023009 -0.0033111969059557498 52.402665297265223 50.123608360038581 0.00059739733053340018
decision_type=8 8 10 10 10 10 10 10 10 8 10 10 8 10 10 10 8 10 2 10 10 10 10 10 10 8 8 10 2 2 10 10 10 10 10 10 10 10 10 10 10 8 10 10 10 10 10 10 8 10 10 2 10 10 10 10 8 10 2 10 10 10 10 10 10 10 10 10 10 10 10
left_child=-1 -2 4 -4 9 8 -7 -8 10 12 11 -6 25 -14 22 -16 17 -17 19 24 21 -12 26 -24 30 28 -15 -23 29 32 -19 -29 46 -28 -35 41 -37 40 -39 -40 42 -36 43 -38 -41 50 48 63 51 -50 -42 53 -53 54 55 56 -3 -20 -59 -55 64 -31 -61 -48 67 -66 70 -30 -63 -69 -67
right_child=1 2 3 -5 5 6 7 -9 -10 -11 20 -13 13 14 15 16 -18 18 57 -21 -22 27 23 -25 -26 -27 33 31 60 61 -32 -33 -34 34 35 36 37 38 39 44 45 -43 -44 -45 -46 -47 47 -49 49 -51 -52 52 -54 59 -56 -57 -58 58 -60 62 -62 68 -64 -65 65 66 -68 69 -70 -71 -72
leaf_value=0.0014925325220399 -0.0010189793609208314 0.00010368404369081342 0.00077887250127302483 9.6130494471723552e-05 0.00022257395254980417 -1.4952473264635426e-05 0.00012697010218204593 0.00048608356338551484 -0.00020391869024514745 0.00014090492690808926 9.3147346495399072e-05 3.2960382303072476e-05 9.6364537803787534e-05 5.8653023460923507e-05 0.00014102419008596892 0.00011242495730143984 0.00012410665463774798 2.9356483174112094e-05 -0.00014581826543578959 -7.1593947496317086e-05 0.00010000734239522691 -0.00010609097172930113 0.0001195822084255631 -4.5454211486635925e-05 -3.8736399516898015e-05 2.6572232211771068e-05 -0.00010722251823553794 -5.5886372763644462e-05 -0.00015179142868283112 -5.0567081036507683e-05 0.00016252563046186463 6.3427272018780738e-05 3.8572450292954422e-05 6.2638660567984039e-05 -0.0001539508538588484 3.7386971647955207e-05 -4.9722618431805741e-05 7.9650199429187097e-05 -9.984960639316398e-05 -5.0711324170169681e-05 -0.00010960508254097 -4.2860574584203397e-05 -9.9729394150365917e-05 6.2533358679004946e-05 4.901983351488288e-05 -0.00015730187021225844 -6.6192544793933889e-05 -1.5315872961093557e-05 9.8618796783704442e-05 -4.2637977346892909e-05 -1.1182779311781544e-05 -5.5642558669000181e-05 6.1099170079503858e-05 -0.00012719447001827711 -7.8538520998104087e-05 -6.5375871761080197e-05 -1.3544725989002597e-05 8.6229887357132449e-07 -0.0001163001720651263 -2.5803802639341597e-05 -1.8446809320045191e-05 -0.0001414322789186772 -9.4512908290763232e-05 -0.00014158977705179779 -2.7023328054108786e-05 -0.00013176452861373434 -4.366714859003659e-05 -7.02926339313201e-05 -8.2551397550168244e-05 -0.00011823162976244017 -8.6248964420891541e-05
leaf_weight=51 49 49 46 61 58 48 56 52 46 62 50 83 76 50 64 50 47 49 47 74 55 91 57 62 49 91 85 78 46 84 46 46 71 59 59 88 84 53 77 87 64 58 62 48 56 69 57 55 46 61 48 72 65 61 84 71 59 53 64 89 47 59 69 64 56 54 62 56 46 50 66
leaf_count=51 49 49 46 61 58 48 56 52 46 62 50 83 76 50 64 50 47 49 47 74 55 91 57 62 49 91 85 78 46 84 46 46 71 59 59 88 84 53 77 87 64 58 62 48 56 69 57 55 46 61 48 72 65 61 84 71 59 53 64 89 47 59 69 64 56 54 62 56 46 50 66
internal_value=2.41656e-06 -1.53515e-05 -3.71073e-06 0.000393932 -1.39283e-05 5.67898e-05 0.000205401 0.00030262 1.07625e-05 -2.71961e-05 3.25619e-05 0.000111933 -3.02334e-05 -1.26256e-05 -1.75239e-05 1.49584e-05 -2.12963e-06 -1.61084e-05 -3.31721e-05 8.19921e-06 -2.63615e-06 -2.42246e-05 -3.26514e-05 3.39103e-05 4.94114e-05 -4.88128e-05 -4.02415e-05 -5.1815e-05 -5.31169e-05 -4.26803e-05 9.48204e-05 -1.14713e-05 -3.38636e-05 -4.52532e-05 -3.93708e-05 -4.64896e-05 -3.79153e-05 -4.81828e-05 -1.88121e-05 -4.27777e-05 -6.94605e-05 -9.96784e-05 -3.81685e-05 -8.73969e-06 -1.15832e-05 -0.00010262 -3.9601e-05 -7.85032e-05 -3.00785e-05 1.84142e-05 -6.7882e-05 -3.84779e-05 -2.07808e-07 -4.93316e-05 -2.65566e-05 -1.87135e-06 4.00745e-05 -8.79017e-05 -6.36395e-05 -7.64449e-05 -8.07131e-05 -8.76677e-05 -5.62018e-05 -0.000106873 -8.81514e-05 -7.24244e-05 -8.61756e-05 -0.000112167 -0.000116619 -9.37648e-05 -0.000107614
internal_weight=4407 4356 4307 107 4200 663 156 108 507 3537 461 141 3475 1785 1709 543 479 432 382 218 320 265 1166 119 144 1690 1047 215 1599 1162 95 124 973 997 912 853 736 648 273 220 375 117 194 132 143 181 902 176 726 107 112 619 137 482 263 179 108 164 117 219 437 189 158 121 390 238 182 152 105 106 120
internal_count=4407 4356 4307 107 4200 663 156 108 507 3537 461 141 3475 1785 1709 543 479 432 382 218 320 265 1166 119 144 1690 1047 215 1599 1162 95 124 973 997 912 853 736 648 273 220 375 117 194 132 143 181 902 176 726 107 112 619 137 482 263 179 108 164 117 219 437 189 158 121 390 238 182 152 105 106 120
is_linear=0
shrinkage=0.0243204


end of trees

feature_importances:
OVX_close=212
CLF_log_return=161
CLF_bollinger_pband=123
CLF_return_lag_1=113
OVX_low=100
VIX_log_return=95
GCF_log_return=91
OVX_rsi=91
OVX_high=87
VIX_return_lag_1=81
GCF_atr=80
GCF_return_lag_1=79
CLF_atr=77
GCF_rsi=74
CLF_rsi=73
CLF_macd=72
NGF_return_lag_1=70
CLF_overnight_gap=70
NGF_return_lag_5=68
VIX_return_lag_5=68
NGF_bollinger_pband=67
GCF_return_lag_2=67
CLF_return_lag_5=66
GCF_bollinger_pband=66
OVX_macd=65
OVX_bollinger_pband=65
CLF_return_lag_3=64
ESF_log_return=64
GCF_return_lag_5=63
VIX_return_lag_3=63
month=63
VIX_atr=62
NGF_return_lag_2=59
ESF_return_lag_2=59
NGF_return_lag_3=58
CLF_return_lag_2=57
CLF_sma_20=57
NGF_atr=57
GCF_return_lag_3=57
GCF_macd=57
NGF_log_return=56
ESF_return_lag_5=56
VIX_macd=56
CLF_close=54
ESF_macd=54
VIX_rsi=54
ESF_atr=53
ESF_return_lag_1=52
VIX_return_lag_2=50
VIX_sma_20=49
NGF_rsi=48
dayofweek=48
ESF_bollinger_pband=44
ESF_return_lag_3=42
OVX_return_lag_2=41
OVX_atr=41
NGF_macd=40
OVX_return_lag_5=40
CLF_high=39
ESF_rsi=38
ESF_sma_20=38
OVX_log_return=38
OVX_return_lag_3=38
VIX_bollinger_pband=38
OVX_return_lag_1=37
OVX_ema_12=37
CLF_low=34
NGF_ema_12=33
NGF_sma_20=32
OVX_sma_20=31
GCF_sma_20=30
NGF_close=29
ESF_high=29
CLF_ema_12=28
ESF_ema_12=27
VIX_ema_12=27
GCF_close=24
VIX_high=24
VIX_low=24
NGF_high=22
VIX_close=21
NGF_low=18
GCF_low=18
GCF_ema_12=17
ESF_close=14
ESF_low=14
GCF_high=12

parameters:
[boosting: gbdt]
[objective: regression]
[metric: rmse]
[tree_learner: serial]
[device_type: cpu]
[data_sample_strategy: bagging]
[data: ]
[valid: ]
[num_iterations: 67]
[learning_rate: 0.0243204]
[num_leaves: 120]
[num_threads: 0]
[seed: 42]
[deterministic: 0]
[force_col_wise: 0]
[force_row_wise: 0]
[histogram_pool_size: -1]
[max_depth: -1]
[min_data_in_leaf: 46]
[min_sum_hessian_in_leaf: 0.001]
[bagging_fraction: 0.682889]
[pos_bagging_fraction: 1]
[neg_bagging_fraction: 1]
[bagging_freq: 2]
[bagging_seed: 400]
[bagging_by_query: 0]
[feature_fraction: 0.855132]
[feature_fraction_bynode: 1]
[feature_fraction_seed: 30056]
[extra_trees: 0]
[extra_seed: 12879]
[early_stopping_round: 0]
[early_stopping_min_delta: 0]
[first_metric_only: 0]
[max_delta_step: 0]
[lambda_l1: 3.94797e-05]
[lambda_l2: 0.951259]
[linear_lambda: 0]
[min_gain_to_split: 0]
[drop_rate: 0.1]
[max_drop: 50]
[skip_drop: 0.5]
[xgboost_dart_mode: 0]
[uniform_drop: 0]
[drop_seed: 17869]
[top_rate: 0.2]
[other_rate: 0.1]
[min_data_per_group: 100]
[max_cat_threshold: 32]
[cat_l2: 10]
[cat_smooth: 10]
[max_cat_to_onehot: 4]
[top_k: 20]
[monotone_constraints: ]
[monotone_constraints_method: basic]
[monotone_penalty: 0]
[feature_contri: ]
[forcedsplits_filename: ]
[refit_decay_rate: 0.9]
[cegb_tradeoff: 1]
[cegb_penalty_split: 0]
[cegb_penalty_feature_lazy: ]
[cegb_penalty_feature_coupled: ]
[path_smooth: 0]
[interaction_constraints: ]
[verbosity: -1]
[saved_feature_importance_type: 0]
[use_quantized_grad: 0]
[num_grad_quant_bins: 4]
[quant_train_renew_leaf: 0]
[stochastic_rounding: 1]
[linear_tree: 0]
[max_bin: 255]
[max_bin_by_feature: ]
[min_data_in_bin: 3]
[bin_construct_sample_cnt: 200000]
[data_random_seed: 175]
[is_enable_sparse: 1]
[enable_bundle: 1]
[use_missing: 1]
[zero_as_missing: 0]
[feature_pre_filter: 0]
[pre_partition: 0]
[two_round: 0]
[header: 0]
[label_column: ]
[weight_column: ]
[group_column: ]
[ignore_column: ]
[categorical_feature: ]
[forcedbins_filename: ]
[precise_float_parser: 0]
[parser_config_file: ]
[objective_seed: 16083]
[num_class: 1]
[is_unbalance: 0]
[scale_pos_weight: 1]
[sigmoid: 1]
[boost_from_average: 1]
[reg_sqrt: 0]
[alpha: 0.9]
[fair_c: 1]
[poisson_max_delta_step: 0.7]
[tweedie_variance_power: 1.5]
[lambdarank_truncation_level: 30]
[lambdarank_norm: 1]
[label_gain: ]
[lambdarank_position_bias_regularization: 0]
[eval_at: ]
[multi_error_top_k: 1]
[auc_mu_weights: ]
[num_machines: 1]
[local_listen_port: 12400]
[time_out: 120]
[machine_list_filename: ]
[machines: ]
[gpu_platform_id: -1]
[gpu_device_id: -1]
[gpu_use_dp: 0]
[num_gpu: 1]

end of parameters

pandas_categorical:[]
